// Auto-generated CJK bitmap font: 18px cell, 36px render
// Source: DotGothic16.ttf
// Glyphs: 2528 (2136 kanji), Bitmap: 103648 bytes
// Features: Punctuation positioning, codepoint aliases

#pragma once

#include "graphics/niche/Fonts/CJK/CJKFont.h"

const uint8_t CJKFontDotGothic18pxBitmaps[] PROGMEM = {
    0x00, 0x00, 0x00, 0x01, 0x00, 0x00, 0xC0, 0x07, 0xE0, 0x03, 0xFC, 0x01, 0xC7, 0x00, 0x63, 0xC0,
    0x18, 0xF0, 0x06, 0x64, 0x01, 0xB0, 0x00, 0x6C, 0x40, 0x1B, 0x30, 0x07, 0xCC, 0x01, 0xE7, 0x00,
    0x3F, 0x80, 0x0F, 0xC0, 0x06, 0x00, 0x01, 0x00, 0x00, 0x00, 0x00, 0x00, 0x38, 0x00, 0x1F, 0x80,
    0x06, 0x60, 0x03, 0x0C, 0x00, 0x81, 0x00, 0x20, 0x00, 0x0C, 0x00, 0x07, 0xE0, 0x01, 0xFC, 0x00,
    0x18, 0x00, 0x06, 0x00, 0x01, 0x84, 0x00, 0xC3, 0x00, 0x20, 0xC0, 0x0C, 0x30, 0x07, 0xFC, 0x01,
    0xFE, 0x00, 0x00, 0x00, 0x01, 0x83, 0x00, 0x60, 0xC0, 0x1C, 0x30, 0x03, 0x18, 0x00, 0xC6, 0x00,
    0x1B, 0x00, 0x06, 0xC0, 0x07, 0xFC, 0x01, 0xFF, 0x00, 0x0C, 0x00, 0x03, 0x00, 0x07, 0xFC, 0x01,
    0xFF, 0x00, 0x0C, 0x00, 0x03, 0x00, 0x00, 0xC0, 0x00, 0x10, 0x00, 0x00, 0x00, 0x00, 0x00, 0x00,
    0x1F, 0x00, 0x0F, 0xE0, 0x07, 0xFE, 0x03, 0x83, 0x80, 0xE0, 0xE0, 0x38, 0x38, 0x0E, 0x0E, 0x00,
    0x3E, 0x00, 0x0F, 0x80, 0x0F, 0xE0, 0x07, 0x80, 0x03, 0xC0, 0x00, 0xFF, 0xE0, 0x3F, 0xF8, 0x0F,
    0xFE, 0x00, 0x00, 0x00, 0x00, 0x00, 0x00, 0x00, 0x00, 0x1F, 0x00, 0x0F, 0xE0, 0x07, 0xFE, 0x03,
    0xC3, 0x80, 0xE0, 0xE0, 0x00, 0x38, 0x00, 0x0E, 0x00, 0xFE, 0x00, 0x3F, 0xE0, 0x07, 0xF8, 0x04,
    0x0E, 0x03, 0x83, 0x80, 0xFF, 0xE0, 0x0F, 0xE0, 0x03, 0xF8, 0x00, 0x00, 0x00, 0x00, 0x00, 0x01,
    0xC2, 0x00, 0x79, 0x80, 0x06, 0x60, 0x01, 0xB0, 0x00, 0x6C, 0x00, 0x1F, 0x00, 0x07, 0x80, 0x01,
    0xE0, 0x00, 0x76, 0x00, 0x0F, 0x80, 0x07, 0xE0, 0x01, 0xF8, 0x00, 0xFE, 0x00, 0x2D, 0xC0, 0x0F,
    0xF8, 0x06, 0x5C, 0x01, 0x02, 0x00, 0x00, 0x00, 0x01, 0xC2, 0x00, 0x79, 0x80, 0x06, 0x60, 0x01,
    0xB0, 0x00, 0x6C, 0x00, 0x1F, 0x00, 0x07, 0x80, 0x01, 0xF8, 0x00, 0x7E, 0x00, 0x0C, 0x60, 0x07,
    0x18, 0x01, 0xDC, 0x00, 0xEE, 0x00, 0x26, 0x00, 0x0F, 0x00, 0x06, 0xFE, 0x01, 0x3F, 0x00, 0x00,
    0x00, 0x00, 0xC2, 0x00, 0x79, 0x80, 0x13, 0x60, 0x00, 0xF0, 0x00, 0xEC, 0x00, 0x3F, 0x00, 0x13,
    0x80, 0x07, 0xE8, 0x00, 0xF6, 0x00, 0x0F, 0x80, 0x07, 0xE0, 0x01, 0xF8, 0x00, 0xFE, 0x00, 0x2D,
    0xC0, 0x0F, 0xF8, 0x06, 0x5C, 0x01, 0x02, 0x00, 0x00, 0x00, 0x06, 0x00, 0xC1, 0x80, 0x30, 0x70,
    0x3C, 0x0F, 0x1C, 0x00, 0xC6, 0x00, 0x3F, 0x80, 0x07, 0x80, 0x01, 0xE0, 0x00, 0x78, 0x00, 0x1E,
    0x00, 0x0F, 0xE0, 0x03, 0x18, 0x03, 0xC7, 0x01, 0xC0, 0xF0, 0x60, 0x0C, 0x18, 0x03, 0x00, 0x00,
    0x00, 0x00, 0x00, 0x00, 0x78, 0x00, 0x1E, 0x00, 0x07, 0x80, 0x01, 0xE0, 0x00, 0x00, 0x00, 0x00,
    0x00, 0x00, 0x00, 0x3F, 0xFF, 0x0F, 0xFF, 0xC0, 0x00, 0x00, 0x00, 0x00, 0x00, 0x00, 0x00, 0x78,
    0x00, 0x1E, 0x00, 0x07, 0x80, 0x01, 0xE0, 0x00, 0x00, 0x00, 0x00, 0x00, 0x00, 0x30, 0x00, 0x0C,
    0x00, 0x03, 0x00, 0x00, 0xC0, 0x00, 0x30, 0x00, 0x7F, 0xC0, 0x1F, 0xE0, 0x00, 0xC0, 0x00, 0x30,
    0x00, 0x0C, 0x00, 0x03, 0x00, 0x00, 0xC0, 0x00, 0x30, 0x00, 0x0C, 0x00, 0x03, 0x00, 0x00, 0xC0,
    0x00, 0x30, 0x00, 0x00, 0x00, 0x00, 0x30, 0x00, 0x0C, 0x00, 0x03, 0x00, 0x07, 0xF8, 0x01, 0xFF,
    0x00, 0x0C, 0x00, 0x03, 0x00, 0x00, 0xC0, 0x00, 0x30, 0x00, 0x0C, 0x00, 0x03, 0x00, 0x07, 0xF8,
    0x01, 0xFF, 0x00, 0x0C, 0x00, 0x03, 0x00, 0x00, 0xC0, 0x00, 0x30, 0x00, 0x00, 0x00, 0x00, 0x00,
    0x00, 0x00, 0x00, 0x00, 0x00, 0x00, 0x00, 0x00, 0x00, 0x00, 0x00, 0x00, 0x00, 0x00, 0x00, 0x00,
    0x00, 0x00, 0x00, 0x00, 0x00, 0x00, 0x00, 0x00, 0x00, 0x00, 0x00, 0x01, 0x83, 0x00, 0xE0, 0xC0,
    0x18, 0x30, 0x00, 0x00, 0x00, 0x00, 0x00, 0x00, 0x00, 0x00, 0x00, 0x00, 0x00, 0x00, 0x00, 0x00,
    0x00, 0x00, 0x00, 0x00, 0x00, 0x00, 0x00, 0x00, 0x00, 0x00, 0x00, 0x00, 0x00, 0x00, 0x00, 0x00,
    0x00, 0x00, 0x00, 0x00, 0x03, 0x33, 0x01, 0xCC, 0xC0, 0x23, 0x30, 0x00, 0x00, 0x00, 0x00, 0x00,
    0x08, 0x30, 0x27, 0x0E, 0x18, 0xE3, 0x8C, 0x1C, 0xE7, 0x03, 0x83, 0x80, 0x61, 0xC0, 0x0C, 0xC0,
    0x39, 0xF3, 0x9E, 0x38, 0xE7, 0x9F, 0x38, 0x0E, 0xC0, 0x06, 0x18, 0x03, 0x83, 0x01, 0xCE, 0x70,
    0x63, 0x8C, 0x70, 0xE1, 0x88, 0x38, 0x60, 0x00, 0x00, 0x0C, 0x00, 0x07, 0x8F, 0xC3, 0x2F, 0xF8,
    0xDB, 0x03, 0x1D, 0x80, 0x60, 0x40, 0x18, 0x10, 0x00, 0x04, 0x00, 0x01, 0x00, 0x00, 0x40, 0x00,
    0x10, 0x00, 0x04, 0x01, 0x81, 0x80, 0x60, 0x30, 0x38, 0x0F, 0xF8, 0x00, 0xFE, 0x00, 0x00, 0x00,
    0x00, 0x00, 0x00, 0x00, 0x00, 0x00, 0x00, 0x00, 0x00, 0x00, 0x00, 0x03, 0x00, 0x00, 0xC0, 0x00,
    0x60, 0x00, 0x30, 0x00, 0x1F, 0xFF, 0xE7, 0xFF, 0xF8, 0xE0, 0x00, 0x1C, 0x00, 0x03, 0x00, 0x00,
    0x00, 0x00, 0x00, 0x00, 0x00, 0x00, 0x00, 0x00, 0x00, 0x00, 0x00, 0x00, 0x20, 0x00, 0x0C, 0x00,
    0x07, 0x80, 0x03, 0xF0, 0x01, 0xB6, 0x00, 0x4C, 0x80, 0x03, 0x00, 0x00, 0xC0, 0x00, 0x30, 0x00,
    0x0C, 0x00, 0x03, 0x00, 0x00, 0xC0, 0x00, 0x30, 0x00, 0x0C, 0x00, 0x03, 0x00, 0x00, 0xC0, 0x00,
    0x30, 0x00, 0x00, 0x00, 0x00, 0x00, 0x00, 0x00, 0x00, 0x00, 0x00, 0x00, 0x00, 0x00, 0x02, 0x00,
    0x00, 0xC0, 0x00, 0x18, 0x00, 0x03, 0x1F, 0xFF, 0xE7, 0xFF, 0xF0, 0x00, 0x1C, 0x00, 0x0C, 0x00,
    0x02, 0x00, 0x00, 0x00, 0x00, 0x00, 0x00, 0x00, 0x00, 0x00, 0x00, 0x00, 0x00, 0x00, 0x20, 0x00,
    0x0C, 0x00, 0x03, 0x00, 0x00, 0xC0, 0x00, 0x30, 0x00, 0x0C, 0x00, 0x03, 0x00, 0x00, 0xC0, 0x00,
    0x30, 0x00, 0x0C, 0x00, 0x03, 0x00, 0x00, 0xC0, 0x01, 0xB6, 0x00, 0x3F, 0x00, 0x0F, 0x80, 0x01,
    0xC0, 0x00, 0x20, 0x00, 0x00, 0x00, 0x1F, 0xFF, 0xC7, 0xFF, 0xF9, 0xFF, 0xFE, 0x7F, 0xFF, 0x9F,
    0xFF, 0xE7, 0xFF, 0xF9, 0xFF, 0xFE, 0x7F, 0xFF, 0x9F, 0xFF, 0xE7, 0xFF, 0xF9, 0xFF, 0xFE, 0x7F,
    0xFF, 0x9F, 0xFF, 0xE7, 0xFF, 0xF9, 0xFF, 0xFE, 0x7F, 0xFF, 0x9F, 0xFF, 0xE0, 0x00, 0x00, 0x1F,
    0xFF, 0xC7, 0xFF, 0xF9, 0x80, 0x06, 0x60, 0x01, 0x98, 0x00, 0x66, 0x00, 0x19, 0x80, 0x06, 0x60,
    0x01, 0x98, 0x00, 0x66, 0x00, 0x19, 0x80, 0x06, 0x60, 0x01, 0x98, 0x00, 0x66, 0x00, 0x19, 0x80,
    0x06, 0x7F, 0xFF, 0x9F, 0xFF, 0xE0, 0x00, 0x00, 0x00, 0x00, 0x00, 0x00, 0x00, 0x00, 0x00, 0x00,
    0x80, 0x00, 0x70, 0x00, 0x3E, 0x00, 0x1F, 0xC0, 0x0F, 0xF0, 0x03, 0xFE, 0x01, 0xFF, 0xC0, 0xFF,
    0xF8, 0x7F, 0xFF, 0x1F, 0xFF, 0xCF, 0xFF, 0xF8, 0x00, 0x00, 0x00, 0x00, 0x00, 0x00, 0x00, 0x00,
    0x00, 0x00, 0x00, 0x00, 0x00, 0x00, 0x00, 0x00, 0x01, 0xC0, 0x00, 0xF8, 0x00, 0x22, 0x00, 0x38,
    0xC0, 0x0C, 0x18, 0x07, 0x07, 0x03, 0x80, 0xE1, 0xC0, 0x1C, 0x60, 0x03, 0x3F, 0xFF, 0xEF, 0xFF,
    0xF8, 0x00, 0x00, 0x00, 0x00, 0x00, 0x00, 0x00, 0x00, 0x00, 0x00, 0x00, 0x00, 0x00, 0x00, 0x00,
    0x00, 0xFF, 0xFF, 0x9F, 0xFF, 0xC7, 0xFF, 0xF0, 0xFF, 0xF8, 0x1F, 0xFC, 0x03, 0xFE, 0x00, 0xFF,
    0x00, 0x1F, 0xC0, 0x03, 0xE0, 0x00, 0x70, 0x00, 0x08, 0x00, 0x00, 0x00, 0x00, 0x00, 0x00, 0x00,
    0x00, 0x00, 0x00, 0x00, 0x00, 0x00, 0x00, 0x00, 0x00, 0x00, 0xFF, 0xFF, 0x98, 0x00, 0xC6, 0x00,
    0x30, 0xC0, 0x18, 0x18, 0x0C, 0x03, 0x06, 0x00, 0xC1, 0x80, 0x18, 0xC0, 0x03, 0x60, 0x00, 0x70,
    0x00, 0x08, 0x00, 0x00, 0x00, 0x00, 0x00, 0x00, 0x00, 0x00, 0x00, 0x00, 0x00, 0x20, 0x00, 0x1C,
    0x00, 0x0F, 0x80, 0x07, 0xF0, 0x03, 0xFE, 0x01, 0xFF, 0xC0, 0xFF, 0xF8, 0x7F, 0xFF, 0x3F, 0xFF,
    0xE7, 0xFF, 0xF0, 0xFF, 0xF8, 0x1F, 0xFC, 0x03, 0xFE, 0x00, 0x7F, 0x00, 0x0F, 0x80, 0x01, 0xC0,
    0x00, 0x20, 0x00, 0x00, 0x00, 0x00, 0x20, 0x00, 0x1C, 0x00, 0x0D, 0x80, 0x06, 0x30, 0x03, 0x06,
    0x01, 0x80, 0xC0, 0xC0, 0x18, 0x60, 0x03, 0x30, 0x00, 0x66, 0x00, 0x30, 0xC0, 0x18, 0x18, 0x0C,
    0x03, 0x06, 0x00, 0x63, 0x00, 0x0D, 0x80, 0x01, 0xC0, 0x00, 0x20, 0x00, 0x00, 0x00, 0x00, 0x78,
    0x00, 0x3F, 0x00, 0x38, 0x70, 0x18, 0x06, 0x0E, 0x00, 0xC3, 0x00, 0x31, 0xC0, 0x06, 0x60, 0x01,
    0x98, 0x00, 0x66, 0x00, 0x19, 0x80, 0x06, 0x30, 0x03, 0x0C, 0x00, 0xC1, 0x80, 0x60, 0x38, 0x78,
    0x07, 0xF8, 0x00, 0x78, 0x00, 0x00, 0x00, 0x00, 0x78, 0x00, 0x3F, 0x00, 0x38, 0x70, 0x18, 0x06,
    0x0E, 0x7C, 0xC3, 0x3F, 0xB1, 0xF8, 0x7E, 0x6C, 0x0D, 0x9B, 0x03, 0x66, 0xC0, 0xD9, 0xB8, 0x36,
    0x36, 0x1B, 0x0C, 0x7C, 0xC1, 0x80, 0x60, 0x38, 0x70, 0x07, 0xF8, 0x00, 0x78, 0x00, 0x00, 0x00,
    0x00, 0x78, 0x00, 0x3F, 0x00, 0x3F, 0xF0, 0x1F, 0xFE, 0x0F, 0xFF, 0xC3, 0xFF, 0xF1, 0xFF, 0xFE,
    0x7F, 0xFF, 0x9F, 0xFF, 0xE7, 0xFF, 0xF9, 0xFF, 0xFE, 0x3F, 0xFF, 0x0F, 0xFF, 0xC1, 0xFF, 0xE0,
    0x3F, 0xF0, 0x07, 0xF8, 0x00, 0x78, 0x00, 0x00, 0x00, 0x00, 0x20, 0x00, 0x08, 0x00, 0x02, 0x00,
    0x01, 0xC0, 0x00, 0x70, 0x00, 0x3E, 0x03, 0xFF, 0xFE, 0x7F, 0xFF, 0x07, 0xFF, 0x00, 0xFF, 0x80,
    0x1F, 0xE0, 0x07, 0xF8, 0x03, 0xFF, 0x01, 0xF7, 0xC0, 0xF8, 0xF8, 0x3C, 0x1E, 0x04, 0x01, 0x00,
    0x00, 0x00, 0x00, 0x20, 0x00, 0x18, 0x00, 0x02, 0x00, 0x01, 0xC0, 0x00, 0x70, 0x00, 0x3E, 0x03,
    0xF8, 0xFE, 0x70, 0x07, 0x06, 0x03, 0x00, 0xC1, 0x80, 0x30, 0x40, 0x0C, 0x98, 0x06, 0x76, 0x01,
    0xB6, 0xC0, 0xF8, 0xF0, 0x3C, 0x1E, 0x04, 0x01, 0x00, 0x00, 0x00, 0x00, 0x30, 0x00, 0x1E, 0x00,
    0x0F, 0xC0, 0x07, 0xF8, 0x03, 0xFF, 0x01, 0xFF, 0xE0, 0xFF, 0xFC, 0x3F, 0xFF, 0x1F, 0xFF, 0xE7,
    0xFF, 0xF9, 0xFF, 0xFE, 0x7F, 0xFF, 0x8F, 0xFF, 0xC1, 0xFF, 0xE0, 0x17, 0x10, 0x03, 0xE0, 0x00,
    0x78, 0x00, 0x00, 0x00, 0x00, 0x00, 0x00, 0x3F, 0x00, 0x1F, 0xE0, 0x0F, 0xFC, 0x03, 0xFF, 0x00,
    0x7F, 0x80, 0x7F, 0xF0, 0x3F, 0xFE, 0x1F, 0xFF, 0xC7, 0xFF, 0xF9, 0xFF, 0xFE, 0x7F, 0xFF, 0x9F,
    0xFF, 0xC3, 0xDD, 0xE0, 0x77, 0x30, 0x03, 0xE0, 0x00, 0x78, 0x00, 0x00, 0x00, 0x07, 0x8F, 0x03,
    0xF7, 0xE1, 0xFF, 0xFC, 0xFF, 0xFF, 0xBF, 0xFF, 0xEF, 0xFF, 0xFB, 0xFF, 0xFE, 0x7F, 0xFF, 0x1F,
    0xFF, 0xC3, 0xFF, 0xE0, 0x7F, 0xF0, 0x0F, 0xF8, 0x01, 0xFC, 0x00, 0x3E, 0x00, 0x07, 0x00, 0x00,
    0x80, 0x00, 0x00, 0x00, 0x00, 0x00, 0x00, 0x20, 0x00, 0x0C, 0x00, 0x07, 0x80, 0x03, 0xF0, 0x01,
    0xFE, 0x00, 0xFF, 0xC0, 0x7F, 0xF8, 0x7F, 0xFF, 0x1F, 0xFF, 0xC7, 0xFF, 0xF0, 0xFF, 0xF8, 0x1F,
    0xFC, 0x03, 0xFE, 0x00, 0x7F, 0x00, 0x0F, 0x80, 0x01, 0xC0, 0x00, 0x20, 0x00, 0x00, 0x00, 0x00,
    0x20, 0x00, 0x0C, 0x00, 0x03, 0x00, 0x00, 0xE0, 0x00, 0x3C, 0x00, 0x0F, 0x80, 0x02, 0xF0, 0x00,
    0x9C, 0x00, 0x23, 0x00, 0x08, 0xC0, 0x02, 0x30, 0x00, 0x9C, 0x00, 0x66, 0x00, 0x7B, 0x00, 0x3E,
    0x80, 0x0F, 0x80, 0x03, 0xC0, 0x00, 0x00, 0x00, 0x00, 0x00, 0x00, 0x00, 0x00, 0x00, 0x00, 0x00,
    0x00, 0x00, 0x00, 0x00, 0x00, 0x00, 0x00, 0x00, 0x00, 0x00, 0x00, 0x00, 0x00, 0x00, 0x00, 0x00,
    0x00, 0x00, 0x00, 0x00, 0x00, 0x00, 0x00, 0x00, 0x00, 0x00, 0x00, 0x00, 0x00, 0x00, 0x00, 0x00,
    0x00, 0x00, 0x00, 0x00, 0x00, 0x00, 0x00, 0x00, 0x00, 0x00, 0x00, 0x00, 0x00, 0x00, 0x00, 0x00,
    0x00, 0x00, 0x00, 0x00, 0x00, 0x00, 0x00, 0x00, 0x00, 0x00, 0x00, 0x00, 0x00, 0x00, 0x00, 0x00,
    0x01, 0x80, 0x00, 0x70, 0x00, 0x0C, 0x00, 0x00, 0x00, 0x00, 0x00, 0x00, 0x00, 0x00, 0x00, 0x00,
    0x00, 0x00, 0x00, 0x00, 0x00, 0x00, 0x00, 0x00, 0x00, 0x00, 0x00, 0x00, 0x00, 0x00, 0x00, 0x00,
    0x00, 0x00, 0x00, 0x00, 0x00, 0x00, 0x00, 0x07, 0x80, 0x01, 0x30, 0x00, 0x4C, 0x00, 0x1F, 0x00,
    0x00, 0x00, 0x00, 0x00, 0x00, 0x00, 0x00, 0x00, 0x08, 0x00, 0x03, 0x00, 0x01, 0xFE, 0x00, 0x41,
    0x80, 0x70, 0xC0, 0x38, 0x70, 0x19, 0xB0, 0x00, 0x38, 0x00, 0x06, 0x00, 0x00, 0xE0, 0x00, 0x18,
    0x00, 0x00, 0x00, 0x00, 0x00, 0x00, 0x00, 0x00, 0x00, 0x00, 0x00, 0x00, 0x00, 0x00, 0x00, 0xFC,
    0x00, 0xE1, 0xC0, 0x20, 0x18, 0x18, 0x06, 0x04, 0x00, 0x81, 0x00, 0x20, 0x40, 0x08, 0x10, 0x02,
    0x06, 0x01, 0x80, 0x80, 0x60, 0x3F, 0xF0, 0x03, 0xF0, 0x00, 0x00, 0x00, 0x00, 0x00, 0x00, 0x00,
    0x00, 0x00, 0x00, 0x00, 0x00, 0x00, 0x06, 0x00, 0x01, 0x80, 0x00, 0xC0, 0x00, 0x30, 0x00, 0x18,
    0x00, 0x06, 0x00, 0x03, 0x00, 0x00, 0xC0, 0x00, 0x18, 0x00, 0x06, 0x00, 0x00, 0xC0, 0x00, 0x30,
    0x00, 0x06, 0x00, 0x01, 0x00, 0x00, 0x00, 0x00, 0x00, 0x00, 0x00, 0x00, 0x00, 0x00, 0x08, 0x00,
    0x06, 0x00, 0x00, 0xC0, 0x00, 0x30, 0x00, 0x06, 0x00, 0x01, 0x80, 0x00, 0x30, 0x00, 0x0C, 0x00,
    0x06, 0x00, 0x01, 0x80, 0x00, 0xC0, 0x00, 0x30, 0x00, 0x18, 0x00, 0x02, 0x00, 0x00, 0x00, 0x00,
    0x00, 0x00, 0x00, 0x00, 0x00, 0x00, 0x00, 0x00, 0x1E, 0x00, 0x07, 0x80, 0x01, 0xC0, 0x00, 0xF0,
    0x00, 0x38, 0x00, 0x1E, 0x00, 0x07, 0x00, 0x01, 0xC0, 0x00, 0x78, 0x00, 0x0E, 0x00, 0x03, 0xC0,
    0x00, 0x70, 0x00, 0x1E, 0x00, 0x03, 0x00, 0x00, 0x00, 0x00, 0x00, 0x00, 0x00, 0x00, 0x00, 0x00,
    0x0E, 0x00, 0x07, 0x80, 0x00, 0xF0, 0x00, 0x3C, 0x00, 0x07, 0x80, 0x01, 0xE0, 0x00, 0x38, 0x00,
    0x0E, 0x00, 0x07, 0x80, 0x01, 0xE0, 0x00, 0xF0, 0x00, 0x3C, 0x00, 0x1E, 0x00, 0x02, 0x80, 0x00,
    0x00, 0x00, 0x00, 0x00, 0x00, 0x00, 0x00, 0x00, 0x00, 0x00, 0x1E, 0x00, 0x0F, 0x00, 0x03, 0x00,
    0x00, 0xC0, 0x00, 0x30, 0x00, 0x0C, 0x00, 0x03, 0x00, 0x00, 0xC0, 0x00, 0x30, 0x00, 0x0C, 0x00,
    0x03, 0x00, 0x00, 0xC0, 0x00, 0x10, 0x00, 0x00, 0x00, 0x00, 0x00, 0x00, 0x00, 0x00, 0x00, 0x00,
    0x00, 0x00, 0x00, 0x00, 0x00, 0xC0, 0x00, 0x30, 0x00, 0x0C, 0x00, 0x03, 0x00, 0x00, 0xC0, 0x00,
    0x30, 0x00, 0x0C, 0x00, 0x03, 0x00, 0x00, 0xC0, 0x00, 0x30, 0x00, 0x0C, 0x00, 0x0F, 0x00, 0x03,
    0x80, 0x00, 0x00, 0x00, 0x00, 0x00, 0x00, 0x00, 0x00, 0x00, 0x00, 0x00, 0x3C, 0x00, 0x0F, 0x80,
    0x03, 0xE0, 0x00, 0xE0, 0x00, 0x38, 0x00, 0x0E, 0x00, 0x03, 0x80, 0x00, 0xE0, 0x00, 0x38, 0x00,
    0x0E, 0x00, 0x03, 0x80, 0x00, 0xE0, 0x00, 0x38, 0x00, 0x00, 0x00, 0x00, 0x00, 0x00, 0x00, 0x00,
    0x00, 0x00, 0x00, 0x00, 0x00, 0x00, 0x01, 0xE0, 0x00, 0x78, 0x00, 0x1E, 0x00, 0x07, 0x80, 0x01,
    0xE0, 0x00, 0x78, 0x00, 0x1E, 0x00, 0x07, 0x80, 0x01, 0xE0, 0x00, 0xF8, 0x00, 0x7E, 0x00, 0x1F,
    0x80, 0x03, 0xC0, 0x00, 0x00, 0x00, 0x00, 0x00, 0x00, 0x00, 0x00, 0x00, 0x00, 0x00, 0x3C, 0x00,
    0x0F, 0x00, 0x03, 0xC0, 0x00, 0xF0, 0x00, 0x38, 0x00, 0x0E, 0x00, 0x03, 0x80, 0x00, 0xE0, 0x00,
    0x38, 0x00, 0x0E, 0x00, 0x03, 0xC0, 0x00, 0xF0, 0x00, 0x3C, 0x00, 0x0F, 0x00, 0x00, 0x00, 0x00,
    0x00, 0x00, 0x00, 0x00, 0x00, 0x00, 0x0F, 0x00, 0x03, 0xE0, 0x00, 0xF8, 0x00, 0x3E, 0x00, 0x07,
    0x80, 0x01, 0xE0, 0x00, 0x78, 0x00, 0x1E, 0x00, 0x07, 0x80, 0x01, 0xE0, 0x00, 0xF8, 0x00, 0x3E,
    0x00, 0x0F, 0x80, 0x03, 0xC0, 0x00, 0x00, 0x00, 0x00, 0x00, 0x00, 0x00, 0x00, 0x00, 0x00, 0x00,
    0x00, 0x03, 0xFF, 0x00, 0x00, 0x00, 0x00, 0x00, 0x00, 0x00, 0x03, 0xFF, 0x00, 0xFF, 0xC0, 0x03,
    0x00, 0x00, 0xC0, 0x00, 0x30, 0x00, 0x0C, 0x00, 0x03, 0x00, 0x00, 0xC0, 0x00, 0x00, 0x00, 0x00,
    0x00, 0x00, 0x00, 0x00, 0x00, 0x00, 0x00, 0x00, 0x00, 0x00, 0x00, 0x00, 0x00, 0x00, 0x00, 0x00,
    0x00, 0x00, 0x00, 0x01, 0x80, 0x80, 0xF8, 0x30, 0x67, 0x98, 0x10, 0x7C, 0x00, 0x00, 0x00, 0x00,
    0x00, 0x00, 0x00, 0x00, 0x00, 0x00, 0x00, 0x00, 0x00, 0x00, 0x00, 0x00, 0x00, 0x00, 0x00, 0x00,
    0x00, 0x00, 0x40, 0x00, 0x18, 0x00, 0x07, 0x00, 0x01, 0xB0, 0x00, 0x70, 0x00, 0x06, 0x00, 0x00,
    0xC0, 0x00, 0x00, 0x00, 0x00, 0x00, 0x00, 0x00, 0x00, 0x00, 0x00, 0x00, 0x00, 0x00, 0x00, 0x00,
    0x00, 0x00, 0x00, 0x00, 0x00, 0x00, 0x00, 0x00, 0x00, 0x00, 0x1F, 0xFE, 0x07, 0x03, 0x81, 0xE0,
    0xE0, 0x68, 0x78, 0x1B, 0x36, 0x06, 0x79, 0x81, 0x8C, 0x60, 0x63, 0x98, 0x19, 0x36, 0x06, 0xCD,
    0x81, 0xE1, 0xE0, 0x70, 0x38, 0x1C, 0x0E, 0x07, 0xFF, 0x80, 0x00, 0x00, 0x00, 0x00, 0x00, 0x00,
    0x00, 0x00, 0x00, 0x00, 0x00, 0x00, 0x00, 0x00, 0x00, 0x00, 0x00, 0x00, 0x00, 0x00, 0x06, 0x00,
    0x00, 0xE0, 0x00, 0x2C, 0x00, 0x0D, 0x80, 0x01, 0xC0, 0x00, 0x30, 0x00, 0x06, 0x00, 0x00, 0x00,
    0x00, 0x00, 0x00, 0x00, 0x00, 0x00, 0x00, 0x00, 0x00, 0x00, 0x00, 0x00, 0x00, 0x00, 0x00, 0x18,
    0x00, 0x06, 0x00, 0x0F, 0xFE, 0x07, 0xFF, 0xC0, 0x38, 0xC0, 0x07, 0xF8, 0x0F, 0xFF, 0x07, 0xE6,
    0xE1, 0x9B, 0x18, 0xC7, 0x86, 0x31, 0xE1, 0x8C, 0xF0, 0xE3, 0xF8, 0x30, 0x73, 0x1C, 0x08, 0x9E,
    0x00, 0x06, 0x00, 0x00, 0x00, 0x00, 0x00, 0x00, 0x30, 0x00, 0x0C, 0x00, 0x3F, 0xFE, 0x00, 0xC1,
    0x00, 0x30, 0xC0, 0x0F, 0xF0, 0x0F, 0x3C, 0x06, 0xCD, 0x83, 0x36, 0x31, 0x8D, 0x8C, 0x63, 0xC3,
    0x18, 0xE0, 0xC6, 0x70, 0x31, 0xFE, 0x18, 0x3D, 0xFC, 0x00, 0x1E, 0x00, 0x00, 0x00, 0x00, 0x00,
    0x00, 0x00, 0x00, 0x80, 0x60, 0x30, 0x18, 0x0C, 0x03, 0x83, 0x00, 0xE0, 0xC0, 0x18, 0x30, 0x03,
    0x0C, 0x00, 0xC3, 0x00, 0x38, 0xC1, 0x06, 0x30, 0xC1, 0x86, 0x60, 0x60, 0xF0, 0x00, 0x1C, 0x00,
    0x00, 0x00, 0x00, 0x00, 0x00, 0x00, 0x00, 0x00, 0x00, 0x02, 0x00, 0xC0, 0x80, 0x30, 0x20, 0x0E,
    0x08, 0x01, 0x82, 0x00, 0x60, 0x80, 0x0C, 0x20, 0x01, 0x08, 0x00, 0x42, 0x00, 0x18, 0x81, 0x03,
    0x30, 0x60, 0xC6, 0x18, 0x31, 0x9C, 0x00, 0x3C, 0x00, 0x0F, 0x00, 0x00, 0x00, 0x00, 0x00, 0x00,
    0x03, 0xFC, 0x00, 0xFF, 0xC0, 0x00, 0x78, 0x00, 0x0C, 0x01, 0xFE, 0x00, 0xFF, 0x80, 0xE0, 0x38,
    0x38, 0x07, 0x00, 0x00, 0xC0, 0x00, 0x30, 0x00, 0x0C, 0x00, 0x07, 0x00, 0x07, 0x80, 0x03, 0x80,
    0x3F, 0xE0, 0x0F, 0xC0, 0x00, 0x00, 0x00, 0x00, 0x00, 0x00, 0x00, 0x00, 0xFF, 0x00, 0x1F, 0xF8,
    0x00, 0x1E, 0x00, 0x00, 0x00, 0x3F, 0xC0, 0x7F, 0xF8, 0x3C, 0x03, 0x00, 0x00, 0xE0, 0x00, 0x18,
    0x00, 0x06, 0x00, 0x03, 0x80, 0x01, 0x80, 0x00, 0xC0, 0x00, 0xE0, 0x1F, 0xE0, 0x07, 0xF0, 0x00,
    0x00, 0x00, 0x00, 0x00, 0x00, 0x7F, 0xC0, 0x1F, 0xF8, 0x00, 0x00, 0x00, 0x00, 0x00, 0xFF, 0xC0,
    0x7F, 0xF8, 0x00, 0x3C, 0x00, 0x1E, 0x00, 0x3E, 0x00, 0x1F, 0x80, 0x06, 0x30, 0x07, 0x0C, 0x03,
    0x83, 0xF8, 0xC0, 0x7E, 0x00, 0x00, 0x00, 0x00, 0x00, 0x00, 0x00, 0x00, 0x00, 0x00, 0x70, 0x00,
    0x0F, 0xF0, 0x00, 0xFC, 0x00, 0x00, 0x01, 0xFF, 0xE0, 0x7F, 0xF8, 0x00, 0x1C, 0x00, 0x0C, 0x00,
    0x06, 0x00, 0x0F, 0x00, 0x07, 0xE0, 0x01, 0x8C, 0x00, 0xC3, 0x00, 0x60, 0xC0, 0x30, 0x1F, 0xC8,
    0x07, 0xE0, 0x00, 0x00, 0x00, 0x00, 0x00, 0x10, 0x00, 0x0C, 0x20, 0x03, 0x1C, 0x07, 0xF9, 0xC1,
    0xFC, 0x38, 0x0F, 0xF2, 0x0F, 0xFE, 0x07, 0xC1, 0xC3, 0xB0, 0x30, 0x8C, 0x0C, 0x23, 0x03, 0x08,
    0xC1, 0x83, 0xF0, 0xE0, 0x79, 0xF0, 0x00, 0x78, 0x00, 0x00, 0x00, 0x00, 0x00, 0x00, 0x80, 0x00,
    0x20, 0x00, 0x08, 0x00, 0x07, 0x1C, 0x1F, 0xF1, 0xC0, 0x20, 0x18, 0x08, 0x00, 0x03, 0xF8, 0x07,
    0xC7, 0x81, 0xE0, 0x71, 0xC8, 0x0C, 0xE2, 0x03, 0x30, 0x80, 0xCE, 0x20, 0x70, 0xF8, 0x30, 0x1C,
    0xF8, 0x00, 0x3C, 0x00, 0x00, 0x00, 0x00, 0x00, 0x00, 0x60, 0x00, 0x18, 0x00, 0x06, 0x18, 0x01,
    0x87, 0x07, 0xFC, 0xE1, 0xFF, 0x98, 0x0C, 0x27, 0x07, 0x08, 0xC1, 0x82, 0x38, 0x60, 0x86, 0x18,
    0x20, 0x0C, 0x08, 0x03, 0x06, 0x01, 0x81, 0x00, 0x6F, 0xC0, 0x13, 0xE0, 0x00, 0x00, 0x00, 0x00,
    0x81, 0x00, 0x60, 0x60, 0x18, 0x3C, 0x06, 0x07, 0x81, 0x84, 0xE7, 0xFD, 0xB1, 0xFF, 0xB8, 0x0C,
    0x27, 0x07, 0x08, 0xC1, 0x82, 0x38, 0x60, 0x86, 0x18, 0x20, 0x0C, 0x08, 0x03, 0x06, 0x01, 0x81,
    0x00, 0x6F, 0xC0, 0x13, 0xE0, 0x00, 0x00, 0x00, 0x00, 0x40, 0x00, 0x10, 0x00, 0x06, 0x00, 0x00,
    0xDE, 0x0F, 0xFC, 0x01, 0xFE, 0x00, 0x01, 0xBC, 0x3F, 0xFF, 0x0F, 0xFE, 0x00, 0x01, 0xC0, 0x1F,
    0xF8, 0x0F, 0xFE, 0x06, 0x01, 0xC1, 0x80, 0x00, 0x60, 0x00, 0x0F, 0xFE, 0x01, 0xFF, 0x80, 0x00,
    0x00, 0x00, 0x81, 0x80, 0x61, 0x60, 0x18, 0x6C, 0x03, 0x0D, 0x9F, 0xFF, 0x87, 0xFF, 0x20, 0x03,
    0x78, 0x7F, 0xFE, 0x1F, 0xFC, 0x00, 0x03, 0x00, 0x3F, 0xE0, 0x1F, 0xFC, 0x0C, 0x03, 0x83, 0x00,
    0x00, 0xC0, 0x00, 0x1F, 0xFC, 0x07, 0xFF, 0x00, 0x00, 0x00, 0x00, 0x00, 0x00, 0x00, 0xC0, 0x00,
    0x60, 0x00, 0x30, 0x00, 0x38, 0x00, 0x1C, 0x00, 0x3C, 0x00, 0x1E, 0x00, 0x06, 0x00, 0x01, 0x80,
    0x00, 0x30, 0x00, 0x07, 0x00, 0x00, 0x70, 0x00, 0x0F, 0x00, 0x00, 0xF0, 0x00, 0x1E, 0x00, 0x01,
    0x80, 0x00, 0x00, 0x00, 0x00, 0x00, 0x03, 0x00, 0x01, 0x80, 0x00, 0xE0, 0x00, 0xF1, 0x00, 0x7B,
    0x60, 0x70, 0x6C, 0x38, 0x0D, 0x98, 0x01, 0x07, 0x00, 0x00, 0x60, 0x00, 0x0E, 0x00, 0x00, 0xE0,
    0x00, 0x1C, 0x00, 0x01, 0xC0, 0x00, 0x38, 0x00, 0x02, 0x00, 0x00, 0x00, 0x04, 0x02, 0x01, 0x01,
    0x80, 0xC0, 0x60, 0x60, 0x18, 0x19, 0xFF, 0xE6, 0x7F, 0xF1, 0x80, 0x60, 0x60, 0x18, 0x18, 0x06,
    0x06, 0x01, 0x81, 0x80, 0x60, 0x60, 0x18, 0x18, 0x0C, 0x06, 0x03, 0x01, 0x81, 0x80, 0x61, 0xE0,
    0x08, 0x70, 0x00, 0x00, 0x00, 0x00, 0x02, 0x82, 0x01, 0xF0, 0xC0, 0xFC, 0x70, 0x35, 0x19, 0xFF,
    0x86, 0xFF, 0xE1, 0x80, 0xC0, 0x60, 0x30, 0x18, 0x0C, 0x06, 0x03, 0x01, 0x80, 0xC0, 0x60, 0x30,
    0x18, 0x18, 0x06, 0x06, 0x01, 0x83, 0x80, 0x63, 0xC0, 0x10, 0xE0, 0x00, 0x00, 0x00, 0x03, 0xFF,
    0x81, 0xFF, 0xF0, 0x00, 0x00, 0x00, 0x00, 0x00, 0x00, 0x00, 0x00, 0x00, 0x00, 0x00, 0x00, 0x00,
    0x00, 0x00, 0x01, 0x80, 0x00, 0x60, 0x00, 0x30, 0x00, 0x0C, 0x00, 0x03, 0xC0, 0x08, 0x7F, 0xFE,
    0x07, 0xFF, 0x00, 0x00, 0x00, 0x00, 0x00, 0x00, 0x01, 0x80, 0x01, 0x60, 0x00, 0x6C, 0x3F, 0xFD,
    0x80, 0x01, 0x80, 0x00, 0x20, 0x00, 0x00, 0x00, 0x00, 0x00, 0x00, 0x00, 0x00, 0x00, 0x00, 0x00,
    0x30, 0x00, 0x18, 0x00, 0x06, 0x00, 0x01, 0xE0, 0x18, 0x1F, 0xFC, 0x01, 0xFF, 0x00, 0x00, 0x00,
    0x00, 0x00, 0x00, 0x18, 0x00, 0x06, 0x00, 0x00, 0xC0, 0x00, 0x19, 0xE7, 0xFF, 0xF0, 0xFF, 0xE0,
    0x00, 0x18, 0x00, 0x03, 0x00, 0x7F, 0xE0, 0x3F, 0xFC, 0x0C, 0x0F, 0x86, 0x00, 0x01, 0x00, 0x00,
    0x60, 0x08, 0x0F, 0xFE, 0x01, 0xFF, 0x00, 0x00, 0x00, 0x00, 0x81, 0x00, 0x61, 0x60, 0x0C, 0x6C,
    0x01, 0x9D, 0x80, 0x77, 0x8F, 0xFF, 0x00, 0x01, 0x80, 0x00, 0x20, 0x00, 0x0E, 0x01, 0xFF, 0xC0,
    0xFF, 0xF8, 0x70, 0x1C, 0x18, 0x00, 0x07, 0x00, 0x80, 0x7F, 0xE0, 0x0F, 0xF0, 0x00, 0x00, 0x00,
    0x00, 0x00, 0x00, 0x00, 0x03, 0x00, 0x00, 0xC0, 0x00, 0x30, 0x00, 0x0C, 0x00, 0x03, 0x00, 0x00,
    0xC0, 0x00, 0x30, 0x00, 0x0C, 0x00, 0x03, 0x00, 0x00, 0xC0, 0x06, 0x30, 0x03, 0x8C, 0x01, 0xC3,
    0x00, 0xE0, 0x60, 0xF0, 0x0F, 0xF0, 0x01, 0xF8, 0x00, 0x00, 0x00, 0x00, 0x00, 0x03, 0x00, 0x00,
    0xC0, 0xC0, 0x30, 0xD8, 0x0C, 0x3B, 0x03, 0x07, 0x40, 0xC0, 0xC0, 0x30, 0x00, 0x0C, 0x00, 0x03,
    0x00, 0x00, 0xC0, 0x06, 0x30, 0x03, 0x8C, 0x01, 0xC3, 0x00, 0xE0, 0x60, 0xF0, 0x0F, 0xF0, 0x01,
    0xF8, 0x00, 0x00, 0x00, 0x00, 0x18, 0x00, 0x06, 0x00, 0x01, 0x80, 0x7F, 0xFF, 0x1F, 0xFF, 0xC0,
    0x06, 0x00, 0x0D, 0x80, 0x07, 0xE0, 0x03, 0x38, 0x00, 0xC6, 0x00, 0x33, 0x80, 0x07, 0xE0, 0x00,
    0x58, 0x00, 0x0C, 0x00, 0x06, 0x00, 0x07, 0x80, 0x01, 0x80, 0x00, 0x00, 0x00, 0x00, 0x15, 0x80,
    0x07, 0xF0, 0x01, 0xBE, 0x7F, 0xFF, 0xBF, 0xFF, 0x80, 0x06, 0x00, 0x1D, 0x80, 0x0F, 0xE0, 0x02,
    0x38, 0x00, 0x86, 0x00, 0x23, 0x80, 0x0F, 0xE0, 0x00, 0x18, 0x00, 0x0C, 0x00, 0x06, 0x00, 0x07,
    0x00, 0x01, 0x80, 0x00, 0x00, 0x00, 0x00, 0x00, 0x00, 0xC0, 0xC0, 0x30, 0x30, 0x0C, 0x0C, 0x03,
    0x03, 0x07, 0xFF, 0xF9, 0xFF, 0xFE, 0x0C, 0x0C, 0x03, 0x03, 0x00, 0xC0, 0xC0, 0x30, 0x30, 0x0C,
    0x78, 0x03, 0x1C, 0x00, 0xE0, 0x00, 0x0F, 0xF8, 0x01, 0xFE, 0x00, 0x00, 0x00, 0x00, 0x00, 0x00,
    0x00, 0x00, 0x00, 0xF0, 0x60, 0x7E, 0x18, 0x1F, 0x86, 0x06, 0x01, 0x81, 0x83, 0xFF, 0xFC, 0x7F,
    0xFE, 0x06, 0x06, 0x01, 0x81, 0x80, 0x60, 0x60, 0x18, 0xF0, 0x06, 0x38, 0x00, 0xC0, 0x00, 0x1F,
    0xF0, 0x03, 0xF8, 0x00, 0x00, 0x00, 0x00, 0x00, 0x01, 0xFF, 0x00, 0xFF, 0xE0, 0x00, 0x70, 0x00,
    0x30, 0x00, 0x38, 0x00, 0x1C, 0x00, 0x1F, 0xFE, 0x7F, 0xFF, 0x9F, 0xBE, 0x00, 0x1E, 0x00, 0x0C,
    0x00, 0x06, 0x00, 0x01, 0x80, 0x00, 0x60, 0x00, 0x0C, 0x00, 0x01, 0xFE, 0x00, 0x3F, 0x80, 0x00,
    0x00, 0x00, 0x00, 0x01, 0xFF, 0xC0, 0x3F, 0xEC, 0x00, 0x7F, 0x80, 0x73, 0xE0, 0x38, 0x78, 0x3F,
    0xF8, 0xFF, 0xFF, 0x3F, 0x78, 0x00, 0x38, 0x00, 0x18, 0x00, 0x0C, 0x00, 0x03, 0x00, 0x00, 0xC0,
    0x00, 0x1F, 0xE0, 0x03, 0xFC, 0x00, 0x00, 0x00, 0x00, 0x00, 0x00, 0x00, 0x00, 0x60, 0x00, 0x18,
    0x00, 0x06, 0x00, 0x0F, 0xFC, 0x03, 0xFF, 0x00, 0x30, 0x00, 0x0C, 0xFF, 0x03, 0x3F, 0xE0, 0xC0,
    0x00, 0x70, 0x00, 0x18, 0x00, 0x06, 0x30, 0x01, 0x98, 0x00, 0x86, 0x00, 0x20, 0xFF, 0x88, 0x3F,
    0xC0, 0x00, 0x00, 0x00, 0x01, 0x00, 0xC0, 0x60, 0x30, 0x6C, 0x0C, 0x0D, 0x9F, 0xF3, 0xA7, 0xFC,
    0x60, 0x70, 0x00, 0x18, 0xFF, 0x06, 0x7F, 0xC1, 0x80, 0x00, 0xE0, 0x00, 0x30, 0x00, 0x0C, 0x60,
    0x03, 0x30, 0x01, 0x8C, 0x00, 0x61, 0xFF, 0x10, 0x3F, 0xC0, 0x00, 0x00, 0x00, 0x20, 0x00, 0x18,
    0x00, 0x06, 0x00, 0x03, 0x00, 0x0F, 0xFF, 0x83, 0xFF, 0xC0, 0x18, 0x00, 0x0E, 0x00, 0x03, 0x7E,
    0x01, 0xFF, 0xC0, 0x78, 0x1C, 0x18, 0x03, 0x00, 0x00, 0xC0, 0x00, 0x30, 0x00, 0x38, 0x0F, 0xFC,
    0x03, 0xFC, 0x00, 0x00, 0x00, 0x00, 0x41, 0x00, 0x31, 0x60, 0x0C, 0x6C, 0x06, 0x0D, 0x9F, 0xFF,
    0x87, 0xFF, 0xC0, 0x30, 0x00, 0x1C, 0x00, 0x06, 0xFC, 0x03, 0xFF, 0x80, 0xF0, 0x38, 0x30, 0x06,
    0x00, 0x01, 0x80, 0x00, 0x60, 0x00, 0x70, 0x1F, 0xF8, 0x07, 0xF8, 0x00, 0x00, 0x00, 0x00, 0x00,
    0x00, 0x00, 0x00, 0x00, 0x00, 0x07, 0xFE, 0x1F, 0xFF, 0xC7, 0x80, 0x38, 0x00, 0x06, 0x00, 0x01,
    0x80, 0x00, 0x60, 0x00, 0x38, 0x00, 0x3C, 0x00, 0x1E, 0x01, 0xFC, 0x00, 0x7F, 0x00, 0x00, 0x00,
    0x00, 0x00, 0x00, 0x00, 0x00, 0x00, 0x00, 0x00, 0x00, 0x00, 0x00, 0x00, 0x1F, 0xF0, 0x7F, 0xFE,
    0x1F, 0x01, 0xC0, 0x00, 0x18, 0x00, 0x06, 0x00, 0x01, 0x80, 0x00, 0x60, 0x00, 0x18, 0x00, 0x0C,
    0x00, 0x06, 0x00, 0x0F, 0x00, 0xFF, 0x80, 0x3F, 0x00, 0x00, 0x00, 0x00, 0x00, 0x00, 0x00, 0x00,
    0x00, 0x01, 0x00, 0x01, 0x60, 0x00, 0x6C, 0x00, 0x1D, 0x83, 0xFF, 0x8F, 0x80, 0xC0, 0x00, 0x18,
    0x00, 0x03, 0x00, 0x00, 0xC0, 0x00, 0x30, 0x00, 0x0C, 0x00, 0x06, 0x00, 0x03, 0x00, 0x07, 0x80,
    0x7F, 0xC0, 0x0F, 0x80, 0x00, 0x00, 0x00, 0x00, 0x00, 0x00, 0x00, 0x07, 0xFF, 0xF9, 0xFF, 0xFE,
    0x00, 0x78, 0x00, 0x30, 0x00, 0x18, 0x00, 0x0C, 0x00, 0x06, 0x00, 0x01, 0x80, 0x00, 0x60, 0x00,
    0x18, 0x00, 0x07, 0x00, 0x00, 0xE0, 0x00, 0x3F, 0xC0, 0x01, 0xF8, 0x00, 0x00, 0x00, 0x00, 0x00,
    0x00, 0x00, 0x00, 0x00, 0x00, 0x00, 0x03, 0xFF, 0xFC, 0x00, 0xF4, 0x00, 0x71, 0x80, 0x31, 0xB0,
    0x18, 0x36, 0x0E, 0x06, 0x03, 0x01, 0x00, 0xC0, 0x00, 0x30, 0x00, 0x06, 0x00, 0x00, 0xC0, 0x00,
    0x3F, 0xC0, 0x03, 0xE0, 0x00, 0x00, 0x00, 0x00, 0x00, 0x00, 0x00, 0x00, 0x40, 0x00, 0x30, 0x00,
    0x0C, 0x00, 0x03, 0x00, 0x00, 0xC0, 0x00, 0x30, 0x00, 0x0C, 0xFC, 0x01, 0xFF, 0x01, 0xF0, 0x01,
    0xE0, 0x00, 0xE0, 0x00, 0x30, 0x00, 0x0C, 0x00, 0x03, 0x00, 0x00, 0x70, 0x00, 0x0F, 0xFF, 0x00,
    0xFF, 0xC0, 0x00, 0x00, 0x00, 0x81, 0x80, 0x61, 0x70, 0x18, 0x6C, 0x06, 0x0D, 0x81, 0x81, 0x80,
    0x60, 0x20, 0x19, 0xF8, 0x03, 0xFE, 0x03, 0xE0, 0x03, 0xC0, 0x01, 0xC0, 0x00, 0x60, 0x00, 0x18,
    0x00, 0x06, 0x00, 0x00, 0xE0, 0x00, 0x1F, 0xFE, 0x01, 0xFF, 0x80, 0x00, 0x00, 0x00, 0x80, 0x00,
    0x30, 0x00, 0x0C, 0x00, 0x7E, 0x9C, 0x1F, 0xFF, 0x80, 0x60, 0x30, 0x30, 0x00, 0x0C, 0x30, 0x06,
    0x0C, 0x01, 0x83, 0x00, 0xC0, 0xC0, 0x23, 0xF0, 0x19, 0xFE, 0x04, 0x63, 0xC0, 0x19, 0x98, 0x07,
    0xE2, 0x00, 0xF0, 0x00, 0x00, 0x00, 0x00, 0x00, 0x01, 0x80, 0x00, 0x60, 0x00, 0x19, 0xFF, 0x8E,
    0x7F, 0xE3, 0x00, 0x00, 0xC0, 0x00, 0x30, 0x00, 0x0C, 0x00, 0x03, 0x00, 0x00, 0xC0, 0x00, 0x31,
    0x00, 0x0C, 0x60, 0x03, 0x18, 0x00, 0xC3, 0x00, 0x30, 0xFF, 0x8C, 0x1F, 0xE0, 0x00, 0x00, 0x00,
    0x08, 0x01, 0x03, 0x00, 0xC0, 0x80, 0x37, 0xF0, 0x0F, 0xFE, 0x03, 0x86, 0xE0, 0xC3, 0x18, 0x78,
    0xC3, 0x1A, 0x60, 0xCD, 0xF0, 0x33, 0x38, 0x0C, 0xC4, 0x7F, 0x33, 0x3F, 0xCC, 0xEC, 0x71, 0xEB,
    0xFE, 0x30, 0x79, 0x80, 0x00, 0x00, 0x00, 0x00, 0x02, 0x00, 0x00, 0x80, 0x00, 0x20, 0x00, 0x08,
    0x18, 0x02, 0x1F, 0x07, 0x9E, 0x63, 0xEE, 0x0C, 0x1E, 0x03, 0x07, 0x00, 0xC1, 0x80, 0x30, 0xE0,
    0x0C, 0x78, 0xFB, 0x32, 0x7F, 0x8C, 0x90, 0xF3, 0x27, 0xFE, 0x08, 0xFD, 0x82, 0x00, 0x00, 0x00,
    0x00, 0x00, 0x00, 0x00, 0x3F, 0x80, 0x3F, 0xF8, 0x1E, 0x67, 0x0E, 0x18, 0xC3, 0x0C, 0x39, 0xC2,
    0x06, 0x60, 0x81, 0x98, 0x60, 0x66, 0x30, 0x19, 0x8C, 0x06, 0x66, 0x03, 0x0D, 0x80, 0xC1, 0xE0,
    0xE0, 0x31, 0xF8, 0x00, 0x70, 0x00, 0x00, 0x00, 0x00, 0x00, 0x04, 0x03, 0x01, 0x80, 0xC0, 0x60,
    0x30, 0x30, 0x0C, 0x09, 0xFF, 0xF2, 0x7F, 0xF8, 0x80, 0x30, 0x20, 0x0C, 0x08, 0x03, 0x02, 0x00,
    0xC0, 0x80, 0x30, 0x23, 0xFC, 0x09, 0xFF, 0x82, 0x60, 0xF0, 0x9F, 0xF6, 0x23, 0xF8, 0xC0, 0x00,
    0x00, 0x00, 0x00, 0x00, 0x00, 0x00, 0x00, 0xF1, 0x80, 0xDE, 0x60, 0x37, 0xB0, 0x0D, 0x0C, 0xFF,
    0xE3, 0x00, 0xC0, 0xC0, 0x30, 0x30, 0x0C, 0x0C, 0x03, 0x03, 0x00, 0xC0, 0xC7, 0xF0, 0x33, 0xFC,
    0x0D, 0x83, 0xC3, 0x3F, 0xB8, 0xC7, 0xC6, 0x00, 0x00, 0x00, 0x00, 0x00, 0x00, 0x00, 0x80, 0x00,
    0x71, 0x80, 0xF6, 0x60, 0x3D, 0xB0, 0x0F, 0xCC, 0xFF, 0xE3, 0x00, 0xC0, 0xC0, 0x30, 0x30, 0x0C,
    0x0C, 0x03, 0x03, 0x00, 0xC0, 0xC7, 0xF0, 0x33, 0xFC, 0x0D, 0x83, 0xC3, 0x3F, 0xB8, 0xC7, 0xC6,
    0x00, 0x00, 0x00, 0x00, 0x00, 0x00, 0x00, 0x00, 0x00, 0x03, 0xFC, 0x60, 0x0C, 0x18, 0x06, 0x03,
    0x03, 0x00, 0xC0, 0xC0, 0x38, 0x60, 0x0F, 0x18, 0x03, 0xE6, 0x01, 0x91, 0x80, 0x60, 0x60, 0x30,
    0x0C, 0x18, 0x01, 0xFC, 0x00, 0x3E, 0x00, 0x00, 0x00, 0x00, 0x00, 0x00, 0x00, 0x00, 0x00, 0x02,
    0x80, 0x00, 0xF0, 0x00, 0x1E, 0xFF, 0x1F, 0x83, 0x06, 0x01, 0x80, 0xC0, 0xC0, 0x30, 0x30, 0x0E,
    0x18, 0x03, 0xC6, 0x00, 0xD9, 0x80, 0x64, 0x60, 0x18, 0x18, 0x0C, 0x03, 0x06, 0x00, 0x7F, 0x00,
    0x0F, 0x80, 0x00, 0x00, 0x00, 0x00, 0x00, 0x00, 0x01, 0x80, 0x00, 0xF1, 0xFC, 0x64, 0xFF, 0x3F,
    0x03, 0x07, 0x81, 0x80, 0x80, 0xC0, 0x30, 0x30, 0x0E, 0x18, 0x03, 0xC6, 0x01, 0x91, 0x80, 0x40,
    0x60, 0x30, 0x18, 0x18, 0x03, 0x0C, 0x00, 0x7E, 0x00, 0x00, 0x00, 0x00, 0x00, 0x00, 0x00, 0x00,
    0x00, 0x00, 0x00, 0x78, 0x00, 0x1F, 0xC0, 0x00, 0x7C, 0x00, 0x03, 0x00, 0x00, 0x00, 0x0C, 0x00,
    0x01, 0xC0, 0x06, 0x3D, 0x81, 0x81, 0xB0, 0xE0, 0x6C, 0x30, 0x19, 0x9C, 0x06, 0x66, 0xC3, 0x19,
    0xBF, 0x86, 0x07, 0xC0, 0x00, 0x00, 0x00, 0x00, 0x00, 0x00, 0x00, 0x00, 0x71, 0x60, 0x1F, 0xF8,
    0x00, 0xEF, 0x00, 0x01, 0xE0, 0x00, 0x00, 0x08, 0x00, 0x03, 0x80, 0x0C, 0x7B, 0x03, 0x03, 0x61,
    0x80, 0xD8, 0x60, 0x33, 0x30, 0x0C, 0xCD, 0x86, 0x33, 0x3F, 0x0C, 0x07, 0x80, 0x00, 0x00, 0x00,
    0x00, 0x00, 0x00, 0x00, 0x00, 0x70, 0x60, 0x1F, 0xBC, 0x00, 0xF9, 0x80, 0x03, 0x60, 0x00, 0x70,
    0x08, 0x00, 0x03, 0x80, 0x0C, 0x7B, 0x03, 0x03, 0x61, 0x80, 0xD8, 0x60, 0x33, 0x30, 0x0C, 0xCD,
    0x86, 0x33, 0x3F, 0x08, 0x07, 0x80, 0x00, 0x00, 0x00, 0x00, 0x00, 0x00, 0x00, 0x00, 0x00, 0x00,
    0x0C, 0x00, 0x07, 0x80, 0x03, 0x30, 0x00, 0xC6, 0x00, 0x60, 0xC0, 0x30, 0x30, 0x0C, 0x0E, 0x07,
    0x01, 0xC1, 0x80, 0x38, 0x00, 0x06, 0x00, 0x01, 0x80, 0x00, 0x38, 0x00, 0x06, 0x00, 0x00, 0x00,
    0x00, 0x00, 0x00, 0x00, 0x00, 0x00, 0x00, 0x00, 0x00, 0x00, 0x18, 0x0F, 0x1B, 0x06, 0xE3, 0x61,
    0x8C, 0x60, 0xC1, 0x00, 0x60, 0x40, 0x18, 0x18, 0x0E, 0x03, 0x03, 0x00, 0x60, 0x00, 0x0C, 0x00,
    0x03, 0x00, 0x00, 0x70, 0x00, 0x0C, 0x00, 0x00, 0x00, 0x00, 0x00, 0x00, 0x00, 0x00, 0x00, 0x00,
    0x00, 0x70, 0x1C, 0x3E, 0x0F, 0x8D, 0x83, 0x73, 0xE0, 0xC6, 0x70, 0x60, 0x80, 0x30, 0x30, 0x0C,
    0x0E, 0x06, 0x01, 0xC1, 0x00, 0x38, 0x00, 0x06, 0x00, 0x01, 0xC0, 0x00, 0x38, 0x00, 0x06, 0x00,
    0x00, 0x00, 0x00, 0x00, 0x00, 0x00, 0x00, 0x00, 0x01, 0x80, 0x00, 0x7F, 0xFF, 0x37, 0xFF, 0x88,
    0x03, 0x02, 0x00, 0xC0, 0x80, 0x30, 0x27, 0xFF, 0xC8, 0x03, 0x02, 0x00, 0xC0, 0x80, 0x30, 0x21,
    0xFC, 0x08, 0xFF, 0x02, 0x60, 0xE0, 0x98, 0x3C, 0x23, 0xF9, 0xC8, 0x7E, 0x20, 0x00, 0x00, 0x00,
    0x04, 0x00, 0x01, 0xE0, 0xC0, 0x3C, 0x3F, 0xFF, 0x99, 0xFF, 0x26, 0x01, 0x81, 0x80, 0x60, 0x6F,
    0xFF, 0x1B, 0xFF, 0xC6, 0x01, 0x81, 0x80, 0x60, 0x63, 0xF8, 0x19, 0xFE, 0x06, 0xC1, 0xC1, 0xB0,
    0x78, 0x67, 0xF3, 0x18, 0xF8, 0xC0, 0x00, 0x00, 0x00, 0x00, 0x80, 0x00, 0x70, 0xC0, 0x36, 0x3F,
    0xFD, 0x98, 0x07, 0xC6, 0x01, 0xB1, 0x80, 0x60, 0x6F, 0xFF, 0x1B, 0xFF, 0xC6, 0x01, 0x81, 0x80,
    0x60, 0x63, 0xF8, 0x19, 0xFE, 0x06, 0xC1, 0xC1, 0xB0, 0x78, 0x67, 0xF3, 0x18, 0xF8, 0xC0, 0x00,
    0x00, 0x00, 0x30, 0x00, 0x0C, 0x00, 0x03, 0x00, 0x3F, 0xFC, 0x0F, 0xFF, 0x80, 0x0C, 0x00, 0x03,
    0x00, 0x3F, 0xFE, 0x00, 0x30, 0x00, 0x0C, 0x00, 0x03, 0x00, 0x1F, 0xC0, 0x0F, 0xFC, 0x02, 0x0F,
    0x80, 0x83, 0x30, 0x3F, 0xC6, 0x07, 0xE0, 0x80, 0x00, 0x00, 0x00, 0x00, 0x00, 0xFC, 0x00, 0x3F,
    0x80, 0x00, 0xC0, 0x00, 0x31, 0x80, 0x18, 0x60, 0x1F, 0x98, 0x1F, 0xFE, 0x0F, 0x87, 0x86, 0x60,
    0x73, 0x18, 0x36, 0xC4, 0x0C, 0x37, 0x06, 0x07, 0x07, 0x00, 0x03, 0x80, 0x00, 0x00, 0x00, 0x00,
    0x00, 0x00, 0x00, 0x01, 0x00, 0x00, 0x40, 0x00, 0x10, 0x00, 0x0E, 0x18, 0x1F, 0xF3, 0x00, 0xC0,
    0x60, 0x30, 0x0C, 0x3C, 0x03, 0x1B, 0x00, 0x06, 0x40, 0x01, 0x90, 0x30, 0x64, 0x0E, 0x0F, 0x01,
    0x81, 0x80, 0x60, 0x20, 0x30, 0x0F, 0xF8, 0x01, 0xFC, 0x00, 0x00, 0x00, 0x06, 0x04, 0x01, 0x81,
    0x80, 0x60, 0x60, 0x18, 0x18, 0x06, 0xFE, 0x01, 0xE7, 0xE0, 0x71, 0x9C, 0x3C, 0xC1, 0x9B, 0x70,
    0x66, 0xD8, 0x19, 0x9E, 0x06, 0x67, 0x01, 0x99, 0xC0, 0xC7, 0xF0, 0xE0, 0xE0, 0xF0, 0x00, 0x38,
    0x00, 0x00, 0x00, 0x00, 0x00, 0x01, 0x00, 0x00, 0x60, 0x00, 0x18, 0x00, 0x3F, 0xC0, 0x0F, 0xF8,
    0x00, 0xC0, 0x00, 0x30, 0x30, 0x0C, 0x06, 0x1F, 0xF9, 0x80, 0xC0, 0x30, 0x30, 0x0C, 0x0C, 0x03,
    0x03, 0x00, 0xC0, 0xC0, 0x70, 0x38, 0x38, 0x07, 0xFC, 0x00, 0xFE, 0x00, 0x00, 0x00, 0x00, 0x20,
    0x00, 0x0C, 0x00, 0x31, 0x80, 0x0C, 0x7F, 0x03, 0x7F, 0xE0, 0xFC, 0x18, 0x78, 0x06, 0x3E, 0x01,
    0x89, 0x80, 0xE0, 0x67, 0xF0, 0x0D, 0xF8, 0x03, 0x80, 0x00, 0x60, 0x00, 0x1C, 0x00, 0x03, 0x00,
    0x00, 0xC0, 0x00, 0x00, 0x00, 0x00, 0x00, 0x00, 0x10, 0x01, 0x0C, 0x00, 0x63, 0x00, 0x18, 0x60,
    0x06, 0x18, 0x00, 0xDF, 0xC0, 0x3C, 0x18, 0x3C, 0x03, 0x1B, 0x00, 0xC4, 0x60, 0x30, 0x18, 0x1C,
    0x06, 0xFC, 0x01, 0x9E, 0x00, 0x30, 0x00, 0x0C, 0x00, 0x03, 0x00, 0x00, 0xC0, 0x00, 0x00, 0x00,
    0x00, 0x0C, 0x02, 0x07, 0x80, 0xC3, 0xE0, 0x33, 0xBE, 0x0F, 0xCD, 0x83, 0xC3, 0x30, 0xF0, 0xC6,
    0x38, 0x31, 0x8C, 0x0C, 0x63, 0x43, 0x18, 0xF9, 0xCE, 0x33, 0xE6, 0x00, 0x7F, 0x00, 0x3F, 0x80,
    0x7E, 0x00, 0x1C, 0x00, 0x00, 0x00, 0x00, 0x00, 0x00, 0x00, 0x10, 0x02, 0x04, 0x01, 0x87, 0xC0,
    0x63, 0xFC, 0x19, 0x9B, 0x86, 0xC6, 0x61, 0xA1, 0x8C, 0x78, 0x63, 0x1C, 0x18, 0xC7, 0x06, 0x31,
    0x81, 0x8C, 0x64, 0xC6, 0x19, 0xA3, 0x02, 0x3F, 0x80, 0x0F, 0xC0, 0x0F, 0x00, 0x03, 0x00, 0x00,
    0x00, 0x00, 0x00, 0x00, 0x00, 0x0C, 0x00, 0x03, 0x00, 0x00, 0xC0, 0x00, 0x30, 0x00, 0x0F, 0xF0,
    0x03, 0xFC, 0x00, 0xC0, 0x00, 0x30, 0x00, 0x0C, 0x00, 0x7F, 0x00, 0x3F, 0xF8, 0x0C, 0x3F, 0x03,
    0x0E, 0xF0, 0xFF, 0x1E, 0x1F, 0x81, 0x80, 0x00, 0x00, 0x00, 0x00, 0x00, 0x00, 0x00, 0x0C, 0x00,
    0x03, 0x00, 0x00, 0xC0, 0x00, 0x30, 0x00, 0x0F, 0xE0, 0x03, 0xF8, 0x00, 0xC0, 0x00, 0x30, 0x00,
    0x0C, 0x00, 0x7F, 0x00, 0x3F, 0xC0, 0x18, 0x3C, 0x06, 0x0D, 0xC1, 0x83, 0x18, 0x3F, 0x83, 0x87,
    0xE0, 0x40, 0x00, 0x00, 0x00, 0x00, 0x00, 0xFF, 0x00, 0x3F, 0xF0, 0x00, 0x1C, 0x03, 0x00, 0x00,
    0xC0, 0x00, 0x70, 0x00, 0x18, 0x00, 0x04, 0x7F, 0x01, 0x7F, 0xE0, 0x7C, 0x0C, 0x18, 0x03, 0x00,
    0x00, 0xC0, 0x00, 0x70, 0x00, 0x38, 0x0F, 0xF8, 0x03, 0xFC, 0x00, 0x00, 0x00, 0x00, 0x00, 0x00,
    0x8F, 0x80, 0x66, 0x30, 0x3B, 0x0C, 0x0D, 0x81, 0x83, 0x60, 0x20, 0xF0, 0x08, 0x38, 0x02, 0x0E,
    0x00, 0x83, 0x00, 0x20, 0xC0, 0x18, 0x00, 0x0E, 0x00, 0x03, 0x00, 0x00, 0xC0, 0x03, 0xE0, 0x0F,
    0xF0, 0x03, 0xE0, 0x00, 0x00, 0x00, 0x03, 0xFF, 0x01, 0xFF, 0xE0, 0x00, 0x70, 0x00, 0x18, 0x00,
    0x3C, 0x00, 0x1E, 0x00, 0x06, 0x00, 0x07, 0xFE, 0x07, 0xFF, 0xC3, 0xC0, 0x38, 0x9C, 0x06, 0x0F,
    0x81, 0x86, 0x30, 0xC1, 0x8C, 0x70, 0x7F, 0xFC, 0x0F, 0xF8, 0x00, 0x00, 0x00, 0x00, 0x00, 0x02,
    0x00, 0x00, 0x80, 0x00, 0x20, 0x00, 0x08, 0x30, 0x06, 0x1E, 0x0F, 0x8C, 0xC0, 0x66, 0x30, 0x0F,
    0x0C, 0x07, 0x83, 0x01, 0xC0, 0xC0, 0xE0, 0x60, 0x78, 0x18, 0x1A, 0x06, 0x0E, 0x81, 0x9B, 0x20,
    0x7E, 0xC8, 0x0E, 0x02, 0x00, 0x00, 0x00, 0x00, 0x00, 0x00, 0x00, 0xFF, 0xE0, 0x3F, 0xF8, 0x00,
    0x38, 0x00, 0x38, 0x00, 0x1C, 0x00, 0x0C, 0x00, 0x07, 0xFE, 0x07, 0xFF, 0xC7, 0xE0, 0x18, 0xC0,
    0x06, 0x00, 0x01, 0x80, 0x01, 0xE0, 0x00, 0x70, 0x7F, 0xF0, 0x1F, 0xF8, 0x00, 0x00, 0x00, 0x00,
    0x00, 0x00, 0x00, 0x00, 0x60, 0x00, 0x18, 0x00, 0x06, 0x00, 0x0F, 0x9F, 0x83, 0xFF, 0xF0, 0x1F,
    0x0E, 0x0F, 0x80, 0xC3, 0x80, 0x30, 0xE0, 0x0C, 0x78, 0x07, 0x1E, 0x00, 0xCF, 0x80, 0x63, 0x60,
    0xF0, 0xD8, 0x78, 0x26, 0x7C, 0x00, 0x9C, 0x00, 0x00, 0x00, 0x03, 0x00, 0x00, 0xC0, 0x00, 0x30,
    0x00, 0x7C, 0x70, 0x1F, 0x7E, 0x00, 0xF8, 0xE0, 0x38, 0x18, 0x0C, 0x03, 0x07, 0x00, 0x41, 0xC0,
    0x10, 0xF0, 0x04, 0x3C, 0x01, 0x1B, 0x00, 0xC6, 0xC0, 0xE1, 0xB0, 0xF0, 0x4D, 0xF8, 0x03, 0x78,
    0x00, 0x00, 0x00, 0x03, 0xF8, 0x01, 0xFF, 0x00, 0x00, 0xC0, 0x00, 0x60, 0x00, 0x10, 0x00, 0x3F,
    0xC0, 0x1F, 0xFC, 0x0C, 0x87, 0x0E, 0x60, 0xE7, 0x30, 0x19, 0x8C, 0x06, 0x66, 0x7D, 0x99, 0xB1,
    0xE6, 0xC8, 0x31, 0xB2, 0x18, 0x7C, 0xFE, 0x0E, 0x1F, 0x00, 0x00, 0x00, 0x00, 0x00, 0x03, 0xFF,
    0x80, 0x7F, 0xC0, 0x01, 0xE0, 0x00, 0xE0, 0x00, 0xFF, 0x00, 0xFF, 0xE0, 0x76, 0x0C, 0x03, 0xC1,
    0x81, 0x90, 0xE0, 0x3F, 0xF0, 0x0F, 0xF0, 0x07, 0x07, 0x03, 0xE7, 0xE1, 0x9F, 0x8C, 0xC3, 0xC1,
    0x80, 0x00, 0x00, 0x00, 0x00, 0x00, 0x40, 0x00, 0x10, 0x00, 0x04, 0x00, 0x3F, 0xF8, 0x1F, 0xFF,
    0x00, 0x78, 0x00, 0x3F, 0x08, 0x0C, 0x4F, 0x06, 0x1F, 0x03, 0x07, 0x00, 0xC7, 0x80, 0x73, 0xC0,
    0x09, 0x98, 0x00, 0xC6, 0x00, 0x31, 0x00, 0x07, 0xFE, 0x00, 0xFF, 0x00, 0x00, 0x00, 0x00, 0x40,
    0x00, 0x30, 0x00, 0x0C, 0x00, 0x03, 0x00, 0x01, 0xC0, 0x00, 0x60, 0x00, 0x38, 0x00, 0x0C, 0x00,
    0x07, 0x60, 0x61, 0xBC, 0x18, 0x79, 0x86, 0x1C, 0x61, 0x8E, 0x18, 0xC3, 0x06, 0x31, 0x81, 0x98,
    0x60, 0x7E, 0x18, 0x0F, 0x00, 0x00, 0x00, 0x00, 0x00, 0x01, 0xF8, 0x00, 0xFF, 0xC0, 0x00, 0x70,
    0x00, 0x03, 0x80, 0x00, 0xF0, 0x7F, 0xDE, 0xF0, 0x1B, 0x00, 0x02, 0x00, 0x00, 0xC0, 0x00, 0x30,
    0x00, 0x18, 0x00, 0x0C, 0x00, 0x0E, 0x01, 0xFF, 0x00, 0x7F, 0x00, 0x00, 0x00, 0x00, 0x00, 0x00,
    0x01, 0x80, 0x00, 0x60, 0x00, 0x18, 0x00, 0x06, 0x0C, 0x1F, 0xFB, 0x87, 0xFF, 0x30, 0x70, 0xEC,
    0x0C, 0x1B, 0x83, 0x06, 0x60, 0xC1, 0x98, 0xE0, 0x60, 0x30, 0x18, 0x0C, 0x0E, 0x06, 0x06, 0x01,
    0x9F, 0x80, 0x67, 0xC0, 0x00, 0x00, 0x00, 0x00, 0x00, 0x00, 0x00, 0x01, 0x80, 0xC0, 0x60, 0x30,
    0x18, 0x0C, 0x0C, 0xFF, 0xE3, 0x3F, 0xF8, 0xC0, 0x30, 0x30, 0x0C, 0x0C, 0x03, 0x03, 0x00, 0xC0,
    0xC0, 0x30, 0x30, 0x1C, 0x0C, 0x06, 0x03, 0x03, 0x80, 0xC3, 0xC0, 0x31, 0xE0, 0x08, 0x70, 0x00,
    0x00, 0x00, 0x00, 0x00, 0x03, 0xFF, 0xF8, 0xFF, 0xFF, 0x00, 0x00, 0xC0, 0x30, 0xE0, 0x0C, 0x10,
    0x03, 0x0C, 0x00, 0xC6, 0x00, 0x33, 0x00, 0x0D, 0x80, 0x06, 0x00, 0x01, 0x80, 0x00, 0xE0, 0x00,
    0xF0, 0x00, 0x78, 0x00, 0x0C, 0x00, 0x00, 0x00, 0x00, 0x00, 0x00, 0x00, 0x00, 0x07, 0xFF, 0xFC,
    0x00, 0x07, 0x00, 0x00, 0xC0, 0x60, 0xE0, 0x18, 0x30, 0x06, 0x0C, 0x01, 0x86, 0x00, 0x63, 0x80,
    0x19, 0xC0, 0x0E, 0x60, 0x03, 0x00, 0x00, 0xC0, 0x00, 0x60, 0x00, 0x30, 0x00, 0x78, 0x00, 0x0C,
    0x00, 0x00, 0x00, 0x00, 0x00, 0x00, 0xC0, 0x00, 0x70, 0x00, 0x38, 0x00, 0x18, 0x00, 0x0E, 0x00,
    0x07, 0x00, 0x07, 0x80, 0x03, 0xE0, 0x03, 0xF8, 0x03, 0xC6, 0x00, 0xC1, 0x80, 0x00, 0x60, 0x00,
    0x18, 0x00, 0x06, 0x00, 0x01, 0x80, 0x00, 0x60, 0x00, 0x00, 0x00, 0x00, 0x00, 0x00, 0x00, 0xC0,
    0x00, 0x70, 0x00, 0x38, 0x00, 0x18, 0x00, 0x0E, 0x00, 0x07, 0x00, 0x03, 0x80, 0x01, 0xE0, 0x01,
    0xC8, 0x01, 0xE2, 0x01, 0xE0, 0x80, 0x20, 0x20, 0x00, 0x08, 0x00, 0x02, 0x00, 0x00, 0x80, 0x00,
    0x30, 0x00, 0x08, 0x00, 0x00, 0x00, 0x00, 0x00, 0x00, 0x0C, 0x00, 0x03, 0x00, 0x1F, 0xFF, 0x0F,
    0xFF, 0xE3, 0x00, 0x38, 0xC0, 0x06, 0x30, 0x01, 0x8C, 0x00, 0xE3, 0x00, 0x60, 0x00, 0x18, 0x00,
    0x0E, 0x00, 0x0F, 0x00, 0x0F, 0x80, 0x07, 0x00, 0x1F, 0xC0, 0x03, 0x80, 0x00, 0x00, 0x00, 0x00,
    0x40, 0x00, 0x18, 0x00, 0x06, 0x00, 0x1F, 0xFC, 0x0F, 0xFF, 0x83, 0x00, 0x60, 0xC0, 0x18, 0x30,
    0x06, 0x0C, 0x01, 0x83, 0x00, 0xC0, 0x80, 0x30, 0x00, 0x1C, 0x00, 0x0E, 0x00, 0x07, 0x00, 0x0F,
    0x80, 0x1F, 0xC0, 0x07, 0x00, 0x00, 0x00, 0x00, 0x00, 0x00, 0x00, 0x00, 0x00, 0x7F, 0xFC, 0x1F,
    0xFF, 0x00, 0x30, 0x00, 0x0C, 0x00, 0x03, 0x00, 0x00, 0xC0, 0x00, 0x30, 0x00, 0x0C, 0x00, 0x03,
    0x00, 0x00, 0xC0, 0x0F, 0xFF, 0xE7, 0xFF, 0xF8, 0x00, 0x00, 0x00, 0x00, 0x00, 0x00, 0x00, 0x00,
    0x00, 0x00, 0x00, 0x00, 0x00, 0x01, 0xFF, 0xFC, 0x01, 0xC0, 0x00, 0x20, 0x00, 0x08, 0x00, 0x02,
    0x00, 0x00, 0x80, 0x00, 0x20, 0x00, 0x08, 0x00, 0x02, 0x00, 0x00, 0x80, 0x00, 0x20, 0x0F, 0xFF,
    0xFB, 0xFF, 0xFE, 0x00, 0x00, 0x00, 0x00, 0x00, 0x00, 0x00, 0x00, 0x0C, 0x00, 0x03, 0x00, 0x00,
    0xE0, 0x7F, 0xFF, 0x0F, 0xDF, 0xC0, 0x0F, 0x00, 0x03, 0xC0, 0x00, 0xF0, 0x00, 0xEC, 0x00, 0x73,
    0x00, 0x38, 0xC0, 0x1C, 0x30, 0x06, 0x0C, 0x07, 0x03, 0x00, 0x87, 0xC0, 0x01, 0xE0, 0x00, 0x00,
    0x00, 0x00, 0x00, 0x00, 0x02, 0x00, 0x01, 0x80, 0x00, 0x60, 0x00, 0x18, 0x00, 0x06, 0x07, 0xFF,
    0xF0, 0x00, 0xE0, 0x00, 0x78, 0x00, 0x36, 0x00, 0x19, 0x80, 0x0C, 0x60, 0x06, 0x18, 0x03, 0x06,
    0x03, 0x81, 0x81, 0xC0, 0x60, 0x41, 0xF8, 0x00, 0x7C, 0x00, 0x00, 0x00, 0x00, 0x20, 0x00, 0x08,
    0x00, 0x02, 0x00, 0x01, 0x80, 0x0F, 0xFF, 0xC3, 0xFF, 0xF0, 0x02, 0x0C, 0x01, 0x83, 0x00, 0xC0,
    0xC0, 0x30, 0x30, 0x0C, 0x0C, 0x06, 0x03, 0x01, 0x80, 0xC0, 0xC0, 0x30, 0x60, 0x18, 0x30, 0x7C,
    0x0C, 0x1E, 0x00, 0x00, 0x00, 0x00, 0x44, 0x80, 0x11, 0xE0, 0x04, 0x3C, 0x01, 0x07, 0x9F, 0xFF,
    0xA7, 0xFF, 0xE0, 0x04, 0x18, 0x03, 0x06, 0x01, 0x81, 0x80, 0x60, 0x60, 0x18, 0x18, 0x0C, 0x06,
    0x03, 0x01, 0x81, 0x80, 0x60, 0xE0, 0x38, 0x60, 0xF8, 0x18, 0x3C, 0x00, 0x00, 0x00, 0x00, 0x80,
    0x00, 0x30, 0x00, 0x0C, 0x00, 0x03, 0x00, 0x00, 0xFF, 0x07, 0xF8, 0x00, 0x06, 0x00, 0x01, 0x80,
    0x00, 0x60, 0x00, 0x1F, 0xF1, 0xFF, 0xFC, 0x7F, 0xC0, 0x00, 0x30, 0x00, 0x0C, 0x00, 0x03, 0x00,
    0x00, 0xC0, 0x00, 0x30, 0x00, 0x00, 0x00, 0x00, 0x81, 0x00, 0x20, 0xE0, 0x08, 0x3C, 0x03, 0x07,
    0x81, 0xFF, 0xCF, 0xF8, 0x00, 0x06, 0x00, 0x01, 0x80, 0x00, 0x60, 0x00, 0x1F, 0xF3, 0xFF, 0xF8,
    0x7F, 0xC0, 0x00, 0x30, 0x00, 0x0C, 0x00, 0x03, 0x00, 0x00, 0xC0, 0x00, 0x20, 0x00, 0x00, 0x00,
    0x00, 0x40, 0x00, 0x18, 0x00, 0x06, 0x00, 0x03, 0xFC, 0x00, 0xFF, 0x80, 0x60, 0x60, 0x18, 0x18,
    0x0C, 0x0C, 0x06, 0x03, 0x03, 0x01, 0x80, 0x80, 0x60, 0x00, 0x30, 0x00, 0x1C, 0x00, 0x1E, 0x00,
    0x1E, 0x00, 0x3E, 0x00, 0x0E, 0x00, 0x00, 0x00, 0x00, 0x00, 0x80, 0x00, 0x33, 0xC0, 0x0C, 0x78,
    0x06, 0x0F, 0x01, 0xFF, 0x00, 0xC0, 0xC0, 0x30, 0x30, 0x18, 0x18, 0x0C, 0x06, 0x06, 0x03, 0x01,
    0x00, 0xC0, 0x00, 0x60, 0x00, 0x38, 0x00, 0x3C, 0x00, 0x3C, 0x00, 0x7C, 0x00, 0x1C, 0x00, 0x00,
    0x00, 0x00, 0x00, 0x80, 0x00, 0x60, 0x00, 0x18, 0x00, 0x0F, 0xFF, 0x83, 0xFF, 0xE1, 0x81, 0x80,
    0x60, 0x60, 0x30, 0x18, 0x18, 0x0C, 0x04, 0x03, 0x00, 0x01, 0x80, 0x00, 0x40, 0x00, 0x30, 0x00,
    0x38, 0x00, 0x3C, 0x00, 0x1C, 0x00, 0x00, 0x00, 0x00, 0x00, 0x00, 0x00, 0x00, 0x00, 0x01, 0xE0,
    0x10, 0x3C, 0x0C, 0x07, 0x83, 0x01, 0x81, 0xFF, 0xF0, 0x40, 0xC0, 0x10, 0x30, 0x1C, 0x0C, 0x0E,
    0x06, 0x01, 0x01, 0x80, 0x00, 0xC0, 0x00, 0x20, 0x00, 0x18, 0x00, 0x1C, 0x00, 0x1E, 0x00, 0x06,
    0x00, 0x00, 0x00, 0x00, 0x0F, 0xFF, 0xE3, 0xFF, 0xFC, 0x00, 0x07, 0x00, 0x00, 0xC0, 0x00, 0x70,
    0x00, 0x0C, 0x00, 0x03, 0x00, 0x00, 0xC0, 0x00, 0x30, 0x00, 0x0C, 0x00, 0x03, 0x00, 0x00, 0xC0,
    0x00, 0x33, 0xFF, 0xFC, 0xFF, 0xFF, 0x00, 0x00, 0x80, 0x00, 0x00, 0x00, 0x00, 0x00, 0x05, 0x00,
    0x03, 0xE0, 0x00, 0x3C, 0x3F, 0xFD, 0x1F, 0xFF, 0x00, 0x00, 0xC0, 0x00, 0x10, 0x00, 0x04, 0x00,
    0x01, 0x00, 0x00, 0x40, 0x00, 0x10, 0x00, 0x04, 0x00, 0x01, 0x00, 0x00, 0x41, 0xFF, 0xF0, 0x7F,
    0xFC, 0x00, 0x01, 0x00, 0x00, 0x00, 0x01, 0x02, 0x00, 0xC0, 0xC0, 0x30, 0x30, 0x0C, 0x0C, 0x03,
    0x03, 0x07, 0xFF, 0xF9, 0xFF, 0xFE, 0x0C, 0x0C, 0x03, 0x03, 0x00, 0xC0, 0xC0, 0x30, 0x70, 0x0C,
    0x18, 0x00, 0x06, 0x00, 0x03, 0x00, 0x03, 0x80, 0x0F, 0xC0, 0x03, 0xC0, 0x00, 0x00, 0x00, 0x02,
    0x05, 0x00, 0x81, 0xE0, 0x20, 0x7C, 0x08, 0x1F, 0x87, 0x06, 0xCF, 0xFF, 0xF0, 0x60, 0x60, 0x08,
    0x18, 0x02, 0x06, 0x00, 0x81, 0x80, 0x20, 0xC0, 0x08, 0x30, 0x00, 0x18, 0x00, 0x1C, 0x00, 0x3E,
    0x00, 0x0E, 0x00, 0x00, 0x00, 0x00, 0x00, 0x00, 0x00, 0x00, 0x00, 0xE0, 0x00, 0x3E, 0x00, 0x03,
    0xC0, 0x1C, 0x10, 0x23, 0xE0, 0x0C, 0x3C, 0x03, 0x03, 0x01, 0xC0, 0x00, 0xC0, 0x00, 0x30, 0x00,
    0x1C, 0x00, 0x0E, 0x00, 0x03, 0x00, 0x03, 0x80, 0x0F, 0x80, 0x1E, 0x00, 0x07, 0x80, 0x00, 0x00,
    0x00, 0x00, 0x04, 0x00, 0x01, 0xE0, 0x70, 0x3C, 0x07, 0x07, 0x80, 0xE0, 0x27, 0x08, 0x31, 0xF0,
    0x0C, 0x1E, 0x03, 0x01, 0x81, 0xC0, 0x00, 0x60, 0x00, 0x38, 0x00, 0x0C, 0x00, 0x06, 0x00, 0x07,
    0x00, 0x1F, 0x80, 0x3F, 0x80, 0x0F, 0x00, 0x00, 0x00, 0x00, 0x00, 0x00, 0x03, 0xFF, 0x80, 0xFF,
    0xF0, 0x00, 0x0C, 0x00, 0x07, 0x00, 0x01, 0x80, 0x00, 0x60, 0x00, 0x30, 0x00, 0x08, 0x00, 0x07,
    0x00, 0x03, 0x60, 0x03, 0x8C, 0x07, 0xC1, 0xC7, 0xC0, 0x39, 0xC0, 0x06, 0x00, 0x00, 0x00, 0x00,
    0x00, 0x00, 0x00, 0x00, 0x05, 0x00, 0x01, 0xE0, 0x00, 0x3C, 0x7F, 0xFF, 0x80, 0x04, 0x00, 0x03,
    0x00, 0x00, 0xC0, 0x00, 0x20, 0x00, 0x10, 0x00, 0x04, 0x00, 0x03, 0x80, 0x01, 0xB0, 0x01, 0xC6,
    0x01, 0xE0, 0xE3, 0xE0, 0x1C, 0xE0, 0x03, 0x00, 0x00, 0x00, 0x00, 0x00, 0x00, 0x00, 0x00, 0x60,
    0x00, 0x18, 0x00, 0x06, 0x0F, 0x81, 0x9F, 0xF0, 0xFF, 0x8C, 0xFE, 0x07, 0x76, 0x03, 0x05, 0x80,
    0xC0, 0x60, 0x70, 0x18, 0x38, 0x06, 0x3C, 0x01, 0x8E, 0x00, 0x60, 0x00, 0x18, 0x00, 0x03, 0xFF,
    0xC0, 0x7F, 0xE0, 0x00, 0x00, 0x00, 0x05, 0x80, 0x81, 0xE0, 0x20, 0x3C, 0x08, 0x17, 0x82, 0x3F,
    0x81, 0xDE, 0x60, 0xF8, 0x18, 0xF8, 0x0C, 0x12, 0x03, 0x00, 0x81, 0x80, 0x20, 0xC0, 0x08, 0xE0,
    0x02, 0x30, 0x00, 0x80, 0x00, 0x3F, 0xF8, 0x07, 0xFE, 0x00, 0x00, 0x00, 0x00, 0x00, 0x00, 0x00,
    0x01, 0x00, 0x18, 0x40, 0x06, 0x18, 0x01, 0x83, 0x00, 0x60, 0xC0, 0x18, 0x38, 0x0C, 0x06, 0x03,
    0x01, 0x81, 0xC0, 0x00, 0x60, 0x00, 0x18, 0x00, 0x1C, 0x00, 0x1E, 0x00, 0x1F, 0x00, 0x0F, 0x00,
    0x1E, 0x00, 0x07, 0x80, 0x00, 0x00, 0x00, 0x00, 0x01, 0x00, 0x03, 0xC0, 0x00, 0x78, 0x60, 0x0F,
    0x18, 0x03, 0x43, 0x00, 0xC0, 0xC0, 0x30, 0x18, 0x0C, 0x06, 0x06, 0x00, 0x81, 0x80, 0x00, 0xC0,
    0x00, 0x30, 0x00, 0x18, 0x00, 0x1C, 0x00, 0x1E, 0x00, 0x7E, 0x00, 0x1E, 0x00, 0x00, 0x00, 0x00,
    0x00, 0x20, 0x00, 0x08, 0x00, 0x06, 0x00, 0x03, 0xFE, 0x00, 0xFF, 0xC0, 0x60, 0x30, 0x30, 0x0C,
    0x18, 0x03, 0x0D, 0x81, 0x86, 0x38, 0x60, 0x87, 0x30, 0x00, 0x78, 0x00, 0x0C, 0x00, 0x06, 0x00,
    0x0F, 0x00, 0x3F, 0x80, 0x07, 0x00, 0x00, 0x00, 0x00, 0x00, 0x45, 0x80, 0x11, 0xE0, 0x0C, 0x3C,
    0x03, 0xF7, 0x81, 0xFF, 0x80, 0xC0, 0x60, 0x60, 0x18, 0x30, 0x06, 0x1B, 0x03, 0x0C, 0x70, 0xC1,
    0x0E, 0x60, 0x00, 0xF0, 0x00, 0x18, 0x00, 0x0C, 0x00, 0x1E, 0x00, 0x7F, 0x00, 0x0E, 0x00, 0x00,
    0x00, 0x00, 0x00, 0x01, 0x80, 0x07, 0xE0, 0x03, 0xE0, 0x3F, 0xC0, 0x00, 0x30, 0x00, 0x0C, 0x00,
    0x03, 0x00, 0x7F, 0xFF, 0x1F, 0xFF, 0xC0, 0x0C, 0x00, 0x03, 0x00, 0x01, 0x80, 0x00, 0x60, 0x00,
    0x38, 0x00, 0x38, 0x00, 0x3C, 0x00, 0x0C, 0x00, 0x00, 0x00, 0x00, 0x00, 0x03, 0x00, 0x0F, 0xC0,
    0x07, 0xC0, 0x7F, 0x8E, 0x00, 0x63, 0xC0, 0x18, 0x78, 0x06, 0x0C, 0xFF, 0xFF, 0x1F, 0xFF, 0x80,
    0x18, 0x00, 0x02, 0x00, 0x01, 0x80, 0x00, 0xC0, 0x00, 0x30, 0x00, 0x78, 0x00, 0x7C, 0x00, 0x1C,
    0x00, 0x00, 0x00, 0x00, 0x00, 0x00, 0x00, 0x30, 0x00, 0xCE, 0x06, 0x39, 0xC1, 0x87, 0x18, 0x60,
    0x6E, 0x18, 0x18, 0x06, 0x04, 0x03, 0x80, 0x00, 0xC0, 0x00, 0x30, 0x00, 0x18, 0x00, 0x0C, 0x00,
    0x06, 0x00, 0x07, 0x00, 0x1F, 0x80, 0x07, 0x80, 0x00, 0x00, 0x00, 0x00, 0x00, 0x00, 0x00, 0x00,
    0x30, 0x08, 0x8E, 0x03, 0x71, 0x80, 0xC6, 0x60, 0x31, 0x8E, 0x0C, 0x71, 0x8E, 0x0C, 0x43, 0x03,
    0x00, 0xC0, 0x00, 0x60, 0x00, 0x18, 0x00, 0x0C, 0x00, 0x0F, 0x00, 0x0F, 0x80, 0x3F, 0x00, 0x0F,
    0x00, 0x00, 0x00, 0x00, 0x00, 0x00, 0x00, 0x05, 0x00, 0x01, 0xE0, 0x00, 0x3C, 0x06, 0x07, 0xB0,
    0x81, 0x06, 0x30, 0x61, 0xC6, 0x18, 0x31, 0x8C, 0x04, 0x03, 0x00, 0x01, 0x80, 0x00, 0x60, 0x00,
    0x30, 0x00, 0x38, 0x00, 0x3C, 0x00, 0x7C, 0x00, 0x1C, 0x00, 0x00, 0x00, 0x00, 0x00, 0x00, 0x00,
    0x00, 0x03, 0xFF, 0xF0, 0xFF, 0xF8, 0x00, 0x00, 0x00, 0x00, 0x07, 0xFF, 0xF9, 0xFF, 0xFE, 0x00,
    0x40, 0x00, 0x10, 0x00, 0x0C, 0x00, 0x06, 0x00, 0x01, 0x80, 0x00, 0xE0, 0x00, 0x70, 0x00, 0x78,
    0x00, 0x1C, 0x00, 0x00, 0x00, 0x00, 0x00, 0x00, 0x00, 0x01, 0x00, 0x01, 0x60, 0xFF, 0xEC, 0x7F,
    0xFD, 0x80, 0x01, 0x80, 0x00, 0x00, 0x00, 0x00, 0xFF, 0xFF, 0x1F, 0xFF, 0x80, 0x08, 0x00, 0x02,
    0x00, 0x01, 0x80, 0x00, 0x40, 0x00, 0x30, 0x00, 0x18, 0x00, 0x3C, 0x00, 0x06, 0x00, 0x00, 0x00,
    0x00, 0x04, 0x00, 0x01, 0x80, 0x00, 0x60, 0x00, 0x18, 0x00, 0x06, 0x00, 0x01, 0x80, 0x00, 0x78,
    0x00, 0x1B, 0xC0, 0x04, 0xFC, 0x01, 0x83, 0xC0, 0x60, 0x30, 0x18, 0x00, 0x06, 0x00, 0x01, 0x80,
    0x00, 0x60, 0x00, 0x18, 0x00, 0x04, 0x00, 0x00, 0x00, 0x00, 0x04, 0x04, 0x03, 0x05, 0x80, 0xC1,
    0xB0, 0x30, 0x36, 0x0C, 0x04, 0x03, 0x00, 0x00, 0xF0, 0x00, 0x37, 0x80, 0x0C, 0xF8, 0x03, 0x07,
    0x80, 0xC0, 0x60, 0x30, 0x00, 0x0C, 0x00, 0x03, 0x00, 0x00, 0xC0, 0x00, 0x30, 0x00, 0x0C, 0x00,
    0x00, 0x00, 0x00, 0x00, 0x30, 0x00, 0x0C, 0x00, 0x03, 0x00, 0x00, 0xC0, 0x00, 0x30, 0x00, 0x0C,
    0x01, 0xFF, 0xFC, 0x00, 0xC0, 0x00, 0x30, 0x00, 0x0C, 0x00, 0x03, 0x00, 0x01, 0xC0, 0x00, 0x60,
    0x00, 0x38, 0x00, 0x38, 0x00, 0x3C, 0x00, 0x0C, 0x00, 0x00, 0x00, 0x00, 0x00, 0x00, 0x01, 0xFF,
    0xF0, 0xFF, 0xFC, 0x00, 0x00, 0x00, 0x00, 0x00, 0x00, 0x00, 0x00, 0x00, 0x00, 0x00, 0x00, 0x00,
    0x00, 0x00, 0x00, 0x00, 0x00, 0x00, 0x00, 0x00, 0x00, 0x07, 0xFF, 0xF9, 0xFF, 0xFE, 0x00, 0x00,
    0x00, 0x00, 0x00, 0x00, 0x00, 0x00, 0x00, 0x00, 0xFF, 0xFC, 0x00, 0x07, 0x00, 0x00, 0xC0, 0x00,
    0xE0, 0x60, 0x30, 0x1C, 0x0C, 0x03, 0x86, 0x00, 0x3B, 0x00, 0x07, 0x80, 0x00, 0xF0, 0x00, 0x7E,
    0x00, 0x31, 0x80, 0x38, 0x30, 0x38, 0x00, 0x78, 0x00, 0x0C, 0x00, 0x00, 0x00, 0x00, 0x00, 0x40,
    0x00, 0x18, 0x00, 0x06, 0x00, 0x1F, 0xF8, 0x0F, 0xFF, 0x00, 0x01, 0x80, 0x00, 0xC0, 0x00, 0x60,
    0x00, 0x30, 0x00, 0x18, 0x00, 0x1E, 0xC0, 0x1F, 0x9C, 0x1E, 0x63, 0x86, 0x18, 0x30, 0x06, 0x04,
    0x01, 0x80, 0x00, 0x60, 0x00, 0x00, 0x00, 0x00, 0x00, 0x00, 0x00, 0x30, 0x00, 0x0C, 0x00, 0x03,
    0x00, 0x00, 0xC0, 0x00, 0x70, 0x00, 0x18, 0x00, 0x06, 0x00, 0x03, 0x00, 0x00, 0xC0, 0x00, 0x60,
    0x00, 0x38, 0x00, 0x18, 0x00, 0x1C, 0x00, 0x1C, 0x00, 0x3C, 0x00, 0x06, 0x00, 0x00, 0x00, 0x00,
    0x00, 0x00, 0x00, 0x61, 0x80, 0x18, 0x60, 0x06, 0x18, 0x01, 0x83, 0x00, 0x60, 0xC0, 0x30, 0x18,
    0x0C, 0x06, 0x03, 0x00, 0xC1, 0x80, 0x30, 0x60, 0x0C, 0x38, 0x01, 0x8C, 0x00, 0x67, 0x00, 0x19,
    0x80, 0x00, 0x00, 0x00, 0x00, 0x00, 0x00, 0x00, 0x00, 0x00, 0x01, 0x00, 0x00, 0xE0, 0x00, 0x3C,
    0x0C, 0x27, 0x83, 0x0C, 0xC0, 0xC1, 0x00, 0x30, 0x60, 0x1C, 0x18, 0x06, 0x03, 0x01, 0x80, 0xE0,
    0xC0, 0x18, 0x30, 0x06, 0x18, 0x00, 0xC6, 0x00, 0x33, 0x80, 0x08, 0xC0, 0x00, 0x00, 0x00, 0x00,
    0x00, 0x00, 0x00, 0x01, 0x80, 0x00, 0xF0, 0x00, 0x26, 0x0C, 0x3D, 0x83, 0x0D, 0xC0, 0xC1, 0x00,
    0x30, 0x60, 0x1C, 0x1C, 0x06, 0x03, 0x01, 0x80, 0xE0, 0xC0, 0x18, 0x30, 0x06, 0x18, 0x00, 0xC6,
    0x00, 0x33, 0x80, 0x08, 0xC0, 0x00, 0x00, 0x00, 0x00, 0x00, 0x00, 0x00, 0x00, 0x01, 0x00, 0x00,
    0x40, 0x00, 0x10, 0x00, 0x04, 0x03, 0x81, 0x03, 0xE0, 0x47, 0xE0, 0x1B, 0xC0, 0x07, 0x80, 0x01,
    0xC0, 0x00, 0x40, 0x00, 0x18, 0x00, 0x04, 0x00, 0x01, 0x00, 0x00, 0x60, 0x00, 0x1F, 0xFF, 0x03,
    0xFF, 0xC0, 0x00, 0x00, 0x00, 0x05, 0x00, 0x03, 0xE1, 0x80, 0x6C, 0x60, 0x0F, 0x98, 0x01, 0x46,
    0x03, 0x81, 0x83, 0xE0, 0x67, 0xE0, 0x1F, 0xE0, 0x07, 0x80, 0x01, 0x80, 0x00, 0x60, 0x00, 0x18,
    0x00, 0x06, 0x00, 0x01, 0x80, 0x00, 0x3F, 0xFC, 0x07, 0xFF, 0x00, 0x00, 0x00, 0x00, 0x01, 0x80,
    0x00, 0xF1, 0x80, 0x66, 0x60, 0x19, 0x98, 0x03, 0xC6, 0x03, 0x61, 0x83, 0xC0, 0x67, 0xE0, 0x1F,
    0xE0, 0x07, 0x80, 0x01, 0x80, 0x00, 0x60, 0x00, 0x18, 0x00, 0x06, 0x00, 0x01, 0x80, 0x00, 0x3F,
    0xFE, 0x07, 0xFF, 0x00, 0x00, 0x00, 0x0F, 0xFF, 0xE3, 0xFF, 0xFC, 0x00, 0x07, 0x00, 0x00, 0xC0,
    0x00, 0x30, 0x00, 0x18, 0x00, 0x0C, 0x00, 0x03, 0x00, 0x01, 0xC0, 0x00, 0x60, 0x00, 0x38, 0x00,
    0x0C, 0x00, 0x1E, 0x00, 0x1F, 0x00, 0x7F, 0x00, 0x1E, 0x00, 0x00, 0x00, 0x00, 0x00, 0x00, 0x00,
    0x05, 0x00, 0x01, 0xE1, 0xFF, 0xFC, 0xFF, 0xFF, 0x80, 0x03, 0x00, 0x00, 0xC0, 0x00, 0x30, 0x00,
    0x18, 0x00, 0x06, 0x00, 0x03, 0x00, 0x00, 0x80, 0x00, 0x60, 0x00, 0x70, 0x00, 0x78, 0x01, 0xF8,
    0x00, 0x78, 0x00, 0x00, 0x00, 0x00, 0x00, 0x00, 0x00, 0x01, 0x80, 0x00, 0xF1, 0xFF, 0xE4, 0xFF,
    0xFF, 0x00, 0x07, 0x80, 0x01, 0x80, 0x00, 0x60, 0x00, 0x30, 0x00, 0x0C, 0x00, 0x06, 0x00, 0x01,
    0x80, 0x00, 0xC0, 0x00, 0xE0, 0x00, 0xE0, 0x01, 0xE0, 0x00, 0x00, 0x00, 0x00, 0x00, 0x00, 0x00,
    0x00, 0x00, 0x00, 0x00, 0x00, 0x00, 0x0C, 0x00, 0x07, 0x80, 0x07, 0x30, 0x01, 0x8C, 0x00, 0x61,
    0x80, 0x30, 0x30, 0x18, 0x06, 0x06, 0x00, 0xC3, 0x00, 0x30, 0x00, 0x06, 0x00, 0x00, 0xC0, 0x00,
    0x18, 0x00, 0x00, 0x00, 0x00, 0x00, 0x00, 0x00, 0x00, 0x00, 0x00, 0x00, 0x00, 0x00, 0x40, 0x00,
    0x58, 0x03, 0x1B, 0x01, 0xE3, 0x60, 0xCC, 0x60, 0x63, 0x00, 0x18, 0x60, 0x0C, 0x0C, 0x06, 0x03,
    0x81, 0x80, 0x60, 0xC0, 0x08, 0x30, 0x03, 0x80, 0x00, 0x70, 0x00, 0x0E, 0x00, 0x01, 0x80, 0x00,
    0x00, 0x00, 0x00, 0x00, 0x00, 0x00, 0x00, 0x40, 0x00, 0x38, 0x00, 0x1B, 0x01, 0xE6, 0xC0, 0xCC,
    0xE0, 0x63, 0x00, 0x18, 0x60, 0x0C, 0x0C, 0x06, 0x03, 0x81, 0x80, 0x70, 0xC0, 0x0C, 0x30, 0x03,
    0x80, 0x00, 0x70, 0x00, 0x06, 0x00, 0x01, 0x80, 0x00, 0x00, 0x00, 0x00, 0x00, 0x30, 0x00, 0x0C,
    0x00, 0x03, 0x00, 0x00, 0xC0, 0x07, 0xFF, 0x83, 0xFF, 0xF0, 0x03, 0x00, 0x00, 0xC0, 0x03, 0x36,
    0x00, 0xCC, 0xC0, 0x63, 0x18, 0x18, 0xC6, 0x0C, 0x30, 0xC6, 0x0C, 0x11, 0x03, 0x04, 0x07, 0xC0,
    0x01, 0xE0, 0x00, 0x00, 0x00, 0x00, 0x25, 0x00, 0x09, 0xE0, 0x02, 0x3C, 0x00, 0x87, 0x8F, 0xFF,
    0x87, 0xFF, 0xF0, 0x03, 0x00, 0x00, 0x80, 0x06, 0x26, 0x01, 0x88, 0xC0, 0xC2, 0x18, 0x30, 0x86,
    0x18, 0x20, 0xCC, 0x08, 0x31, 0x02, 0x00, 0x07, 0x80, 0x01, 0xC0, 0x00, 0x00, 0x00, 0x00, 0x21,
    0x80, 0x18, 0xF0, 0x06, 0x64, 0x01, 0x8F, 0x0F, 0xFF, 0x87, 0xFF, 0xE0, 0x06, 0x00, 0x01, 0x90,
    0x06, 0x66, 0x01, 0x98, 0xC0, 0xC6, 0x10, 0x31, 0x86, 0x18, 0x60, 0x8C, 0x18, 0x20, 0x16, 0x00,
    0x0F, 0x00, 0x00, 0x00, 0x00, 0x00, 0x00, 0x00, 0x00, 0x03, 0xFF, 0xF9, 0xFF, 0xFF, 0x00, 0x01,
    0xC0, 0x00, 0x60, 0x00, 0x10, 0x30, 0x1C, 0x0F, 0x06, 0x01, 0xC3, 0x00, 0x1D, 0x80, 0x03, 0xC0,
    0x00, 0x30, 0x00, 0x0E, 0x00, 0x01, 0x80, 0x00, 0x60, 0x00, 0x00, 0x00, 0x00, 0x00, 0x00, 0x00,
    0x07, 0xC0, 0x01, 0xFF, 0x80, 0x07, 0xFC, 0x00, 0x0F, 0x80, 0x00, 0x01, 0xF0, 0x00, 0x7F, 0xE0,
    0x01, 0xF8, 0x00, 0x03, 0xC0, 0x00, 0x60, 0xF0, 0x00, 0x3E, 0x00, 0x00, 0xF8, 0x00, 0x1F, 0xC0,
    0x00, 0xFE, 0x00, 0x03, 0x80, 0x00, 0x00, 0x00, 0x00, 0x00, 0x00, 0x00, 0x18, 0x00, 0x02, 0x00,
    0x01, 0x80, 0x00, 0xE0, 0x00, 0x30, 0x00, 0x1C, 0x00, 0x06, 0x10, 0x01, 0x86, 0x00, 0xE0, 0xC0,
    0x30, 0x30, 0x0C, 0x06, 0x06, 0x00, 0xC1, 0x87, 0xF1, 0xFF, 0xFE, 0x7F, 0x81, 0x80, 0x00, 0x60,
    0x00, 0x00, 0x00, 0x00, 0x80, 0x00, 0x30, 0x00, 0x18, 0x0C, 0x04, 0x03, 0xC3, 0x00, 0x79, 0x80,
    0x07, 0xC0, 0x00, 0xF8, 0x00, 0x1F, 0x00, 0x0E, 0x60, 0x07, 0x0C, 0x03, 0x01, 0x81, 0xC0, 0x41,
    0xE0, 0x00, 0xF0, 0x00, 0x20, 0x00, 0x00, 0x00, 0x00, 0x00, 0x00, 0x00, 0x00, 0x03, 0xFF, 0xF0,
    0xFF, 0xFC, 0x03, 0x00, 0x00, 0xC0, 0x00, 0x30, 0x00, 0x0C, 0x00, 0x7F, 0xFF, 0x9F, 0xFF, 0xE0,
    0x30, 0x00, 0x0C, 0x00, 0x03, 0x00, 0x00, 0xC0, 0x00, 0x3F, 0xF0, 0x07, 0xFC, 0x00, 0x00, 0x00,
    0x00, 0x00, 0x00, 0x00, 0x00, 0xC0, 0x00, 0x30, 0x00, 0x0C, 0x00, 0x03, 0x00, 0x00, 0xCF, 0xE3,
    0xFF, 0xF8, 0xFF, 0x06, 0x01, 0x83, 0x80, 0x61, 0xC0, 0x18, 0x60, 0x06, 0x38, 0x01, 0x8C, 0x00,
    0x66, 0x00, 0x19, 0x00, 0x06, 0x00, 0x01, 0x80, 0x00, 0x00, 0x00, 0x00, 0x00, 0x00, 0x80, 0x00,
    0x60, 0x00, 0x18, 0x00, 0x06, 0x00, 0x01, 0x9F, 0x80, 0x7F, 0xF1, 0xFE, 0x0C, 0x06, 0x03, 0x01,
    0x81, 0x80, 0x60, 0x60, 0x0C, 0x30, 0x01, 0x18, 0x00, 0x4C, 0x00, 0x12, 0x00, 0x04, 0x00, 0x01,
    0x00, 0x00, 0x40, 0x00, 0x00, 0x00, 0x00, 0x00, 0x00, 0x00, 0x00, 0x7F, 0xF0, 0x1F, 0xFE, 0x00,
    0x01, 0x80, 0x00, 0x60, 0x00, 0x18, 0x00, 0x0E, 0x00, 0x03, 0x00, 0x00, 0x80, 0x00, 0x30, 0x00,
    0x08, 0x0F, 0xFF, 0xE7, 0xFF, 0xF8, 0x00, 0x00, 0x00, 0x00, 0x00, 0x00, 0x00, 0x00, 0x00, 0x00,
    0x00, 0x03, 0xFF, 0xE0, 0xFF, 0xF8, 0x00, 0x06, 0x00, 0x01, 0x80, 0x00, 0x60, 0x00, 0x18, 0x00,
    0x0C, 0x00, 0x03, 0x00, 0x00, 0xC0, 0x00, 0x30, 0x00, 0x0C, 0x00, 0x03, 0x07, 0xFF, 0xF9, 0xFF,
    0xFE, 0x00, 0x00, 0x00, 0x00, 0x00, 0x00, 0x00, 0x00, 0x00, 0x03, 0xFF, 0xF8, 0xFF, 0xFE, 0x00,
    0x01, 0x80, 0x00, 0x60, 0x00, 0x18, 0x00, 0x06, 0x1F, 0xFF, 0x87, 0xFF, 0xE0, 0x00, 0x18, 0x00,
    0x06, 0x00, 0x01, 0x8F, 0xFF, 0xE3, 0xFF, 0xF8, 0x00, 0x0E, 0x00, 0x01, 0x80, 0x00, 0x00, 0x00,
    0x00, 0x0F, 0xFF, 0xE3, 0xFF, 0xFC, 0x00, 0x07, 0x00, 0x00, 0xC0, 0x00, 0x70, 0x00, 0x0C, 0x00,
    0x07, 0x1F, 0xFF, 0xC7, 0xFF, 0xF0, 0x00, 0x0C, 0x00, 0x07, 0x00, 0x00, 0xC0, 0x00, 0x33, 0xFF,
    0xFC, 0xFF, 0xFF, 0x00, 0x00, 0x80, 0x00, 0x00, 0x00, 0x00, 0x03, 0xFF, 0x01, 0xFF, 0xE0, 0x00,
    0x00, 0x00, 0x00, 0x00, 0x00, 0x03, 0xFF, 0xF0, 0xFF, 0xFC, 0x00, 0x03, 0x00, 0x00, 0xC0, 0x00,
    0x30, 0x00, 0x18, 0x00, 0x06, 0x00, 0x03, 0x00, 0x01, 0x80, 0x01, 0xC0, 0x1F, 0xE0, 0x07, 0xE0,
    0x00, 0x00, 0x00, 0x00, 0x00, 0x01, 0x80, 0x60, 0x60, 0x18, 0x18, 0x06, 0x06, 0x01, 0x81, 0x80,
    0x60, 0x60, 0x18, 0x18, 0x06, 0x06, 0x01, 0x81, 0x80, 0x60, 0x60, 0x18, 0x00, 0x0C, 0x00, 0x03,
    0x00, 0x01, 0x80, 0x03, 0xC0, 0x0F, 0xE0, 0x03, 0xE0, 0x00, 0x00, 0x00, 0x00, 0x00, 0x00, 0x64,
    0x00, 0x19, 0x80, 0x06, 0x60, 0x01, 0x98, 0x00, 0x66, 0x00, 0x19, 0x80, 0x06, 0x61, 0x83, 0x18,
    0x60, 0xC6, 0x38, 0x31, 0x8C, 0x1C, 0x63, 0x06, 0x1B, 0x81, 0x86, 0xC1, 0xC1, 0xE0, 0x60, 0x70,
    0x00, 0x00, 0x00, 0x00, 0x00, 0x00, 0x00, 0x03, 0x00, 0x00, 0xC0, 0x00, 0x30, 0x00, 0x0C, 0x00,
    0x03, 0x00, 0x00, 0xC0, 0x00, 0x30, 0x01, 0x8C, 0x00, 0xC3, 0x00, 0x60, 0xC0, 0x30, 0x30, 0x18,
    0x0C, 0x0C, 0x03, 0x0E, 0x00, 0xCE, 0x00, 0x3E, 0x00, 0x0F, 0x00, 0x00, 0x00, 0x00, 0x0F, 0xFF,
    0xE3, 0xFF, 0xFC, 0xC0, 0x07, 0x30, 0x00, 0xCC, 0x00, 0x73, 0x00, 0x0C, 0xC0, 0x03, 0x30, 0x00,
    0xCC, 0x00, 0x33, 0x00, 0x0C, 0xC0, 0x03, 0x30, 0x00, 0xCC, 0x00, 0x33, 0xFF, 0xFC, 0xFF, 0xFF,
    0x30, 0x00, 0x80, 0x00, 0x00, 0x00, 0x00, 0x0F, 0xFF, 0xC3, 0xFF, 0xF0, 0xC0, 0x0C, 0x30, 0x03,
    0x0C, 0x00, 0xC3, 0x00, 0x30, 0xC0, 0x1C, 0x30, 0x06, 0x00, 0x01, 0x80, 0x00, 0xC0, 0x00, 0x30,
    0x00, 0x1C, 0x00, 0x3C, 0x00, 0x1E, 0x00, 0x7F, 0x80, 0x1F, 0x00, 0x00, 0x00, 0x00, 0x00, 0x00,
    0x07, 0xFF, 0x83, 0xFF, 0xF0, 0xC0, 0x0C, 0x30, 0x03, 0x0C, 0x00, 0xC3, 0x00, 0x30, 0xC0, 0x1C,
    0x30, 0x06, 0x00, 0x01, 0x80, 0x00, 0x60, 0x00, 0x30, 0x00, 0x0C, 0x00, 0x06, 0x00, 0x07, 0x00,
    0x0F, 0x80, 0x1F, 0x80, 0x07, 0x80, 0x00, 0x00, 0x00, 0x00, 0x0C, 0x00, 0x03, 0x00, 0x00, 0xC0,
    0x3F, 0xFC, 0x0F, 0xFF, 0x80, 0xC3, 0x00, 0x30, 0xC0, 0x0C, 0x30, 0x03, 0x0C, 0x00, 0xC3, 0x00,
    0x30, 0xC0, 0x7F, 0xFF, 0x1F, 0xFF, 0x80, 0x03, 0x00, 0x00, 0xC0, 0x00, 0x30, 0x00, 0x0C, 0x00,
    0x00, 0x00, 0x00, 0x00, 0x03, 0xFF, 0xF0, 0xFF, 0xFC, 0x00, 0x03, 0x00, 0x21, 0x80, 0x18, 0x60,
    0x06, 0x30, 0x01, 0x98, 0x00, 0x6C, 0x00, 0x1A, 0x00, 0x06, 0x00, 0x01, 0x80, 0x00, 0x20, 0x07,
    0xFF, 0xF9, 0xFF, 0xFE, 0x00, 0x00, 0x00, 0x00, 0x00, 0x00, 0x00, 0x00, 0x00, 0x03, 0xFF, 0xF8,
    0x00, 0x06, 0x00, 0x01, 0x80, 0x00, 0x60, 0x00, 0x18, 0x00, 0x06, 0x1F, 0xFF, 0x83, 0xFF, 0xC0,
    0x00, 0x30, 0x00, 0x1C, 0x00, 0x0E, 0x00, 0x07, 0x00, 0x07, 0x00, 0x07, 0x00, 0x1F, 0x00, 0x03,
    0x80, 0x00, 0x00, 0x00, 0x08, 0x00, 0x07, 0x00, 0x00, 0xF0, 0x06, 0x1F, 0x01, 0x81, 0xE0, 0x60,
    0x0C, 0x18, 0x00, 0x0C, 0x00, 0x03, 0x00, 0x01, 0xC0, 0x00, 0xE0, 0x00, 0x60, 0x00, 0x30, 0x00,
    0x38, 0x00, 0x7E, 0x00, 0xFC, 0x00, 0x7C, 0x00, 0x00, 0x00, 0x00, 0x00, 0x00, 0x00, 0xC5, 0x00,
    0x33, 0xE0, 0x0C, 0x3C, 0x3F, 0xFD, 0x1F, 0xFF, 0x06, 0x00, 0xC1, 0x80, 0x10, 0x60, 0x04, 0x18,
    0x03, 0x06, 0x01, 0xC0, 0x00, 0x60, 0x00, 0x38, 0x00, 0x1C, 0x00, 0x0E, 0x00, 0x1F, 0x00, 0x3F,
    0x80, 0x0E, 0x00, 0x00, 0x00, 0x00, 0x00, 0x00, 0x00, 0x0C, 0x00, 0x03, 0x00, 0x0F, 0xFF, 0x07,
    0xFF, 0xE0, 0x0E, 0x38, 0x03, 0x06, 0x00, 0xC1, 0x80, 0x30, 0x60, 0x18, 0x18, 0x06, 0x06, 0x01,
    0x81, 0x80, 0xE0, 0x60, 0x70, 0x18, 0x38, 0x0E, 0x3C, 0x3F, 0x0E, 0x0F, 0x80, 0x00, 0x00, 0x00,
    0x80, 0x00, 0x60, 0x00, 0x18, 0x00, 0x07, 0xFF, 0x81, 0xFF, 0xE0, 0xC0, 0xC0, 0x60, 0x30, 0x30,
    0x0C, 0x08, 0x06, 0x00, 0x01, 0x00, 0x00, 0xC0, 0x00, 0x60, 0x00, 0x38, 0x00, 0x7C, 0x00, 0x7C,
    0x00, 0x1C, 0x00, 0x00, 0x00, 0x00, 0x00, 0x00, 0x00, 0x05, 0x00, 0x03, 0xE0, 0x00, 0x7C, 0x7F,
    0xFF, 0x18, 0x03, 0x06, 0x00, 0xC1, 0x80, 0x30, 0x60, 0x18, 0x00, 0x06, 0x00, 0x01, 0x80, 0x00,
    0xE0, 0x00, 0x30, 0x00, 0x1C, 0x00, 0x1E, 0x00, 0x1F, 0x00, 0x3F, 0x00, 0x0E, 0x00, 0x00, 0x00,
    0x00, 0x00, 0x09, 0x00, 0x03, 0xE0, 0x00, 0xBC, 0x3F, 0xF7, 0x9F, 0xFF, 0xC1, 0x83, 0x00, 0x60,
    0x80, 0x18, 0x30, 0x06, 0x0C, 0x01, 0x82, 0x00, 0x60, 0xC0, 0xFF, 0xFF, 0x1F, 0xFF, 0x80, 0x02,
    0x00, 0x00, 0xC0, 0x00, 0x30, 0x00, 0x08, 0x00, 0x00, 0x00, 0x00, 0x05, 0x00, 0x01, 0xE0, 0x00,
    0x3C, 0x7F, 0xFF, 0x80, 0x01, 0x80, 0x00, 0xC0, 0x04, 0x30, 0x01, 0x18, 0x00, 0x4C, 0x00, 0x16,
    0x00, 0x05, 0x00, 0x01, 0x00, 0x00, 0x40, 0x00, 0x10, 0x03, 0xFF, 0xFC, 0xFF, 0xFF, 0x00, 0x00,
    0x00, 0x00, 0x00, 0x00, 0x0D, 0x00, 0x03, 0xC0, 0x00, 0x78, 0x7F, 0xFF, 0x00, 0x03, 0x00, 0x00,
    0xC0, 0x00, 0x30, 0x00, 0x0C, 0x0F, 0xFF, 0x03, 0xFF, 0x80, 0x00, 0x60, 0x00, 0x30, 0x00, 0x1C,
    0x00, 0x1E, 0x00, 0x1E, 0x00, 0x3E, 0x00, 0x0E, 0x00, 0x00, 0x00, 0x00, 0x00, 0x00, 0x00, 0x00,
    0x00, 0x00, 0x00, 0x00, 0x00, 0x00, 0x00, 0x00, 0x30, 0x00, 0x1E, 0x00, 0x07, 0x80, 0x01, 0xC0,
    0x00, 0x00, 0x00, 0x00, 0x00, 0x00, 0x00, 0x00, 0x00, 0x00, 0x00, 0x00, 0x00, 0x00, 0x00, 0x00,
    0x00, 0x00, 0x00, 0x00, 0x00, 0x00, 0x00, 0x00, 0x00, 0x00, 0x00, 0x00, 0x00, 0x00, 0x00, 0x00,
    0x00, 0x00, 0x01, 0xFF, 0xC0, 0x3F, 0xF0, 0x00, 0x00, 0x00, 0x00, 0x00, 0x00, 0x00, 0x00, 0x00,
    0x00, 0x00, 0x00, 0x00, 0x00, 0x00, 0x00, 0x00, 0x00, 0x00, 0x00, 0x00, 0x00, 0x00, 0x00, 0x00,
    0x00, 0x00, 0x00, 0x00, 0x00, 0x00, 0x00, 0x00, 0x00, 0x00, 0x00, 0x00, 0x00, 0x00, 0xFF, 0xFF,
    0x3F, 0xFF, 0xE0, 0x00, 0x00, 0x00, 0x00, 0x00, 0x00, 0x00, 0x00, 0x00, 0x00, 0x00, 0x00, 0x00,
    0x00, 0x00, 0x00, 0x00, 0x00, 0x00, 0x00, 0x00, 0x00, 0x0F, 0xFF, 0xFB, 0xFF, 0xFE, 0x00, 0x80,
    0x00, 0x20, 0x00, 0x08, 0x00, 0x02, 0x00, 0x00, 0x80, 0x00, 0x20, 0x00, 0x08, 0x00, 0x02, 0x00,
    0x00, 0x80, 0x00, 0x20, 0x00, 0x78, 0x00, 0x3E, 0x00, 0x00, 0x00, 0x00, 0x00, 0x00, 0x00, 0x00,
    0x00, 0x80, 0x00, 0x60, 0x00, 0x18, 0x00, 0x06, 0x00, 0x01, 0x80, 0xC0, 0x60, 0x78, 0x1B, 0xF0,
    0x1F, 0x80, 0x3D, 0x80, 0x06, 0x60, 0x00, 0x18, 0x00, 0x06, 0x03, 0x01, 0x80, 0xC0, 0x60, 0x30,
    0x0F, 0xF8, 0x01, 0xFC, 0x00, 0x00, 0x00, 0x00, 0x00, 0x00, 0x00, 0x07, 0xFF, 0xF8, 0xFF, 0xFC,
    0x02, 0x00, 0x00, 0x80, 0x00, 0x20, 0x00, 0x0F, 0xF0, 0x03, 0xFE, 0x00, 0x81, 0x80, 0x60, 0x60,
    0x10, 0x18, 0x0C, 0x06, 0x02, 0x01, 0x81, 0x80, 0x61, 0xC1, 0xF8, 0xE0, 0x7C, 0x00, 0x00, 0x00,
    0x00, 0x00, 0x00, 0x10, 0x00, 0x06, 0x00, 0x01, 0x80, 0x00, 0x40, 0x00, 0x38, 0x0F, 0xFF, 0xF0,
    0x01, 0x80, 0x30, 0x40, 0x06, 0x18, 0x00, 0xC6, 0x00, 0x1B, 0x00, 0x03, 0x80, 0x00, 0x60, 0x00,
    0x3E, 0x00, 0x39, 0xE0, 0xFC, 0x1F, 0xBC, 0x01, 0xE0, 0x00, 0x00, 0x00, 0x00, 0x03, 0xFF, 0xE1,
    0xFF, 0xFC, 0x00, 0x00, 0x00, 0x00, 0x00, 0x00, 0x00, 0x00, 0x00, 0x00, 0x00, 0x0F, 0xFF, 0x81,
    0xFF, 0xC0, 0x00, 0x00, 0x00, 0x00, 0x00, 0x00, 0x00, 0x00, 0x03, 0xFF, 0xFE, 0xFF, 0xFF, 0x80,
    0x00, 0x00, 0x00, 0x00, 0x00, 0x40, 0x00, 0x10, 0x00, 0x04, 0x00, 0x01, 0x00, 0x00, 0x40, 0x00,
    0x10, 0x00, 0x04, 0x00, 0x01, 0xFE, 0x00, 0x7F, 0x00, 0x10, 0x00, 0x04, 0x00, 0x01, 0x00, 0x00,
    0x40, 0x00, 0x10, 0x03, 0xFF, 0xFE, 0xFF, 0xFF, 0x80, 0x00, 0x00, 0x00, 0x00, 0x00, 0x00, 0x0F,
    0xFF, 0xF9, 0xFF, 0xFC, 0x00, 0x80, 0x00, 0x20, 0x00, 0x0E, 0x00, 0x03, 0xE0, 0x00, 0x9E, 0x00,
    0x21, 0xC0, 0x08, 0x00, 0x02, 0x00, 0x00, 0x80, 0x00, 0x20, 0x00, 0x08, 0x00, 0x02, 0x00, 0x00,
    0x80, 0x00, 0x00, 0x00, 0x00, 0x00, 0x00, 0x00, 0x07, 0xFF, 0xF0, 0xFF, 0xFC, 0x00, 0x60, 0x00,
    0x30, 0x00, 0x18, 0x00, 0x0F, 0x80, 0x06, 0xF0, 0x07, 0x27, 0x0F, 0x88, 0xF3, 0x82, 0x0C, 0x00,
    0x80, 0x00, 0x20, 0x00, 0x08, 0x00, 0x02, 0x00, 0x00, 0x00, 0x00, 0x00, 0x00, 0x00, 0x00, 0x01,
    0x00, 0x00, 0xC0, 0x00, 0x38, 0x00, 0x07, 0xFF, 0x03, 0x00, 0x01, 0x80, 0x00, 0x60, 0x00, 0x1F,
    0xFC, 0x0C, 0x07, 0x03, 0x00, 0xC0, 0x40, 0x30, 0xFF, 0xFF, 0x9F, 0xFF, 0xC0, 0x00, 0xC0, 0x00,
    0x30, 0x00, 0xF8, 0x00, 0x3C, 0x00, 0x00, 0x00, 0x00, 0x00, 0x01, 0xFF, 0xC0, 0x7F, 0xF0, 0x18,
    0x0C, 0x06, 0x03, 0x01, 0xFF, 0xC0, 0x7F, 0xF0, 0x18, 0x0C, 0x06, 0x03, 0x01, 0xFF, 0xC0, 0x7F,
    0xF0, 0x18, 0x0C, 0x06, 0x03, 0x01, 0x80, 0xC1, 0xFF, 0xFC, 0xFF, 0xFF, 0x80, 0x00, 0x00, 0x00,
    0x00, 0x00, 0x22, 0x00, 0x88, 0xC0, 0x62, 0x30, 0x18, 0x8C, 0x06, 0x23, 0x01, 0x9C, 0xC3, 0xFF,
    0xFE, 0x19, 0xCC, 0x06, 0x23, 0x01, 0x88, 0xC0, 0x62, 0x30, 0x18, 0xFC, 0x06, 0x3E, 0x01, 0x80,
    0x00, 0x7F, 0xFC, 0x1F, 0xFF, 0x02, 0x00, 0x00, 0x00, 0x00, 0x00, 0x00, 0x00, 0x07, 0xC0, 0x03,
    0xF8, 0x1F, 0x80, 0x06, 0x00, 0x01, 0x80, 0x00, 0x60, 0x00, 0x18, 0x00, 0x07, 0xFF, 0x81, 0xFF,
    0xC0, 0x60, 0x80, 0x18, 0x30, 0x06, 0x0C, 0x01, 0x82, 0x03, 0xFF, 0xFE, 0xFF, 0xFF, 0x80, 0x00,
    0x00, 0x00, 0x00, 0x00, 0x00, 0x0F, 0xFF, 0xF3, 0xFF, 0xFE, 0x00, 0x80, 0x00, 0x20, 0x00, 0x1C,
    0x01, 0xFF, 0xFC, 0x61, 0xC3, 0x18, 0x70, 0xC6, 0x37, 0x31, 0x9C, 0xEC, 0x7E, 0x1F, 0x1A, 0x02,
    0xC6, 0x00, 0x31, 0x80, 0x78, 0x60, 0x1C, 0x00, 0x00, 0x00, 0x00, 0x00, 0x00, 0x00, 0x0F, 0xFF,
    0xF9, 0xFF, 0xFC, 0x00, 0x80, 0x00, 0x20, 0x07, 0xFF, 0xF1, 0xFF, 0xFC, 0x64, 0x93, 0x1B, 0x26,
    0xC6, 0xC9, 0xB1, 0xB2, 0x6C, 0x6D, 0xDB, 0x1B, 0xFE, 0xC6, 0x00, 0x31, 0x80, 0x3C, 0x60, 0x1E,
    0x00, 0x00, 0x00, 0x00, 0x00, 0x00, 0x00, 0x00, 0xC0, 0xC0, 0x18, 0x30, 0x03, 0x38, 0x00, 0xCC,
    0x07, 0xFF, 0xF0, 0x18, 0xC0, 0x02, 0x20, 0x0D, 0x89, 0x83, 0x62, 0x60, 0x78, 0xF0, 0x1E, 0x3C,
    0x01, 0x8C, 0x00, 0x22, 0x03, 0xFF, 0xFE, 0xFF, 0xFF, 0x80, 0x00, 0x00, 0x00, 0x00, 0x00, 0x20,
    0x00, 0x0C, 0x00, 0x03, 0x00, 0x3F, 0xFE, 0x1F, 0xFF, 0xC6, 0x0C, 0x31, 0x83, 0x0C, 0x60, 0xC3,
    0x18, 0x30, 0xC6, 0x0C, 0x31, 0xFF, 0xFC, 0x7F, 0xFF, 0x08, 0x30, 0x40, 0x0C, 0x00, 0x03, 0x00,
    0x00, 0xC0, 0x00, 0x20, 0x00, 0x00, 0x00, 0x00, 0x20, 0x00, 0x0C, 0x00, 0x03, 0x00, 0x3F, 0xFE,
    0x0C, 0x31, 0x83, 0x0C, 0x60, 0xFF, 0xF8, 0x00, 0xC0, 0x1F, 0xFF, 0xC7, 0xFF, 0xF1, 0x83, 0x0C,
    0x7F, 0xFF, 0x1F, 0xFF, 0xC2, 0x0C, 0x30, 0x03, 0x00, 0x00, 0xC0, 0x00, 0x20, 0x00, 0x00, 0x00,
    0x00, 0x80, 0x00, 0x20, 0x00, 0x08, 0x00, 0x02, 0x00, 0x01, 0xC0, 0x07, 0xFE, 0x00, 0x18, 0x80,
    0x02, 0x20, 0x0F, 0x88, 0x01, 0xE2, 0x00, 0x1C, 0x80, 0x07, 0xE0, 0x03, 0x28, 0x60, 0xC2, 0x18,
    0xE0, 0x86, 0xF0, 0x3F, 0xB8, 0x07, 0xC0, 0x00, 0x00, 0x00, 0x00, 0x01, 0xFF, 0xC0, 0x7F, 0xF0,
    0x19, 0x0C, 0x06, 0x63, 0x01, 0x88, 0xC0, 0x63, 0x30, 0x18, 0x4C, 0x1F, 0xFF, 0xCF, 0xFF, 0xF8,
    0x60, 0x30, 0x18, 0x0C, 0x0C, 0x03, 0x03, 0x00, 0xC1, 0x81, 0xF0, 0xC0, 0x78, 0x00, 0x00, 0x00,
    0x00, 0x00, 0x00, 0x80, 0x00, 0x30, 0x00, 0x06, 0x00, 0x3F, 0xFE, 0x1F, 0xFF, 0xC0, 0x08, 0x00,
    0x02, 0x00, 0x00, 0x80, 0x00, 0x20, 0x03, 0xFF, 0xE0, 0x7F, 0xF0, 0x00, 0x80, 0x00, 0x20, 0x00,
    0x08, 0x03, 0xFF, 0xFE, 0xFF, 0xFF, 0x80, 0x00, 0x00, 0x00, 0x00, 0x01, 0x04, 0x00, 0xC1, 0x80,
    0x30, 0x60, 0x0C, 0x10, 0x0F, 0xFF, 0x87, 0xFF, 0xF0, 0x36, 0x60, 0x0D, 0xD8, 0x03, 0x16, 0x00,
    0xC1, 0x83, 0xFF, 0xFE, 0x7F, 0xFF, 0x06, 0x06, 0x01, 0x81, 0x80, 0xE0, 0x60, 0xF0, 0x18, 0x38,
    0x04, 0x00, 0x00, 0x00, 0x00, 0x80, 0x00, 0x60, 0x00, 0x18, 0x00, 0x03, 0xE0, 0x01, 0xFC, 0x00,
    0xC3, 0x00, 0x30, 0xC0, 0x1C, 0x30, 0x0E, 0x18, 0x06, 0x06, 0x00, 0x03, 0x00, 0x01, 0xC0, 0x00,
    0xD8, 0x00, 0x63, 0x00, 0x70, 0x78, 0xF8, 0x0F, 0xB8, 0x00, 0xE0, 0x00, 0x00, 0x00, 0x00, 0x00,
    0x07, 0xE1, 0xFF, 0xF8, 0x3F, 0x80, 0x00, 0x20, 0x00, 0x08, 0x01, 0xFF, 0xF8, 0x7F, 0xFE, 0x00,
    0x03, 0x00, 0x03, 0x80, 0xC1, 0xC0, 0x31, 0xC0, 0x1E, 0xE0, 0x06, 0xE0, 0x03, 0x9F, 0xFC, 0xC1,
    0xFF, 0x00, 0x00, 0x00, 0x00, 0x00, 0x00, 0x1E, 0x01, 0xFF, 0xC0, 0xFE, 0x00, 0x21, 0xFE, 0x1F,
    0xFF, 0xC1, 0x88, 0xC0, 0x62, 0x30, 0xFF, 0xFF, 0x9F, 0xFF, 0xC1, 0x88, 0xC1, 0xFF, 0xFC, 0x3F,
    0xFE, 0x01, 0xBC, 0x03, 0xCB, 0xE3, 0xE2, 0x3E, 0xE0, 0x83, 0x80, 0x20, 0x00, 0x00, 0x00, 0x00,
    0x00, 0x07, 0xFF, 0xE1, 0xFF, 0xF8, 0x00, 0x0E, 0x00, 0x07, 0x00, 0x01, 0x80, 0x01, 0xC0, 0x00,
    0xC0, 0x01, 0xE0, 0x00, 0xF0, 0x00, 0x70, 0x02, 0x38, 0x01, 0x9C, 0x00, 0x66, 0x00, 0x19, 0xFF,
    0xFE, 0x3F, 0xFF, 0x00, 0x00, 0x00, 0x00, 0x00, 0x00, 0xC0, 0x00, 0x30, 0x00, 0x0C, 0x00, 0x03,
    0x00, 0x0F, 0xFC, 0x03, 0xFF, 0x00, 0x0C, 0xC0, 0x03, 0x30, 0x00, 0xCC, 0x00, 0x63, 0x00, 0x18,
    0xC0, 0x0C, 0x33, 0x03, 0x0C, 0xC1, 0x83, 0x30, 0xC0, 0xCC, 0x70, 0x1F, 0x10, 0x03, 0x80, 0x00,
    0x00, 0x01, 0x00, 0x00, 0xC0, 0x00, 0x30, 0x00, 0x1F, 0xFE, 0x07, 0xFF, 0xC3, 0x00, 0x01, 0x80,
    0x00, 0xDF, 0xFE, 0x13, 0xFF, 0x00, 0x07, 0x80, 0x07, 0x80, 0x03, 0x80, 0x07, 0x80, 0x63, 0xC0,
    0x18, 0xC0, 0x06, 0x3F, 0xFF, 0x83, 0xFF, 0xC0, 0x00, 0x00, 0x00, 0x64, 0x03, 0xF9, 0x81, 0xF8,
    0x60, 0x0C, 0x18, 0x03, 0x06, 0x00, 0xE1, 0x83, 0xFF, 0x60, 0x0C, 0x18, 0x03, 0x06, 0x00, 0xC1,
    0x81, 0xFE, 0x60, 0x7F, 0x99, 0x98, 0x26, 0x66, 0x09, 0x99, 0xFE, 0x66, 0x7F, 0x9F, 0x18, 0x03,
    0x80, 0x00, 0x00, 0x00, 0x68, 0x07, 0xFA, 0x03, 0xFE, 0x80, 0xD9, 0xA0, 0x1E, 0xC8, 0x07, 0xB2,
    0x00, 0x18, 0x80, 0x7F, 0xA0, 0x01, 0xC8, 0x00, 0x72, 0x00, 0x3E, 0x80, 0x1F, 0xA0, 0x3F, 0x88,
    0x66, 0x42, 0x18, 0x30, 0x86, 0x7C, 0x3F, 0x1E, 0x07, 0x80, 0x00, 0x00, 0x02, 0x08, 0x01, 0x82,
    0x00, 0x70, 0x80, 0xFF, 0x60, 0x0F, 0x9F, 0xE7, 0xFC, 0x01, 0x9C, 0x00, 0x7F, 0x7F, 0x1F, 0x9F,
    0xC6, 0x20, 0x61, 0xF8, 0x70, 0x3E, 0x38, 0x3F, 0xD8, 0x6F, 0xFC, 0x18, 0x62, 0x06, 0x18, 0xFF,
    0x82, 0x1F, 0x80, 0x00, 0x00, 0x01, 0x00, 0x00, 0xFE, 0x01, 0xFF, 0x80, 0xF4, 0xFC, 0x0F, 0xFF,
    0x83, 0xFF, 0xE0, 0xFF, 0xF8, 0x31, 0x86, 0x0F, 0xFF, 0x87, 0xFF, 0xF1, 0xFF, 0xFC, 0x7F, 0xFF,
    0x1F, 0xFF, 0xC7, 0xFF, 0xF1, 0xFF, 0xFE, 0x60, 0xFF, 0x80, 0x1F, 0xC0, 0x00, 0x00, 0x0F, 0xFF,
    0x83, 0xFF, 0xF0, 0x00, 0x18, 0x00, 0x0C, 0x00, 0x06, 0x00, 0x07, 0x00, 0x01, 0x80, 0x00, 0x40,
    0x00, 0x10, 0x00, 0x04, 0x00, 0x01, 0x00, 0x00, 0x40, 0x00, 0x10, 0x00, 0x04, 0x00, 0x01, 0x00,
    0x07, 0xC0, 0x01, 0xE0, 0x00, 0x00, 0x00, 0x00, 0x00, 0x03, 0xFF, 0xC0, 0x7F, 0xE0, 0x02, 0x30,
    0x00, 0xF8, 0x00, 0x1C, 0x03, 0xFF, 0xFC, 0xFF, 0xFF, 0x80, 0x21, 0xC0, 0x08, 0xE0, 0x02, 0x30,
    0x00, 0x80, 0x00, 0x20, 0x00, 0x08, 0x00, 0x1E, 0x00, 0x0F, 0x80, 0x00, 0x00, 0x00, 0x00, 0x00,
    0x00, 0x40, 0x00, 0x3F, 0x00, 0x1F, 0xE0, 0x1C, 0x70, 0x1F, 0x18, 0x03, 0xFF, 0xE0, 0x07, 0x18,
    0x00, 0x86, 0x3F, 0xFF, 0xE7, 0xFF, 0xF0, 0x02, 0x18, 0x3F, 0xFE, 0x07, 0xFF, 0x80, 0x08, 0x40,
    0x02, 0x00, 0x07, 0x80, 0x01, 0xC0, 0x00, 0x00, 0x00, 0x00, 0x20, 0x07, 0xFF, 0xF3, 0xFF, 0xFE,
    0x0F, 0xF8, 0x07, 0xFF, 0x01, 0xFF, 0xC0, 0x7F, 0xF0, 0x01, 0xC0, 0x0F, 0xFF, 0x01, 0xFF, 0xC3,
    0xFF, 0xFE, 0x7F, 0xFF, 0x07, 0xFF, 0x01, 0xFF, 0xC0, 0x02, 0x20, 0x03, 0x80, 0x00, 0xC0, 0x00,
    0x00, 0x00, 0x00, 0x00, 0x00, 0x00, 0x00, 0x00, 0x00, 0x3F, 0xFE, 0x00, 0x00, 0x00, 0x00, 0x00,
    0x00, 0x00, 0x00, 0x00, 0x00, 0x00, 0x00, 0x00, 0x00, 0x00, 0x00, 0x00, 0x00, 0x3F, 0xFF, 0xEF,
    0xFF, 0xF8, 0x00, 0x00, 0x00, 0x00, 0x00, 0x00, 0x00, 0x00, 0x00, 0x00, 0x00, 0x03, 0xFF, 0xE1,
    0xFF, 0xFC, 0x02, 0x00, 0x01, 0x80, 0x00, 0xE0, 0x00, 0x3F, 0xF0, 0x0C, 0x0C, 0x06, 0x03, 0x01,
    0x81, 0x80, 0xFF, 0xC0, 0x3F, 0xF8, 0x04, 0x0C, 0x00, 0x02, 0x03, 0xFF, 0xFE, 0xFF, 0xFF, 0x80,
    0x00, 0x00, 0x00, 0x00, 0x00, 0x00, 0x03, 0xFF, 0xE1, 0xFF, 0xFC, 0x00, 0x80, 0x00, 0x20, 0x00,
    0x08, 0x00, 0x04, 0x00, 0x3F, 0xFC, 0x07, 0xFF, 0x00, 0x30, 0xC0, 0x08, 0x30, 0x06, 0x0C, 0x01,
    0x83, 0x00, 0x40, 0xC3, 0xFF, 0xFE, 0xFF, 0xFF, 0x80, 0x00, 0x00, 0x00, 0x00, 0x01, 0x08, 0x00,
    0xC3, 0x00, 0x30, 0xC0, 0x0C, 0x20, 0x0F, 0xFF, 0x87, 0xFF, 0xF0, 0x30, 0xC0, 0x0C, 0x20, 0x03,
    0x0C, 0x0F, 0xFF, 0xF8, 0x39, 0xC0, 0x0C, 0x20, 0x07, 0x0C, 0x01, 0x82, 0x00, 0xE0, 0x80, 0xF0,
    0x30, 0x38, 0x08, 0x00, 0x00, 0x00, 0x00, 0x00, 0x07, 0xFF, 0xF0, 0xFF, 0xF8, 0x02, 0x20, 0x00,
    0x88, 0x07, 0xFF, 0xF1, 0xFF, 0xFC, 0x62, 0x23, 0x18, 0x88, 0xC7, 0xFF, 0xF1, 0xFF, 0xFC, 0x02,
    0x20, 0x01, 0x8C, 0x00, 0x22, 0x01, 0xFF, 0xFC, 0xFF, 0xFF, 0x80, 0x00, 0x00, 0x00, 0x00, 0x00,
    0x20, 0x00, 0x08, 0x00, 0x02, 0x00, 0x00, 0x80, 0x00, 0x70, 0x0F, 0xFF, 0xF8, 0x60, 0x00, 0x18,
    0x00, 0x06, 0x00, 0x01, 0x80, 0x00, 0x60, 0x00, 0x18, 0x00, 0x06, 0x00, 0x01, 0x80, 0x00, 0x3F,
    0xFC, 0x07, 0xFF, 0x00, 0x00, 0x00, 0x00, 0x00, 0x00, 0x20, 0x00, 0x08, 0x00, 0x02, 0x00, 0x7F,
    0xFF, 0x3F, 0xFF, 0xE0, 0x40, 0x80, 0x30, 0x30, 0x38, 0x06, 0x3E, 0x03, 0xC4, 0xC1, 0x80, 0x18,
    0xC0, 0x03, 0x60, 0x00, 0x70, 0x00, 0x1C, 0x00, 0x7D, 0xC0, 0xFE, 0x3F, 0xBC, 0x03, 0xE0, 0x00,
    0x00, 0x00, 0x20, 0x00, 0x08, 0x00, 0x07, 0x00, 0xFF, 0xFF, 0x87, 0xFF, 0x03, 0xFF, 0xE0, 0xC0,
    0x18, 0x3F, 0xFE, 0x07, 0xFF, 0x07, 0xFF, 0xE0, 0xFF, 0xF0, 0x00, 0xF8, 0x3F, 0xFF, 0xEF, 0xFF,
    0xF8, 0x02, 0x00, 0x1F, 0x80, 0x03, 0xC0, 0x00, 0x00, 0x00, 0x00, 0x20, 0x00, 0x08, 0x00, 0x07,
    0x00, 0xFF, 0xFF, 0x80, 0x00, 0x00, 0x00, 0x00, 0xFF, 0xF8, 0x30, 0x06, 0x0C, 0x01, 0x83, 0xFF,
    0xE0, 0x7F, 0xF0, 0x04, 0x90, 0x07, 0x26, 0x03, 0x88, 0xC3, 0xC2, 0x1C, 0xEF, 0x83, 0x01, 0xC0,
    0x00, 0x00, 0x00, 0x00, 0x00, 0x00, 0x0C, 0x00, 0x03, 0x00, 0x7F, 0xFF, 0x07, 0xFE, 0x01, 0xFF,
    0xC0, 0x60, 0x30, 0x1F, 0xFC, 0x07, 0xFE, 0x07, 0xFF, 0xF1, 0xFF, 0xFC, 0x5F, 0xFF, 0x07, 0xFE,
    0x00, 0x0C, 0x00, 0x03, 0x00, 0x07, 0xC0, 0x01, 0xE0, 0x00, 0x00, 0x00, 0x00, 0x20, 0x00, 0x18,
    0x00, 0x06, 0x00, 0x01, 0x80, 0x00, 0x60, 0x00, 0x18, 0x00, 0x06, 0x00, 0x01, 0xC0, 0x00, 0xF0,
    0x00, 0x34, 0x00, 0x19, 0x80, 0x0C, 0x20, 0x06, 0x0C, 0x03, 0x01, 0xC1, 0x80, 0x1C, 0xC0, 0x07,
    0x00, 0x00, 0x00, 0x00, 0x00, 0x01, 0x00, 0x00, 0x40, 0x00, 0x30, 0x00, 0x09, 0xFE, 0x06, 0x7F,
    0xC1, 0x80, 0x00, 0xE0, 0x00, 0x78, 0x00, 0x1A, 0x00, 0x0E, 0x80, 0x01, 0x20, 0x00, 0x08, 0x00,
    0x02, 0x00, 0x00, 0xFF, 0xF8, 0x2F, 0xFE, 0x08, 0x00, 0x02, 0x00, 0x00, 0x00, 0x00, 0x00, 0x20,
    0x00, 0x08, 0x00, 0x07, 0x00, 0x03, 0xE0, 0x01, 0x8C, 0x00, 0xC1, 0x80, 0xE0, 0x38, 0xEF, 0xFB,
    0x99, 0xFC, 0x40, 0x00, 0x00, 0x7F, 0xF0, 0x0F, 0xF8, 0x00, 0x06, 0x00, 0x03, 0x00, 0x00, 0xC0,
    0x00, 0x60, 0x00, 0x10, 0x00, 0x00, 0x00, 0x00, 0x20, 0x00, 0x1C, 0x00, 0x0D, 0x80, 0x06, 0x30,
    0x03, 0x06, 0x01, 0x80, 0xC0, 0xC0, 0x18, 0xE2, 0x23, 0x80, 0x88, 0x00, 0x22, 0x00, 0x08, 0x80,
    0x06, 0x20, 0x01, 0x08, 0x00, 0xC2, 0x00, 0xE0, 0x80, 0x70, 0x20, 0x18, 0x08, 0x00, 0x00, 0x00,
    0x01, 0x08, 0x00, 0x43, 0x00, 0x10, 0xC0, 0x0C, 0x30, 0x02, 0x0C, 0x01, 0x86, 0x00, 0x61, 0x80,
    0x38, 0x60, 0x1E, 0x19, 0x8E, 0x86, 0x61, 0x23, 0x1C, 0x08, 0x83, 0x02, 0x27, 0xE0, 0xBF, 0xF8,
    0x2F, 0x86, 0x08, 0x01, 0x82, 0x00, 0x00, 0x00, 0x00, 0x01, 0x08, 0x00, 0x43, 0x00, 0x10, 0xC0,
    0x0C, 0x30, 0x02, 0x0C, 0x01, 0x83, 0x00, 0x60, 0xC0, 0x3F, 0xFF, 0x9E, 0xFF, 0xCE, 0x83, 0x01,
    0x20, 0xC0, 0x08, 0x30, 0x02, 0x0C, 0x00, 0x83, 0x00, 0x27, 0xFC, 0x09, 0xFF, 0x02, 0x00, 0x00,
    0x00, 0x00, 0x01, 0x08, 0x00, 0xC2, 0x00, 0x30, 0x80, 0x19, 0x22, 0x06, 0x4D, 0xC3, 0x13, 0xB0,
    0xC7, 0xCC, 0x77, 0xE3, 0x1D, 0xC8, 0xCF, 0x12, 0x30, 0xC4, 0xB8, 0x31, 0x24, 0x0C, 0x48, 0x63,
    0x10, 0x18, 0xC4, 0x06, 0x31, 0xFF, 0x8C, 0x3F, 0xC0, 0x00, 0x00, 0x01, 0x01, 0x00, 0x40, 0x60,
    0x10, 0x18, 0x0C, 0x06, 0x02, 0xFF, 0xC1, 0xFF, 0xF8, 0x62, 0x18, 0x38, 0xC6, 0x1E, 0x19, 0x8C,
    0x86, 0x60, 0x20, 0xD8, 0x08, 0x06, 0x02, 0x01, 0x80, 0x80, 0x60, 0x20, 0x18, 0x08, 0x3E, 0x02,
    0x0E, 0x00, 0x00, 0x00, 0x01, 0x04, 0x00, 0x41, 0x80, 0x30, 0x60, 0x09, 0x18, 0x06, 0x46, 0x61,
    0x91, 0x98, 0xE4, 0x66, 0x79, 0x19, 0x9A, 0x46, 0x6E, 0x91, 0x99, 0x24, 0x66, 0x09, 0x19, 0x82,
    0x46, 0x60, 0x9F, 0xF8, 0x27, 0xFE, 0x09, 0x01, 0x82, 0x40, 0x60, 0x00, 0x00, 0x01, 0x10, 0x00,
    0x46, 0x80, 0x11, 0xB0, 0x0C, 0x66, 0x02, 0x19, 0x81, 0x86, 0x00, 0x61, 0xFE, 0x3B, 0xF7, 0x1E,
    0xF8, 0x0C, 0x83, 0x00, 0x20, 0xC0, 0x08, 0x30, 0x02, 0x04, 0x60, 0x81, 0x98, 0x20, 0x6C, 0x08,
    0x0E, 0x02, 0x01, 0x00, 0x00, 0x00, 0x00, 0x20, 0x00, 0x1C, 0x00, 0x0D, 0x80, 0x06, 0x30, 0x03,
    0x06, 0x01, 0xFF, 0xC0, 0xFF, 0xD8, 0xE0, 0x03, 0x00, 0x00, 0x03, 0xFF, 0xC0, 0x0C, 0x10, 0x03,
    0x04, 0x00, 0xC3, 0x00, 0x3F, 0xC0, 0x0C, 0x00, 0x03, 0x00, 0x00, 0x00, 0x00, 0x00, 0x00, 0x00,
    0x01, 0x01, 0x00, 0x60, 0xC4, 0x18, 0x31, 0x86, 0x0C, 0x21, 0x83, 0x0C, 0x60, 0xC1, 0x98, 0x30,
    0x66, 0x0C, 0x03, 0x03, 0x00, 0xC0, 0xC1, 0xB8, 0x31, 0xDE, 0x0C, 0xE6, 0xC3, 0xE3, 0x33, 0xF1,
    0x8E, 0xE0, 0xC1, 0x80, 0x20, 0x60, 0x00, 0x00, 0x02, 0x00, 0x01, 0x9F, 0xF0, 0x6F, 0xFE, 0x1B,
    0x00, 0x0C, 0xC0, 0x03, 0x30, 0x00, 0xCF, 0xFC, 0x73, 0xFB, 0x1C, 0xE0, 0xCF, 0x3C, 0x63, 0xCD,
    0x18, 0x33, 0x6C, 0x0D, 0x8E, 0x03, 0x63, 0x80, 0xD9, 0xB8, 0x3D, 0xC7, 0x8D, 0x60, 0xE0, 0x00,
    0x00, 0x00, 0x08, 0x00, 0xDE, 0xF0, 0x3F, 0xFC, 0x1B, 0x31, 0x06, 0xCC, 0x43, 0x33, 0x10, 0xEC,
    0xC4, 0x3B, 0x31, 0x1E, 0xCC, 0x47, 0xB3, 0x11, 0x6C, 0xC4, 0x1B, 0x31, 0x06, 0xFC, 0x41, 0xFF,
    0x70, 0x7E, 0xD8, 0x18, 0x30, 0x06, 0x0C, 0x00, 0x00, 0x00, 0x01, 0x04, 0x00, 0x41, 0x80, 0x10,
    0x60, 0x0D, 0xFF, 0x02, 0x7F, 0xE1, 0x91, 0x98, 0x64, 0x66, 0x39, 0x19, 0x9E, 0x46, 0x6E, 0x9F,
    0xF9, 0x27, 0xFE, 0x09, 0x18, 0x02, 0x06, 0x00, 0x81, 0x80, 0x20, 0x60, 0x08, 0x18, 0x02, 0x04,
    0x00, 0x00, 0x00, 0x01, 0x04, 0x00, 0x49, 0x80, 0x13, 0x60, 0x0C, 0xD8, 0x02, 0x7F, 0x81, 0x9F,
    0xF0, 0x66, 0x60, 0x3E, 0x18, 0x1E, 0x06, 0x0E, 0xFF, 0xF9, 0x2F, 0xFC, 0x08, 0x18, 0x02, 0x06,
    0x00, 0x81, 0x80, 0x20, 0x60, 0x08, 0x18, 0x02, 0x04, 0x00, 0x00, 0x00, 0x01, 0x00, 0x00, 0xC1,
    0xC0, 0x38, 0xF8, 0x1F, 0xF0, 0x06, 0x08, 0x03, 0x02, 0x00, 0xC0, 0x80, 0x70, 0x30, 0x3D, 0xFF,
    0xEF, 0x7F, 0xF0, 0xC0, 0x80, 0x30, 0x20, 0x0C, 0x08, 0x03, 0x02, 0x00, 0xCF, 0xFC, 0x33, 0xFE,
    0x0C, 0x00, 0x00, 0x00, 0x00, 0x00, 0x20, 0x00, 0x08, 0x00, 0x07, 0x00, 0x03, 0xE0, 0x01, 0x9E,
    0x01, 0xCB, 0xC0, 0xE2, 0x18, 0xE0, 0x83, 0x02, 0x20, 0x01, 0x8F, 0xC0, 0x63, 0xF0, 0x18, 0x80,
    0x06, 0x20, 0x01, 0x88, 0x01, 0xFF, 0xFC, 0xFF, 0xFF, 0x00, 0x00, 0x00, 0x00, 0x00, 0x01, 0x08,
    0x00, 0x43, 0x00, 0x10, 0xC0, 0x0F, 0xFF, 0x03, 0xFF, 0xE1, 0x83, 0x00, 0x60, 0xC0, 0x38, 0x70,
    0x1E, 0x7F, 0xCE, 0x9F, 0xE1, 0x22, 0x18, 0x08, 0xEC, 0x02, 0x1E, 0x00, 0x83, 0x00, 0x23, 0xF0,
    0x1F, 0xCF, 0x82, 0xC1, 0xE0, 0x00, 0x00, 0x01, 0x08, 0x00, 0x43, 0x60, 0x10, 0xD8, 0x0C, 0x33,
    0x02, 0x0C, 0xC1, 0x83, 0x30, 0x7F, 0xFE, 0x38, 0x30, 0x1E, 0x0E, 0x0C, 0x87, 0x80, 0x21, 0xB0,
    0x08, 0xCC, 0x02, 0x21, 0x80, 0x98, 0x60, 0x24, 0x1C, 0x1F, 0x03, 0x82, 0x80, 0x60, 0x00, 0x00,
    0x01, 0x24, 0x00, 0x4D, 0x80, 0x13, 0x30, 0x0C, 0xC8, 0x02, 0x37, 0xC1, 0xBF, 0xF8, 0x6F, 0xC0,
    0x38, 0x60, 0x1E, 0x18, 0xCC, 0x83, 0x61, 0x20, 0xF0, 0x08, 0x18, 0x02, 0x0C, 0x60, 0x87, 0x98,
    0x23, 0x3E, 0x09, 0x87, 0x82, 0x40, 0x80, 0x00, 0x00, 0x02, 0x08, 0x01, 0x82, 0x00, 0x60, 0x80,
    0x18, 0x20, 0x0C, 0x1C, 0x03, 0x3F, 0xF9, 0xC3, 0xE0, 0x70, 0x78, 0x3C, 0x3F, 0x0F, 0x1B, 0xE0,
    0xC4, 0x98, 0x31, 0x23, 0x0C, 0xC8, 0xC3, 0x62, 0x38, 0xD0, 0x86, 0x30, 0x20, 0x0C, 0x08, 0x00,
    0x00, 0x00, 0x00, 0x20, 0x00, 0x1C, 0x00, 0x0D, 0x80, 0x06, 0x30, 0x03, 0x06, 0x01, 0xC1, 0xC0,
    0xFF, 0xF8, 0xE2, 0x33, 0x98, 0x00, 0x47, 0xFF, 0xF0, 0xFF, 0xF8, 0x03, 0x10, 0x01, 0x86, 0x00,
    0xCF, 0xE1, 0xFF, 0xFC, 0x3F, 0x03, 0x00, 0x00, 0xC0, 0x00, 0x00, 0x02, 0x00, 0x01, 0x80, 0x00,
    0x60, 0x00, 0x1F, 0xFF, 0x0C, 0x00, 0x03, 0x00, 0x01, 0xC0, 0x00, 0x70, 0x00, 0x3D, 0xFF, 0xEF,
    0x7F, 0xF0, 0xC2, 0x18, 0x30, 0x86, 0x0C, 0x60, 0xC3, 0x13, 0xF0, 0xDF, 0xFE, 0x37, 0xC1, 0x8C,
    0x00, 0x60, 0x00, 0x00, 0x01, 0x0C, 0x00, 0x63, 0x00, 0x18, 0xC0, 0x0C, 0xEE, 0x03, 0x7F, 0xC1,
    0x98, 0x30, 0x66, 0x0C, 0x39, 0x83, 0x1E, 0x60, 0xC7, 0x9F, 0xF1, 0x67, 0xFC, 0x19, 0x83, 0x06,
    0x60, 0xC1, 0x98, 0x30, 0x67, 0xFC, 0x19, 0xFF, 0x06, 0x60, 0x40, 0x00, 0x00, 0x02, 0x08, 0x01,
    0x93, 0x20, 0x64, 0xCC, 0x19, 0xB3, 0x0C, 0x3D, 0x83, 0x0B, 0x61, 0xC0, 0xC0, 0x73, 0xFF, 0x3C,
    0xFF, 0x8F, 0x03, 0x00, 0xDF, 0xFE, 0x37, 0xFF, 0x0C, 0x08, 0x03, 0x03, 0x00, 0xC0, 0xC0, 0x30,
    0x30, 0x0C, 0x08, 0x00, 0x00, 0x00, 0x01, 0x04, 0x00, 0x41, 0x80, 0x30, 0x60, 0x09, 0xFF, 0x06,
    0x7F, 0xE1, 0x91, 0x98, 0xE4, 0x66, 0x79, 0xFF, 0x9A, 0x7F, 0xEE, 0x91, 0x99, 0x24, 0x66, 0x09,
    0xFF, 0x82, 0x7F, 0xC0, 0x81, 0x80, 0x20, 0x60, 0x08, 0x18, 0x02, 0x04, 0x00, 0x00, 0x00, 0x02,
    0x00, 0x00, 0xDF, 0xF0, 0x37, 0xFC, 0x0C, 0x03, 0x06, 0x00, 0xC1, 0xBF, 0xF0, 0x60, 0x0C, 0x38,
    0x03, 0x0E, 0x7E, 0xC7, 0x9F, 0xB1, 0x66, 0x6C, 0x19, 0xFB, 0x06, 0x3C, 0xC1, 0x80, 0x30, 0x60,
    0x0C, 0x18, 0x1F, 0x06, 0x07, 0x80, 0x00, 0x00, 0x01, 0x00, 0x00, 0xC0, 0x60, 0x3E, 0x18, 0x19,
    0x86, 0x06, 0x79, 0x83, 0x13, 0x60, 0xC4, 0xD8, 0x71, 0x16, 0x3C, 0x45, 0x8F, 0x10, 0x60, 0xC4,
    0x30, 0x31, 0xEE, 0x0C, 0x77, 0x83, 0x19, 0xF0, 0xDC, 0xCC, 0x36, 0xE3, 0x8C, 0x30, 0x60, 0x00,
    0x00, 0x01, 0x00, 0x00, 0xDF, 0xE0, 0x3F, 0xFC, 0x19, 0x03, 0x06, 0x40, 0xC3, 0x18, 0x30, 0xC7,
    0xFC, 0x71, 0x03, 0x3C, 0x40, 0xCF, 0x10, 0x30, 0xC4, 0x0C, 0x31, 0xFF, 0x0C, 0x7F, 0x83, 0x00,
    0x00, 0xCF, 0xFE, 0x33, 0xFF, 0x8C, 0x00, 0x00, 0x00, 0x00, 0x02, 0x08, 0x01, 0x83, 0x00, 0x60,
    0x80, 0x1B, 0xFE, 0x0C, 0xFF, 0xC3, 0x00, 0x41, 0xC0, 0x18, 0x71, 0x06, 0x3C, 0x41, 0x8F, 0x18,
    0xC0, 0xC2, 0x30, 0x30, 0x8C, 0x0C, 0x26, 0x03, 0x09, 0x00, 0xDF, 0xFE, 0x37, 0xFF, 0x8C, 0x00,
    0x00, 0x00, 0x00, 0x02, 0x03, 0xC1, 0x9F, 0xF0, 0x67, 0xE0, 0x19, 0x18, 0x0C, 0x46, 0x03, 0x11,
    0x81, 0xC4, 0x60, 0x71, 0xFF, 0xBC, 0x7F, 0xCF, 0x11, 0x80, 0xC4, 0x30, 0x31, 0xCC, 0x0D, 0xF3,
    0x63, 0x40, 0x78, 0xCF, 0x9E, 0x33, 0xE7, 0x8C, 0x00, 0xC0, 0x00, 0x00, 0x01, 0x10, 0x00, 0x46,
    0x00, 0x30, 0xC0, 0x09, 0xFE, 0x06, 0x7F, 0xC1, 0x83, 0x00, 0xE0, 0xC0, 0x78, 0x30, 0x1A, 0x0C,
    0x0E, 0x9F, 0xF1, 0x27, 0xF8, 0x08, 0x30, 0x02, 0x0C, 0x00, 0x83, 0x00, 0x3F, 0xFE, 0x0B, 0xFF,
    0x82, 0x00, 0x00, 0x00, 0x00, 0x02, 0x20, 0x01, 0x88, 0x00, 0x62, 0x00, 0x1B, 0xFF, 0x0C, 0xFF,
    0xE3, 0x08, 0x01, 0xC2, 0x00, 0x71, 0x80, 0x3C, 0x40, 0x0F, 0x1F, 0xF1, 0xCF, 0xF8, 0x32, 0x20,
    0x0D, 0x88, 0x03, 0x42, 0x00, 0xCF, 0xFE, 0x33, 0xFF, 0x8C, 0x00, 0x00, 0x00, 0x00, 0x01, 0x08,
    0x00, 0x43, 0x00, 0x10, 0xC0, 0x0C, 0x30, 0x02, 0xFF, 0xC1, 0xFF, 0xF8, 0x61, 0xE0, 0x38, 0x7C,
    0x1E, 0x3F, 0x0C, 0x8F, 0x61, 0x26, 0xD8, 0x09, 0x33, 0x02, 0xFF, 0xC0, 0xFF, 0xF8, 0x30, 0xC6,
    0x08, 0x30, 0x02, 0x08, 0x00, 0x00, 0x00, 0x02, 0x00, 0x01, 0x80, 0x00, 0x60, 0x00, 0x1B, 0xFF,
    0x8C, 0x01, 0x83, 0x00, 0x60, 0xC7, 0xD8, 0x71, 0xF6, 0x1C, 0x4D, 0x8F, 0x13, 0x60, 0xC7, 0xD8,
    0x31, 0xE6, 0x0C, 0x01, 0x83, 0x00, 0x60, 0xC0, 0x18, 0x30, 0x3E, 0x0C, 0x0E, 0x00, 0x00, 0x00,
    0x00, 0x20, 0x00, 0x1C, 0x00, 0x1D, 0xC0, 0x1E, 0x3C, 0x1E, 0x03, 0xCE, 0x80, 0xB8, 0x7F, 0xF0,
    0x00, 0xC0, 0x00, 0x20, 0x07, 0xFF, 0xF0, 0xFF, 0xF8, 0x04, 0x90, 0x03, 0x27, 0x01, 0x88, 0xE3,
    0xC2, 0x1E, 0xE3, 0x83, 0x80, 0xE0, 0x00, 0x00, 0x00, 0x01, 0x20, 0x00, 0xC8, 0x00, 0x32, 0x00,
    0x18, 0xFF, 0x06, 0x3F, 0xC3, 0x9C, 0x00, 0xE7, 0x00, 0x7B, 0x7E, 0x1F, 0x9F, 0x8D, 0x84, 0x00,
    0x61, 0xF8, 0x18, 0x7E, 0x06, 0x10, 0x01, 0x84, 0x00, 0x61, 0x00, 0x18, 0x40, 0x00, 0x00, 0x00,
    0x00, 0x00, 0x01, 0x08, 0x00, 0x43, 0x00, 0x10, 0xC0, 0x0D, 0xFE, 0x02, 0x7F, 0xC1, 0x83, 0x00,
    0x60, 0xC0, 0x3F, 0xFF, 0x9E, 0x0C, 0x0C, 0x83, 0x01, 0x27, 0xFC, 0x09, 0xFE, 0x02, 0x0C, 0x00,
    0x83, 0x00, 0x3F, 0xFE, 0x0B, 0xFF, 0x82, 0x00, 0x00, 0x00, 0x00, 0x00, 0x00, 0x01, 0x98, 0xC0,
    0x62, 0x60, 0x18, 0xB8, 0x0C, 0x3C, 0x03, 0x3F, 0xF0, 0xC7, 0x30, 0x70, 0x8C, 0x1C, 0x23, 0x0F,
    0x7F, 0xFB, 0xDF, 0xFC, 0x30, 0x8C, 0x0C, 0x63, 0x03, 0x10, 0xC0, 0xCC, 0x30, 0x36, 0x0C, 0x0D,
    0x02, 0x00, 0x00, 0x00, 0x02, 0x00, 0x01, 0x82, 0x00, 0x70, 0xC0, 0x1F, 0xFF, 0x8C, 0x0C, 0x03,
    0x03, 0x01, 0xCF, 0xFC, 0x76, 0x33, 0x3C, 0x8C, 0xCF, 0x7F, 0xF0, 0xCF, 0xF8, 0x33, 0x20, 0x0C,
    0xF8, 0x03, 0x0E, 0x00, 0xC7, 0xE0, 0x37, 0x9F, 0x8D, 0x81, 0xE0, 0x00, 0x00, 0x02, 0x00, 0x61,
    0xFF, 0x18, 0x7F, 0xE6, 0x19, 0x0D, 0x8C, 0x63, 0x63, 0x1F, 0xD8, 0xC4, 0xF6, 0x72, 0x3D, 0x9D,
    0xCF, 0x6F, 0x7E, 0xDB, 0xF3, 0x36, 0x34, 0xCD, 0x8C, 0x22, 0x63, 0x18, 0x18, 0xCC, 0x06, 0x36,
    0x0F, 0x8D, 0x03, 0x80, 0x00, 0x00, 0x01, 0x08, 0x00, 0x43, 0x00, 0x11, 0xC0, 0x0D, 0xFF, 0x02,
    0x0C, 0x01, 0x83, 0x00, 0x7F, 0xFE, 0x38, 0x0C, 0x1E, 0x03, 0x0E, 0xFF, 0xF9, 0x2F, 0xFC, 0x08,
    0x8C, 0x02, 0x3B, 0x00, 0x84, 0xC0, 0x20, 0x30, 0x08, 0x78, 0x02, 0x1C, 0x00, 0x00, 0x00, 0x02,
    0x22, 0x01, 0x88, 0xC0, 0x62, 0x30, 0x18, 0x8C, 0x0C, 0xFF, 0x83, 0x3F, 0xF1, 0xC2, 0x30, 0x70,
    0x8C, 0x3C, 0x23, 0x0F, 0x08, 0xC0, 0xDF, 0xFE, 0x37, 0xFF, 0x0C, 0x22, 0x03, 0x08, 0xE0, 0xC6,
    0x1C, 0x33, 0x03, 0x8C, 0x80, 0x60, 0x00, 0x00, 0x01, 0x08, 0x00, 0x42, 0x00, 0x30, 0x80, 0x0B,
    0xFF, 0x07, 0xFF, 0xE1, 0x87, 0x80, 0xE1, 0xC0, 0x78, 0xD8, 0x1A, 0x33, 0x6C, 0x9C, 0xF1, 0x3F,
    0x38, 0x0E, 0xCE, 0x03, 0x31, 0x80, 0x8D, 0x70, 0x23, 0xCC, 0x09, 0xE3, 0x82, 0x60, 0x60, 0x00,
    0x00, 0x02, 0x00, 0x01, 0xBF, 0xF8, 0x6F, 0xFE, 0x18, 0x6C, 0x0C, 0x1B, 0x03, 0x06, 0xC0, 0xCF,
    0xFE, 0x72, 0x6D, 0x9C, 0x9B, 0x6F, 0x26, 0xDB, 0xC9, 0xB6, 0x32, 0x6D, 0x8C, 0x9B, 0x63, 0x26,
    0xD8, 0xCF, 0xFE, 0x33, 0xFF, 0x8C, 0x80, 0x60, 0x00, 0x00, 0x02, 0x20, 0x01, 0x88, 0x00, 0x63,
    0x00, 0x19, 0xFF, 0x8C, 0xFF, 0x83, 0x3F, 0xF0, 0xC3, 0x6C, 0x70, 0x9B, 0x1C, 0x36, 0xCF, 0x3F,
    0xFB, 0xCF, 0xFC, 0x31, 0x33, 0x0C, 0xCD, 0x83, 0x3F, 0xF8, 0xCF, 0xFE, 0x32, 0x3E, 0x0C, 0x0E,
    0x00, 0x00, 0x00, 0x02, 0x00, 0x01, 0x9F, 0xC0, 0x67, 0xF8, 0x18, 0x06, 0x0C, 0x01, 0x83, 0x7F,
    0xF8, 0xC0, 0x00, 0x71, 0x00, 0x1C, 0x7F, 0xCF, 0x3F, 0xE0, 0xDC, 0xC0, 0x37, 0xFF, 0x8D, 0xFF,
    0xC3, 0x07, 0x80, 0xC3, 0x38, 0x33, 0x87, 0x8C, 0xC0, 0xE0, 0x00, 0x00, 0x02, 0x00, 0x01, 0x9F,
    0xC0, 0x67, 0xF8, 0x18, 0x0E, 0x0C, 0x3F, 0x83, 0x0F, 0xE0, 0xC7, 0xF8, 0x70, 0x00, 0x1D, 0xFF,
    0xEF, 0x7F, 0xF8, 0xF7, 0xF6, 0x35, 0xFF, 0x0C, 0x23, 0x03, 0x0F, 0x80, 0xC1, 0xE0, 0x37, 0xDF,
    0x8D, 0xE1, 0xE0, 0x00, 0x00, 0x01, 0x3F, 0x80, 0xCF, 0xF0, 0x32, 0x0C, 0x18, 0x83, 0x06, 0x20,
    0xC3, 0x0C, 0x30, 0xC3, 0xFC, 0x70, 0x74, 0x3C, 0x18, 0x07, 0x1F, 0xF8, 0xC7, 0xFE, 0x31, 0x01,
    0x8C, 0x40, 0x63, 0x10, 0x18, 0xC7, 0xFE, 0x31, 0xFF, 0x8C, 0x40, 0x60, 0x00, 0x00, 0x02, 0x00,
    0x01, 0xFF, 0xF8, 0x7F, 0xFE, 0x18, 0x70, 0x0D, 0xFF, 0xC3, 0x23, 0x31, 0xD8, 0xCC, 0x73, 0xFF,
    0x3C, 0xFF, 0xCF, 0x7F, 0xF0, 0xC7, 0xF8, 0x32, 0x60, 0x0C, 0xD0, 0x03, 0x1E, 0x00, 0xC6, 0xF0,
    0x37, 0x1F, 0x8D, 0x81, 0xE0, 0x00, 0x00, 0x01, 0x00, 0x00, 0xC1, 0xF0, 0x17, 0xFC, 0x0D, 0xF0,
    0x06, 0x0C, 0x01, 0x86, 0xC0, 0xC3, 0x30, 0x39, 0xF8, 0x1E, 0x0D, 0x8D, 0x86, 0x71, 0x7F, 0xFE,
    0x1B, 0xF8, 0x06, 0x1D, 0x81, 0x8F, 0xF0, 0x6E, 0x6E, 0x1B, 0x19, 0x82, 0x04, 0x00, 0x00, 0x00,
    0x02, 0x00, 0x01, 0x9F, 0xC0, 0x67, 0xF8, 0x19, 0x06, 0x06, 0x41, 0x83, 0x18, 0x60, 0xC7, 0xF8,
    0x70, 0x74, 0x1C, 0x08, 0x0F, 0x13, 0x00, 0xC4, 0xFC, 0x31, 0x3E, 0x0C, 0x48, 0x03, 0x3A, 0x00,
    0xDB, 0x80, 0x36, 0x7F, 0x8D, 0x07, 0xE0, 0x00, 0x00, 0x02, 0x10, 0x01, 0x86, 0x80, 0x63, 0x30,
    0x18, 0x8E, 0x0C, 0xFF, 0x83, 0x3F, 0xB0, 0xC7, 0x30, 0x73, 0xCD, 0x9D, 0x99, 0xCF, 0x2F, 0xE3,
    0xC7, 0xF0, 0x37, 0x0C, 0x0D, 0xE6, 0x03, 0x0F, 0x80, 0xC3, 0xF0, 0x37, 0xCF, 0x8D, 0xC1, 0xE0,
    0x00, 0x00, 0x02, 0x24, 0x01, 0x8D, 0x80, 0x67, 0x30, 0x19, 0x06, 0x0C, 0xC0, 0xC3, 0x23, 0x00,
    0xC1, 0xE0, 0x70, 0xDC, 0x1C, 0x63, 0x8F, 0x70, 0x78, 0xDF, 0xFC, 0x31, 0xFE, 0x0C, 0x41, 0x83,
    0x10, 0x60, 0xC7, 0xF8, 0x31, 0xFE, 0x0C, 0x41, 0x00, 0x00, 0x00, 0x01, 0x00, 0x00, 0x5F, 0xE0,
    0x1F, 0xFC, 0x0D, 0x03, 0x02, 0x40, 0xC1, 0x98, 0x30, 0x67, 0xFC, 0x38, 0x30, 0x1E, 0x08, 0x0E,
    0xFF, 0xF9, 0x2F, 0xFC, 0x08, 0xF8, 0x02, 0x6B, 0x80, 0xB2, 0x70, 0x38, 0x8E, 0x0C, 0x21, 0x82,
    0x08, 0x00, 0x00, 0x00, 0x02, 0x00, 0x01, 0x9F, 0xF0, 0x67, 0xFC, 0x1A, 0x01, 0x0C, 0xFF, 0xE3,
    0x1F, 0xE1, 0xC7, 0xFC, 0x70, 0x00, 0x3C, 0x7F, 0xCF, 0x1F, 0xE0, 0xC7, 0xFC, 0x31, 0xFF, 0x0C,
    0x40, 0xC3, 0x10, 0x30, 0xC7, 0xFC, 0x31, 0xFF, 0x0C, 0x40, 0xC0, 0x00, 0x00, 0x02, 0x10, 0x01,
    0x84, 0x00, 0x63, 0xFC, 0x1A, 0xFF, 0x0D, 0xF3, 0x03, 0x77, 0x80, 0xD9, 0xE0, 0x76, 0xCD, 0x1D,
    0xE7, 0xEF, 0x6F, 0x00, 0xDB, 0x00, 0x36, 0x0C, 0x0D, 0x9E, 0x03, 0x6C, 0x30, 0xC7, 0x78, 0x31,
    0xF8, 0x00, 0x00, 0x00, 0x00, 0x00, 0x02, 0x24, 0x01, 0x8D, 0x80, 0x63, 0x60, 0x1F, 0xDF, 0x0D,
    0xF7, 0xE3, 0x0D, 0x80, 0xC3, 0x60, 0x77, 0xDF, 0x1C, 0x36, 0x0F, 0x0D, 0x80, 0xC7, 0x7E, 0x37,
    0xDF, 0x0D, 0xE6, 0x03, 0x11, 0x80, 0xCC, 0x60, 0x36, 0x18, 0x0D, 0x04, 0x00, 0x00, 0x00, 0x01,
    0x08, 0x00, 0xC2, 0x00, 0x39, 0xC0, 0x1F, 0xFF, 0x06, 0x0C, 0x03, 0x03, 0x00, 0xC7, 0xF8, 0x71,
    0xF4, 0x3C, 0x08, 0x07, 0x7F, 0xF8, 0xDF, 0xFC, 0x31, 0xB3, 0x0D, 0xE7, 0xC3, 0x69, 0xC0, 0xC3,
    0xB8, 0x37, 0xE7, 0x8D, 0xC0, 0xE0, 0x00, 0x00, 0x04, 0x10, 0x03, 0x04, 0x00, 0xC3, 0x80, 0x37,
    0xFF, 0x0C, 0x71, 0x07, 0x3F, 0xE1, 0xC6, 0x60, 0x77, 0xFF, 0xBD, 0xFF, 0xCF, 0x74, 0xE0, 0xFF,
    0xFE, 0x39, 0xF9, 0x0D, 0xFF, 0xC3, 0x7F, 0xF0, 0xC1, 0x00, 0x30, 0x40, 0x0C, 0x10, 0x00, 0x00,
    0x00, 0x02, 0x10, 0x01, 0x86, 0x00, 0x6F, 0xFC, 0x1B, 0xFF, 0x8C, 0x63, 0x03, 0x33, 0x60, 0xDC,
    0xCC, 0x77, 0xFF, 0x9C, 0x7D, 0x8F, 0x1F, 0xE0, 0xC6, 0xD8, 0x31, 0x36, 0x0C, 0x7F, 0x83, 0x1F,
    0x58, 0xC4, 0x86, 0x30, 0x3F, 0x8C, 0x07, 0xE0, 0x00, 0x00, 0x00, 0x30, 0x00, 0x1E, 0x00, 0x07,
    0x80, 0x03, 0xF0, 0x01, 0xFE, 0x01, 0xFF, 0xE1, 0xFF, 0xFC, 0x0C, 0x0C, 0x03, 0xFF, 0x00, 0xFF,
    0xC0, 0x3F, 0xF0, 0x1F, 0xF8, 0x07, 0xFF, 0x83, 0x7F, 0xE1, 0x9F, 0xF8, 0x47, 0xFE, 0x01, 0x00,
    0x80, 0x00, 0x00, 0x03, 0x00, 0x00, 0xDF, 0xF0, 0x3F, 0xFC, 0x0F, 0x03, 0x06, 0xCC, 0xC1, 0xB3,
    0x30, 0x6F, 0xFC, 0x3B, 0x33, 0x0E, 0xCC, 0xC7, 0xBF, 0xF1, 0x6F, 0xFC, 0x1B, 0xC7, 0x06, 0xFF,
    0xC1, 0xB7, 0xF0, 0x6F, 0xFC, 0x1B, 0xFF, 0x06, 0xC0, 0x40, 0x00, 0x00, 0x01, 0x08, 0x00, 0x43,
    0x00, 0x30, 0xC0, 0x09, 0xFF, 0x06, 0x31, 0x81, 0x8C, 0x60, 0xE1, 0xB0, 0x78, 0x6C, 0x1B, 0xFF,
    0xEC, 0xBF, 0xF1, 0x27, 0xFC, 0x09, 0xFF, 0x02, 0x40, 0xC0, 0x90, 0x30, 0x27, 0xFC, 0x09, 0xFF,
    0x02, 0x40, 0xC0, 0x00, 0x00, 0x02, 0x00, 0x01, 0xFE, 0x18, 0x7F, 0x86, 0x19, 0x4D, 0x8C, 0xD3,
    0x63, 0x26, 0xD9, 0xD9, 0xF6, 0x77, 0xFD, 0xBC, 0x63, 0x6F, 0x0C, 0xD8, 0xDF, 0xF6, 0x37, 0xED,
    0x8C, 0x23, 0x63, 0x0E, 0x98, 0xDF, 0x86, 0x37, 0x0F, 0x8C, 0x03, 0x80, 0x00, 0x00, 0x02, 0x00,
    0x01, 0x9F, 0xC0, 0x67, 0xF8, 0x1C, 0x06, 0x0D, 0x01, 0x83, 0x7F, 0xF9, 0xD6, 0x00, 0x74, 0x80,
    0x3D, 0x7F, 0xCF, 0x71, 0x80, 0xDC, 0x60, 0x37, 0xFF, 0x8D, 0x7F, 0xC3, 0x43, 0x80, 0xD1, 0xB8,
    0x33, 0xC7, 0x8C, 0x60, 0xE0, 0x00, 0x00, 0x02, 0x22, 0x01, 0x88, 0xC0, 0x62, 0x30, 0x1B, 0xFE,
    0x0C, 0xFF, 0xC3, 0x08, 0xC1, 0xC2, 0x30, 0x77, 0xFF, 0xBD, 0xFF, 0xCF, 0x1F, 0xE1, 0xC7, 0xF8,
    0x31, 0xFE, 0x0C, 0x7F, 0x83, 0x10, 0x60, 0xC7, 0xF8, 0x31, 0xFE, 0x0C, 0x41, 0x80, 0x00, 0x00,
    0x02, 0x22, 0x01, 0x98, 0xC0, 0x62, 0x30, 0x1F, 0xEC, 0x0D, 0xFF, 0x03, 0x30, 0xF8, 0xCC, 0x6C,
    0x73, 0xF3, 0x3C, 0xFE, 0xCF, 0x37, 0xB0, 0xCF, 0x3C, 0x33, 0x4E, 0x0D, 0x91, 0x83, 0x64, 0xF0,
    0xD9, 0x6C, 0x3D, 0xF3, 0x8D, 0x68, 0x60, 0x00, 0x00, 0x02, 0x08, 0x01, 0x83, 0x00, 0x61, 0xC0,
    0x1B, 0xFF, 0x8C, 0x3F, 0x83, 0x0F, 0xF1, 0xCB, 0x0C, 0x72, 0xFF, 0x3C, 0xBF, 0xCF, 0x2F, 0xF1,
    0xCB, 0xFC, 0x32, 0x83, 0x0C, 0xBF, 0xC3, 0x2F, 0xE0, 0xCF, 0xFE, 0x33, 0xFF, 0x8C, 0x80, 0x00,
    0x00, 0x00, 0x02, 0x18, 0x01, 0x87, 0x00, 0x61, 0xC0, 0x18, 0xD8, 0x0C, 0x63, 0x03, 0x38, 0xE0,
    0xDF, 0xFE, 0x74, 0x00, 0x1C, 0x00, 0x0F, 0x3F, 0xF3, 0xDF, 0xFC, 0x36, 0x53, 0x0C, 0xFF, 0xC3,
    0x3F, 0xF0, 0xD9, 0xCC, 0x36, 0x7F, 0x0C, 0x95, 0x80, 0x00, 0x00, 0x01, 0x18, 0x00, 0xCF, 0x00,
    0x36, 0x70, 0x1B, 0x0F, 0x07, 0xFF, 0xE3, 0xFF, 0xC0, 0xC0, 0x80, 0x71, 0x70, 0x3D, 0xFF, 0xCF,
    0x66, 0x30, 0xDF, 0xFC, 0x37, 0xFE, 0x0C, 0x3E, 0x03, 0x18, 0xC0, 0xCC, 0x1C, 0x36, 0x03, 0x80,
    0x00, 0x00, 0x00, 0x00, 0x02, 0x10, 0x01, 0x84, 0x00, 0x67, 0xF0, 0x19, 0xFE, 0x0C, 0x71, 0x83,
    0x7F, 0xF8, 0xC0, 0x00, 0x71, 0xFE, 0x1C, 0x7F, 0x8F, 0x1F, 0xE3, 0xC7, 0xF0, 0x33, 0xFF, 0x0C,
    0xEE, 0x03, 0x7F, 0xF8, 0xDF, 0xFC, 0x30, 0x18, 0x0C, 0x04, 0x00, 0x00, 0x00, 0x02, 0x00, 0x01,
    0xBF, 0xF8, 0x6F, 0xFE, 0x18, 0x00, 0x0C, 0x7F, 0xC3, 0x10, 0x30, 0xC4, 0x0C, 0x71, 0xFF, 0x1C,
    0x7F, 0x8F, 0x1F, 0xFB, 0xC7, 0xFE, 0x33, 0xAD, 0x8C, 0xBF, 0xE3, 0x2F, 0xF8, 0xCA, 0xF6, 0x32,
    0xEF, 0x8C, 0xA1, 0xC0, 0x00, 0x00, 0x01, 0x04, 0x00, 0x41, 0x80, 0x30, 0x60, 0x09, 0xFF, 0x86,
    0x3F, 0x81, 0x8F, 0xF0, 0xE3, 0x0C, 0x78, 0xFF, 0x1A, 0x3F, 0x8E, 0x9F, 0xF9, 0x27, 0xFE, 0x09,
    0xFF, 0x02, 0x3F, 0x80, 0x81, 0x80, 0x20, 0x60, 0x08, 0xF0, 0x02, 0x38, 0x00, 0x00, 0x00, 0x04,
    0x04, 0x03, 0x71, 0x80, 0xDD, 0xF8, 0x31, 0x7F, 0x0C, 0xFE, 0xC7, 0x3F, 0xF9, 0xDD, 0xFC, 0x77,
    0x7F, 0x3C, 0xDF, 0x8F, 0x17, 0xF0, 0xDD, 0xF8, 0x3F, 0xFF, 0x8D, 0xFF, 0xC3, 0x31, 0x80, 0xDF,
    0x60, 0x3C, 0xFF, 0x8D, 0x0F, 0xE0, 0x00, 0x00, 0x02, 0x00, 0x41, 0xBC, 0x18, 0x7F, 0x26, 0x1E,
    0x4D, 0x8D, 0xF3, 0x63, 0x3C, 0xD8, 0xD9, 0x36, 0x76, 0xCD, 0x9C, 0xF3, 0x6F, 0x6C, 0xD8, 0xD9,
    0x36, 0x36, 0xCD, 0x8D, 0xF0, 0x63, 0x3C, 0x18, 0xCF, 0x06, 0x36, 0x67, 0x8D, 0x09, 0xC0, 0x00,
    0x00, 0x01, 0x08, 0x00, 0xC7, 0xF0, 0x31, 0xFC, 0x18, 0x60, 0x06, 0x7F, 0x83, 0xBF, 0xE0, 0xEC,
    0x08, 0x7B, 0xFE, 0x1E, 0xFF, 0x8D, 0xBF, 0xE0, 0x6F, 0xF8, 0x1B, 0x02, 0x06, 0xC0, 0x81, 0xBF,
    0xE0, 0x6E, 0x1C, 0x1F, 0x03, 0x00, 0x00, 0x00, 0x00, 0x00, 0x06, 0x00, 0x01, 0x9F, 0xE0, 0x6F,
    0xFC, 0x1B, 0xFE, 0x0C, 0xFF, 0x83, 0x32, 0x21, 0xCF, 0xFC, 0x71, 0xFE, 0x3C, 0x7F, 0x8F, 0x7F,
    0xF8, 0xD8, 0xE6, 0x36, 0x39, 0x8D, 0x8F, 0xE3, 0x6E, 0x58, 0xD8, 0x3E, 0x36, 0x0F, 0x00, 0x00,
    0x00, 0x00, 0x00, 0x02, 0x44, 0x01, 0x99, 0x80, 0x62, 0xC0, 0x1B, 0xFC, 0x0C, 0xFF, 0x83, 0x06,
    0x61, 0xC3, 0x30, 0x70, 0xFF, 0x3C, 0x7F, 0xCF, 0x30, 0x30, 0xDF, 0xFE, 0x3F, 0xFF, 0x8C, 0xAB,
    0x63, 0x6F, 0xD8, 0xF3, 0xDE, 0x34, 0xA7, 0x8C, 0x01, 0xC0, 0x00, 0x00, 0x02, 0x08, 0x01, 0x83,
    0x00, 0x6F, 0xF8, 0x1B, 0xFF, 0x0C, 0x31, 0x83, 0x0E, 0xC0, 0xDF, 0xFE, 0x74, 0x31, 0x9D, 0x0C,
    0x6F, 0x7F, 0xF3, 0xCF, 0xF8, 0x30, 0xFE, 0x0C, 0x7F, 0x83, 0x10, 0x60, 0xCC, 0x18, 0x36, 0x3E,
    0x0D, 0x0E, 0x00, 0x00, 0x00, 0x02, 0x41, 0x01, 0x90, 0x60, 0x66, 0x18, 0x33, 0xFF, 0x8C, 0xDF,
    0x83, 0x7F, 0xE1, 0xD3, 0xF8, 0x70, 0xFF, 0xBC, 0xE1, 0x8F, 0x03, 0x60, 0xCF, 0xFE, 0x33, 0xFF,
    0x0C, 0x3F, 0x03, 0x1B, 0xE0, 0xCC, 0xDE, 0x32, 0x33, 0x8C, 0x08, 0x00, 0x00, 0x00, 0x00, 0x20,
    0x00, 0x1C, 0x00, 0x0D, 0x80, 0x0E, 0x38, 0x0E, 0x23, 0x8E, 0x0C, 0x38, 0x63, 0x30, 0x1C, 0xCE,
    0x1D, 0xBE, 0xC3, 0x8D, 0xC0, 0x73, 0x38, 0x7E, 0xFF, 0x00, 0x30, 0x0F, 0xFF, 0xF9, 0xFF, 0xFE,
    0x00, 0xC0, 0x00, 0x20, 0x00, 0x00, 0x00, 0x02, 0x11, 0x81, 0x86, 0x60, 0x67, 0xFE, 0x19, 0xFF,
    0x8C, 0x11, 0x83, 0x06, 0x60, 0xCF, 0xFE, 0x73, 0xFF, 0x1C, 0x5F, 0xEF, 0x17, 0xF8, 0xC5, 0xFE,
    0x31, 0x7F, 0x8C, 0xDF, 0xE3, 0x67, 0xF8, 0xC9, 0x26, 0x36, 0x6F, 0x8D, 0x11, 0xC0, 0x00, 0x00,
    0x00, 0x00, 0x00, 0x42, 0x00, 0x3C, 0x8C, 0x09, 0xF3, 0x06, 0x7F, 0xC1, 0x9D, 0xC0, 0xE6, 0x60,
    0x79, 0xFF, 0x9B, 0xFF, 0xCE, 0xFF, 0xF1, 0x37, 0xF8, 0x09, 0xFF, 0x02, 0x7F, 0x80, 0x91, 0x00,
    0x27, 0xFE, 0x09, 0xFF, 0x82, 0x40, 0x00, 0x00, 0x00, 0x02, 0x22, 0x01, 0x98, 0xC0, 0x6F, 0xB0,
    0x1B, 0xE8, 0x0C, 0x27, 0xC3, 0x1B, 0xF8, 0xDF, 0xEC, 0x71, 0x9B, 0x1C, 0x6E, 0xCF, 0x7F, 0xF0,
    0xDF, 0xB8, 0x33, 0xC6, 0x0C, 0xF3, 0x83, 0x34, 0xF0, 0xD9, 0x6C, 0x37, 0xF3, 0x8D, 0x68, 0x60,
    0x00, 0x00, 0x02, 0x08, 0x01, 0xBF, 0xE0, 0x6F, 0xFC, 0x18, 0x70, 0x0C, 0x7F, 0x83, 0x1F, 0xC0,
    0xDF, 0xFE, 0x70, 0x00, 0x1C, 0x7F, 0xCF, 0x1F, 0xF0, 0xC7, 0xFC, 0x31, 0xFF, 0x0C, 0x7B, 0xC3,
    0x1F, 0xF0, 0xC7, 0xF8, 0x33, 0xCF, 0x8C, 0xC0, 0xE0, 0x00, 0x00, 0x01, 0x20, 0x00, 0x48, 0x00,
    0x13, 0x00, 0x0D, 0xFF, 0x82, 0xFF, 0xC1, 0xFF, 0xF0, 0x63, 0x0C, 0x38, 0xFF, 0x1E, 0x3F, 0x8E,
    0xFF, 0xF9, 0x2F, 0xFC, 0x08, 0xFF, 0x83, 0xFF, 0xE0, 0xBE, 0xD8, 0x3F, 0x66, 0x1F, 0x77, 0x82,
    0x19, 0xC0, 0x00, 0x00, 0x02, 0x00, 0x01, 0x8F, 0xF8, 0x63, 0xFE, 0x34, 0x30, 0x0D, 0x0C, 0x03,
    0x4F, 0xF1, 0xDF, 0x8C, 0x77, 0x7F, 0x3D, 0x9F, 0xCF, 0x47, 0xF1, 0xD3, 0xFC, 0x34, 0xC3, 0x0D,
    0xFF, 0xC3, 0x37, 0xE0, 0xC1, 0x9C, 0x30, 0xC3, 0x8C, 0x20, 0x60, 0x00, 0x00, 0x02, 0x21, 0x01,
    0x88, 0x60, 0x67, 0x58, 0x1B, 0xFF, 0x8C, 0x3F, 0x83, 0x0F, 0xE1, 0xC1, 0xC0, 0x71, 0xFF, 0x3C,
    0x7F, 0xCF, 0x1F, 0xF0, 0xC7, 0xF8, 0x33, 0xFF, 0x8C, 0x9D, 0x43, 0x1F, 0xF0, 0xC7, 0xF8, 0x33,
    0xFF, 0x8C, 0xFF, 0xE0, 0x00, 0x00, 0x06, 0x1A, 0x01, 0xFF, 0x80, 0x7E, 0x20, 0x1F, 0xE8, 0x0F,
    0xFF, 0xC3, 0x7F, 0xF1, 0xFF, 0xE4, 0x7F, 0xF9, 0x3F, 0xFE, 0x4F, 0xFF, 0x90, 0xDF, 0xE4, 0x37,
    0xE9, 0x0F, 0xFE, 0x43, 0x1B, 0x10, 0xDF, 0xCC, 0x3F, 0xB7, 0x00, 0x00, 0x00, 0x00, 0x00, 0x02,
    0x20, 0x01, 0x8F, 0x80, 0x67, 0xE0, 0x1F, 0x9E, 0x0D, 0xFF, 0xC3, 0x63, 0x30, 0xC8, 0xCC, 0x73,
    0xFF, 0x1C, 0xFF, 0x8F, 0x3E, 0xB3, 0xCF, 0xF8, 0x33, 0xFE, 0x0C, 0xFD, 0x83, 0x7F, 0xB0, 0xDE,
    0xCE, 0x30, 0xE1, 0x8C, 0x30, 0x00, 0x00, 0x00, 0x06, 0x24, 0x01, 0xA9, 0x20, 0x6E, 0x58, 0x1F,
    0xFF, 0x0F, 0xFF, 0xC3, 0x39, 0x81, 0xC6, 0xC0, 0x7F, 0xFE, 0x3C, 0xFF, 0x0F, 0x7F, 0xC0, 0xDF,
    0xFC, 0x3F, 0xFF, 0x0C, 0x3C, 0x03, 0x19, 0x00, 0xDC, 0x78, 0x3E, 0x06, 0x00, 0x00, 0x00, 0x00,
    0x00, 0x02, 0x08, 0x01, 0x82, 0x00, 0x61, 0xC0, 0x1F, 0xFF, 0x8C, 0x3E, 0x83, 0x3D, 0xF0, 0xCF,
    0xF8, 0x73, 0x07, 0x1D, 0xFF, 0xEF, 0x3F, 0xC0, 0xCF, 0xF0, 0x31, 0xF8, 0x0C, 0x49, 0x03, 0x32,
    0x70, 0xD8, 0x8E, 0x35, 0xE1, 0x8C, 0x30, 0x00, 0x00, 0x00, 0x02, 0x21, 0x81, 0x8C, 0xC0, 0x6F,
    0xFC, 0x1B, 0xFF, 0x8C, 0xCC, 0x63, 0x3F, 0xF9, 0xCC, 0xC6, 0x73, 0xFF, 0xBC, 0xFF, 0xC7, 0x1F,
    0xF0, 0xC7, 0xFC, 0x31, 0xFF, 0x0C, 0x7F, 0xC3, 0x10, 0x30, 0xC7, 0xFC, 0x31, 0xFF, 0x0C, 0x40,
    0xC0, 0x00, 0x00, 0x02, 0x22, 0x01, 0xBF, 0xE0, 0x6F, 0xFC, 0x19, 0xFC, 0x0C, 0x7F, 0x83, 0x07,
    0x00, 0xDF, 0xFE, 0x77, 0xFF, 0x1C, 0xF6, 0xCF, 0x39, 0xA0, 0xDF, 0xFE, 0x37, 0xFF, 0x0C, 0x3B,
    0xC3, 0x7E, 0xF0, 0xDE, 0x3E, 0x33, 0xBF, 0x8C, 0xCC, 0xE0, 0x00, 0x00, 0x02, 0x08, 0x01, 0xBF,
    0xE0, 0x6F, 0xFC, 0x18, 0xC8, 0x0C, 0x1E, 0x03, 0x7F, 0xF9, 0xC0, 0x00, 0x71, 0xFE, 0x3C, 0x7F,
    0x8F, 0x1F, 0xE1, 0xC7, 0xF8, 0x31, 0xFE, 0x0C, 0x3F, 0x03, 0x2B, 0x30, 0xDA, 0x5E, 0x3C, 0xFF,
    0x8D, 0x1F, 0x00, 0x00, 0x00, 0x02, 0x7F, 0x81, 0x9F, 0xE0, 0x6F, 0xFC, 0x1F, 0xFF, 0x8D, 0xFB,
    0xE3, 0x7E, 0xF9, 0xD9, 0x86, 0x71, 0xAE, 0x3C, 0x6B, 0x8F, 0x7F, 0xF0, 0xCF, 0xFC, 0x37, 0xFF,
    0x8D, 0xB2, 0x63, 0x64, 0x98, 0xD9, 0x3E, 0x36, 0x07, 0x00, 0x00, 0x00, 0x00, 0x00, 0x02, 0x49,
    0x81, 0x9A, 0xC0, 0x7F, 0xFC, 0x1F, 0xFF, 0x8D, 0x00, 0x63, 0x7F, 0xF9, 0xC6, 0x18, 0x73, 0xFF,
    0x3D, 0xFE, 0xCF, 0x3F, 0xF1, 0xCF, 0xFC, 0x33, 0xFF, 0x0C, 0xFF, 0xC3, 0x7F, 0xF0, 0xCF, 0xF8,
    0x37, 0x07, 0x8D, 0x80, 0xE0, 0x00, 0x00, 0x02, 0x00, 0x01, 0xFF, 0xF8, 0x7F, 0xFE, 0x18, 0xE0,
    0x0C, 0x7F, 0x83, 0x18, 0x60, 0xC7, 0xF8, 0x71, 0xFE, 0x1D, 0xFF, 0xEF, 0x7F, 0xF8, 0xDF, 0xFE,
    0x36, 0xE9, 0x0C, 0x7F, 0x83, 0x7F, 0xE0, 0xDB, 0xF0, 0x37, 0xFF, 0x8D, 0xE1, 0xE0, 0x00, 0x00,
    0x00, 0x00, 0x03, 0xFF, 0xE0, 0x7F, 0xF0, 0x00, 0x00, 0x00, 0x00, 0x00, 0x00, 0x03, 0xFF, 0xFC,
    0xFF, 0xFF, 0x81, 0x88, 0x00, 0x62, 0x00, 0x08, 0x80, 0x06, 0x20, 0x03, 0x0C, 0x61, 0xC2, 0x19,
    0xE0, 0xFE, 0xE0, 0x1F, 0x00, 0x00, 0x00, 0x00, 0x00, 0x00, 0x00, 0x03, 0xFF, 0x80, 0xFF, 0xF0,
    0x30, 0x0C, 0x0C, 0x03, 0x03, 0x00, 0xC0, 0xC0, 0x30, 0x3F, 0xFC, 0x07, 0xFE, 0x00, 0x26, 0x00,
    0x09, 0x80, 0x06, 0x60, 0x03, 0x18, 0x61, 0xC4, 0x19, 0xE1, 0xFE, 0xE0, 0x3F, 0x00, 0x00, 0x00,
    0x00, 0x00, 0x00, 0x20, 0x00, 0x08, 0x00, 0x07, 0x00, 0xFF, 0xFF, 0x80, 0xC2, 0x00, 0x20, 0xC0,
    0x18, 0x38, 0x0C, 0x3E, 0x1F, 0xFC, 0xC3, 0xFE, 0x30, 0x08, 0x88, 0x06, 0x30, 0x01, 0x88, 0x60,
    0xC2, 0x18, 0xF0, 0x86, 0xF8, 0x3F, 0xB8, 0x07, 0x80, 0x00, 0x00, 0x00, 0x90, 0x00, 0x66, 0x00,
    0x89, 0x90, 0x62, 0x66, 0x0D, 0x9B, 0x81, 0xE7, 0xC0, 0x79, 0xC0, 0x02, 0x60, 0x01, 0x98, 0x01,
    0xE7, 0x03, 0xF9, 0xE0, 0x72, 0x7E, 0x01, 0x99, 0x60, 0xC6, 0x18, 0xF1, 0x86, 0xF8, 0x7F, 0x38,
    0x0F, 0x80, 0x00, 0x00, 0x00, 0x20, 0x00, 0x88, 0x00, 0x62, 0x00, 0x1F, 0xFC, 0x07, 0xFF, 0x81,
    0x88, 0x00, 0xC2, 0x00, 0x60, 0x80, 0x08, 0x20, 0x0F, 0xFF, 0xF9, 0xFF, 0xFC, 0x02, 0x20, 0x01,
    0x8C, 0xC0, 0xC2, 0x30, 0xF0, 0x8C, 0xF8, 0x3F, 0x38, 0x07, 0x00, 0x00, 0x00, 0x00, 0x20, 0x00,
    0x08, 0x00, 0x42, 0x10, 0x30, 0x86, 0x06, 0x21, 0x80, 0xC8, 0xC0, 0x32, 0x60, 0x00, 0x80, 0x3F,
    0xFF, 0xE7, 0xFF, 0xF0, 0x08, 0x80, 0x06, 0x30, 0x03, 0x08, 0x61, 0xC2, 0x18, 0xE0, 0x86, 0xF0,
    0x3F, 0xB8, 0x07, 0x80, 0x00, 0x00, 0x00, 0x20, 0x00, 0x08, 0x00, 0x07, 0x00, 0xFF, 0xFF, 0x80,
    0x20, 0x00, 0x1C, 0x00, 0x7F, 0xF0, 0x18, 0x0C, 0x06, 0x03, 0x01, 0x80, 0xC0, 0x7F, 0xF0, 0x0F,
    0xF8, 0x00, 0x90, 0xC0, 0x24, 0x30, 0x39, 0x0C, 0xFC, 0x7F, 0x3C, 0x0F, 0x00, 0x00, 0x00, 0x00,
    0x80, 0x00, 0x60, 0x00, 0x1F, 0xC0, 0x0F, 0xF8, 0x06, 0x18, 0x03, 0x86, 0x01, 0xFF, 0xF8, 0xFF,
    0xD6, 0x0C, 0x31, 0x83, 0x0C, 0x60, 0xFF, 0xF8, 0x1F, 0xFC, 0x00, 0x88, 0x60, 0x62, 0x18, 0x70,
    0x86, 0xF8, 0x3F, 0xB8, 0x07, 0xC0, 0x00, 0x00, 0x00, 0x00, 0x03, 0x1F, 0xE0, 0xC7, 0xF8, 0x31,
    0x06, 0x0C, 0x7F, 0x83, 0x1F, 0xE0, 0xC4, 0x18, 0x31, 0x06, 0x0C, 0x7F, 0x83, 0x1F, 0xE0, 0x08,
    0x80, 0x06, 0x20, 0x01, 0x08, 0x61, 0xC2, 0x19, 0xE0, 0xFE, 0xE0, 0x1F, 0x00, 0x00, 0x00, 0x00,
    0x00, 0x00, 0x40, 0x01, 0x18, 0x80, 0x66, 0x60, 0x6F, 0xF6, 0x1F, 0xFF, 0xC6, 0x00, 0x31, 0x00,
    0x0C, 0x7F, 0xFF, 0x17, 0xFF, 0x41, 0x80, 0xC0, 0x60, 0x30, 0x1F, 0xFC, 0x07, 0xFF, 0xC0, 0x66,
    0x30, 0x31, 0x8C, 0x78, 0x7F, 0x1C, 0x07, 0x80, 0x00, 0x00, 0x00, 0x00, 0x00, 0xFC, 0x00, 0x3F,
    0x00, 0x00, 0xC0, 0x00, 0x30, 0x00, 0x0C, 0x00, 0x03, 0x00, 0x01, 0xC0, 0x00, 0x70, 0x00, 0x36,
    0x00, 0x08, 0x80, 0x06, 0x30, 0x03, 0x06, 0x01, 0x80, 0xC1, 0xC0, 0x1C, 0xE0, 0x03, 0x80, 0x00,
    0x00, 0x00, 0x00, 0x00, 0x20, 0x00, 0x08, 0x00, 0x07, 0x00, 0x03, 0xE0, 0x01, 0x8C, 0x00, 0xC1,
    0xC0, 0xE0, 0x18, 0xFF, 0xFF, 0x93, 0xFE, 0x40, 0x08, 0x00, 0x03, 0x00, 0x1F, 0xFC, 0x03, 0xFE,
    0x00, 0x08, 0x00, 0x02, 0x00, 0xFF, 0xFF, 0xBF, 0xFF, 0xE0, 0x00, 0x00, 0x00, 0x00, 0x00, 0x0E,
    0x00, 0x0B, 0x80, 0x06, 0x20, 0x00, 0x88, 0x00, 0x62, 0x00, 0x18, 0xC0, 0x0C, 0x18, 0x03, 0x04,
    0x01, 0xC1, 0x80, 0x60, 0x30, 0x18, 0x0E, 0x0E, 0x01, 0x83, 0x00, 0x63, 0x80, 0x0E, 0xC0, 0x01,
    0x80, 0x00, 0x00, 0x00, 0x00, 0x01, 0x04, 0x00, 0xC1, 0x00, 0x30, 0x60, 0x18, 0x0C, 0x06, 0x03,
    0x03, 0x08, 0x60, 0xC2, 0x18, 0x60, 0x83, 0x30, 0x60, 0x60, 0x32, 0x00, 0x0C, 0xC0, 0x02, 0x10,
    0x01, 0x86, 0x01, 0xCF, 0xE1, 0xFF, 0xD8, 0x3F, 0x86, 0x00, 0x01, 0x00, 0x00, 0x00, 0x00, 0x20,
    0x00, 0x18, 0x00, 0x06, 0x00, 0x01, 0x80, 0x00, 0x60, 0x07, 0xFF, 0xF9, 0xFF, 0xFE, 0x00, 0x00,
    0x00, 0x84, 0x00, 0x61, 0x80, 0x18, 0x60, 0x0C, 0x0C, 0x03, 0x03, 0x01, 0xC0, 0xE0, 0xC0, 0x0C,
    0x60, 0x03, 0x90, 0x00, 0x60, 0x00, 0x00, 0x01, 0x04, 0x00, 0xC1, 0x80, 0x30, 0x60, 0x0C, 0x18,
    0x03, 0x06, 0x07, 0xFF, 0xF0, 0x30, 0x60, 0x0C, 0x18, 0x03, 0x06, 0x00, 0xC1, 0x83, 0xFF, 0xFE,
    0x7B, 0xEF, 0x01, 0x04, 0x00, 0xC1, 0x81, 0xE0, 0x3C, 0xF0, 0x07, 0xB0, 0x00, 0x60, 0x00, 0x00,
    0x00, 0x0E, 0x00, 0xFF, 0xC0, 0x7F, 0x00, 0x18, 0x00, 0x06, 0x00, 0x01, 0x80, 0x00, 0x7F, 0xFC,
    0x18, 0x30, 0x06, 0x0C, 0x01, 0x83, 0x03, 0xFF, 0xFE, 0x7F, 0xFF, 0x00, 0x84, 0x00, 0x61, 0x80,
    0x70, 0x38, 0x78, 0x07, 0x9C, 0x00, 0xE0, 0x00, 0x00, 0x00, 0x00, 0x01, 0xFF, 0xC0, 0x7F, 0xF0,
    0x1F, 0xFC, 0x07, 0xFF, 0x01, 0xFF, 0xC0, 0x7F, 0xF0, 0x18, 0x0C, 0x07, 0xFF, 0x00, 0xFF, 0x83,
    0xFF, 0xFC, 0xFF, 0xFF, 0x80, 0x8C, 0x00, 0xE3, 0xC0, 0xF0, 0x38, 0x70, 0x03, 0x00, 0x00, 0x00,
    0x00, 0x00, 0x00, 0x90, 0x00, 0x24, 0x00, 0x1F, 0x80, 0x3F, 0xFE, 0x0D, 0x99, 0x83, 0x24, 0x60,
    0xD9, 0x98, 0x3F, 0xFE, 0x0F, 0xFF, 0x83, 0x24, 0x60, 0xD9, 0x98, 0xFF, 0xFF, 0x9F, 0xFF, 0xC0,
    0x43, 0x00, 0x70, 0xF8, 0xF8, 0x0F, 0x3C, 0x00, 0xC0, 0x00, 0x00, 0x02, 0x02, 0x01, 0xC1, 0xC0,
    0x18, 0xC0, 0x7F, 0xFF, 0x3F, 0xFF, 0xE1, 0xFF, 0xC0, 0xFF, 0xF8, 0x06, 0x66, 0x3F, 0xFF, 0xE7,
    0xFF, 0xF0, 0xFF, 0xF8, 0x1F, 0xFC, 0x01, 0x9C, 0x03, 0xE5, 0xC3, 0xE9, 0x3E, 0xE6, 0x43, 0x80,
    0x90, 0x00, 0x00, 0x00, 0x00, 0x20, 0x00, 0x0C, 0x00, 0x03, 0x00, 0x00, 0xC0, 0x00, 0x30, 0x07,
    0xFF, 0xF1, 0x83, 0x0C, 0x60, 0xC3, 0x18, 0x70, 0xC6, 0x12, 0x31, 0x8C, 0xCC, 0x66, 0x1B, 0x1B,
    0x04, 0xC6, 0x80, 0x31, 0x80, 0x0C, 0x60, 0x1F, 0x08, 0x07, 0x00, 0x00, 0x00, 0x07, 0xFF, 0x83,
    0xFF, 0xF0, 0xC6, 0x0C, 0x31, 0x83, 0x0C, 0x60, 0xC3, 0x18, 0x30, 0xC6, 0x0C, 0x31, 0x83, 0x0F,
    0xFF, 0xC3, 0xFF, 0xF0, 0xC0, 0x0C, 0x30, 0x03, 0x0C, 0x00, 0xC3, 0x00, 0x30, 0xC0, 0x0C, 0x30,
    0x1E, 0x0C, 0x07, 0x00, 0x00, 0x00, 0x00, 0x00, 0x03, 0xFF, 0xE0, 0xFF, 0xF8, 0x32, 0x46, 0x0D,
    0x91, 0x83, 0x64, 0x60, 0xC9, 0x18, 0xFF, 0xFF, 0xBF, 0xFF, 0xE3, 0x64, 0x60, 0xD9, 0x18, 0x36,
    0x46, 0x0D, 0x91, 0x83, 0x64, 0x60, 0xD9, 0x78, 0x30, 0x1C, 0x00, 0x00, 0x00, 0x00, 0x00, 0x00,
    0x00, 0x0F, 0xFF, 0xF9, 0xFF, 0xFC, 0x00, 0x80, 0x0F, 0xFF, 0x03, 0xFF, 0xE0, 0xC2, 0x18, 0x3F,
    0xFE, 0x0F, 0xFF, 0x83, 0x08, 0x63, 0xFF, 0xFC, 0xFF, 0xFF, 0x8C, 0x01, 0x83, 0x00, 0x60, 0xC0,
    0xF8, 0x30, 0x3C, 0x00, 0x00, 0x00, 0x00, 0x00, 0x0F, 0xFF, 0x83, 0xFF, 0xE0, 0xC0, 0x18, 0x3F,
    0xFE, 0x0F, 0xFF, 0x83, 0xFF, 0xE0, 0x00, 0x00, 0x1F, 0xFC, 0x07, 0xFF, 0x01, 0xFF, 0xC0, 0x7F,
    0xF0, 0x1F, 0xFC, 0x07, 0xFF, 0x01, 0x80, 0xC0, 0x7F, 0xF0, 0x1F, 0xFC, 0x04, 0x03, 0x00, 0x00,
    0x00, 0x00, 0x00, 0x0F, 0xFF, 0xF3, 0xFF, 0xFC, 0xC0, 0x03, 0x30, 0x00, 0xCC, 0x7E, 0x20, 0x3F,
    0x80, 0x0C, 0x20, 0x03, 0x08, 0x00, 0xC2, 0x00, 0x10, 0x80, 0x0C, 0x20, 0x06, 0x08, 0x61, 0x82,
    0x19, 0xC0, 0xFE, 0xE0, 0x1F, 0x00, 0x00, 0x00, 0x00, 0x00, 0x00, 0x00, 0x07, 0xFF, 0xF1, 0xFF,
    0xFC, 0x64, 0x03, 0x1B, 0x00, 0xC2, 0xFF, 0xA0, 0x3F, 0xE0, 0x0C, 0x00, 0x07, 0xFE, 0x01, 0xFF,
    0xC0, 0x00, 0x30, 0x00, 0x1C, 0x3F, 0xFF, 0xE0, 0x00, 0xC0, 0x03, 0xF0, 0x00, 0xF8, 0x00, 0x00,
    0x00, 0x00, 0x00, 0x00, 0x00, 0x0F, 0xFF, 0xFB, 0xFF, 0xFE, 0xC0, 0x07, 0x9F, 0x81, 0x83, 0xEF,
    0xF8, 0x03, 0xFE, 0xFF, 0x26, 0x3F, 0xCD, 0x83, 0x21, 0xE0, 0xC8, 0x78, 0x32, 0x06, 0x0C, 0x87,
    0xE6, 0x21, 0xD9, 0x8F, 0xFE, 0xC1, 0xFF, 0x00, 0x00, 0x00, 0x00, 0x00, 0x00, 0x00, 0x07, 0xFF,
    0xF1, 0xFF, 0xFC, 0x60, 0x03, 0x0B, 0xFE, 0x81, 0xFF, 0xC0, 0x7F, 0xF0, 0x1F, 0xFC, 0x07, 0xFF,
    0x00, 0xFF, 0x83, 0xFF, 0xFC, 0xFF, 0xFF, 0x80, 0x88, 0x00, 0xE3, 0x81, 0xF0, 0x7C, 0xF0, 0x07,
    0x80, 0x00, 0x00, 0x00, 0x00, 0x00, 0x80, 0x00, 0x60, 0x00, 0x0C, 0x00, 0x07, 0xFC, 0x03, 0x8E,
    0x01, 0xE3, 0x01, 0xCD, 0x80, 0x21, 0xC0, 0x00, 0xFE, 0x01, 0xF7, 0xFB, 0xF6, 0x3C, 0x61, 0xF0,
    0x00, 0x18, 0x00, 0x70, 0x00, 0x1F, 0x80, 0x00, 0xFC, 0x00, 0x06, 0x00, 0x00, 0x00, 0x00, 0x08,
    0x00, 0x03, 0x00, 0x00, 0xC0, 0x60, 0x66, 0x0C, 0x19, 0x81, 0x8C, 0x70, 0x03, 0x7C, 0x03, 0xF1,
    0x86, 0x00, 0x01, 0x80, 0x00, 0xE7, 0xFC, 0x71, 0xFF, 0x18, 0x40, 0xCE, 0x10, 0x33, 0x07, 0xFC,
    0x01, 0xFF, 0x00, 0x40, 0xC0, 0x00, 0x00, 0x00, 0x08, 0x02, 0x07, 0x01, 0xC3, 0x60, 0x30, 0xCC,
    0x06, 0x31, 0x80, 0x18, 0x30, 0x0F, 0xFE, 0x18, 0x44, 0x06, 0x00, 0x03, 0xBF, 0xF1, 0x83, 0xAC,
    0x60, 0x43, 0x30, 0x10, 0xCC, 0x07, 0xE0, 0x01, 0x70, 0x00, 0x40, 0x00, 0x10, 0x00, 0x00, 0x00,
    0x00, 0x10, 0x00, 0x04, 0x00, 0x03, 0x80, 0xCF, 0xFF, 0x98, 0xFF, 0x06, 0x3F, 0xE0, 0x01, 0x98,
    0x3F, 0xFF, 0x8F, 0xFF, 0xC3, 0x3F, 0xE1, 0xCF, 0xF0, 0x6F, 0xFF, 0xBB, 0xFF, 0xCC, 0x39, 0xC3,
    0x0F, 0xE0, 0xC7, 0xFF, 0x01, 0xE3, 0xC0, 0x00, 0x00, 0x00, 0x22, 0x00, 0x0C, 0xC0, 0x86, 0x60,
    0x61, 0xFF, 0x0C, 0xFF, 0xE1, 0xF9, 0x80, 0x1E, 0x60, 0x07, 0xFF, 0x01, 0x7F, 0x81, 0x99, 0x80,
    0xE7, 0xFC, 0x31, 0xFE, 0x1C, 0x46, 0x0E, 0x19, 0x83, 0x07, 0xFE, 0x01, 0xFF, 0x80, 0x40, 0x00,
    0x00, 0x00, 0x00, 0x10, 0x00, 0x04, 0x01, 0x3F, 0xFC, 0xEF, 0xFF, 0x1D, 0xFF, 0x83, 0xFF, 0xE0,
    0x13, 0x18, 0x07, 0xFE, 0x07, 0x30, 0x83, 0xFF, 0xE1, 0x9F, 0xF8, 0x61, 0xF8, 0x30, 0xD3, 0x0C,
    0xE4, 0x60, 0x63, 0x0C, 0x00, 0x40, 0x00, 0x00, 0x00, 0x00, 0x00, 0x00, 0x00, 0x00, 0x4B, 0xE0,
    0x16, 0xFC, 0xC7, 0x03, 0x19, 0x11, 0x83, 0xED, 0xC0, 0x1E, 0x78, 0x06, 0x3F, 0x85, 0xFB, 0x63,
    0xF8, 0xD9, 0xF4, 0xFC, 0x6F, 0xFE, 0x33, 0xFF, 0x0C, 0x3B, 0xC1, 0x1B, 0xF0, 0x1C, 0x5F, 0x86,
    0x11, 0xE0, 0x00, 0x00, 0x00, 0x00, 0x00, 0x7F, 0x80, 0x3F, 0xE0, 0x0C, 0x18, 0x03, 0x06, 0x00,
    0xC1, 0x80, 0x34, 0x60, 0x0D, 0x98, 0x01, 0x36, 0x00, 0xC7, 0x80, 0x60, 0x60, 0x18, 0x19, 0x8C,
    0x06, 0x63, 0x01, 0x99, 0x80, 0x7E, 0xC0, 0x0F, 0x00, 0x00, 0x00, 0x00, 0x00, 0x04, 0x00, 0x03,
    0x00, 0x00, 0xC1, 0xE0, 0x3F, 0x7C, 0x0F, 0xFB, 0x03, 0x1E, 0xC0, 0xC7, 0xB0, 0x61, 0xEC, 0x18,
    0x7B, 0x0F, 0x36, 0xD8, 0xCB, 0x36, 0x1E, 0xCD, 0x83, 0xB3, 0xC0, 0xE0, 0x20, 0xEE, 0x00, 0xF1,
    0xFF, 0xB8, 0x1F, 0xE0, 0x00, 0x00, 0x08, 0x00, 0x46, 0x01, 0x99, 0x80, 0x66, 0x6C, 0x39, 0x9B,
    0xCC, 0x66, 0x7F, 0x19, 0x87, 0x86, 0x60, 0xE1, 0x98, 0x7C, 0x66, 0x1B, 0x19, 0xBC, 0x76, 0x6E,
    0x0D, 0x98, 0x00, 0x66, 0x00, 0x19, 0xFF, 0xFE, 0x7F, 0xFF, 0x88, 0x00, 0x40, 0x00, 0x00, 0x00,
    0x78, 0x00, 0x3F, 0x00, 0x0C, 0xC0, 0x03, 0x30, 0x00, 0xCC, 0x00, 0x33, 0x00, 0x0C, 0xC0, 0x3F,
    0x3F, 0x1F, 0xCF, 0xE6, 0x00, 0x19, 0x80, 0x06, 0x60, 0x01, 0x98, 0x00, 0x66, 0x00, 0x19, 0xFF,
    0xFE, 0x7F, 0xFF, 0x88, 0x00, 0x40, 0x00, 0x00, 0x0F, 0x87, 0xC7, 0xF3, 0xF9, 0x8C, 0xC6, 0x63,
    0x31, 0x98, 0xCC, 0x66, 0x33, 0x19, 0x8C, 0xC6, 0x63, 0x31, 0x98, 0xFC, 0x66, 0x3F, 0x19, 0x80,
    0x06, 0x60, 0x01, 0x98, 0x00, 0x66, 0x00, 0x19, 0xFF, 0xFE, 0x7F, 0xFF, 0x88, 0x00, 0x40, 0x00,
    0x00, 0x00, 0x20, 0x00, 0x0C, 0x00, 0x03, 0x00, 0x30, 0xC6, 0x0C, 0x31, 0x83, 0x0C, 0x60, 0xC3,
    0x18, 0x3F, 0xFE, 0x07, 0xFF, 0x06, 0x0C, 0x31, 0x83, 0x0C, 0x60, 0xC3, 0x18, 0x30, 0xC6, 0x0C,
    0x31, 0xFF, 0xFC, 0x7F, 0xFF, 0x08, 0x00, 0xC0, 0x00, 0x00, 0x00, 0x00, 0x03, 0xFF, 0xF8, 0xFF,
    0xFE, 0x00, 0x41, 0x80, 0x30, 0x60, 0x04, 0x18, 0x03, 0x06, 0x01, 0x81, 0x80, 0x60, 0x60, 0x18,
    0x18, 0x0C, 0x06, 0x03, 0x01, 0x81, 0xC0, 0xE1, 0xC3, 0xE1, 0xF0, 0xF8, 0x60, 0x00, 0x00, 0x00,
    0x00, 0x00, 0x00, 0x00, 0x00, 0x03, 0xFF, 0xF8, 0xFF, 0xFE, 0x00, 0x41, 0x80, 0x10, 0x60, 0x04,
    0x18, 0x71, 0x06, 0x07, 0xC1, 0x80, 0xF0, 0x60, 0x3F, 0x18, 0x0C, 0xE6, 0x07, 0x11, 0x83, 0x80,
    0x61, 0xC0, 0x19, 0xE0, 0xFC, 0x70, 0x3E, 0x00, 0x00, 0x00, 0x00, 0x00, 0x00, 0x88, 0x00, 0x63,
    0x00, 0x10, 0x60, 0x0C, 0x18, 0x06, 0x03, 0x03, 0x00, 0x61, 0x80, 0x0C, 0xC0, 0x01, 0x8F, 0xFF,
    0x01, 0xFF, 0xC0, 0x08, 0x30, 0x06, 0x0C, 0x01, 0x03, 0x00, 0xC0, 0xC0, 0xE0, 0x30, 0xF0, 0xFC,
    0x38, 0x3C, 0x00, 0x00, 0x00, 0x00, 0x00, 0x01, 0x80, 0x00, 0x60, 0x00, 0x18, 0xFF, 0x06, 0x0C,
    0x41, 0xBB, 0x10, 0x78, 0xC4, 0x7C, 0x31, 0x1E, 0x0C, 0x41, 0x83, 0x10, 0x66, 0xC4, 0x19, 0xB1,
    0x06, 0x7C, 0x40, 0xF6, 0x10, 0x3F, 0x9C, 0x01, 0xC6, 0x00, 0x60, 0x00, 0x00, 0x00, 0x00, 0x80,
    0x40, 0x30, 0x30, 0x0C, 0x4C, 0x43, 0x33, 0x18, 0xCC, 0xC3, 0x33, 0x30, 0x78, 0xCC, 0x0E, 0x33,
    0x01, 0x8C, 0xC0, 0xF3, 0x30, 0x3C, 0xCC, 0x19, 0xB3, 0x06, 0x64, 0xC3, 0x18, 0x30, 0xC4, 0x0C,
    0x70, 0x1F, 0x10, 0x03, 0x80, 0x00, 0x00, 0x00, 0x00, 0x43, 0xF8, 0x30, 0xFF, 0x0C, 0x06, 0x33,
    0x01, 0x8C, 0xC0, 0x63, 0x30, 0x18, 0xCC, 0x7F, 0xF3, 0x01, 0x8C, 0xC0, 0x63, 0x30, 0x18, 0xCC,
    0x06, 0x33, 0x01, 0x80, 0xC0, 0x60, 0x30, 0x18, 0x0C, 0x06, 0x1F, 0x01, 0x07, 0x80, 0x00, 0x00,
    0x00, 0x00, 0x47, 0xFC, 0x31, 0xFF, 0xAC, 0x19, 0x9B, 0x06, 0x66, 0xC1, 0x99, 0xB0, 0x66, 0x6C,
    0x7F, 0xFB, 0x06, 0x66, 0xC1, 0x99, 0xB0, 0x66, 0x6C, 0x19, 0x9B, 0x06, 0x62, 0xC3, 0x18, 0x30,
    0xC6, 0x0C, 0x61, 0x9F, 0x10, 0x67, 0x80, 0x00, 0x00, 0x00, 0x00, 0x43, 0xFC, 0x30, 0xFF, 0xAC,
    0x0C, 0x1B, 0x03, 0x06, 0xC0, 0xFD, 0xB0, 0x33, 0x6C, 0x18, 0xDB, 0x07, 0x36, 0xC7, 0x79, 0xB0,
    0x8E, 0x6C, 0x03, 0x1B, 0x00, 0xC0, 0xC0, 0x60, 0x30, 0x70, 0x0C, 0x78, 0x1F, 0x18, 0x07, 0x80,
    0x00, 0x00, 0x06, 0x00, 0x01, 0x80, 0x00, 0x61, 0xFC, 0x7C, 0xFF, 0x1F, 0x8C, 0xC0, 0x63, 0x10,
    0x18, 0xC4, 0x0C, 0x31, 0x03, 0xCC, 0x43, 0xE7, 0x11, 0xED, 0x84, 0x5B, 0x63, 0x06, 0x30, 0x41,
    0x8C, 0x30, 0x66, 0x18, 0x1B, 0xBE, 0x06, 0x8F, 0x00, 0x00, 0x00, 0x01, 0x00, 0x42, 0x68, 0x30,
    0xDB, 0x2C, 0x36, 0xDB, 0x07, 0xB6, 0xC1, 0xF9, 0xB0, 0x7E, 0x6C, 0x06, 0x1B, 0x0F, 0xF6, 0xC0,
    0x61, 0xB0, 0x18, 0x6C, 0x7F, 0xFB, 0x1F, 0xF0, 0xC0, 0x60, 0x30, 0x18, 0x0C, 0x06, 0x1F, 0x01,
    0x87, 0x80, 0x00, 0x00, 0x00, 0x00, 0x43, 0xF8, 0x30, 0xFF, 0x2C, 0x30, 0xDB, 0x0C, 0x36, 0xC3,
    0x0D, 0xB0, 0xFF, 0x6C, 0x0C, 0x1B, 0x03, 0x06, 0xC0, 0xFD, 0xB0, 0x63, 0x6C, 0x18, 0xDB, 0x06,
    0x30, 0xC3, 0x0C, 0x30, 0xC3, 0x0C, 0x77, 0xDF, 0x11, 0xE7, 0x80, 0x00, 0x00, 0x00, 0x30, 0x43,
    0xFC, 0x30, 0xFC, 0x0C, 0x03, 0x1B, 0x00, 0xC6, 0xC0, 0x31, 0xB1, 0xFF, 0xEC, 0x07, 0x1B, 0x03,
    0xE6, 0xC0, 0xFD, 0xB0, 0x6D, 0xEC, 0x33, 0x1B, 0x18, 0xC0, 0xC4, 0x30, 0x30, 0x0C, 0x0C, 0x03,
    0x1F, 0x00, 0xC7, 0x80, 0x00, 0x00, 0x00, 0x00, 0x43, 0xFE, 0x10, 0xFF, 0xA4, 0x0C, 0x09, 0x03,
    0x62, 0x41, 0x8C, 0x90, 0x67, 0x24, 0x3F, 0x69, 0x00, 0xDA, 0x40, 0x30, 0x90, 0xFF, 0xA4, 0x1F,
    0xC9, 0x00, 0xC2, 0x40, 0x3E, 0x11, 0xFF, 0x84, 0x7E, 0x0F, 0x00, 0x03, 0x80, 0x00, 0x00, 0x01,
    0x00, 0x42, 0x60, 0x30, 0xD8, 0x2C, 0x3F, 0x9B, 0x1F, 0xF6, 0xC6, 0x61, 0xB0, 0x18, 0x6C, 0x7F,
    0xFB, 0x01, 0x86, 0xC0, 0x61, 0xB0, 0xFF, 0x6C, 0x3F, 0xDB, 0x09, 0xB2, 0xC3, 0x6C, 0x30, 0xDF,
    0x0C, 0x27, 0x8F, 0x01, 0x81, 0x80, 0x00, 0x00, 0x00, 0x00, 0x40, 0xFC, 0x30, 0x7F, 0xAC, 0x18,
    0x7B, 0x06, 0x1E, 0xC1, 0xFF, 0xB0, 0x6C, 0x6C, 0x1B, 0x1B, 0x07, 0xFE, 0xC3, 0xF7, 0xB0, 0xFD,
    0xEC, 0x3F, 0x7B, 0x0F, 0xDA, 0xC3, 0xFE, 0x31, 0xAD, 0x8C, 0x63, 0x0F, 0x10, 0xC1, 0x80, 0x00,
    0x00, 0x00, 0x20, 0x00, 0x98, 0x80, 0x76, 0x60, 0x0D, 0xB0, 0x07, 0xFF, 0x03, 0xFF, 0xC0, 0x0D,
    0x80, 0x17, 0x7D, 0x3F, 0xFF, 0xC1, 0xC1, 0x80, 0xF0, 0x70, 0xEF, 0xF7, 0x00, 0xCC, 0x40, 0x61,
    0x00, 0xF3, 0xC0, 0x71, 0xE0, 0x00, 0x00, 0x00, 0x00, 0x00, 0x00, 0x10, 0x43, 0x0C, 0x30, 0xF3,
    0x2C, 0x0F, 0x9B, 0x01, 0xE6, 0xC0, 0xED, 0xB0, 0x61, 0xEC, 0x73, 0x1B, 0x00, 0xC6, 0xC3, 0xFF,
    0xB0, 0xFF, 0x6C, 0x0F, 0xDB, 0x06, 0xDA, 0xC3, 0x36, 0x31, 0x8C, 0x8C, 0x43, 0x1F, 0x00, 0xC7,
    0x80, 0x00, 0x00, 0x00, 0x80, 0x40, 0x20, 0x19, 0xFF, 0xA6, 0xFF, 0xFD, 0x80, 0x83, 0x60, 0x70,
    0xD9, 0xFF, 0x36, 0x66, 0x4D, 0x98, 0x93, 0x66, 0x7C, 0xD8, 0x3E, 0x36, 0x1F, 0x8D, 0x8C, 0xA0,
    0x6E, 0x2E, 0x19, 0x89, 0x86, 0x02, 0x0F, 0x00, 0x83, 0x80, 0x00, 0x00, 0x01, 0x00, 0x40, 0x60,
    0x30, 0x18, 0x2C, 0x37, 0xDB, 0x1F, 0xFE, 0xC0, 0xC1, 0xB0, 0x36, 0x6C, 0x39, 0x9B, 0x06, 0xC6,
    0xC0, 0xED, 0xB0, 0x33, 0x6C, 0x19, 0x9B, 0x1C, 0xC0, 0xC6, 0x78, 0x30, 0x73, 0x0C, 0x78, 0xFF,
    0x18, 0x1B, 0x80, 0x00, 0x00, 0x00, 0x00, 0x43, 0xF8, 0x30, 0xFF, 0x2C, 0x30, 0xDB, 0x0C, 0x36,
    0xC3, 0xFD, 0xB0, 0xC3, 0x6C, 0x30, 0xDB, 0x0F, 0xF6, 0xC3, 0x0D, 0xB0, 0xC3, 0x6C, 0x30, 0xDB,
    0x0F, 0xF2, 0xC1, 0xF8, 0x30, 0xC7, 0x0C, 0x70, 0xDF, 0x10, 0x37, 0x80, 0x00, 0x00, 0x00, 0x00,
    0x00, 0xC0, 0x31, 0xB3, 0x0C, 0x6C, 0xDB, 0x0F, 0x66, 0xC3, 0xF9, 0xB1, 0xFF, 0x6C, 0x60, 0xDB,
    0x18, 0x36, 0xC7, 0xFD, 0xB1, 0xFF, 0x6C, 0x7F, 0xDB, 0x1F, 0xF0, 0xC6, 0x0C, 0x31, 0x83, 0x0C,
    0x63, 0x9F, 0x08, 0xC7, 0x00, 0x00, 0x00, 0x02, 0x04, 0x01, 0xC3, 0x80, 0x19, 0x80, 0x7F, 0xFF,
    0x3F, 0xFF, 0xE0, 0x00, 0x01, 0xFC, 0x18, 0x63, 0x36, 0x18, 0x4D, 0x87, 0xF3, 0x61, 0xFC, 0xD8,
    0x7F, 0x36, 0x1F, 0xCD, 0x86, 0x12, 0x61, 0x84, 0x18, 0x67, 0x3C, 0x19, 0x8E, 0x00, 0x00, 0x00,
    0x01, 0x00, 0x40, 0x60, 0x31, 0xFF, 0x0C, 0x7F, 0xE3, 0x06, 0x66, 0xC1, 0x99, 0xB0, 0x3C, 0x6C,
    0x0F, 0x1B, 0x1F, 0xFE, 0xC3, 0xFD, 0xB0, 0xFF, 0x6C, 0x3F, 0xDB, 0x08, 0x30, 0xC3, 0x0C, 0x30,
    0xFF, 0x0C, 0x3F, 0xDF, 0x08, 0x07, 0x80, 0x00, 0x00, 0x00, 0x00, 0x47, 0xF8, 0x31, 0xFF, 0x0C,
    0x60, 0xDB, 0x1D, 0xB6, 0xC7, 0xED, 0xB1, 0xB3, 0x6C, 0x7F, 0xDB, 0x1B, 0xB6, 0xC7, 0xFD, 0xB1,
    0xFF, 0x6C, 0x7F, 0xDB, 0x1F, 0xF0, 0xC7, 0xEC, 0x31, 0x83, 0x0C, 0x63, 0xDF, 0x10, 0xE7, 0x80,
    0x00, 0x00, 0x00, 0x80, 0x40, 0x70, 0x30, 0x36, 0x0C, 0x18, 0xDB, 0x1C, 0x1E, 0xC3, 0xFD, 0xB0,
    0x18, 0x6C, 0x06, 0x1B, 0x0F, 0xF6, 0xC3, 0x6D, 0xB0, 0xDB, 0x6C, 0x3F, 0xDB, 0x05, 0xC0, 0xC0,
    0xF8, 0x30, 0x66, 0x0C, 0x71, 0xFF, 0x18, 0x3B, 0x80, 0x00, 0x00, 0x01, 0x00, 0x40, 0x60, 0x31,
    0xFF, 0x2C, 0x7F, 0xFB, 0x06, 0x36, 0xC0, 0xD9, 0xB0, 0x1C, 0x6C, 0x0D, 0x9B, 0x1E, 0x3E, 0xC7,
    0x8D, 0xB0, 0x7F, 0x6C, 0x1F, 0xDB, 0x07, 0xF2, 0xC3, 0xFC, 0x30, 0xC3, 0x0C, 0x60, 0xDF, 0x10,
    0x37, 0x80, 0x00, 0x00, 0x00, 0x00, 0x43, 0xF8, 0x30, 0xFF, 0x0C, 0x0F, 0xDB, 0x07, 0xF6, 0xC0,
    0x0D, 0xB0, 0x03, 0x6C, 0x7F, 0xFB, 0x06, 0xDE, 0xC0, 0xFD, 0xB0, 0x2D, 0x6C, 0x0F, 0xDB, 0x06,
    0xF2, 0xC7, 0x36, 0x31, 0x8D, 0x8C, 0x1F, 0x6F, 0x07, 0x81, 0x80, 0x00, 0x00, 0x00, 0x00, 0x47,
    0xF8, 0x31, 0xFF, 0x2C, 0x1F, 0x1B, 0x0F, 0xE6, 0xC3, 0x19, 0xB0, 0xC6, 0x6C, 0x3F, 0x9B, 0x00,
    0x06, 0xC7, 0xFD, 0xB1, 0xFF, 0x6C, 0x7F, 0xDB, 0x1F, 0xF0, 0xC4, 0x6C, 0x31, 0xFF, 0x0C, 0x7F,
    0xDF, 0x10, 0x07, 0x80, 0x00, 0x00, 0x00, 0x70, 0x43, 0xFC, 0x19, 0xF8, 0x26, 0x47, 0xED, 0xBF,
    0xFF, 0x63, 0x66, 0xD8, 0xC9, 0x36, 0xFF, 0xFD, 0x9F, 0xFB, 0x63, 0x24, 0xD9, 0xFF, 0xF6, 0x3F,
    0xED, 0x83, 0xE3, 0x63, 0xAC, 0x9B, 0xC9, 0x86, 0xE2, 0x4F, 0x00, 0x83, 0x80, 0x00, 0x00, 0x01,
    0x00, 0x40, 0x60, 0x31, 0xFF, 0x2C, 0x7F, 0xFB, 0x1F, 0xFE, 0xC3, 0xFD, 0xB0, 0x3C, 0x6C, 0x1F,
    0x9B, 0x01, 0x86, 0xC7, 0xFF, 0xB0, 0xFF, 0x6C, 0x3F, 0xDB, 0x0F, 0xF0, 0xC3, 0x0C, 0x30, 0xFF,
    0x0C, 0x3F, 0xDF, 0x08, 0x07, 0x80, 0x00, 0x00, 0x01, 0x80, 0x40, 0x70, 0x30, 0x1E, 0x2C, 0x0F,
    0xDB, 0x07, 0xFE, 0xC3, 0xFB, 0xB1, 0xFF, 0x6C, 0x18, 0xDB, 0x07, 0xF6, 0xC1, 0xFD, 0xB0, 0x7F,
    0x6C, 0x1F, 0x9B, 0x0F, 0xFA, 0xC3, 0xFE, 0x30, 0xFF, 0x8C, 0x6F, 0xFF, 0x12, 0x1B, 0x80, 0x00,
    0x00, 0x01, 0x00, 0x40, 0x78, 0x30, 0x1F, 0x0C, 0x1E, 0xDB, 0x0F, 0xFE, 0xC3, 0x7F, 0xB0, 0xFB,
    0x6C, 0x37, 0xDB, 0x0C, 0xE6, 0xC3, 0xFF, 0xB0, 0xFF, 0x6C, 0x3F, 0xDB, 0x0F, 0xE6, 0xC7, 0xFC,
    0xB1, 0xFD, 0x8C, 0x7F, 0x6F, 0x17, 0xC1, 0x80, 0x00, 0x00, 0x00, 0x30, 0x00, 0x0C, 0x00, 0x03,
    0x00, 0x00, 0xC0, 0x0F, 0xFF, 0xC3, 0xFF, 0xF0, 0x03, 0x0C, 0x00, 0xC1, 0x00, 0x60, 0x40, 0x18,
    0x10, 0x0C, 0x04, 0x03, 0x01, 0x01, 0x80, 0x40, 0xC0, 0x30, 0x60, 0x18, 0x70, 0x7E, 0x18, 0x0F,
    0x00, 0x00, 0x00, 0x00, 0x0C, 0x00, 0x03, 0x00, 0x00, 0xC0, 0x7F, 0x30, 0x1F, 0xFF, 0xC0, 0xCF,
    0xF0, 0x30, 0xCC, 0x0C, 0x31, 0x03, 0x0C, 0x40, 0xC6, 0x10, 0x31, 0x84, 0x0F, 0xE3, 0x1F, 0xF0,
    0x47, 0x8C, 0x30, 0x07, 0x18, 0x03, 0xBE, 0x00, 0x8F, 0x00, 0x00, 0x00, 0x02, 0x00, 0x01, 0x80,
    0x00, 0x60, 0x00, 0x18, 0x00, 0x06, 0x0F, 0xEF, 0xFB, 0x18, 0x66, 0x86, 0x18, 0xA1, 0x86, 0x28,
    0x61, 0x8A, 0x18, 0xC2, 0x86, 0x30, 0xA1, 0x8C, 0x28, 0x66, 0x0E, 0x19, 0x9E, 0xFE, 0xE7, 0x3F,
    0xB0, 0x08, 0x60, 0x00, 0x00, 0x00, 0x20, 0x00, 0x48, 0x80, 0x32, 0x30, 0x0C, 0x86, 0x0E, 0x20,
    0xC7, 0x18, 0xD8, 0x0E, 0xE0, 0x01, 0xE0, 0x3F, 0xF8, 0x07, 0xF6, 0x00, 0xFF, 0xFC, 0x1F, 0xFF,
    0x00, 0x60, 0xC0, 0x30, 0x60, 0x38, 0x18, 0xFC, 0x3E, 0x3C, 0x0E, 0x00, 0x00, 0x00, 0x00, 0x04,
    0x03, 0xF1, 0x81, 0xFC, 0x60, 0x61, 0x18, 0x18, 0x7F, 0xC6, 0x3F, 0xF9, 0xFC, 0x66, 0x63, 0x19,
    0x98, 0xC6, 0x67, 0xF1, 0x99, 0x8C, 0xC6, 0x61, 0x31, 0x98, 0xCC, 0x66, 0xFE, 0x1B, 0xFF, 0x86,
    0xF0, 0xCF, 0x80, 0x23, 0xC0, 0x00, 0x00, 0x02, 0x00, 0x01, 0x87, 0xE1, 0xFD, 0xFC, 0xFF, 0x03,
    0x06, 0xF9, 0x83, 0x32, 0x61, 0xD8, 0xF0, 0x1E, 0x3C, 0x07, 0xCF, 0x8F, 0x1E, 0x79, 0xC7, 0x0C,
    0x7F, 0xFE, 0x0F, 0xFF, 0x80, 0x30, 0x60, 0x78, 0x30, 0xFC, 0x78, 0x3C, 0x1E, 0x00, 0x00, 0x00,
    0x00, 0x02, 0x03, 0xFC, 0xC1, 0xFF, 0x30, 0x60, 0x08, 0x18, 0x03, 0x07, 0xFB, 0xF9, 0xB0, 0x36,
    0x64, 0x0D, 0x99, 0xE3, 0x66, 0x78, 0xD9, 0x92, 0x36, 0xC4, 0x99, 0xB3, 0x24, 0x6C, 0x89, 0x9B,
    0x22, 0xC6, 0xDF, 0xA7, 0xB2, 0xC9, 0xC0, 0x00, 0x00, 0x00, 0x00, 0x03, 0x30, 0xC0, 0x66, 0x30,
    0x19, 0x98, 0x06, 0x6E, 0x07, 0xFF, 0xF1, 0x80, 0x0C, 0x61, 0x83, 0x00, 0x60, 0x03, 0xFF, 0xC0,
    0xFF, 0xF0, 0x03, 0x0C, 0x00, 0xC3, 0x00, 0x70, 0xC0, 0x70, 0x70, 0x78, 0xF8, 0x18, 0x3C, 0x00,
    0x00, 0x00, 0x01, 0x02, 0x00, 0xC0, 0x80, 0x30, 0x20, 0x7F, 0xC8, 0x3F, 0xF2, 0x01, 0x13, 0xF0,
    0xCE, 0xFC, 0x30, 0xC9, 0x18, 0x12, 0x4D, 0xB0, 0x90, 0x6C, 0x64, 0x0E, 0x11, 0x03, 0xC4, 0x41,
    0x9B, 0x11, 0xC7, 0x9C, 0xC0, 0xC7, 0x00, 0x00, 0x00, 0x00, 0x00, 0x01, 0x02, 0x00, 0x61, 0x80,
    0x18, 0x60, 0x7F, 0x98, 0x1F, 0xFF, 0x80, 0xE7, 0xF0, 0x3C, 0x6C, 0x3B, 0x1B, 0x07, 0x86, 0xC0,
    0xF9, 0xB0, 0x36, 0xCC, 0x1B, 0x33, 0x1D, 0x8C, 0xC6, 0x76, 0x30, 0x7F, 0x8C, 0x79, 0xEF, 0x18,
    0x1B, 0x80, 0x00, 0x00, 0x01, 0x02, 0x00, 0x61, 0x80, 0x5A, 0x60, 0x3F, 0xD8, 0x01, 0x86, 0x00,
    0x67, 0xF1, 0xFF, 0x6C, 0x6A, 0xDB, 0x1F, 0xF6, 0xC0, 0x31, 0xB0, 0x1C, 0xEC, 0x07, 0xF3, 0x1F,
    0xEC, 0xC7, 0xE7, 0x30, 0x1B, 0x8C, 0x1E, 0xCF, 0x07, 0xB3, 0x80, 0x00, 0x00, 0x01, 0x82, 0x00,
    0x61, 0x80, 0x18, 0x60, 0x7F, 0xF8, 0x01, 0x8E, 0x00, 0x67, 0xF0, 0xFF, 0x6C, 0x36, 0xDB, 0x0D,
    0xB6, 0xC3, 0xFD, 0xB0, 0xFE, 0x6C, 0x1F, 0x3B, 0x07, 0xEC, 0xC3, 0x6B, 0x31, 0x99, 0xCC, 0x46,
    0x6F, 0x01, 0x99, 0x80, 0x00, 0x00, 0x03, 0xFF, 0x80, 0xFF, 0xE0, 0x06, 0x70, 0x00, 0xF0, 0x03,
    0xFF, 0xC0, 0xFF, 0xF0, 0x3F, 0xFC, 0x0F, 0xFF, 0x03, 0xFF, 0xC0, 0xFF, 0xF0, 0x7F, 0xFC, 0x1F,
    0xFF, 0x00, 0x30, 0x40, 0x18, 0x10, 0x1C, 0x04, 0x7E, 0x3F, 0x1E, 0x0F, 0x80, 0x00, 0x00, 0x04,
    0x04, 0x03, 0x01, 0x00, 0xF8, 0x40, 0x3E, 0x7E, 0x19, 0x9F, 0x8C, 0xE1, 0x31, 0xFE, 0x4C, 0x6C,
    0x93, 0x1B, 0x64, 0xC7, 0xFB, 0x30, 0x79, 0x8C, 0x1E, 0xCE, 0x0D, 0xE3, 0x03, 0x60, 0x19, 0x9D,
    0xCE, 0xC3, 0xFF, 0x00, 0x00, 0x00, 0x00, 0x00, 0x00, 0x64, 0x07, 0xFB, 0x01, 0xF8, 0xC0, 0x7F,
    0x90, 0x3F, 0xFF, 0xC3, 0xFF, 0xF9, 0xFE, 0xC6, 0x6D, 0xB1, 0x9F, 0xEC, 0x67, 0xFB, 0x19, 0xFE,
    0xC6, 0x0C, 0x31, 0x9F, 0xF8, 0x60, 0xFE, 0x19, 0x3F, 0x9E, 0xFC, 0xCF, 0x00, 0x00, 0x00, 0x00,
    0x00, 0x04, 0x22, 0x03, 0x08, 0xC1, 0xFF, 0xB0, 0xFF, 0xFC, 0x0F, 0xE3, 0x03, 0xF9, 0xC0, 0xD6,
    0xFE, 0x3F, 0x8D, 0x8F, 0xE3, 0x6F, 0xFF, 0xD9, 0xFF, 0xB6, 0x6D, 0x59, 0x9E, 0x7C, 0x67, 0x0D,
    0x99, 0xFF, 0xC6, 0x7F, 0xE7, 0x18, 0x09, 0x80, 0x00, 0x00, 0x00, 0x10, 0x0F, 0xE4, 0x03, 0xF9,
    0xF8, 0x16, 0xFE, 0x0F, 0x73, 0x07, 0xF7, 0x83, 0xF9, 0xE0, 0x3F, 0xCF, 0x0F, 0xF9, 0xC7, 0x9F,
    0x41, 0xE7, 0xF0, 0xD8, 0x64, 0x06, 0x11, 0x01, 0x8C, 0x40, 0xE6, 0x70, 0x73, 0x1C, 0x00, 0x00,
    0x00, 0x00, 0x00, 0x00, 0x00, 0x01, 0x02, 0x01, 0xFC, 0x98, 0x6D, 0xA4, 0x19, 0x7F, 0x87, 0xDF,
    0xE1, 0xF1, 0x60, 0x66, 0xFD, 0x1B, 0xFF, 0xC7, 0xD8, 0x61, 0xBF, 0x9C, 0x67, 0xFE, 0x19, 0x19,
    0x0C, 0x46, 0x43, 0x33, 0x90, 0xD9, 0x9C, 0x00, 0x00, 0x00, 0x00, 0x00, 0x01, 0x04, 0x0F, 0xFF,
    0xFB, 0xFF, 0xFE, 0x0E, 0x18, 0x07, 0xFF, 0x01, 0xFF, 0xC0, 0x7F, 0xF0, 0x18, 0x0C, 0x07, 0xFF,
    0x00, 0xFF, 0x83, 0xFF, 0xFE, 0x7F, 0xFF, 0x3F, 0xFF, 0xEF, 0x7F, 0xF8, 0x1C, 0x60, 0x7E, 0xF0,
    0x1E, 0x38, 0x00, 0x00, 0x00, 0x01, 0x08, 0x03, 0xF3, 0x01, 0xFD, 0xC0, 0x2F, 0xFE, 0x3F, 0xFD,
    0x83, 0x7F, 0x61, 0xBF, 0xF8, 0xFF, 0xB7, 0x87, 0xD9, 0xEF, 0xFC, 0x39, 0xFF, 0x0C, 0x7F, 0xFE,
    0x0F, 0xFF, 0x80, 0x30, 0x60, 0x78, 0x18, 0xFC, 0x7E, 0x3C, 0x1E, 0x00, 0x00, 0x00, 0x04, 0x66,
    0x07, 0xFF, 0x81, 0xFF, 0xE0, 0x11, 0x98, 0x00, 0x06, 0x03, 0xFF, 0xF0, 0xDB, 0x6C, 0x36, 0xDB,
    0x0F, 0xF6, 0xC3, 0xF9, 0xB0, 0xFF, 0x6C, 0x3F, 0xBB, 0x0F, 0xFC, 0xC3, 0xFF, 0x30, 0x1F, 0xCC,
    0x7F, 0xEF, 0x1E, 0x19, 0x80, 0x00, 0x00, 0x04, 0x02, 0x01, 0x81, 0x80, 0xFC, 0x60, 0x7F, 0x98,
    0x1B, 0x0E, 0x86, 0xC7, 0xF1, 0xFF, 0x6C, 0x1B, 0x1B, 0x0F, 0xF6, 0xC7, 0xF9, 0xB1, 0xFE, 0xEC,
    0x3F, 0xB3, 0x0F, 0xEC, 0xC3, 0xFB, 0x30, 0xFF, 0xCC, 0x3F, 0xEF, 0x08, 0x19, 0x80, 0x00, 0x00,
    0x00, 0xC4, 0x03, 0xF1, 0x81, 0xF0, 0x60, 0x0F, 0xD8, 0x3F, 0xFE, 0x87, 0xFF, 0xF1, 0xFE, 0x6C,
    0x6D, 0x9B, 0x1F, 0xE6, 0xC3, 0xFB, 0x31, 0xFE, 0xCC, 0x3F, 0xB3, 0x01, 0xF8, 0xCF, 0xFC, 0xE3,
    0xE9, 0xBC, 0x76, 0x33, 0x98, 0x88, 0x60, 0x00, 0x00, 0x01, 0x00, 0x00, 0x60, 0x00, 0x18, 0x00,
    0x0F, 0xFF, 0x03, 0x00, 0xC1, 0x80, 0x10, 0xCC, 0x04, 0x63, 0x01, 0x01, 0x80, 0x40, 0x6C, 0x10,
    0x31, 0x84, 0x0D, 0xE1, 0x0F, 0xFC, 0x43, 0xE1, 0x30, 0x00, 0x18, 0x00, 0x7E, 0x00, 0x0F, 0x00,
    0x00, 0x00, 0x01, 0x80, 0x00, 0x60, 0x00, 0x1F, 0xFC, 0x07, 0xFF, 0x03, 0x00, 0xC0, 0xC0, 0x10,
    0x60, 0x04, 0x7C, 0x01, 0x1B, 0x38, 0x40, 0xFE, 0x10, 0x3C, 0x04, 0x0C, 0x31, 0x03, 0x0C, 0x40,
    0xFF, 0x30, 0x1F, 0x98, 0x00, 0x7E, 0x00, 0x1F, 0x00, 0x00, 0x00, 0x00, 0x80, 0x00, 0x60, 0x00,
    0x1F, 0xF0, 0x0F, 0xFE, 0x06, 0x01, 0x83, 0x80, 0x63, 0xBF, 0x98, 0x00, 0x66, 0x00, 0x19, 0x80,
    0x06, 0x60, 0x3F, 0x98, 0x0F, 0xFC, 0x02, 0x0E, 0x60, 0x80, 0x18, 0x20, 0x06, 0x0F, 0xFF, 0x81,
    0xFF, 0xC0, 0x00, 0x00, 0x00, 0x90, 0x00, 0x26, 0x00, 0x19, 0x80, 0x04, 0x60, 0x03, 0x18, 0xC0,
    0x86, 0x30, 0x21, 0x98, 0x38, 0x7C, 0x1E, 0x1E, 0x0E, 0x86, 0x01, 0x21, 0x00, 0x08, 0x60, 0x02,
    0x18, 0x60, 0x86, 0x18, 0x21, 0x86, 0x08, 0x7F, 0x82, 0x0F, 0x80, 0x00, 0x00, 0x00, 0x90, 0x00,
    0x66, 0x00, 0x19, 0x80, 0x06, 0x60, 0x01, 0x98, 0x40, 0x66, 0x7B, 0xF9, 0xB8, 0x06, 0x78, 0x01,
    0x98, 0x00, 0x66, 0x00, 0x19, 0x80, 0x06, 0x60, 0x07, 0x98, 0x6F, 0xE6, 0x19, 0xD9, 0x86, 0x06,
    0x7F, 0x00, 0x8F, 0x80, 0x00, 0x00, 0x0F, 0xFF, 0xC7, 0xFF, 0xF1, 0x80, 0x00, 0x60, 0x1E, 0x18,
    0xFF, 0x86, 0x7E, 0x01, 0x98, 0x00, 0x67, 0xFF, 0x19, 0xFF, 0xC6, 0x63, 0x01, 0xB0, 0xC0, 0x6C,
    0x30, 0x1E, 0x0C, 0x06, 0x82, 0x01, 0xFF, 0xFE, 0x7F, 0xFF, 0x90, 0x00, 0x00, 0x00, 0x00, 0x0F,
    0xFF, 0xC7, 0xFF, 0xF1, 0x8D, 0x80, 0x61, 0x60, 0x18, 0x58, 0x06, 0x16, 0x01, 0x8D, 0x80, 0x66,
    0x63, 0x19, 0x98, 0xC6, 0xC7, 0xF1, 0xE0, 0xF8, 0x70, 0x00, 0x18, 0x00, 0x06, 0x00, 0x01, 0xFF,
    0xFE, 0x7F, 0xFF, 0x90, 0x00, 0x00, 0x00, 0x00, 0x0F, 0xFF, 0x87, 0xFF, 0xF1, 0x80, 0x00, 0x60,
    0x04, 0x19, 0x87, 0x06, 0x61, 0x81, 0x8F, 0x60, 0x61, 0xF0, 0x18, 0x1C, 0x06, 0x07, 0x81, 0x83,
    0x70, 0x61, 0x8E, 0x19, 0xC0, 0xC6, 0x60, 0x21, 0xFF, 0xFE, 0x7F, 0xFF, 0x08, 0x00, 0x00, 0x00,
    0x00, 0x1F, 0xFF, 0xE7, 0xFF, 0xF9, 0x98, 0x00, 0x66, 0x00, 0x19, 0xFF, 0x86, 0xFF, 0xE1, 0x91,
    0x80, 0x6F, 0xFF, 0x1F, 0xFF, 0xC6, 0x0E, 0x01, 0x87, 0xC0, 0x63, 0x1C, 0x1B, 0xC1, 0xC6, 0x60,
    0x31, 0xFF, 0xFE, 0x7F, 0xFF, 0x90, 0x00, 0x00, 0x00, 0x00, 0x1F, 0xFF, 0x87, 0xFF, 0xE1, 0x8C,
    0xC0, 0x6F, 0xFE, 0x1F, 0xFF, 0x86, 0x33, 0x01, 0x86, 0x00, 0x7F, 0xFE, 0x1B, 0xFF, 0x86, 0x7F,
    0xC1, 0xFF, 0xF0, 0x6B, 0x04, 0x18, 0xFF, 0x06, 0x3F, 0xC1, 0xFF, 0xFC, 0x7F, 0xFF, 0x10, 0x00,
    0x00, 0x00, 0x00, 0x00, 0x20, 0x00, 0x08, 0x00, 0x02, 0x00, 0x00, 0x80, 0x00, 0x20, 0x00, 0x08,
    0x00, 0x02, 0x00, 0x00, 0x80, 0x3F, 0xFF, 0xE7, 0xFF, 0xF0, 0x02, 0x00, 0x00, 0x80, 0x00, 0x20,
    0x00, 0x08, 0x00, 0x02, 0x00, 0x00, 0x80, 0x00, 0x20, 0x00, 0x00, 0x00, 0x00, 0x06, 0x00, 0x1F,
    0xC0, 0x0F, 0x80, 0x7F, 0xC0, 0x00, 0x20, 0x00, 0x08, 0x00, 0x02, 0x00, 0x00, 0xC0, 0x3F, 0xFF,
    0xE7, 0xFF, 0xF0, 0x02, 0x00, 0x00, 0x80, 0x00, 0x20, 0x00, 0x08, 0x00, 0x02, 0x00, 0x00, 0x80,
    0x00, 0x20, 0x00, 0x00, 0x00, 0x00, 0x24, 0x00, 0x19, 0x80, 0x0C, 0x60, 0x7E, 0x18, 0x01, 0x86,
    0x00, 0x61, 0x80, 0x18, 0x60, 0x06, 0x18, 0x3F, 0xFF, 0xE7, 0xFF, 0xF0, 0x08, 0x60, 0x06, 0x18,
    0x03, 0x06, 0x00, 0xC1, 0x80, 0xE0, 0x60, 0x70, 0x18, 0x18, 0x04, 0x00, 0x00, 0x00, 0x01, 0x00,
    0x00, 0xC0, 0x00, 0x30, 0x00, 0x0F, 0xFC, 0x07, 0xFF, 0x81, 0x88, 0x00, 0xC2, 0x00, 0x60, 0x80,
    0x08, 0x20, 0x0F, 0xFF, 0xF9, 0xFF, 0xFC, 0x00, 0x80, 0x00, 0x20, 0x00, 0x08, 0x00, 0x02, 0x00,
    0x00, 0x80, 0x00, 0x20, 0x00, 0x00, 0x00, 0x00, 0x20, 0x00, 0x08, 0x00, 0x02, 0x00, 0x30, 0x86,
    0x06, 0x23, 0x01, 0x88, 0xC0, 0x32, 0x60, 0x00, 0x80, 0x0F, 0xFF, 0x81, 0xFF, 0xC0, 0x02, 0x00,
    0xFF, 0xFF, 0x9F, 0xFF, 0xC0, 0x08, 0x00, 0x02, 0x00, 0x00, 0x80, 0x00, 0x20, 0x00, 0x00, 0x00,
    0x00, 0x20, 0x00, 0x18, 0x00, 0x0E, 0x00, 0x3F, 0xFE, 0x0C, 0x21, 0x83, 0x1C, 0x60, 0xFF, 0xF8,
    0x31, 0x86, 0x0C, 0x21, 0x83, 0xFF, 0xE0, 0x7F, 0xF0, 0x06, 0x40, 0x3F, 0xFF, 0xEF, 0xFF, 0xF8,
    0x01, 0x00, 0x00, 0x40, 0x00, 0x10, 0x00, 0x00, 0x00, 0x00, 0x20, 0x00, 0x08, 0x00, 0x07, 0x00,
    0xFF, 0xFF, 0x82, 0x04, 0x01, 0x81, 0x80, 0x60, 0x60, 0x3C, 0x3C, 0x39, 0x99, 0xC4, 0x0C, 0x20,
    0x02, 0x00, 0xFF, 0xFF, 0x9F, 0xFF, 0xC0, 0x08, 0x00, 0x02, 0x00, 0x00, 0x80, 0x00, 0x20, 0x00,
    0x00, 0x00, 0x00, 0x20, 0x00, 0x0F, 0xE0, 0x03, 0xFC, 0x1F, 0xC0, 0x0F, 0xFF, 0x83, 0xFF, 0xE0,
    0xFF, 0xF8, 0x30, 0x06, 0x0C, 0x01, 0x83, 0xFF, 0xE0, 0x7F, 0xF0, 0x00, 0x80, 0x3F, 0xFF, 0xEF,
    0xFF, 0xF8, 0x02, 0x00, 0x00, 0x80, 0x00, 0x20, 0x00, 0x00, 0x00, 0x0C, 0x10, 0x03, 0x0C, 0x00,
    0xC7, 0xF0, 0x33, 0xFC, 0x0C, 0x31, 0x07, 0xD9, 0xE3, 0xFC, 0xF0, 0x30, 0x00, 0x0C, 0xC7, 0x03,
    0x7F, 0xF8, 0xCF, 0x36, 0x33, 0xC9, 0x8C, 0xF2, 0x63, 0x6F, 0x18, 0xDB, 0xFE, 0x3F, 0xEF, 0x00,
    0x00, 0x00, 0x00, 0x00, 0x00, 0x20, 0x00, 0x08, 0x00, 0x07, 0x00, 0xFF, 0xFF, 0x80, 0x20, 0x00,
    0x1C, 0x01, 0xFF, 0xFC, 0x66, 0x33, 0x18, 0xD8, 0xC7, 0xFF, 0xF1, 0xBF, 0xEC, 0x7F, 0xFB, 0x1B,
    0xFE, 0xC6, 0x08, 0x31, 0x82, 0x0C, 0x60, 0x9F, 0x18, 0x07, 0x00, 0x00, 0x00, 0x04, 0x21, 0x03,
    0x88, 0x60, 0x33, 0x38, 0x0F, 0xFC, 0x0F, 0xFF, 0x83, 0x08, 0x60, 0xC2, 0x18, 0x3F, 0xFE, 0x0F,
    0xFF, 0x83, 0x08, 0x60, 0xFF, 0xF8, 0x1F, 0xFC, 0x00, 0x20, 0x0F, 0xFF, 0xFB, 0xFF, 0xFC, 0x00,
    0x80, 0x00, 0x20, 0x00, 0x00, 0x00, 0x04, 0x09, 0x03, 0x02, 0x60, 0xC1, 0xCC, 0x37, 0xFF, 0x8C,
    0x7F, 0x83, 0x1F, 0xF3, 0xFC, 0xCC, 0x39, 0xFF, 0x0C, 0x7F, 0xC3, 0x1F, 0xF0, 0xC7, 0xF8, 0x33,
    0xFF, 0x8C, 0xFF, 0xC3, 0x08, 0x60, 0xC3, 0x18, 0x30, 0x7C, 0x04, 0x06, 0x00, 0x00, 0x00, 0x00,
    0x00, 0x00, 0x18, 0x00, 0x06, 0x00, 0x01, 0xFC, 0x00, 0x7F, 0x80, 0x18, 0x00, 0x06, 0x00, 0x01,
    0x80, 0x00, 0x60, 0x03, 0xFF, 0xC0, 0xFF, 0xF0, 0x30, 0x0C, 0x0C, 0x03, 0x03, 0x00, 0xC0, 0xFF,
    0xF0, 0x3F, 0xFC, 0x08, 0x03, 0x00, 0x00, 0x00, 0x00, 0xC0, 0x03, 0xF7, 0xE1, 0xF1, 0xFC, 0x60,
    0x43, 0x18, 0x18, 0xC6, 0x06, 0x31, 0xFD, 0x8C, 0x60, 0x63, 0x18, 0x18, 0xC6, 0x06, 0x31, 0x81,
    0x8C, 0x7F, 0x63, 0x1F, 0xDF, 0x86, 0x07, 0xC0, 0x81, 0x80, 0x00, 0x60, 0x00, 0x10, 0x00, 0x00,
    0x00, 0x00, 0x80, 0x00, 0x7E, 0x00, 0x1F, 0x80, 0x0C, 0x60, 0x07, 0xFF, 0x87, 0xFF, 0xE3, 0xC0,
    0x00, 0x33, 0xF8, 0x0D, 0xFE, 0x03, 0x60, 0x80, 0xD8, 0x20, 0x66, 0x08, 0x19, 0x9E, 0x66, 0x60,
    0x1B, 0x1E, 0x3E, 0xC3, 0xFF, 0x00, 0x00, 0x00, 0x00, 0x00, 0x0F, 0xE7, 0xC3, 0xFB, 0xF8, 0xC6,
    0xC6, 0x31, 0xB1, 0x8F, 0xEC, 0x63, 0xFB, 0x18, 0xC6, 0xC6, 0x3F, 0xB1, 0x8F, 0xEC, 0x63, 0x13,
    0x18, 0xCC, 0xC6, 0x37, 0x37, 0x8F, 0xED, 0xC7, 0xDB, 0x01, 0xC6, 0xC0, 0x00, 0x30, 0x00, 0x00,
    0x00, 0x00, 0x00, 0x01, 0x00, 0x00, 0x63, 0xF0, 0x18, 0xFC, 0x3F, 0xB3, 0x0F, 0xFC, 0xC0, 0x63,
    0x30, 0x18, 0xCC, 0x06, 0x33, 0x1F, 0xFC, 0xC7, 0xFF, 0x30, 0x66, 0xCC, 0x19, 0xB3, 0x0C, 0x3F,
    0x82, 0x7F, 0x41, 0xFF, 0xC0, 0x78, 0xF0, 0x00, 0x3C, 0x00, 0x00, 0x00, 0x00, 0xE0, 0x03, 0xFB,
    0xF0, 0xF9, 0xFC, 0x30, 0x63, 0x0C, 0x78, 0xC3, 0x9F, 0xB0, 0xFF, 0xEC, 0x37, 0xEF, 0x0C, 0x7B,
    0xC3, 0x7E, 0x30, 0xFF, 0x8C, 0x7B, 0x63, 0x18, 0xDF, 0x80, 0x67, 0xE0, 0x31, 0x80, 0x18, 0x60,
    0x04, 0x18, 0x00, 0x00, 0x00, 0x04, 0x00, 0x01, 0x81, 0xE0, 0x60, 0xFC, 0x1F, 0xF3, 0x0D, 0x8C,
    0xC6, 0x63, 0x30, 0x18, 0xCC, 0x7F, 0xF3, 0x1F, 0xEC, 0xC2, 0x63, 0x30, 0xDF, 0xCC, 0x37, 0xB3,
    0x0D, 0x8F, 0xC2, 0x7F, 0xE1, 0xFE, 0xC0, 0x7C, 0x30, 0x00, 0x0C, 0x00, 0x00, 0x00, 0x00, 0x00,
    0x03, 0xFF, 0xF0, 0xFF, 0xF8, 0x30, 0x00, 0x0C, 0xFF, 0x83, 0x3F, 0xE0, 0xC8, 0x18, 0x32, 0x06,
    0x0C, 0x81, 0x83, 0x23, 0xE1, 0x88, 0xE4, 0x62, 0x01, 0x98, 0x80, 0x66, 0x3F, 0xFB, 0x07, 0xFC,
    0xC0, 0x00, 0x00, 0x00, 0x00, 0x00, 0x00, 0x00, 0x00, 0x03, 0xFF, 0xF0, 0xFF, 0xF8, 0x33, 0xFC,
    0x0D, 0xFF, 0x83, 0x64, 0x60, 0xCF, 0xF8, 0x33, 0xFE, 0x0D, 0x91, 0x83, 0x7F, 0xE1, 0x8F, 0xF8,
    0x60, 0xE0, 0x1B, 0xFF, 0xC6, 0x06, 0x03, 0x3F, 0xFC, 0xDF, 0xFF, 0x80, 0x00, 0x00, 0x00, 0x00,
    0x07, 0xFF, 0xC3, 0xFF, 0xF8, 0xC0, 0x00, 0x37, 0xFE, 0x0D, 0xFF, 0x83, 0x7F, 0xE0, 0xD0, 0x18,
    0x37, 0xFE, 0x0D, 0xFF, 0x03, 0x7F, 0xE1, 0xDF, 0xF0, 0x60, 0x70, 0x1F, 0xFF, 0xCE, 0xFF, 0xF3,
    0x01, 0x80, 0xC3, 0xC0, 0x30, 0xE0, 0x00, 0x00, 0x00, 0x00, 0x00, 0x03, 0xFF, 0xF0, 0xFF, 0xF8,
    0x30, 0xC0, 0x0D, 0xFF, 0x83, 0x7F, 0xE0, 0xDF, 0xF8, 0x37, 0xFE, 0x0D, 0xFF, 0x83, 0x7F, 0xE1,
    0x81, 0x20, 0x62, 0x4C, 0x19, 0x91, 0x86, 0xC4, 0x33, 0x63, 0x06, 0xC3, 0x80, 0x00, 0x00, 0x00,
    0x00, 0x00, 0x02, 0x42, 0x00, 0xD8, 0xC0, 0x12, 0x70, 0x3F, 0xFF, 0x1F, 0xFF, 0xE6, 0xFD, 0x81,
    0xBF, 0x60, 0x63, 0x1F, 0x9F, 0xFE, 0xC7, 0xFD, 0xB1, 0x9E, 0xEC, 0x67, 0xFE, 0x19, 0x37, 0x8E,
    0x78, 0xE3, 0x7E, 0x3C, 0xD8, 0xBB, 0xB0, 0x2C, 0x60, 0x00, 0x00, 0x00, 0x20, 0x00, 0x08, 0x00,
    0x02, 0x00, 0x1F, 0xFC, 0x0F, 0xFF, 0x80, 0x0C, 0x00, 0x02, 0x00, 0x00, 0x80, 0x3F, 0xFF, 0xE7,
    0xFF, 0xF0, 0x04, 0x40, 0x03, 0x1C, 0x00, 0x81, 0x80, 0x67, 0xE0, 0xFF, 0xFC, 0x1F, 0x83, 0x00,
    0x00, 0xC0, 0x00, 0x00, 0x00, 0x40, 0x00, 0x31, 0x00, 0x18, 0x60, 0x3F, 0xFC, 0x1F, 0xFD, 0x03,
    0xFF, 0x41, 0xFF, 0xFE, 0x06, 0x30, 0x07, 0x04, 0x0F, 0xCD, 0xC1, 0xCF, 0x3E, 0x3F, 0x73, 0x07,
    0x78, 0x00, 0xF9, 0x80, 0x3B, 0xE0, 0x7F, 0xE0, 0x1F, 0xC0, 0x00, 0x00, 0x00, 0x00, 0x00, 0x03,
    0xFF, 0xC1, 0xFF, 0xF8, 0x04, 0x06, 0x03, 0x01, 0x80, 0x60, 0xC0, 0x18, 0x30, 0x03, 0x18, 0x00,
    0x6C, 0x00, 0x1E, 0x00, 0x03, 0x00, 0x01, 0xC0, 0x01, 0xDC, 0x01, 0xE3, 0xE3, 0xE0, 0x3E, 0xE0,
    0x03, 0x80, 0x00, 0x00, 0x00, 0x00, 0x00, 0x00, 0x07, 0xFF, 0xC0, 0xFF, 0xE0, 0x04, 0x30, 0x03,
    0x08, 0x00, 0xC7, 0xE0, 0x31, 0xF8, 0x06, 0x0E, 0x03, 0xC3, 0x01, 0x91, 0xC0, 0x66, 0xC0, 0x18,
    0xE0, 0x0C, 0x3C, 0x03, 0x3F, 0x81, 0xBE, 0x3C, 0xDC, 0x07, 0x80, 0x00, 0x00, 0x00, 0x00, 0x00,
    0x80, 0x00, 0x60, 0x00, 0x08, 0x00, 0x7F, 0xFF, 0x3F, 0xFF, 0xE0, 0x60, 0x00, 0x18, 0x00, 0x0C,
    0x00, 0x03, 0xFF, 0x81, 0xFF, 0xE0, 0x6C, 0x30, 0x39, 0x98, 0x0C, 0x3C, 0x03, 0x0E, 0x03, 0x8E,
    0xE0, 0xFF, 0x1F, 0x87, 0x01, 0xE0, 0x00, 0x00, 0x00, 0x00, 0x0F, 0xF7, 0xF3, 0xFD, 0xFC, 0x01,
    0x43, 0x08, 0x58, 0xC7, 0x34, 0x30, 0xF9, 0x9C, 0x1A, 0x36, 0x07, 0x8F, 0x80, 0xC1, 0xC0, 0x7C,
    0x60, 0x1B, 0x3C, 0x0C, 0x0F, 0x06, 0x0E, 0x73, 0x03, 0x0E, 0x00, 0x00, 0x00, 0x00, 0x00, 0x00,
    0x00, 0x00, 0x00, 0x03, 0xFF, 0xF0, 0xFF, 0xF8, 0x30, 0x00, 0x0C, 0x00, 0x03, 0xFF, 0xC0, 0xFF,
    0xF0, 0x32, 0x08, 0x0C, 0xC6, 0x03, 0x11, 0x00, 0xC6, 0xC0, 0x30, 0xE0, 0x18, 0x3C, 0x06, 0x3B,
    0x81, 0xBC, 0x3C, 0xDC, 0x07, 0x80, 0x00, 0x00, 0x00, 0x00, 0x00, 0x80, 0x00, 0x20, 0x00, 0x08,
    0x00, 0x62, 0xFF, 0x18, 0x80, 0xC6, 0x24, 0x31, 0x89, 0x0C, 0x62, 0x46, 0x18, 0x99, 0x86, 0x23,
    0xC1, 0xB8, 0xE0, 0xFE, 0x18, 0x18, 0x8E, 0x00, 0x22, 0xE0, 0x09, 0x9C, 0x02, 0xC3, 0x80, 0xA0,
    0x60, 0x00, 0x00, 0x02, 0x00, 0x00, 0x8F, 0xE0, 0x23, 0xFC, 0x0F, 0x03, 0x03, 0xF0, 0xC0, 0x84,
    0x30, 0x21, 0x18, 0xFF, 0xC6, 0x1F, 0xF9, 0x86, 0xA3, 0xC1, 0xB8, 0x60, 0x6B, 0x10, 0x32, 0x6E,
    0x0C, 0x9A, 0xE1, 0x25, 0x9C, 0x78, 0xC3, 0x8C, 0x20, 0x60, 0x00, 0x00, 0x00, 0x00, 0x0F, 0xF8,
    0x03, 0xFF, 0xFC, 0x31, 0x7F, 0x0F, 0xD0, 0xC3, 0xFC, 0x30, 0xC5, 0x9C, 0x3F, 0x26, 0x0F, 0xC9,
    0x83, 0x13, 0xE0, 0xDC, 0x70, 0x7F, 0x38, 0x3E, 0x4F, 0x00, 0x16, 0x60, 0x07, 0x1C, 0x01, 0x83,
    0x80, 0x00, 0x00, 0x00, 0x00, 0x00, 0x0F, 0x07, 0xFF, 0xC1, 0xFF, 0x00, 0x33, 0x18, 0x06, 0x66,
    0x01, 0x9B, 0x81, 0xFF, 0xF8, 0x60, 0x06, 0x10, 0x01, 0x87, 0xFF, 0xE1, 0x7F, 0xE8, 0x07, 0x60,
    0x00, 0xF0, 0x00, 0x3E, 0x00, 0x39, 0xE0, 0x7C, 0x3F, 0x1C, 0x03, 0xC0, 0x00, 0x00, 0x03, 0x00,
    0x00, 0xE0, 0x00, 0x7C, 0x00, 0x11, 0xFF, 0x0C, 0x60, 0xC7, 0x04, 0x31, 0xFF, 0x0C, 0xDF, 0x66,
    0x11, 0x09, 0x87, 0xF2, 0x60, 0xFC, 0xF0, 0x65, 0x1C, 0x19, 0x67, 0x0E, 0x4F, 0xE3, 0x13, 0x9C,
    0xDC, 0xC3, 0x86, 0x20, 0x60, 0x00, 0x00, 0x0F, 0xFF, 0xE7, 0xFF, 0xFC, 0x80, 0x03, 0x20, 0x00,
    0xC8, 0x00, 0x32, 0x00, 0x0C, 0x80, 0x03, 0x20, 0x00, 0xC8, 0x00, 0x32, 0x00, 0x0C, 0x80, 0x03,
    0x20, 0x00, 0xC8, 0x00, 0x33, 0xFF, 0xFC, 0xFF, 0xFF, 0x20, 0x00, 0xC0, 0x00, 0x00, 0x00, 0x00,
    0x00, 0x20, 0x00, 0x08, 0x00, 0x02, 0x00, 0x00, 0x80, 0x00, 0x70, 0x0F, 0xFF, 0xF8, 0x07, 0x00,
    0x00, 0x80, 0x00, 0x20, 0x03, 0xFF, 0xE0, 0xFF, 0xF8, 0x30, 0x06, 0x0C, 0x01, 0x83, 0x00, 0x60,
    0xFF, 0xF8, 0x3F, 0xFE, 0x0C, 0x01, 0x00, 0x00, 0x00, 0x01, 0x00, 0x00, 0x60, 0x00, 0x18, 0x00,
    0x07, 0xFF, 0x03, 0x00, 0xC1, 0x80, 0x30, 0xC0, 0x0C, 0x6F, 0xE3, 0x13, 0xF8, 0xC0, 0xC6, 0x30,
    0x31, 0x8C, 0x0F, 0xE3, 0x03, 0xF0, 0xC0, 0x80, 0x30, 0x00, 0x18, 0x00, 0x7E, 0x00, 0x1F, 0x00,
    0x00, 0x00, 0x00, 0x02, 0x00, 0x01, 0x80, 0x00, 0x60, 0x7D, 0x98, 0x1B, 0x66, 0x06, 0xD9, 0x81,
    0xB6, 0x60, 0x6D, 0x98, 0x1B, 0x66, 0x06, 0xD9, 0x81, 0xF6, 0x7C, 0x79, 0xFF, 0x19, 0xFE, 0x04,
    0x79, 0x80, 0x00, 0x60, 0x00, 0x18, 0x00, 0x06, 0x00, 0x00, 0x00, 0x0F, 0xFF, 0xC3, 0xFF, 0xF8,
    0x06, 0x06, 0x03, 0x01, 0x80, 0xC0, 0x60, 0xE0, 0x19, 0xF8, 0x7E, 0x78, 0x1F, 0x07, 0xFF, 0xC1,
    0xFF, 0xF0, 0x60, 0x0C, 0x18, 0x03, 0x06, 0x00, 0xC1, 0xFF, 0xF0, 0x7F, 0xFC, 0x18, 0x03, 0x00,
    0x00, 0x00, 0x00, 0x00, 0x00, 0x00, 0x0F, 0xFF, 0xF9, 0xFF, 0xFC, 0x00, 0x0C, 0x00, 0x03, 0x03,
    0xF8, 0xC0, 0xFE, 0x30, 0x30, 0x8C, 0x0C, 0x23, 0x03, 0xF8, 0xC0, 0xFE, 0x30, 0x30, 0x0C, 0x0C,
    0x03, 0x00, 0x00, 0xC0, 0x03, 0xF0, 0x00, 0xF8, 0x00, 0x00, 0x00, 0x00, 0x00, 0x00, 0x40, 0x00,
    0x18, 0x00, 0x0E, 0x20, 0x03, 0x18, 0x00, 0xC3, 0x00, 0x60, 0x60, 0x31, 0xF8, 0x7F, 0xDB, 0x1F,
    0xE0, 0xC0, 0x00, 0x10, 0x7F, 0xF8, 0x1F, 0xFE, 0x04, 0x01, 0x81, 0x00, 0x60, 0x7F, 0xF8, 0x1F,
    0xFE, 0x04, 0x01, 0x80, 0x00, 0x00, 0x00, 0x30, 0x07, 0xEC, 0x01, 0xFB, 0x00, 0x66, 0xC1, 0x19,
    0xB0, 0xC6, 0x6C, 0x61, 0x9B, 0x30, 0x66, 0xF8, 0x19, 0xBC, 0x06, 0x7E, 0x01, 0x9F, 0x00, 0x7E,
    0xC0, 0x1F, 0xB0, 0x46, 0x0C, 0x31, 0x03, 0x04, 0x00, 0xFF, 0x00, 0x0F, 0x80, 0x00, 0x00, 0x00,
    0x20, 0x00, 0x18, 0x00, 0x02, 0x00, 0x1F, 0xFE, 0x0F, 0xFF, 0xC3, 0x18, 0x30, 0xC6, 0x0C, 0x31,
    0x83, 0x0F, 0xFF, 0xC1, 0xFF, 0xE0, 0x76, 0x00, 0x0F, 0x80, 0x00, 0xC0, 0x00, 0x3C, 0x00, 0x7B,
    0xE0, 0xFC, 0x3F, 0xBC, 0x01, 0xE0, 0x00, 0x00, 0x00, 0x20, 0x00, 0x08, 0x00, 0x02, 0x00, 0x7F,
    0xFF, 0x3F, 0xFF, 0xE0, 0x10, 0x00, 0x04, 0x00, 0x06, 0x00, 0x03, 0x80, 0x01, 0xFF, 0xE0, 0xFF,
    0xF8, 0xE4, 0x06, 0x13, 0x01, 0x80, 0xC0, 0x60, 0x3F, 0xF8, 0x0F, 0xFE, 0x01, 0x01, 0x00, 0x00,
    0x00, 0x00, 0x00, 0x01, 0xFF, 0xC0, 0x7F, 0xF0, 0x18, 0x0C, 0x06, 0x03, 0x01, 0xFF, 0xC0, 0x3F,
    0xE0, 0xFF, 0xFF, 0x3F, 0xFF, 0xE1, 0x80, 0x00, 0x7F, 0xF0, 0x1F, 0xFE, 0x0C, 0x01, 0x83, 0x00,
    0x60, 0x01, 0xF8, 0x00, 0x7C, 0x00, 0x00, 0x00, 0x00, 0x00, 0x0F, 0xFF, 0xC7, 0xFF, 0xF8, 0x00,
    0x06, 0x00, 0x01, 0x87, 0xFE, 0x61, 0xFF, 0x98, 0x00, 0x06, 0x0F, 0xF1, 0x83, 0xFC, 0x60, 0xC3,
    0x18, 0x20, 0xC6, 0x0C, 0x31, 0x83, 0xFC, 0x60, 0xFF, 0x18, 0x20, 0x06, 0x00, 0x1F, 0x00, 0x03,
    0x80, 0x00, 0x00, 0x00, 0x80, 0x00, 0x60, 0x00, 0x1F, 0xF0, 0x07, 0xFC, 0x03, 0x86, 0x03, 0xF3,
    0x01, 0xC7, 0x80, 0x03, 0xE0, 0x15, 0xCE, 0x4F, 0xFF, 0xF0, 0x7F, 0xF0, 0x18, 0x04, 0x06, 0x01,
    0x01, 0x80, 0xC0, 0x7F, 0xF0, 0x18, 0x0C, 0x00, 0x00, 0x00, 0x00, 0x00, 0x00, 0x40, 0x00, 0x18,
    0x00, 0x0F, 0x00, 0x06, 0x60, 0x03, 0x0C, 0x01, 0x81, 0x80, 0xC0, 0x38, 0xE7, 0xFB, 0x99, 0xFC,
    0x40, 0x00, 0x00, 0x3F, 0xF0, 0x0F, 0xFC, 0x02, 0x03, 0x00, 0x80, 0xC0, 0x3F, 0xF0, 0x0F, 0xFC,
    0x02, 0x02, 0x00, 0x00, 0x00, 0x00, 0x20, 0x00, 0x08, 0x00, 0x07, 0x00, 0xFF, 0xFF, 0x80, 0x60,
    0x00, 0x08, 0x00, 0x02, 0x00, 0x7F, 0xFF, 0x0F, 0xFF, 0x80, 0x00, 0x00, 0xFF, 0xF8, 0x3F, 0xFE,
    0x0C, 0x01, 0x83, 0x00, 0x60, 0xFF, 0xF8, 0x3F, 0xFE, 0x0C, 0x01, 0x00, 0x00, 0x00, 0x0F, 0xFF,
    0xC7, 0xFF, 0xF9, 0x80, 0x06, 0x60, 0x01, 0x9B, 0xFF, 0x66, 0xFF, 0xD9, 0x80, 0x06, 0x67, 0xF9,
    0x99, 0xFE, 0x66, 0x61, 0x99, 0x98, 0x66, 0x66, 0x19, 0x99, 0xFE, 0x66, 0x7F, 0x99, 0x80, 0x06,
    0x60, 0x3F, 0x08, 0x07, 0x80, 0x00, 0x00, 0x00, 0x20, 0x00, 0x18, 0x00, 0x06, 0x00, 0x03, 0xFE,
    0x01, 0xC3, 0x80, 0xF0, 0xC0, 0xE6, 0xE0, 0x10, 0xE0, 0x00, 0xF8, 0x00, 0xFF, 0xE1, 0xFF, 0xF8,
    0x36, 0x02, 0x01, 0x80, 0x80, 0x60, 0x20, 0x1F, 0xF8, 0x07, 0xFE, 0x00, 0x80, 0x80, 0x00, 0x00,
    0x00, 0x0F, 0x81, 0xFF, 0xF0, 0xFF, 0x00, 0x30, 0x00, 0x0C, 0x00, 0x03, 0x00, 0x00, 0xFF, 0xFE,
    0x30, 0x00, 0x0C, 0x00, 0x03, 0x3F, 0xF0, 0xCF, 0xFC, 0x62, 0x03, 0x18, 0x80, 0xC6, 0x20, 0x33,
    0x8F, 0xFC, 0xC3, 0xFF, 0x30, 0x80, 0x80, 0x00, 0x00, 0x00, 0x20, 0x00, 0x08, 0x00, 0x07, 0x00,
    0xFF, 0xFF, 0x80, 0x20, 0x00, 0x1C, 0x01, 0xFF, 0xFC, 0x60, 0xC3, 0x18, 0x20, 0xC7, 0xFF, 0xF0,
    0xFF, 0xF8, 0x0C, 0x80, 0x03, 0xE0, 0x00, 0x3C, 0x00, 0x3B, 0xC0, 0xFC, 0x3F, 0xBC, 0x03, 0xE0,
    0x00, 0x00, 0x00, 0x08, 0x00, 0x02, 0x01, 0xE0, 0x80, 0xFC, 0x20, 0x33, 0x08, 0x0C, 0xC2, 0x03,
    0x31, 0xC0, 0xCD, 0xFE, 0x33, 0x0C, 0x0C, 0xC2, 0x03, 0xF0, 0x80, 0xC0, 0x20, 0x30, 0x08, 0x00,
    0x07, 0x00, 0x1F, 0xFE, 0x00, 0x00, 0x00, 0x00, 0x00, 0x00, 0x00, 0x00, 0x20, 0x00, 0x18, 0x00,
    0x0C, 0x00, 0x3F, 0xFE, 0x1F, 0xFF, 0xC6, 0x00, 0x31, 0x80, 0x0C, 0x67, 0xF3, 0x1B, 0xFC, 0xC6,
    0xC1, 0x31, 0xB0, 0x4C, 0x6F, 0xF3, 0x19, 0xFC, 0xC6, 0x00, 0x31, 0x80, 0x0C, 0x60, 0x1E, 0x08,
    0x07, 0x00, 0x00, 0x00, 0x00, 0x00, 0x03, 0xFF, 0xC0, 0x7F, 0xF0, 0x01, 0x0C, 0x3F, 0xFF, 0xEF,
    0xFF, 0xF8, 0x04, 0x30, 0x1F, 0xFC, 0x0F, 0xFE, 0x00, 0x7F, 0xC0, 0x3F, 0xF8, 0x1C, 0x06, 0x0F,
    0x01, 0x8E, 0xFF, 0xE0, 0x3F, 0xF8, 0x0C, 0x06, 0x00, 0x00, 0x00, 0x00, 0x00, 0x00, 0x08, 0x00,
    0x06, 0x01, 0xE1, 0xC0, 0x7C, 0xF0, 0x1B, 0x67, 0x06, 0xD8, 0xE1, 0xBC, 0x18, 0x6F, 0xFB, 0x1B,
    0x3E, 0x46, 0xC0, 0x01, 0xBF, 0xF8, 0x7D, 0xFE, 0x1E, 0x03, 0x06, 0x01, 0x81, 0x00, 0xE0, 0x00,
    0x70, 0x00, 0x18, 0x00, 0x00, 0x00, 0x00, 0x00, 0x0F, 0xFF, 0xF9, 0xFF, 0xFC, 0x01, 0x80, 0x00,
    0xE8, 0x00, 0xFB, 0x83, 0xF6, 0x7E, 0xF1, 0x87, 0x80, 0x20, 0x01, 0xFF, 0xC0, 0xFF, 0xF8, 0x30,
    0x06, 0x0C, 0x01, 0x83, 0xFF, 0xE0, 0xFF, 0xF8, 0x30, 0x06, 0x00, 0x00, 0x00, 0x00, 0x00, 0x00,
    0x20, 0x00, 0x1C, 0x00, 0x0D, 0x80, 0x06, 0x30, 0x07, 0x8F, 0x0F, 0x7F, 0x78, 0x00, 0x00, 0x1F,
    0xFE, 0x03, 0xFF, 0x00, 0x01, 0x80, 0x03, 0xC0, 0x3F, 0xFE, 0x0F, 0xFF, 0x83, 0x00, 0x60, 0xFF,
    0xF8, 0x3F, 0xFE, 0x0C, 0x01, 0x00, 0x00, 0x00, 0x00, 0xFF, 0x00, 0x7F, 0xE1, 0xF6, 0x18, 0x6C,
    0x8C, 0x1B, 0x23, 0x06, 0xC9, 0x81, 0xB2, 0x7C, 0x6C, 0x9F, 0x1B, 0x31, 0xC6, 0xDC, 0x61, 0xBD,
    0x98, 0x7F, 0x3C, 0x18, 0xC6, 0x06, 0x71, 0xC1, 0x18, 0xF8, 0x0E, 0xE7, 0x83, 0x30, 0x60, 0x00,
    0x00, 0x00, 0x60, 0x00, 0x18, 0x01, 0xE6, 0x00, 0x7D, 0xFC, 0x1B, 0x7F, 0x86, 0xF0, 0x61, 0xBD,
    0x88, 0x6E, 0x66, 0x1B, 0x19, 0x06, 0xCF, 0x01, 0xB3, 0xC0, 0x7C, 0xD8, 0x1F, 0x76, 0x06, 0x18,
    0xC1, 0x0E, 0x18, 0x07, 0x03, 0x01, 0x80, 0x40, 0x00, 0x00, 0x03, 0xFF, 0x01, 0xFF, 0xE0, 0x60,
    0x18, 0x18, 0x06, 0x06, 0x01, 0x81, 0xFF, 0xE0, 0x7F, 0xF8, 0x01, 0x80, 0x0F, 0xFF, 0x83, 0xFF,
    0xF0, 0xC0, 0x0C, 0x30, 0x03, 0x0C, 0x00, 0xC3, 0x00, 0x30, 0xFF, 0xFC, 0x3F, 0xFF, 0x08, 0x00,
    0xC0, 0x00, 0x00, 0x03, 0xFE, 0x01, 0xFF, 0xC0, 0x60, 0x30, 0x18, 0x0C, 0x06, 0x03, 0x01, 0xFF,
    0xC0, 0x00, 0x00, 0x00, 0x00, 0x1F, 0xFF, 0xC3, 0xFF, 0xE0, 0x02, 0x00, 0x3F, 0xFE, 0x07, 0xFF,
    0x00, 0x08, 0x03, 0xFF, 0xFE, 0xFF, 0xFF, 0x80, 0x00, 0x00, 0x00, 0x00, 0x00, 0x00, 0x00, 0x3F,
    0xC0, 0x1F, 0xF0, 0x36, 0x0C, 0x0D, 0xFF, 0x03, 0x3F, 0x80, 0xC0, 0x00, 0x3F, 0xF8, 0x0F, 0xFF,
    0x00, 0x00, 0xC3, 0xFF, 0xFC, 0xFF, 0xFF, 0x80, 0x88, 0x00, 0xE3, 0x81, 0xF0, 0x78, 0xF0, 0x07,
    0x00, 0x00, 0x00, 0x00, 0x00, 0x00, 0x20, 0x00, 0x88, 0x00, 0x62, 0x00, 0x1F, 0xFC, 0x07, 0xFF,
    0x83, 0x08, 0x01, 0x82, 0x00, 0x00, 0x80, 0x3F, 0xFF, 0xE7, 0xFF, 0xF0, 0x3F, 0xF0, 0x1F, 0xFC,
    0x06, 0x03, 0x01, 0x80, 0xC0, 0x7F, 0xF0, 0x1F, 0xFC, 0x02, 0x02, 0x00, 0x00, 0x00, 0x03, 0xFF,
    0xC1, 0xFF, 0xF8, 0x60, 0x06, 0x18, 0x41, 0x87, 0xFF, 0x61, 0xFF, 0xD8, 0x61, 0x06, 0x1F, 0xFF,
    0x87, 0xFF, 0xE1, 0x9F, 0x98, 0x6F, 0xF6, 0x33, 0x0D, 0x8C, 0xC3, 0x63, 0x3F, 0xD9, 0x87, 0xE6,
    0x60, 0x0F, 0x98, 0x03, 0xC0, 0x00, 0x00, 0x00, 0x00, 0x0F, 0x9F, 0xF3, 0xE7, 0xFC, 0xC9, 0x03,
    0x32, 0x40, 0xCC, 0x90, 0x33, 0x24, 0x0C, 0xC9, 0xFF, 0x32, 0x7F, 0xCC, 0x84, 0xC3, 0xE1, 0xB0,
    0xF8, 0xCC, 0x30, 0x33, 0x6C, 0x18, 0x98, 0x1C, 0x3E, 0x06, 0x07, 0x00, 0x00, 0x00, 0x00, 0x00,
    0x00, 0x08, 0x00, 0x02, 0x01, 0xE0, 0x80, 0xF9, 0xFE, 0x36, 0x7F, 0xCC, 0x83, 0x03, 0x20, 0x80,
    0xC8, 0x30, 0x33, 0xFF, 0xEC, 0xBF, 0xF3, 0x23, 0xE0, 0xF8, 0xFC, 0x3E, 0x6F, 0x8C, 0x32, 0x73,
    0x18, 0x8E, 0x04, 0x21, 0x80, 0x08, 0x00, 0x00, 0x00, 0x00, 0x01, 0x80, 0x3F, 0xE0, 0x0F, 0xE0,
    0x7C, 0x30, 0x1B, 0x6C, 0x46, 0xDB, 0x31, 0xB3, 0xD8, 0x6C, 0xFC, 0x1B, 0x0C, 0x06, 0xFF, 0xF1,
    0xBF, 0xFC, 0x6C, 0x30, 0x1F, 0x0C, 0x07, 0x83, 0x01, 0x80, 0xC0, 0x61, 0xF0, 0x00, 0x78, 0x00,
    0x00, 0x00, 0x00, 0x20, 0x00, 0x1C, 0x00, 0x1D, 0xC0, 0x1E, 0x3C, 0x1F, 0xFF, 0xCE, 0xFF, 0xF0,
    0x00, 0x00, 0x00, 0x00, 0x0F, 0xFF, 0x03, 0x3C, 0x40, 0xCF, 0x10, 0x33, 0xC4, 0x0F, 0xF3, 0x03,
    0x05, 0xC0, 0x01, 0x00, 0x00, 0x40, 0x00, 0x00, 0x00, 0x00, 0x00, 0x00, 0x40, 0x03, 0xF8, 0x00,
    0xF8, 0x00, 0x06, 0x3F, 0x01, 0x8C, 0xC0, 0x6B, 0x31, 0xFF, 0xCC, 0x0E, 0x33, 0x07, 0xCC, 0xC1,
    0xFB, 0x30, 0xDB, 0xCC, 0x66, 0xF3, 0x19, 0x8F, 0xC4, 0x63, 0xF0, 0x18, 0xCC, 0x06, 0x31, 0x01,
    0x80, 0x00, 0x00, 0x00, 0x00, 0x42, 0x07, 0x98, 0xC3, 0xE3, 0x60, 0xCB, 0xFE, 0x33, 0xFF, 0xCC,
    0x82, 0x03, 0x20, 0x80, 0xC8, 0x20, 0x33, 0xFF, 0xEC, 0xFF, 0xF3, 0x61, 0xC0, 0xF8, 0xD8, 0x3C,
    0x36, 0x0C, 0x08, 0x81, 0x06, 0x30, 0x07, 0x07, 0x81, 0x80, 0xC0, 0x00, 0x00, 0x00, 0x3F, 0xC0,
    0x1F, 0xF9, 0xF6, 0x06, 0x6D, 0x99, 0x9B, 0x66, 0x66, 0xD9, 0x99, 0xB7, 0xFE, 0x6D, 0xFF, 0x9B,
    0x66, 0x66, 0xDB, 0xD9, 0xB6, 0xF6, 0x7D, 0xB7, 0x9F, 0x79, 0xE6, 0x1C, 0x59, 0x07, 0xFE, 0x01,
    0xFF, 0x80, 0x20, 0x20, 0x00, 0x00, 0x00, 0x20, 0x00, 0x08, 0x00, 0x07, 0x00, 0xFF, 0xFF, 0x80,
    0x00, 0x00, 0x00, 0x00, 0xFF, 0xF8, 0x30, 0x06, 0x0C, 0x01, 0x83, 0xFF, 0xE0, 0x7F, 0xF0, 0x0E,
    0xC3, 0x3F, 0x19, 0x8F, 0x43, 0xC0, 0x1E, 0x78, 0xFF, 0x87, 0xBE, 0x00, 0xE0, 0x00, 0x00, 0x07,
    0xFE, 0x01, 0xFF, 0x80, 0x60, 0x60, 0x18, 0x18, 0x06, 0x06, 0x01, 0xFF, 0x80, 0x00, 0x00, 0x00,
    0x00, 0x1F, 0xDF, 0xC7, 0xF7, 0xF1, 0x8D, 0x84, 0x63, 0x61, 0x18, 0xD8, 0x46, 0x36, 0x11, 0xFD,
    0xFC, 0x7F, 0x7F, 0x10, 0x18, 0x40, 0x00, 0x00, 0x03, 0xFF, 0x01, 0xFF, 0xC0, 0x60, 0x30, 0x18,
    0x0C, 0x07, 0xFF, 0x00, 0xFF, 0xC0, 0x7F, 0xF8, 0x3F, 0xFE, 0x0F, 0xFF, 0x83, 0xFF, 0xE0, 0xFF,
    0xF8, 0x3F, 0xFE, 0x0C, 0x01, 0x83, 0xFF, 0xE0, 0x7F, 0xF8, 0x7C, 0x0F, 0x1E, 0x01, 0xC0, 0x00,
    0x00, 0x02, 0x01, 0x81, 0x87, 0xF0, 0x71, 0xF0, 0xFF, 0x60, 0x07, 0x98, 0x01, 0xE7, 0xFB, 0xE1,
    0x98, 0x18, 0x66, 0x06, 0x31, 0x8F, 0x88, 0x61, 0xC2, 0x18, 0x3F, 0xFF, 0x0F, 0xFF, 0xC3, 0x00,
    0x30, 0xFF, 0xFC, 0x3F, 0xFF, 0x04, 0x00, 0xC0, 0x00, 0x00, 0x00, 0x19, 0x00, 0x06, 0x60, 0x01,
    0x9C, 0x7F, 0xFF, 0x1B, 0x18, 0x06, 0xC6, 0x01, 0xBF, 0xF8, 0x6F, 0x62, 0x1B, 0xD8, 0x86, 0xFF,
    0xE1, 0xBF, 0xF8, 0x7F, 0x62, 0x1E, 0xFF, 0x86, 0x3F, 0xE1, 0x0D, 0x88, 0x03, 0x6E, 0x00, 0xDB,
    0x00, 0x00, 0x00, 0x00, 0x00, 0x00, 0x0F, 0xF1, 0xF3, 0x0C, 0x7C, 0xC3, 0x1B, 0x3F, 0xC6, 0xCF,
    0xF1, 0xB2, 0x0C, 0x6C, 0xFF, 0x1B, 0x3F, 0xC6, 0xCC, 0x31, 0xB3, 0x0C, 0x6C, 0xC3, 0x1F, 0x3F,
    0xC7, 0x8F, 0xF1, 0x81, 0x8C, 0x60, 0xC1, 0x80, 0x20, 0x20, 0x00, 0x00, 0x00, 0x10, 0x00, 0x06,
    0x81, 0xC3, 0x30, 0xF8, 0x86, 0x36, 0x73, 0x8C, 0xFF, 0xB3, 0x27, 0x30, 0xC9, 0xCD, 0xB3, 0xD9,
    0xCD, 0xEF, 0xE3, 0xE7, 0xF0, 0xFF, 0x0C, 0x31, 0xE6, 0x0C, 0x0F, 0x80, 0x03, 0xF0, 0x07, 0xCF,
    0x81, 0xC1, 0xE0, 0x00, 0x00, 0x00, 0x00, 0x03, 0xFF, 0xF0, 0xFF, 0xF8, 0x37, 0xF8, 0x0D, 0xFE,
    0x03, 0xFF, 0xF0, 0xFF, 0xFC, 0x64, 0xF8, 0x1F, 0xCF, 0xCF, 0xF0, 0xF8, 0x3F, 0xF0, 0x1F, 0xFE,
    0x06, 0x01, 0x81, 0xFF, 0xE0, 0x7F, 0xF8, 0x18, 0x06, 0x00, 0x00, 0x00, 0x00, 0x00, 0x00, 0x10,
    0x00, 0x06, 0x00, 0x03, 0x80, 0x3F, 0xFF, 0x8C, 0xFF, 0x03, 0x3F, 0xE0, 0xC1, 0x98, 0x3F, 0xFF,
    0x8F, 0xFF, 0xC3, 0x3F, 0xE0, 0xCF, 0xF0, 0x73, 0xFE, 0x18, 0xFF, 0x86, 0x20, 0x63, 0x8F, 0xF8,
    0xC3, 0xFE, 0x30, 0x81, 0x80, 0x00, 0x00, 0x00, 0x22, 0x00, 0x08, 0xC0, 0x06, 0x60, 0xF9, 0x98,
    0x36, 0xFF, 0xEC, 0xF1, 0x83, 0x3C, 0x60, 0xCD, 0xFF, 0x32, 0x7F, 0x8D, 0x91, 0x83, 0xE7, 0xFC,
    0xF9, 0xFE, 0x30, 0x46, 0x0C, 0x11, 0x80, 0x07, 0xFE, 0x01, 0xFF, 0x80, 0x40, 0x00, 0x00, 0x00,
    0x00, 0x3F, 0x87, 0x9F, 0xE1, 0xF6, 0x18, 0x6D, 0xFE, 0x1B, 0x61, 0x86, 0xD8, 0x61, 0xB7, 0xF8,
    0x6C, 0x00, 0x1B, 0xFF, 0xC6, 0xFF, 0xF1, 0xBC, 0x0C, 0x7F, 0xFF, 0x1E, 0xFF, 0xC6, 0x30, 0x11,
    0x0F, 0xFC, 0x03, 0xFF, 0x00, 0xC0, 0x40, 0x00, 0x00, 0x00, 0x03, 0x80, 0x3F, 0xF0, 0x0F, 0xE0,
    0xF8, 0x30, 0x37, 0x0C, 0x0C, 0xFF, 0xFB, 0x24, 0xD8, 0xC9, 0x36, 0x33, 0xFF, 0xEC, 0xFF, 0xF3,
    0x24, 0x98, 0xCF, 0xFF, 0x3E, 0xFF, 0x8F, 0x82, 0x03, 0x1F, 0xFE, 0xC7, 0xFF, 0x80, 0x00, 0x00,
    0x00, 0x00, 0x00, 0x20, 0x00, 0x08, 0x00, 0x07, 0x00, 0xFF, 0xFF, 0x87, 0x07, 0x00, 0xC1, 0x81,
    0xFF, 0xFC, 0x66, 0x33, 0x19, 0x8C, 0xC7, 0xE3, 0xF1, 0xFF, 0xFC, 0x6F, 0xFB, 0x1B, 0x06, 0xC6,
    0xFF, 0xB1, 0x9F, 0xCC, 0x60, 0x1E, 0x18, 0x07, 0x00, 0x00, 0x00, 0x1F, 0x8F, 0xC7, 0xF7, 0xF1,
    0x8D, 0x8C, 0x7F, 0x7F, 0x18, 0xD8, 0x46, 0x36, 0x31, 0xFD, 0xFC, 0x60, 0x01, 0x18, 0x00, 0x46,
    0x7F, 0x11, 0x9F, 0xC4, 0x66, 0x31, 0x19, 0x8C, 0x46, 0x7F, 0x11, 0x9F, 0xC6, 0x60, 0x0F, 0x10,
    0x03, 0x80, 0x00, 0x00, 0x00, 0x0C, 0x07, 0xFB, 0x01, 0xFE, 0xFC, 0x1E, 0x7F, 0x0F, 0xD9, 0x83,
    0x3F, 0x60, 0xCC, 0xF0, 0x3F, 0x18, 0x0C, 0x0F, 0x06, 0x0E, 0x71, 0xFF, 0xF8, 0x5F, 0xFC, 0x06,
    0x03, 0x01, 0x80, 0xC0, 0x7F, 0xF0, 0x1F, 0xFC, 0x04, 0x03, 0x00, 0x00, 0x00, 0x01, 0x08, 0x00,
    0x66, 0x00, 0x1F, 0x80, 0x7F, 0xFF, 0x07, 0xFF, 0x03, 0xFF, 0xE0, 0x07, 0x00, 0xFF, 0xFF, 0x9F,
    0xFF, 0xCF, 0xFF, 0xF9, 0xFF, 0xFC, 0x0F, 0xF8, 0x07, 0xFF, 0x01, 0x80, 0xC0, 0x7F, 0xF0, 0x1F,
    0xFC, 0x02, 0x02, 0x00, 0x00, 0x00, 0x00, 0x40, 0x00, 0x17, 0xC0, 0x05, 0xF8, 0xF3, 0x06, 0x3C,
    0xD1, 0xCF, 0x6F, 0xFB, 0xD8, 0xC0, 0xFE, 0x30, 0x3E, 0x9F, 0xCF, 0x2F, 0xE3, 0xCA, 0x60, 0xF2,
    0xFF, 0xBC, 0xBF, 0xEF, 0x23, 0x81, 0x09, 0xB8, 0x02, 0xC7, 0x80, 0xA0, 0xE0, 0x00, 0x00, 0x00,
    0x10, 0x00, 0x07, 0x80, 0x03, 0xF0, 0xF9, 0x98, 0x37, 0xE6, 0x0C, 0xBF, 0xF3, 0x27, 0xEC, 0xC9,
    0x7B, 0x32, 0x77, 0xCC, 0x9A, 0x73, 0x64, 0xC8, 0xFF, 0xFF, 0xBC, 0xFF, 0xCC, 0x07, 0x83, 0x07,
    0x38, 0xC7, 0x87, 0x81, 0x80, 0xE0, 0x00, 0x00, 0x00, 0x40, 0x0F, 0xFF, 0xE3, 0xFF, 0xFC, 0x03,
    0x80, 0x1F, 0xFF, 0x81, 0xFF, 0x80, 0xFF, 0xF0, 0x30, 0x0C, 0x0F, 0xFF, 0x01, 0xFF, 0x83, 0xFF,
    0xFE, 0x7B, 0xDF, 0x07, 0xFE, 0x03, 0xFF, 0xC0, 0xFF, 0xF0, 0x3F, 0xFC, 0x0C, 0x02, 0x00, 0x00,
    0x00, 0x00, 0x3F, 0xC0, 0x0F, 0xF1, 0xF3, 0x0C, 0x6C, 0xFF, 0x1B, 0x3F, 0xC6, 0xCF, 0xF1, 0xB3,
    0xFC, 0x6C, 0xFF, 0x9B, 0xFF, 0xE6, 0xF8, 0x99, 0xF3, 0x76, 0x60, 0xF1, 0x98, 0x31, 0xE0, 0x07,
    0xF8, 0x01, 0xF6, 0x00, 0x07, 0x80, 0x01, 0xC0, 0x00, 0x00, 0x00, 0x3C, 0x00, 0x0F, 0x81, 0xE0,
    0xE0, 0xF8, 0xEC, 0x36, 0x71, 0x8C, 0xB8, 0x33, 0x3B, 0xFE, 0xC8, 0x00, 0x33, 0xFB, 0x6C, 0xF6,
    0xDB, 0x3D, 0xEC, 0xFF, 0xF6, 0x3E, 0xFF, 0xCC, 0x3F, 0xB3, 0x0B, 0xFE, 0x02, 0xED, 0x80, 0xB3,
    0x60, 0x00, 0x00, 0x00, 0x20, 0x00, 0x08, 0x00, 0x07, 0x00, 0xFF, 0xFF, 0x87, 0xFF, 0x03, 0xEB,
    0xE0, 0xDE, 0xD8, 0x37, 0xB6, 0x0F, 0xEF, 0x81, 0xEB, 0xC3, 0xFF, 0xFE, 0x7F, 0xFF, 0x06, 0x39,
    0xC1, 0x87, 0xF0, 0x7E, 0x70, 0xFF, 0x8F, 0xBE, 0x00, 0xE0, 0x00, 0x00, 0x00, 0x00, 0x00, 0x39,
    0xF0, 0x1F, 0xFC, 0x7D, 0x9B, 0x1B, 0x66, 0x46, 0xFD, 0x91, 0xB6, 0x64, 0x6D, 0xF3, 0x1B, 0xFB,
    0xC6, 0xF3, 0x41, 0xB0, 0xC0, 0x6F, 0xFF, 0x1F, 0x7F, 0xC7, 0xCF, 0x81, 0x87, 0x30, 0x47, 0x87,
    0x01, 0xC0, 0xC0, 0x00, 0x00, 0x08, 0xC1, 0x03, 0x38, 0xC0, 0x66, 0x30, 0x3F, 0xFA, 0x1F, 0xFF,
    0xC6, 0xFF, 0xB1, 0xFF, 0xFC, 0x78, 0x0F, 0x06, 0x03, 0x01, 0xFF, 0xC0, 0x7F, 0xF0, 0x3F, 0xFE,
    0x0F, 0xFF, 0x83, 0x00, 0x20, 0xFF, 0xF8, 0x3F, 0xFE, 0x0C, 0x00, 0x80, 0x00, 0x00, 0x00, 0x08,
    0x00, 0x06, 0x00, 0x03, 0x00, 0x7F, 0xFE, 0x1B, 0xFF, 0x86, 0xFF, 0xE1, 0xBC, 0x18, 0x6F, 0xFE,
    0x1B, 0xFF, 0x86, 0xFF, 0xE1, 0xB7, 0xF8, 0x6C, 0x66, 0x1F, 0xFF, 0xC7, 0xFF, 0xF1, 0x87, 0x60,
    0x4F, 0x9F, 0x03, 0xC1, 0xC0, 0x00, 0x00, 0x07, 0xCF, 0xC3, 0xF3, 0xF8, 0xCC, 0x06, 0x33, 0x01,
    0x8F, 0xCF, 0xE3, 0xF3, 0xF9, 0xFE, 0x06, 0x7F, 0xBF, 0x9F, 0xAF, 0xE7, 0xFB, 0x79, 0xFE, 0xFE,
    0x7F, 0xBF, 0x9F, 0xE0, 0x67, 0xF8, 0x19, 0xFE, 0x06, 0x6B, 0x87, 0x98, 0x41, 0xC0, 0x00, 0x00,
    0x00, 0x22, 0x00, 0x3F, 0xFB, 0xEF, 0xFE, 0xF8, 0x8C, 0x32, 0x00, 0x0C, 0xFF, 0xF3, 0x38, 0xCC,
    0xCE, 0x33, 0x33, 0xFF, 0xCC, 0xBF, 0xE3, 0x27, 0xFC, 0xF9, 0xFE, 0x3E, 0xFF, 0xEC, 0x3F, 0xFB,
    0x03, 0x70, 0x07, 0x8F, 0x81, 0xC1, 0xE0, 0x00, 0x00, 0x00, 0xFF, 0x80, 0x7F, 0xE1, 0xDF, 0xD8,
    0xFF, 0xFE, 0x37, 0xFF, 0x8D, 0xFF, 0x03, 0x78, 0xC0, 0xDE, 0xFE, 0x37, 0xBF, 0x8D, 0xEF, 0xE3,
    0xFF, 0xFC, 0xFF, 0xFF, 0x31, 0xEF, 0xCC, 0xFF, 0xB0, 0x3E, 0x0C, 0x0F, 0x07, 0x00, 0x00, 0x00,
    0x00, 0x00, 0x00, 0x20, 0x00, 0x0C, 0x70, 0x07, 0x3E, 0xFF, 0xFD, 0xB6, 0xFB, 0x6C, 0xFF, 0xDB,
    0x3C, 0xFE, 0xCF, 0xFF, 0xB3, 0xFF, 0x6C, 0xFF, 0xDB, 0x2F, 0xBE, 0xC8, 0xC9, 0xBF, 0xFB, 0x6F,
    0xBF, 0x9B, 0x03, 0x46, 0xC0, 0xF7, 0x80, 0x29, 0xC0, 0x00, 0x00, 0x0F, 0xDF, 0x87, 0xF7, 0xF1,
    0x85, 0x0C, 0x7F, 0x7F, 0x1F, 0xFF, 0xC7, 0xFF, 0xF3, 0xFF, 0xFE, 0x03, 0xE0, 0x03, 0x8E, 0x0F,
    0xE3, 0xF9, 0xE0, 0x3C, 0x7F, 0x7F, 0x1F, 0xDF, 0xC6, 0x14, 0x31, 0xFD, 0xFC, 0x7F, 0x7F, 0x18,
    0x10, 0xC0, 0x00, 0x00, 0x00, 0x08, 0x00, 0x1F, 0xE0, 0x0F, 0xF8, 0x7C, 0x64, 0x1B, 0x7B, 0x86,
    0xFF, 0xF1, 0xB6, 0x38, 0x6F, 0xFE, 0x1B, 0xFF, 0x86, 0xFF, 0xE1, 0xBF, 0xF8, 0x7F, 0xFE, 0x1E,
    0xFF, 0x86, 0x3F, 0xE1, 0x87, 0xF8, 0x07, 0x87, 0x01, 0xC0, 0xC0, 0x00, 0x00, 0x00, 0x42, 0x00,
    0x10, 0xC1, 0xC4, 0x30, 0xF7, 0xBE, 0x3D, 0xEF, 0xCF, 0x30, 0xC3, 0xC4, 0x30, 0xFF, 0xFF, 0xBF,
    0xFF, 0xCF, 0x6F, 0xF3, 0xFF, 0xFE, 0xDE, 0xDF, 0xB6, 0xF7, 0xE0, 0xCB, 0x60, 0x13, 0x98, 0x0D,
    0xFE, 0x01, 0x6B, 0x00, 0x00, 0x00, 0x0F, 0xFF, 0xC7, 0xFF, 0xF9, 0x80, 0x06, 0x60, 0xC1, 0x98,
    0x30, 0x66, 0x0C, 0x19, 0x83, 0x06, 0x61, 0xE1, 0x98, 0x78, 0x66, 0x3F, 0x19, 0x8C, 0xC6, 0x66,
    0x19, 0x9B, 0x03, 0x66, 0x80, 0x59, 0xFF, 0xFE, 0x7F, 0xFF, 0x88, 0x00, 0x40, 0x00, 0x00, 0x0F,
    0xFF, 0xC7, 0xFF, 0xF9, 0x8C, 0xC6, 0x63, 0x31, 0x98, 0xCC, 0x66, 0x33, 0x19, 0x8C, 0xC6, 0x67,
    0x31, 0x9B, 0x8F, 0xE7, 0xC1, 0xF9, 0xC0, 0x06, 0x60, 0x01, 0x98, 0x00, 0x67, 0xFF, 0xF9, 0xFF,
    0xFE, 0x60, 0x01, 0x88, 0x00, 0x40, 0x00, 0x00, 0x0F, 0xFF, 0xC7, 0xFF, 0xF9, 0x80, 0x06, 0x60,
    0x01, 0x98, 0xFC, 0x66, 0x3F, 0x19, 0x8C, 0xC6, 0x63, 0x31, 0x98, 0xCC, 0x66, 0x3F, 0x19, 0x8F,
    0xC6, 0x60, 0x01, 0x98, 0x00, 0x66, 0x00, 0x19, 0xFF, 0xFE, 0x7F, 0xFF, 0x88, 0x00, 0x40, 0x00,
    0x00, 0x0F, 0xFF, 0xC7, 0xFF, 0xF9, 0x80, 0x06, 0x60, 0xC1, 0x98, 0x30, 0x66, 0x0C, 0x19, 0xBF,
    0xF6, 0x6F, 0xFD, 0x98, 0x78, 0x66, 0x1E, 0x19, 0x87, 0x86, 0x63, 0x31, 0x9B, 0x87, 0x66, 0xC0,
    0xD9, 0xFF, 0xFE, 0x7F, 0xFF, 0x88, 0x00, 0x40, 0x00, 0x00, 0x0F, 0xFF, 0xC7, 0xFF, 0xF9, 0x80,
    0x06, 0x60, 0x61, 0x98, 0x18, 0x66, 0xFF, 0xD9, 0xBF, 0xF6, 0x64, 0x61, 0x99, 0x98, 0x66, 0x36,
    0x19, 0x81, 0x86, 0x60, 0x61, 0x98, 0x70, 0x66, 0x08, 0x19, 0xFF, 0xFE, 0x7F, 0xFF, 0x88, 0x00,
    0x40, 0x00, 0x00, 0x0F, 0xFF, 0xC7, 0xFF, 0xF9, 0x80, 0x06, 0x60, 0xC1, 0x98, 0x30, 0x66, 0xFF,
    0xD9, 0xBF, 0xF6, 0x63, 0xF1, 0x99, 0xFE, 0x66, 0xED, 0xD9, 0xB3, 0x16, 0x60, 0xC1, 0x98, 0x30,
    0x66, 0x00, 0x19, 0xFF, 0xFE, 0x7F, 0xFF, 0x88, 0x00, 0x40, 0x00, 0x00, 0x0F, 0xFF, 0xC7, 0xFF,
    0xF9, 0x80, 0x06, 0x63, 0x61, 0x98, 0xD8, 0x66, 0xFF, 0x99, 0xBF, 0xE6, 0x63, 0x61, 0x9B, 0xFF,
    0x66, 0xFF, 0xD9, 0x8D, 0x86, 0x66, 0x61, 0x9B, 0x18, 0x66, 0x00, 0x19, 0xFF, 0xFE, 0x7F, 0xFF,
    0x88, 0x00, 0x40, 0x00, 0x00, 0x0F, 0xFF, 0xC7, 0xFF, 0xF9, 0x86, 0x06, 0x66, 0xD9, 0x99, 0xB6,
    0x66, 0x3D, 0x99, 0xA8, 0xE6, 0x6E, 0x31, 0x99, 0xFC, 0x66, 0x1F, 0x19, 0x87, 0xC6, 0x63, 0x19,
    0x9B, 0x83, 0x66, 0xC0, 0x59, 0xFF, 0xFE, 0x7F, 0xFF, 0x88, 0x00, 0x40, 0x00, 0x00, 0x0F, 0xFF,
    0xC7, 0xFF, 0xF9, 0x83, 0x06, 0x60, 0xC1, 0x9B, 0xFF, 0x66, 0xFF, 0xD9, 0x83, 0x06, 0x67, 0xF9,
    0x99, 0xFE, 0x66, 0x61, 0x99, 0x9F, 0xE6, 0x67, 0xF9, 0x98, 0x00, 0x66, 0x00, 0x19, 0xFF, 0xFE,
    0x7F, 0xFF, 0x88, 0x00, 0x40, 0x00, 0x00, 0x0F, 0xFF, 0xC7, 0xFF, 0xF9, 0x80, 0x06, 0x60, 0x01,
    0x9B, 0xFF, 0x66, 0xFF, 0xD9, 0x83, 0x06, 0x67, 0xF9, 0x99, 0xFE, 0x66, 0x0D, 0x19, 0x83, 0xC6,
    0x60, 0xD9, 0x9B, 0xFF, 0x66, 0xFF, 0xD9, 0xFF, 0xFE, 0x7F, 0xFF, 0x88, 0x00, 0x40, 0x00, 0x00,
    0x0F, 0xFF, 0xC7, 0xFF, 0xF9, 0x9B, 0x66, 0x63, 0xF1, 0x99, 0xFE, 0x66, 0x7F, 0x99, 0xBF, 0xF6,
    0x6F, 0xFD, 0x99, 0xFE, 0x67, 0xFF, 0xF9, 0xF6, 0xDE, 0x63, 0xF1, 0x98, 0xD6, 0x66, 0x3F, 0x99,
    0xFF, 0xFE, 0x7F, 0xFF, 0x88, 0x00, 0x40, 0x00, 0x00, 0x0F, 0xFF, 0x87, 0xFF, 0xF1, 0x87, 0x0C,
    0x67, 0xFB, 0x19, 0xFC, 0xC6, 0xFF, 0xF1, 0x80, 0x0C, 0x67, 0xFB, 0x1B, 0xFE, 0xC6, 0xFF, 0xB1,
    0x9F, 0xEC, 0x63, 0xF3, 0x1B, 0xBF, 0xC6, 0xC9, 0xB1, 0xFF, 0xFC, 0x7F, 0xFF, 0x08, 0x00, 0xC0,
    0x00, 0x00, 0x00, 0x20, 0x00, 0x08, 0x00, 0x02, 0x00, 0x00, 0x80, 0x00, 0x20, 0x00, 0x08, 0x00,
    0x02, 0x00, 0x7F, 0xFF, 0x0F, 0xFF, 0x80, 0x08, 0x00, 0x02, 0x00, 0x00, 0x80, 0x00, 0x20, 0x00,
    0x08, 0x03, 0xFF, 0xFE, 0xFF, 0xFF, 0x80, 0x00, 0x00, 0x00, 0x00, 0x00, 0x00, 0x03, 0xFF, 0xF8,
    0xFF, 0xFC, 0x30, 0x40, 0x0C, 0x18, 0x03, 0x04, 0x00, 0xC1, 0x00, 0x37, 0xFE, 0x0D, 0xFF, 0xC3,
    0x04, 0x00, 0xC1, 0x00, 0x60, 0x40, 0x18, 0x10, 0x06, 0xFF, 0xF3, 0x7F, 0xFE, 0xC0, 0x00, 0x00,
    0x00, 0x00, 0x00, 0x00, 0x00, 0x40, 0x00, 0x10, 0x00, 0x04, 0x00, 0x7F, 0xFF, 0x3F, 0xFF, 0xE0,
    0x62, 0x00, 0x10, 0x80, 0x0C, 0x20, 0x06, 0x0C, 0x03, 0x9F, 0xF3, 0xE7, 0xF8, 0x48, 0x20, 0x02,
    0x08, 0x00, 0x82, 0x00, 0x2F, 0xFE, 0x0B, 0xFF, 0x82, 0x00, 0x00, 0x00, 0x00, 0x00, 0x04, 0x01,
    0x01, 0x80, 0xC0, 0x60, 0x31, 0x9A, 0x0C, 0x67, 0xC3, 0x19, 0xF0, 0xC7, 0xEC, 0xFF, 0xFB, 0x1F,
    0x66, 0xC3, 0x09, 0xB0, 0xC6, 0x78, 0x31, 0x9D, 0x8F, 0x64, 0x6F, 0xD8, 0x19, 0xC6, 0x06, 0x00,
    0xFF, 0x00, 0x1F, 0x80, 0x00, 0x00, 0x00, 0x00, 0x03, 0x3F, 0xF8, 0xCF, 0xFC, 0x33, 0x00, 0x0C,
    0xC0, 0x0F, 0xFF, 0xF3, 0xFF, 0xFC, 0x33, 0x83, 0x0C, 0xF1, 0xC3, 0x3C, 0x60, 0xFD, 0xB8, 0x7E,
    0x38, 0x38, 0x8E, 0x00, 0x67, 0xC0, 0x33, 0x18, 0x0F, 0x83, 0x80, 0x00, 0x00, 0x00, 0x00, 0x00,
    0x10, 0x00, 0x0C, 0x00, 0x63, 0xFC, 0x18, 0xFF, 0x06, 0x60, 0x41, 0xB0, 0x11, 0xF8, 0x04, 0x18,
    0xE1, 0x06, 0x0E, 0x41, 0x81, 0x90, 0x60, 0x3C, 0x1E, 0x3F, 0x07, 0xFC, 0x47, 0x8C, 0x11, 0x80,
    0x0C, 0x00, 0x1E, 0x00, 0x07, 0x00, 0x00, 0x00, 0x04, 0x04, 0x03, 0x01, 0x00, 0xC0, 0x40, 0x31,
    0xFF, 0x0C, 0x7F, 0xE3, 0x0C, 0x03, 0xF9, 0x00, 0x30, 0x40, 0x0C, 0x1F, 0xC3, 0x07, 0xF0, 0xC1,
    0x0C, 0x32, 0x43, 0x0F, 0x90, 0xCF, 0xCC, 0x31, 0x86, 0x0C, 0x01, 0x9E, 0x00, 0x47, 0x00, 0x00,
    0x00, 0x00, 0x08, 0x01, 0x02, 0x00, 0xC0, 0x80, 0x33, 0xFF, 0x0C, 0xFF, 0xE3, 0x00, 0x00, 0xC0,
    0x00, 0xFC, 0xF8, 0x1F, 0x3F, 0x03, 0x08, 0xC0, 0xC2, 0x30, 0x30, 0x8C, 0x0F, 0x23, 0x6F, 0xD8,
    0xDB, 0xC4, 0x36, 0x03, 0x0F, 0x00, 0x81, 0x80, 0x00, 0x00, 0x04, 0x00, 0x03, 0x1F, 0xF8, 0xC7,
    0xFE, 0x30, 0x98, 0x0C, 0x26, 0xC7, 0xCD, 0xB3, 0xF1, 0xEC, 0x30, 0x7E, 0x0C, 0x06, 0x03, 0x3F,
    0xF8, 0xCF, 0xFC, 0x36, 0x18, 0x0F, 0x86, 0x0F, 0x81, 0x83, 0x80, 0x60, 0x00, 0x18, 0x00, 0x04,
    0x00, 0x00, 0x00, 0x00, 0x0F, 0x01, 0xFF, 0xE0, 0xFF, 0x00, 0x00, 0x80, 0x00, 0x70, 0x07, 0xFF,
    0xF0, 0x37, 0x30, 0x0C, 0x8C, 0x3F, 0xFF, 0xE7, 0xFF, 0xF0, 0x32, 0x30, 0x7F, 0xFF, 0x0F, 0xFF,
    0x80, 0x08, 0x03, 0xFF, 0xFE, 0xFF, 0xFF, 0x80, 0x00, 0x00, 0x00, 0x00, 0x00, 0x00, 0xC7, 0xF9,
    0x31, 0xFE, 0x6C, 0x19, 0x1B, 0x1F, 0xF6, 0xCF, 0xFD, 0xB0, 0x6C, 0x6C, 0x31, 0x1B, 0x0C, 0x40,
    0xC6, 0x10, 0xE0, 0x86, 0x30, 0x00, 0x80, 0x0F, 0xFF, 0x81, 0xFF, 0xC0, 0x02, 0x00, 0xFF, 0xFF,
    0xBF, 0xFF, 0xE0, 0x00, 0x00, 0x04, 0x00, 0x03, 0x3F, 0xF0, 0xCF, 0xFE, 0x30, 0x00, 0x0C, 0x7F,
    0x83, 0x1F, 0xF3, 0xFC, 0x0C, 0x31, 0x03, 0x0C, 0x7F, 0xC3, 0x1F, 0xF0, 0xC4, 0x0C, 0x31, 0xFF,
    0x0F, 0x7F, 0x8F, 0xC0, 0x03, 0x8F, 0xFE, 0x03, 0xFF, 0x80, 0x00, 0x00, 0x00, 0x00, 0x00, 0x00,
    0x03, 0x3F, 0xE0, 0xCF, 0xFC, 0x33, 0x23, 0x0C, 0xFF, 0x8F, 0xFF, 0xE3, 0xFC, 0x8C, 0x33, 0x23,
    0x0C, 0xFF, 0xC3, 0x3F, 0xE0, 0xC0, 0x80, 0x39, 0xFE, 0x1F, 0xFF, 0x8F, 0x02, 0x00, 0x0F, 0xFC,
    0x07, 0xFF, 0x80, 0x00, 0x00, 0x00, 0x00, 0x00, 0x04, 0x01, 0x01, 0xE0, 0xC0, 0x58, 0x33, 0xFB,
    0x0C, 0xFF, 0xE3, 0x21, 0x83, 0xF8, 0x60, 0x32, 0x1B, 0x0C, 0xFE, 0xC3, 0x37, 0xE0, 0xC9, 0xF8,
    0x32, 0x7C, 0x0F, 0xBB, 0x6F, 0xAD, 0xD9, 0x98, 0xFE, 0x0C, 0xE7, 0x81, 0x30, 0xC0, 0x00, 0x00,
    0x00, 0x04, 0x01, 0x01, 0xE0, 0xC0, 0x58, 0x33, 0xFB, 0x0C, 0xFF, 0xE3, 0x01, 0x83, 0xF0, 0x60,
    0x31, 0xFB, 0x0C, 0x7E, 0xC3, 0x1F, 0xE0, 0xC7, 0xB8, 0x3D, 0xCC, 0x3F, 0x3B, 0x66, 0x3D, 0xF8,
    0x0C, 0xDE, 0x00, 0xE7, 0x00, 0x30, 0x80, 0x00, 0x00, 0x02, 0x08, 0x01, 0x83, 0x00, 0x60, 0xC0,
    0xFF, 0x30, 0x06, 0x0C, 0x01, 0x8F, 0xE3, 0xFF, 0xD8, 0x66, 0x36, 0x0F, 0x8D, 0x8F, 0xF7, 0xE1,
    0xFD, 0xF8, 0x18, 0x36, 0x3F, 0xD9, 0xEF, 0xF6, 0x78, 0x63, 0x1E, 0x18, 0x87, 0x82, 0x20, 0xC0,
    0x00, 0x00, 0x00, 0x08, 0x01, 0x02, 0x00, 0xC1, 0xC0, 0x37, 0xFF, 0x8C, 0x71, 0x83, 0x0C, 0x63,
    0xF1, 0x30, 0x30, 0x6C, 0x0C, 0xFF, 0xE3, 0x3F, 0xF0, 0xC7, 0xFC, 0x3F, 0xFF, 0x3F, 0x40, 0xCE,
    0x10, 0x30, 0x07, 0xFC, 0x01, 0xFF, 0x00, 0x40, 0xC0, 0x00, 0x00, 0x02, 0x02, 0x01, 0x80, 0xC0,
    0x70, 0x30, 0x7F, 0xFF, 0x07, 0xFF, 0x01, 0xFF, 0xC0, 0x60, 0x30, 0x1F, 0xFC, 0x07, 0xFF, 0x0F,
    0xFF, 0xF9, 0xFF, 0xFC, 0x1C, 0x9E, 0x3F, 0xFF, 0xEE, 0xFF, 0xB8, 0x02, 0x00, 0xFF, 0xFF, 0xBF,
    0xFF, 0xE0, 0x00, 0x00, 0x04, 0x08, 0x03, 0x02, 0x00, 0xC7, 0xF8, 0x33, 0xFE, 0x0C, 0x3E, 0x07,
    0x98, 0xC3, 0xFF, 0xFC, 0x37, 0xFF, 0x0C, 0x79, 0x03, 0x3E, 0x40, 0xCC, 0x90, 0x3F, 0xE4, 0x1E,
    0xF9, 0x0E, 0x30, 0x40, 0x00, 0xF0, 0x00, 0x3C, 0x00, 0x00, 0x00, 0x00, 0x00, 0x00, 0x00, 0x03,
    0x3F, 0xF0, 0xCF, 0xFC, 0x32, 0x03, 0x0C, 0xFF, 0xCF, 0xFF, 0xE3, 0xFA, 0x68, 0x32, 0xDB, 0x0C,
    0xBF, 0xC3, 0x2F, 0xF0, 0xFA, 0x64, 0x3E, 0xD9, 0x9C, 0xB6, 0x6E, 0x6F, 0xF8, 0x33, 0xFE, 0x0C,
    0xC1, 0x80, 0x00, 0x00, 0x00, 0x00, 0x00, 0x20, 0x00, 0x8C, 0xC0, 0x33, 0x30, 0x7F, 0xFF, 0x3F,
    0xFF, 0xEC, 0xFF, 0x9B, 0x3F, 0xF6, 0xC8, 0x0D, 0x82, 0x03, 0x00, 0xFF, 0xC0, 0x3F, 0xE0, 0x00,
    0xC0, 0x07, 0xFF, 0x81, 0xFF, 0xE0, 0x03, 0x00, 0xFF, 0xFF, 0xBF, 0xFF, 0xE0, 0x00, 0x00, 0x0F,
    0xE0, 0x07, 0xFF, 0xE1, 0x89, 0xFC, 0x7F, 0x03, 0x1F, 0xEC, 0xC6, 0x19, 0xE1, 0xFE, 0x78, 0x67,
    0x1C, 0x18, 0x87, 0x87, 0xFB, 0x38, 0xFE, 0x8C, 0x3F, 0xFE, 0x07, 0xFF, 0x00, 0x08, 0x03, 0xFF,
    0xFE, 0xFF, 0xFF, 0x80, 0x00, 0x00, 0x00, 0x00, 0x04, 0x12, 0x03, 0x04, 0xC0, 0xC3, 0x60, 0x31,
    0xFF, 0x0C, 0x7F, 0xE3, 0x39, 0x83, 0xFE, 0x60, 0x37, 0xFF, 0x0C, 0x7F, 0x83, 0x19, 0x80, 0xC7,
    0xFC, 0x3D, 0xFE, 0x3F, 0x66, 0x0F, 0x19, 0x80, 0x07, 0xFE, 0x01, 0xFF, 0x80, 0x20, 0x00, 0x00,
    0x00, 0x00, 0x10, 0x03, 0xC4, 0x01, 0xF3, 0x80, 0x6F, 0xFF, 0x9B, 0x3F, 0x87, 0xCF, 0xF1, 0xBF,
    0x0C, 0x67, 0xFF, 0x18, 0xBF, 0xC6, 0xEF, 0xF1, 0xB3, 0xFC, 0x60, 0x8E, 0x00, 0x20, 0x03, 0xFF,
    0xE0, 0x7F, 0xF0, 0xFF, 0xFF, 0xBF, 0xFF, 0xE0, 0x00, 0x00, 0x00, 0x00, 0x03, 0x0F, 0xE0, 0xC3,
    0xF8, 0x30, 0xFE, 0x0C, 0x3F, 0x8F, 0xC8, 0x63, 0xF3, 0xF8, 0x30, 0xFE, 0x0C, 0xFF, 0xC3, 0x3F,
    0xF8, 0xE0, 0xF8, 0x3F, 0x3F, 0x3C, 0x6C, 0x00, 0x3E, 0x00, 0x19, 0xFC, 0x0C, 0x1F, 0x80, 0x00,
    0x00, 0x00, 0x00, 0x04, 0x21, 0x03, 0x08, 0x60, 0xC7, 0x38, 0x37, 0xFF, 0x8C, 0x7F, 0x83, 0x0F,
    0xE3, 0xF3, 0x18, 0x38, 0xFE, 0x0C, 0x3F, 0x83, 0x7F, 0xF8, 0xDF, 0xFC, 0x31, 0x39, 0x8F, 0xFB,
    0xCF, 0xDC, 0x63, 0x87, 0xFE, 0x01, 0xFF, 0x80, 0x40, 0x00, 0x00, 0x00, 0x02, 0x00, 0x01, 0x87,
    0xE0, 0x61, 0xFC, 0x7F, 0x63, 0x06, 0x18, 0xC1, 0x87, 0xF3, 0xFF, 0x80, 0x7B, 0xFF, 0x0C, 0xDF,
    0xCF, 0xFF, 0x31, 0xFF, 0xF8, 0x18, 0x7E, 0x3F, 0xDB, 0x0F, 0xF7, 0xE0, 0x61, 0xFC, 0x18, 0x73,
    0x82, 0x18, 0x60, 0x00, 0x00, 0x04, 0x00, 0x03, 0x1F, 0xC0, 0xC7, 0xF8, 0x31, 0x86, 0x0C, 0x7F,
    0x83, 0x1F, 0xE3, 0xFF, 0xF8, 0x30, 0x00, 0x0C, 0xFF, 0xE3, 0x3F, 0xF0, 0xC7, 0xFC, 0x31, 0xFF,
    0x0F, 0xDE, 0xCF, 0xED, 0xB3, 0x86, 0xCC, 0x01, 0x6F, 0x00, 0x13, 0x00, 0x00, 0x00, 0x04, 0x7F,
    0x83, 0x1F, 0xF0, 0xC4, 0x0C, 0x31, 0xFF, 0x0C, 0x7F, 0xC3, 0x13, 0x63, 0xFC, 0x98, 0x31, 0x0C,
    0x0C, 0x7F, 0xE3, 0x1F, 0x70, 0xC4, 0xD8, 0x3F, 0xFF, 0xBF, 0xFF, 0xCF, 0x26, 0x60, 0x19, 0x98,
    0x0C, 0xC6, 0x01, 0x21, 0x00, 0x00, 0x00, 0x07, 0xFF, 0x03, 0xFF, 0xE0, 0xC7, 0x18, 0x3F, 0xFE,
    0x0C, 0x21, 0x83, 0x1C, 0x60, 0xFF, 0xF8, 0x70, 0x07, 0x07, 0x07, 0x00, 0xF7, 0x81, 0xFF, 0xF8,
    0x38, 0x8C, 0x1F, 0xFF, 0xC7, 0xFF, 0xE0, 0x02, 0x00, 0xFF, 0xFF, 0xBF, 0xFF, 0xE0, 0x00, 0x00,
    0x00, 0x08, 0x00, 0x06, 0x00, 0xC3, 0x80, 0x31, 0xFF, 0x0C, 0x4C, 0xC3, 0x1B, 0x33, 0xFF, 0xFC,
    0x31, 0x33, 0x0C, 0x4C, 0xC3, 0x1F, 0xF0, 0xC7, 0xF8, 0x3C, 0x7E, 0x3F, 0x37, 0xCF, 0x09, 0xF8,
    0x06, 0x76, 0x0F, 0x1F, 0x01, 0x83, 0x80, 0x00, 0x00, 0x18, 0x20, 0x07, 0x1B, 0xE0, 0xCC, 0xFC,
    0x7F, 0xE3, 0x3F, 0xFF, 0xC2, 0xC3, 0xF1, 0xB7, 0xFC, 0x7F, 0xBF, 0x1F, 0xF8, 0xC1, 0xCC, 0x31,
    0xE3, 0x38, 0xE1, 0x8C, 0x00, 0x60, 0x03, 0xFF, 0xC1, 0xFF, 0xFC, 0xFF, 0xFF, 0x80, 0x00, 0x00,
    0x00, 0x00, 0x04, 0x21, 0x03, 0x18, 0x40, 0xCF, 0xFC, 0x37, 0xFF, 0x0C, 0x69, 0x07, 0x9F, 0x43,
    0xF1, 0xE0, 0x30, 0xCC, 0x0C, 0x73, 0x83, 0x7F, 0xF0, 0xC1, 0xE0, 0x33, 0xFE, 0x0F, 0xC0, 0x8E,
    0x30, 0x20, 0x0F, 0xF8, 0x03, 0x06, 0x00, 0x00, 0x00, 0x00, 0x00, 0x0C, 0x0C, 0x07, 0x87, 0x80,
    0x63, 0x30, 0x01, 0xCE, 0x1C, 0xDF, 0xE1, 0xB7, 0x80, 0x0F, 0xFC, 0x33, 0xFE, 0x0C, 0x4F, 0x07,
    0x33, 0xF3, 0x0B, 0xD8, 0x00, 0xC0, 0x0F, 0xFF, 0x81, 0xFF, 0xC0, 0x02, 0x00, 0xFF, 0xFF, 0xBF,
    0xFF, 0xE0, 0x00, 0x00, 0x00, 0x00, 0x03, 0x3F, 0xF0, 0xDF, 0xFE, 0x36, 0x01, 0x8C, 0xFF, 0xC3,
    0x1F, 0xE3, 0xF3, 0xB0, 0xFF, 0xFE, 0x0C, 0xDF, 0x83, 0x3D, 0xC0, 0xCE, 0xF8, 0x3C, 0xFE, 0x1F,
    0xFE, 0xCE, 0x31, 0xB0, 0x03, 0xE6, 0x01, 0xF0, 0x00, 0x00, 0x00, 0x00, 0x00, 0x00, 0x20, 0x03,
    0xFF, 0xF1, 0xFF, 0xFC, 0x62, 0x21, 0x1F, 0xFF, 0xC3, 0xFF, 0xE0, 0x19, 0xC0, 0x0F, 0xFC, 0x03,
    0xFF, 0x0F, 0xFF, 0xF0, 0x30, 0x60, 0x3D, 0x9C, 0x3B, 0xFF, 0xC6, 0x7F, 0xA1, 0xFF, 0xF8, 0x00,
    0x00, 0x00, 0x00, 0x00, 0x00, 0x00, 0x00, 0x20, 0x01, 0x18, 0x00, 0xC7, 0xF8, 0x33, 0xFE, 0x0C,
    0xFF, 0x03, 0x7F, 0xC0, 0xE6, 0x10, 0xFD, 0xFC, 0x0C, 0x7F, 0x03, 0x1F, 0xE0, 0xCF, 0xF8, 0x33,
    0xF2, 0x0F, 0xDC, 0x8F, 0xFF, 0x70, 0x3F, 0xFC, 0x00, 0x00, 0x00, 0x00, 0x00, 0x00, 0x00, 0x00,
    0x08, 0x01, 0x3F, 0xF0, 0xCF, 0xFE, 0x30, 0x70, 0x0C, 0x7F, 0x83, 0x1F, 0xE0, 0xC7, 0xF8, 0xFF,
    0x06, 0x0C, 0x7F, 0x83, 0x1F, 0xE0, 0xC7, 0xF8, 0x34, 0xF8, 0x0F, 0xFF, 0xEF, 0xBF, 0xF3, 0x86,
    0x38, 0x07, 0x07, 0x81, 0x80, 0x60, 0x00, 0x00, 0x01, 0x08, 0x0F, 0xFB, 0x03, 0xFE, 0x80, 0x6B,
    0x7C, 0x1F, 0xDF, 0x80, 0x03, 0x61, 0xFC, 0x98, 0x3F, 0x66, 0x07, 0xDD, 0x8F, 0xF7, 0xF9, 0xF3,
    0x5E, 0x3D, 0x87, 0x00, 0x60, 0x03, 0xFF, 0xE0, 0x7F, 0xF0, 0xFF, 0xFF, 0xBF, 0xFF, 0xE0, 0x00,
    0x00, 0x04, 0x08, 0x03, 0x3F, 0xF0, 0xCF, 0xFE, 0x30, 0xC4, 0x0C, 0x1B, 0x03, 0x7F, 0xFB, 0xF0,
    0x00, 0x39, 0xFF, 0x0C, 0x7F, 0xC3, 0x1F, 0xF0, 0xC7, 0xFC, 0x3F, 0xFF, 0x3E, 0x3F, 0x8F, 0x0C,
    0x98, 0x06, 0x36, 0x0F, 0x0F, 0x01, 0x81, 0x80, 0x00, 0x00, 0x01, 0x04, 0x0F, 0xFF, 0xF3, 0xFF,
    0xFE, 0x0E, 0x38, 0x07, 0xFF, 0x01, 0xFF, 0xC0, 0x7F, 0xF0, 0x18, 0x0C, 0x07, 0xFF, 0x00, 0xFF,
    0x83, 0xFF, 0xFE, 0x7F, 0xFF, 0x3F, 0x2F, 0xE7, 0xFF, 0xF0, 0x3F, 0xE0, 0xFF, 0xFF, 0xBF, 0xFF,
    0xE0, 0x00, 0x00, 0x04, 0x10, 0x83, 0x06, 0x30, 0xC0, 0xD8, 0x31, 0xFF, 0x8C, 0x7F, 0xEF, 0xFF,
    0xF8, 0xC4, 0x66, 0x31, 0xFF, 0x8C, 0x7F, 0xC3, 0x0F, 0xE0, 0xC3, 0xFC, 0x3C, 0xFF, 0x3F, 0x3F,
    0xCE, 0x08, 0x30, 0x03, 0xFC, 0x00, 0xFF, 0x00, 0x20, 0x80, 0x00, 0x00, 0x0E, 0x20, 0x07, 0xCC,
    0x61, 0xB3, 0xB8, 0x6D, 0xFF, 0x1E, 0x3F, 0x07, 0x9F, 0xF1, 0xF7, 0xF8, 0x6D, 0xFE, 0x1B, 0x7F,
    0xC7, 0xDD, 0xB9, 0xC7, 0xC0, 0x60, 0xE0, 0x08, 0x20, 0x03, 0xFF, 0xF0, 0x7F, 0xF8, 0xFF, 0xFF,
    0xBF, 0xFF, 0xE0, 0x00, 0x00, 0x07, 0xFF, 0x03, 0xFF, 0xE0, 0xC7, 0x18, 0x3F, 0xFE, 0x0F, 0xFF,
    0x83, 0xFF, 0xE0, 0x07, 0x00, 0x7F, 0xFF, 0x0F, 0xFF, 0x8F, 0xFF, 0xF9, 0xFF, 0xFC, 0x72, 0xA7,
    0x00, 0x22, 0x03, 0xFF, 0xE0, 0x7F, 0xF0, 0xFF, 0xFF, 0xBF, 0xFF, 0xE0, 0x00, 0x00, 0x04, 0x08,
    0x03, 0x1F, 0xE0, 0xCF, 0xF8, 0x30, 0x20, 0x0C, 0x7B, 0x83, 0x7F, 0xFB, 0xF6, 0x38, 0x3B, 0xFE,
    0x0C, 0xFF, 0xC3, 0x3F, 0xE0, 0xCF, 0xF8, 0x3F, 0xFE, 0x3F, 0xFF, 0x8F, 0x3F, 0xF0, 0x07, 0xF8,
    0x03, 0x87, 0x80, 0xC0, 0xC0, 0x00, 0x00, 0x01, 0x9F, 0x01, 0xE7, 0xC3, 0xF5, 0xF0, 0xEF, 0x7C,
    0x1F, 0x91, 0x07, 0xE7, 0xC3, 0xF9, 0xF4, 0x3E, 0x7B, 0x3B, 0x9F, 0x83, 0xEF, 0x71, 0xFB, 0x0C,
    0x00, 0x80, 0x00, 0x70, 0x07, 0xFF, 0xE1, 0xFF, 0xFC, 0xFF, 0xFF, 0x00, 0x00, 0x00, 0x00, 0x00,
    0x00, 0x04, 0x03, 0xF1, 0x01, 0xFF, 0xF8, 0x7F, 0xFE, 0x1F, 0xDB, 0x07, 0xFF, 0xF1, 0xFF, 0xFE,
    0xD1, 0x7E, 0x37, 0xDF, 0x8D, 0xF9, 0x80, 0x02, 0x40, 0x00, 0xC0, 0x07, 0xFF, 0x01, 0xFF, 0xC3,
    0xFF, 0xFE, 0x00, 0x00, 0x00, 0x00, 0x00, 0x00, 0x00, 0x04, 0x08, 0x03, 0x3F, 0xF0, 0xCF, 0xFE,
    0x30, 0x00, 0x0C, 0x7F, 0xC3, 0x17, 0xF3, 0xFD, 0xEC, 0x31, 0x03, 0x0C, 0x7F, 0xC3, 0x1F, 0xE0,
    0xC3, 0xF8, 0x3C, 0xFE, 0x3F, 0x3F, 0x8F, 0x0F, 0xC0, 0x0F, 0xFE, 0x03, 0xFF, 0x80, 0x00, 0x00,
    0x00, 0x00, 0x00, 0x08, 0x00, 0x03, 0x00, 0xC0, 0xC0, 0x33, 0xFF, 0x8C, 0x7F, 0x83, 0x1F, 0xF0,
    0xC7, 0xEC, 0xFD, 0xFB, 0x0C, 0x7F, 0xC3, 0x1F, 0xE0, 0xCF, 0xFE, 0x33, 0xFF, 0x0F, 0x36, 0xEF,
    0xF8, 0xF1, 0xCF, 0xF8, 0x03, 0xE7, 0x80, 0xE0, 0xE0, 0x00, 0x00, 0x00, 0x08, 0x01, 0x3F, 0xF0,
    0xCF, 0xFC, 0x31, 0xCE, 0x0C, 0xC0, 0xE3, 0x19, 0xE3, 0xFF, 0xF8, 0x31, 0x9C, 0x0C, 0xFF, 0x03,
    0x1F, 0xC0, 0xDF, 0xFE, 0x3F, 0xFF, 0x3E, 0x76, 0x8F, 0x38, 0xE0, 0x0F, 0xB0, 0x03, 0xE7, 0x80,
    0xC0, 0xC0, 0x00, 0x00, 0x00, 0x20, 0x00, 0x08, 0x00, 0x02, 0x00, 0x00, 0x80, 0x00, 0x20, 0x00,
    0x08, 0x00, 0x02, 0x00, 0xFF, 0xFF, 0x9F, 0xFF, 0xC0, 0x08, 0x00, 0x02, 0x00, 0x00, 0x80, 0x00,
    0x20, 0x00, 0x08, 0x01, 0xFF, 0xFC, 0x7F, 0xFF, 0x00, 0x00, 0x00, 0x00, 0x00, 0x01, 0x04, 0x00,
    0xC1, 0x80, 0x30, 0x60, 0x0C, 0x18, 0x33, 0x06, 0x06, 0xC1, 0x80, 0xD0, 0x60, 0x0D, 0xFF, 0x83,
    0x7F, 0xC1, 0xC1, 0x80, 0xF0, 0x60, 0x64, 0x18, 0x3B, 0x06, 0x0C, 0xC1, 0x80, 0x33, 0xFC, 0x0C,
    0xFF, 0x01, 0x00, 0x00, 0x00, 0x00, 0x00, 0x20, 0x00, 0x08, 0x00, 0x07, 0x00, 0xFF, 0xFF, 0x80,
    0x20, 0x00, 0x1C, 0x01, 0xFF, 0xFC, 0x00, 0x00, 0x0F, 0xFF, 0x83, 0xFF, 0xE0, 0xC2, 0x18, 0x3F,
    0xFE, 0x0F, 0xFF, 0x87, 0x00, 0x41, 0x80, 0x00, 0xE0, 0x00, 0x30, 0x00, 0x00, 0x00, 0x00, 0x00,
    0x20, 0x00, 0x08, 0x00, 0x07, 0x00, 0xFF, 0xFF, 0x80, 0x20, 0x00, 0x1C, 0x01, 0xFF, 0xFC, 0x00,
    0x00, 0x3F, 0xFF, 0xEF, 0xFF, 0xFB, 0x60, 0x06, 0x58, 0x7D, 0x07, 0xFE, 0x01, 0xF8, 0x30, 0x60,
    0x0C, 0x0F, 0xFE, 0x01, 0xFF, 0x00, 0x00, 0x00, 0x00, 0x20, 0x00, 0x0C, 0x00, 0x03, 0x00, 0x7F,
    0xFF, 0x00, 0x30, 0x00, 0x0C, 0x00, 0x7F, 0xF8, 0x00, 0x00, 0x3F, 0xFF, 0xEF, 0xFF, 0xFB, 0x08,
    0xC6, 0x43, 0x31, 0x00, 0xCC, 0x00, 0x63, 0x18, 0x30, 0xC6, 0x78, 0x3F, 0x8C, 0x07, 0xC0, 0x00,
    0x00, 0x00, 0x20, 0x00, 0x08, 0x00, 0x07, 0x00, 0xFF, 0xFF, 0x82, 0xCE, 0x01, 0x93, 0xC0, 0xCC,
    0xDC, 0xE6, 0x31, 0x87, 0xB8, 0x00, 0xEC, 0x00, 0x1F, 0xF8, 0x0F, 0xFC, 0x1F, 0xCE, 0x03, 0x3F,
    0x00, 0x1F, 0xF0, 0xFF, 0x3F, 0xBE, 0x01, 0xE0, 0x00, 0x00, 0x00, 0x00, 0x0F, 0xFF, 0xF9, 0xFF,
    0xFC, 0x0F, 0xF8, 0x07, 0xFF, 0x01, 0xFF, 0xC0, 0x7F, 0xF0, 0x18, 0x0C, 0x07, 0xFF, 0x01, 0xFF,
    0xC0, 0x1F, 0xE0, 0x0F, 0xFC, 0x1F, 0xC7, 0x00, 0x7F, 0x01, 0xFF, 0xFC, 0xF8, 0x1F, 0x80, 0x00,
    0x00, 0x00, 0x00, 0x00, 0x30, 0x00, 0x0C, 0x00, 0x03, 0x00, 0x00, 0xFC, 0x00, 0x7F, 0x80, 0x18,
    0x60, 0x0C, 0x18, 0x07, 0x8C, 0x07, 0x33, 0x01, 0x87, 0x80, 0x00, 0xC0, 0x00, 0x60, 0x00, 0x38,
    0x00, 0x3C, 0x00, 0x3C, 0x00, 0x3C, 0x00, 0x0C, 0x00, 0x00, 0x00, 0x00, 0x02, 0x04, 0x01, 0x83,
    0x00, 0x60, 0x40, 0x1F, 0x90, 0x07, 0xE4, 0x01, 0x8D, 0x00, 0xC3, 0xC0, 0x31, 0xF0, 0x1E, 0xCE,
    0x0C, 0xF1, 0xC0, 0x18, 0x5C, 0x06, 0x11, 0x03, 0x04, 0x01, 0x81, 0x01, 0xC0, 0x40, 0xE0, 0x10,
    0x00, 0x00, 0x00, 0x00, 0x00, 0x00, 0x40, 0x00, 0x18, 0x00, 0x07, 0xF0, 0x03, 0xFC, 0x05, 0x86,
    0x03, 0xF3, 0x00, 0x07, 0x80, 0x01, 0xF0, 0x03, 0xD8, 0x07, 0xEF, 0xF1, 0xCF, 0xFC, 0x1F, 0xC6,
    0x07, 0x3F, 0x00, 0x07, 0x80, 0x07, 0xC0, 0x3F, 0xC0, 0x0F, 0x80, 0x00, 0x00, 0x00, 0x00, 0x20,
    0x00, 0x08, 0x00, 0x02, 0x00, 0x7F, 0xFF, 0x3F, 0xFF, 0xE0, 0x46, 0x00, 0x31, 0x80, 0x08, 0xFE,
    0x06, 0x3F, 0x87, 0x9A, 0x63, 0x3C, 0xF0, 0x4F, 0x8C, 0x03, 0x36, 0x00, 0x87, 0x80, 0x23, 0xF8,
    0x1F, 0xCF, 0x82, 0xC0, 0xE0, 0x00, 0x00, 0x00, 0x88, 0x00, 0x22, 0x00, 0x1D, 0xC0, 0xFF, 0xFF,
    0x87, 0xFF, 0x03, 0xFF, 0xE0, 0xD8, 0xD8, 0x3F, 0xFE, 0x07, 0xFF, 0x0F, 0xFF, 0xF3, 0xFF, 0xFC,
    0xC7, 0xF3, 0x3F, 0xFE, 0x81, 0xB7, 0x00, 0x0F, 0x80, 0xFF, 0x80, 0x3F, 0x00, 0x00, 0x00, 0x00,
    0x00, 0x20, 0x00, 0x08, 0x00, 0x02, 0x00, 0x00, 0x80, 0x00, 0x20, 0x00, 0x1C, 0x03, 0xFF, 0xFE,
    0x01, 0xC0, 0x00, 0x70, 0x00, 0x36, 0x00, 0x0D, 0x80, 0x02, 0x20, 0x01, 0x8C, 0x00, 0xC1, 0x80,
    0xE0, 0x38, 0xF0, 0x07, 0xB8, 0x00, 0xE0, 0x00, 0x00, 0x00, 0x00, 0x0F, 0xFF, 0xFB, 0xFF, 0xFE,
    0x00, 0x80, 0x00, 0x20, 0x00, 0x08, 0x00, 0xFF, 0xF8, 0x7F, 0xFF, 0x00, 0x70, 0x00, 0x14, 0x00,
    0x0D, 0x80, 0x06, 0x30, 0x03, 0x06, 0x07, 0x80, 0xF3, 0x80, 0x0E, 0x00, 0x00, 0x00, 0x00, 0x00,
    0x00, 0x00, 0x00, 0x20, 0x00, 0x08, 0x00, 0x02, 0x00, 0x00, 0x80, 0x00, 0x70, 0x0F, 0xFF, 0xF8,
    0x03, 0x00, 0x00, 0x80, 0x00, 0x70, 0x00, 0x16, 0x00, 0x0D, 0x80, 0x02, 0x30, 0x01, 0x86, 0x00,
    0xD9, 0x81, 0xE7, 0x38, 0xF0, 0x47, 0xB0, 0x00, 0xE0, 0x00, 0x00, 0x00, 0x20, 0x00, 0x08, 0x00,
    0x02, 0x00, 0x1F, 0xFC, 0x0F, 0xFF, 0x80, 0x0C, 0x00, 0x02, 0x00, 0x00, 0x80, 0x00, 0x30, 0x07,
    0xFF, 0xF0, 0xFF, 0xF8, 0x01, 0xC0, 0x00, 0xD8, 0x00, 0x63, 0x00, 0x70, 0x78, 0xF8, 0x0F, 0xB8,
    0x00, 0xE0, 0x00, 0x00, 0x00, 0x40, 0x00, 0x10, 0x00, 0x04, 0x00, 0x1F, 0xF8, 0x0F, 0xFF, 0x03,
    0x10, 0xC0, 0xC4, 0x30, 0x31, 0x0C, 0x0C, 0x43, 0x0F, 0xFF, 0xF9, 0xFF, 0xFC, 0x02, 0xC0, 0x01,
    0x90, 0x00, 0xC6, 0x00, 0xF0, 0xF0, 0xF8, 0x1F, 0xB8, 0x01, 0xE0, 0x00, 0x00, 0x00, 0x20, 0x00,
    0x88, 0x00, 0x62, 0x00, 0x18, 0x80, 0x07, 0x70, 0x01, 0xFF, 0xE0, 0xC7, 0x00, 0x60, 0x80, 0x00,
    0x20, 0x0F, 0xFF, 0xF9, 0xFF, 0xFC, 0x01, 0xC0, 0x00, 0xD8, 0x00, 0x63, 0x00, 0xF0, 0x78, 0xF8,
    0x0F, 0xB8, 0x00, 0xE0, 0x00, 0x00, 0x00, 0x20, 0x00, 0x08, 0x00, 0x07, 0x00, 0x7F, 0xFF, 0x00,
    0xF8, 0x00, 0x63, 0x00, 0x70, 0x70, 0xFF, 0xFF, 0x9F, 0xFF, 0xC0, 0xF8, 0xC0, 0x7E, 0x30, 0x18,
    0x8C, 0x07, 0xE3, 0x01, 0xF8, 0xC0, 0x20, 0x30, 0x00, 0x78, 0x00, 0x1C, 0x00, 0x00, 0x00, 0x00,
    0x20, 0x00, 0x08, 0x00, 0x07, 0x00, 0xFF, 0xFF, 0x01, 0x8C, 0x00, 0xC1, 0x80, 0xE0, 0x38, 0xEF,
    0xFB, 0x91, 0xFC, 0x40, 0x00, 0x03, 0xFF, 0xFE, 0x7F, 0xFF, 0x01, 0x24, 0x03, 0xC9, 0xC3, 0xE2,
    0x3E, 0xE7, 0x83, 0x81, 0xC0, 0x00, 0x00, 0x00, 0x00, 0x20, 0x00, 0x08, 0x00, 0x07, 0x00, 0x7F,
    0xFF, 0x07, 0xFF, 0x03, 0xFF, 0xE0, 0x0F, 0x80, 0x03, 0x70, 0x3F, 0xFF, 0xE7, 0xFF, 0xF0, 0xF2,
    0x78, 0xFF, 0xFF, 0x90, 0x70, 0x47, 0xFF, 0xF0, 0xFF, 0xFC, 0x00, 0x80, 0x00, 0x20, 0x00, 0x00,
    0x00, 0x00, 0x20, 0x00, 0x0C, 0x00, 0x03, 0x00, 0x7F, 0xFF, 0x07, 0xFF, 0x03, 0xFF, 0xE0, 0x19,
    0x80, 0xFF, 0xFF, 0x9F, 0xFF, 0xC1, 0xFF, 0xE3, 0xEF, 0xBE, 0x7F, 0xFF, 0x07, 0xFF, 0x00, 0x1C,
    0x00, 0x1D, 0xC0, 0x7E, 0x3F, 0x0E, 0x03, 0xC0, 0x00, 0x00, 0x01, 0x00, 0x00, 0xC7, 0xE0, 0x3B,
    0xFC, 0x7F, 0x9B, 0x07, 0xC6, 0xC3, 0xF1, 0xB0, 0x38, 0xCC, 0x0F, 0x33, 0x1F, 0x9B, 0x83, 0x8C,
    0x40, 0x02, 0x00, 0xFF, 0xFF, 0x9F, 0xFF, 0xC0, 0x36, 0x00, 0x78, 0xF0, 0xFC, 0x1F, 0xBC, 0x01,
    0xE0, 0x00, 0x00, 0x00, 0x20, 0x00, 0x08, 0x00, 0x06, 0x00, 0x3F, 0xFF, 0x1F, 0xFF, 0xE0, 0x63,
    0x00, 0x32, 0x60, 0x3D, 0xDC, 0x3B, 0xFF, 0xE0, 0x5D, 0x00, 0x32, 0x60, 0xFF, 0xFF, 0x9F, 0xFF,
    0xC0, 0x41, 0x00, 0x30, 0x60, 0x78, 0x18, 0x0C, 0x04, 0x00, 0x00, 0x00, 0x00, 0x20, 0x00, 0x18,
    0x00, 0x0E, 0x00, 0x3F, 0xFE, 0x0D, 0x39, 0x83, 0x4F, 0x60, 0xDF, 0x98, 0x3F, 0xFE, 0x0F, 0xFD,
    0x83, 0x3E, 0x60, 0xFA, 0xF8, 0x04, 0x80, 0x3F, 0xFF, 0xEF, 0xFF, 0xF8, 0x1D, 0xE0, 0xFE, 0x1F,
    0xBE, 0x01, 0xE0, 0x00, 0x00, 0x01, 0x03, 0x82, 0xDF, 0xF1, 0xB7, 0xC0, 0x3C, 0x06, 0x03, 0x3D,
    0x80, 0xCB, 0xC0, 0x70, 0x18, 0x3D, 0xFF, 0xBB, 0x71, 0x84, 0xCC, 0x60, 0x31, 0x70, 0x00, 0x88,
    0x3F, 0xFF, 0xEF, 0xFF, 0xF8, 0x1D, 0xC0, 0xFE, 0x3F, 0xBE, 0x03, 0xE0, 0x00, 0x00, 0x00, 0x40,
    0x00, 0x30, 0x00, 0x1C, 0x00, 0xFF, 0xFF, 0x87, 0xBF, 0x03, 0xFD, 0xE3, 0xFF, 0xFE, 0x3D, 0xC0,
    0x3F, 0xFF, 0x04, 0xFF, 0x80, 0x7F, 0xF8, 0x0F, 0x7C, 0x3F, 0xFF, 0xEF, 0xFF, 0xF8, 0x38, 0x60,
    0x02, 0xF0, 0x00, 0x38, 0x00, 0x00, 0x00, 0x00, 0x40, 0x07, 0xFF, 0xFB, 0xFF, 0xFE, 0x1E, 0xDC,
    0x0F, 0xF3, 0x8E, 0xFF, 0xF8, 0xE7, 0x00, 0xFF, 0xFC, 0x17, 0xFE, 0x01, 0xFF, 0xE0, 0x3F, 0xF0,
    0x3F, 0xFE, 0x0E, 0x75, 0x83, 0xFF, 0xE0, 0xFF, 0xF8, 0x3F, 0xFE, 0x07, 0xFF, 0x80, 0x00, 0x00,
    0x00, 0x00, 0x00, 0x10, 0x00, 0x04, 0x00, 0x01, 0x00, 0x00, 0xC0, 0x00, 0x70, 0x03, 0xFF, 0xFE,
    0x06, 0x18, 0x03, 0x06, 0x01, 0xC1, 0x80, 0xF0, 0xC0, 0x1F, 0x60, 0x00, 0xF0, 0x00, 0x1F, 0x00,
    0x3C, 0xF0, 0xFE, 0x0E, 0x3C, 0x01, 0x80, 0x00, 0x00, 0x02, 0x00, 0x00, 0x80, 0x00, 0x20, 0x00,
    0x08, 0xFF, 0x1F, 0xD0, 0xCF, 0xF6, 0x30, 0xCD, 0x8C, 0x31, 0x63, 0x0C, 0xC9, 0x86, 0x33, 0x61,
    0xC8, 0xF0, 0x3E, 0x18, 0x03, 0x86, 0x00, 0xF3, 0xE0, 0xE5, 0x9C, 0xF1, 0xC3, 0xB8, 0x20, 0x60,
    0x00, 0x00, 0x0C, 0x00, 0x03, 0x07, 0xE0, 0xC1, 0xF8, 0x7F, 0x06, 0x3F, 0xC1, 0x03, 0x30, 0xC0,
    0xCC, 0x20, 0x63, 0x08, 0x19, 0xBF, 0xC7, 0x7F, 0xF0, 0x70, 0x60, 0x0C, 0x08, 0x07, 0x82, 0x03,
    0x30, 0x81, 0x8D, 0xE0, 0xC0, 0x70, 0x00, 0x00, 0x00, 0x00, 0x00, 0x02, 0x00, 0x00, 0xC0, 0x00,
    0x30, 0x00, 0x0C, 0x7F, 0x03, 0x18, 0xC7, 0xFE, 0x30, 0x67, 0x8C, 0x19, 0xE3, 0x06, 0x78, 0xC3,
    0x36, 0x30, 0xED, 0x8C, 0x1E, 0x63, 0x01, 0x98, 0xC0, 0xF7, 0xF0, 0x67, 0xFC, 0x71, 0xE3, 0x18,
    0x18, 0x40, 0x00, 0x00, 0x04, 0x00, 0x03, 0x07, 0xE0, 0xC1, 0xFC, 0x7F, 0x03, 0x3F, 0xC0, 0xC3,
    0x10, 0x30, 0xC4, 0x0C, 0x31, 0x03, 0x18, 0xDF, 0xC7, 0x27, 0xE0, 0xF9, 0x00, 0x0C, 0x60, 0x03,
    0x98, 0x61, 0xB6, 0x18, 0xC7, 0x86, 0x71, 0x7F, 0x98, 0x0F, 0x80, 0x00, 0x00, 0x00, 0x20, 0x00,
    0x08, 0x00, 0x07, 0x00, 0xFF, 0xFF, 0x86, 0x00, 0x01, 0x80, 0x00, 0x60, 0x00, 0x0F, 0xFE, 0x01,
    0xFF, 0x0F, 0xFF, 0xF9, 0xFF, 0xFC, 0x06, 0x30, 0x07, 0xD8, 0x00, 0xFF, 0x00, 0x1F, 0xF8, 0xFF,
    0x0F, 0x3E, 0x00, 0xC0, 0x00, 0x00, 0x04, 0x00, 0x03, 0x00, 0xF0, 0xC3, 0xFC, 0x7E, 0xF8, 0x3F,
    0x86, 0x03, 0x61, 0x80, 0xC8, 0x60, 0x36, 0x18, 0x19, 0xFF, 0xE7, 0xDF, 0xF0, 0xF0, 0x60, 0x18,
    0x18, 0x0F, 0x06, 0x03, 0x61, 0x81, 0xCB, 0xFC, 0xE2, 0xFF, 0x30, 0x00, 0x00, 0x00, 0x00, 0x04,
    0x00, 0xC3, 0x01, 0xF0, 0xC3, 0xF8, 0x7C, 0xF8, 0x3F, 0x86, 0x03, 0x61, 0x80, 0xC8, 0x60, 0x66,
    0x18, 0x1B, 0xFF, 0xEE, 0xDF, 0xF1, 0xF0, 0xE0, 0x18, 0x3C, 0x0F, 0x1B, 0x03, 0x66, 0xE1, 0xCB,
    0x1C, 0xE3, 0x83, 0xB0, 0x40, 0x60, 0x00, 0x00, 0x00, 0x04, 0x03, 0x01, 0x80, 0xC0, 0x60, 0x30,
    0x18, 0x3F, 0x9F, 0x83, 0x67, 0xB0, 0xC9, 0xEC, 0x66, 0xD9, 0x99, 0xB6, 0x07, 0xC9, 0xB0, 0x61,
    0xD8, 0x18, 0x26, 0x0F, 0x03, 0x03, 0x61, 0x81, 0xC9, 0xC0, 0xE0, 0xE0, 0x30, 0x20, 0x00, 0x00,
    0x00, 0x00, 0x0F, 0x83, 0xFF, 0xF1, 0xFF, 0x08, 0x00, 0x83, 0x0C, 0x30, 0xC1, 0x84, 0x60, 0x61,
    0x18, 0x01, 0x00, 0x00, 0xC0, 0x0F, 0xFF, 0xF9, 0xFF, 0xFC, 0x0E, 0x30, 0x03, 0xD8, 0x00, 0x3F,
    0x00, 0x1E, 0xF8, 0x7F, 0x0F, 0x1E, 0x00, 0xC0, 0x00, 0x00, 0x04, 0x04, 0x03, 0x01, 0x80, 0xC0,
    0x60, 0x31, 0xFF, 0x0C, 0xFF, 0xEF, 0xE6, 0x00, 0xD9, 0x80, 0x62, 0x60, 0x19, 0x9F, 0xCC, 0x67,
    0xF3, 0xB1, 0x8C, 0x7C, 0x63, 0x07, 0x18, 0xC3, 0xCC, 0x31, 0xDA, 0x0C, 0xE3, 0x9F, 0x30, 0x47,
    0x00, 0x00, 0x00, 0x0C, 0x00, 0x03, 0x1F, 0xF8, 0xC7, 0xFE, 0x7E, 0x30, 0x3F, 0x9C, 0x03, 0x66,
    0x00, 0xC9, 0x80, 0x32, 0xC0, 0x19, 0xFF, 0xC6, 0xFE, 0xB0, 0xD5, 0x8C, 0x1C, 0x63, 0x07, 0x18,
    0xC3, 0xE6, 0x31, 0xC9, 0xFC, 0xE2, 0x7F, 0x30, 0x10, 0xC0, 0x00, 0x00, 0x04, 0x04, 0x03, 0x01,
    0x80, 0xC0, 0x60, 0x7E, 0xFE, 0x3F, 0xBF, 0xC3, 0x61, 0x80, 0xC8, 0x60, 0x66, 0x18, 0x1B, 0xFF,
    0xE7, 0xDF, 0xF0, 0xF1, 0xF8, 0x18, 0x7E, 0x0F, 0x36, 0xC3, 0x69, 0xB1, 0xCE, 0x6E, 0xE2, 0x99,
    0xB0, 0x04, 0x00, 0x00, 0x00, 0x00, 0x20, 0x00, 0x08, 0x00, 0x07, 0x00, 0xFF, 0xFF, 0x87, 0xFE,
    0x03, 0xFF, 0xC0, 0x07, 0x30, 0xFF, 0xFF, 0x9F, 0xFF, 0xC3, 0xFF, 0xC0, 0x7F, 0xE0, 0xFF, 0xFF,
    0x9F, 0xFF, 0xC0, 0xFF, 0x80, 0x3F, 0xE0, 0xFF, 0x9F, 0xBF, 0x81, 0xE0, 0x00, 0x00, 0x04, 0x04,
    0x03, 0x01, 0x80, 0xC7, 0xFC, 0x7F, 0xFF, 0xBF, 0x84, 0x03, 0x61, 0x80, 0xC8, 0x60, 0x66, 0xFF,
    0x19, 0xBF, 0xC7, 0xC9, 0xB0, 0x62, 0x6C, 0x18, 0x9B, 0x0F, 0x26, 0xC3, 0x69, 0xF1, 0xCA, 0x70,
    0xE2, 0x18, 0x30, 0x04, 0x00, 0x00, 0x00, 0x04, 0x08, 0x03, 0x03, 0x00, 0xC0, 0xC0, 0x30, 0x36,
    0x3F, 0x99, 0x83, 0x64, 0x30, 0xC9, 0xBC, 0x36, 0xFD, 0x9D, 0xBC, 0x07, 0xE0, 0x00, 0xF1, 0xFC,
    0x18, 0x7F, 0x07, 0x10, 0xC3, 0xE4, 0x31, 0xC9, 0xFC, 0xE2, 0x7F, 0x30, 0x10, 0xC0, 0x00, 0x00,
    0x04, 0x04, 0x03, 0x09, 0x80, 0xC3, 0x60, 0x30, 0x98, 0x3F, 0xB6, 0x03, 0x6F, 0xF0, 0xCB, 0x60,
    0x67, 0x98, 0x1B, 0xC6, 0x07, 0xDF, 0xF0, 0x60, 0x68, 0x18, 0x18, 0x0F, 0x06, 0x03, 0x61, 0x81,
    0xCF, 0xFE, 0xE1, 0xFF, 0xB0, 0x00, 0x00, 0x00, 0x00, 0x00, 0x1F, 0x03, 0xFF, 0xC0, 0xFF, 0x00,
    0x01, 0x80, 0x00, 0x60, 0x07, 0xFF, 0xF0, 0x0F, 0x00, 0x0F, 0xF0, 0x1E, 0x67, 0xC7, 0x30, 0xF1,
    0xFF, 0xFC, 0x7F, 0xFF, 0x03, 0xD8, 0x00, 0xFE, 0x00, 0x1F, 0xE0, 0x7E, 0x7E, 0x1E, 0x01, 0x80,
    0x00, 0x00, 0x0C, 0x00, 0x03, 0x0F, 0xE0, 0xC3, 0xF8, 0xFE, 0x90, 0x3F, 0xA4, 0x03, 0x6F, 0xE0,
    0xDB, 0xF8, 0x66, 0x82, 0x1B, 0x20, 0x87, 0xCF, 0xE0, 0x63, 0xF8, 0x18, 0x90, 0x0F, 0x24, 0x03,
    0x6F, 0x01, 0x9B, 0xFE, 0xC0, 0xC0, 0x00, 0x00, 0x00, 0x00, 0x00, 0x04, 0x00, 0x03, 0x0F, 0xF0,
    0xC3, 0xFE, 0x7E, 0xC1, 0xBF, 0xB6, 0x63, 0x6D, 0x18, 0xCB, 0x66, 0x66, 0xFF, 0x9B, 0xB6, 0x6E,
    0xCD, 0x99, 0xF3, 0xF6, 0x18, 0xED, 0x8F, 0x39, 0xE3, 0x6C, 0x59, 0xCB, 0xFE, 0xE2, 0xFF, 0xB0,
    0x20, 0x60, 0x00, 0x00, 0x00, 0x20, 0x03, 0x08, 0x01, 0xF3, 0xF8, 0x0F, 0xFF, 0x00, 0xCC, 0xC0,
    0x03, 0x60, 0x71, 0xE0, 0xF0, 0xCE, 0x00, 0xE0, 0xE0, 0x70, 0x13, 0xFF, 0xFE, 0x7D, 0xFF, 0x07,
    0x8C, 0x01, 0xFE, 0x00, 0x1F, 0xE0, 0xFF, 0x1F, 0x3E, 0x01, 0x80, 0x00, 0x00, 0x00, 0x12, 0x00,
    0x06, 0xC0, 0xFF, 0xFC, 0x7F, 0xFF, 0x98, 0x18, 0x06, 0x06, 0x01, 0xBF, 0xC0, 0x67, 0x33, 0x18,
    0x8C, 0xC7, 0xFF, 0xB1, 0xFF, 0xF8, 0x6C, 0xDE, 0x1B, 0xE7, 0x66, 0x39, 0xDB, 0x9A, 0xFE, 0xCC,
    0xE7, 0xB2, 0x30, 0xC0, 0x00, 0x00, 0x04, 0x08, 0x03, 0x02, 0x00, 0xC3, 0xF0, 0x78, 0xFE, 0x3F,
    0x31, 0x83, 0xCC, 0x60, 0xD3, 0xF8, 0x6C, 0xCE, 0x1B, 0x31, 0x8E, 0xCF, 0xE3, 0xE3, 0xEC, 0x78,
    0xF6, 0x0F, 0x37, 0x07, 0x4C, 0x81, 0x9B, 0xB8, 0xE3, 0xC7, 0xB0, 0xC0, 0xE0, 0x00, 0x00, 0x04,
    0x00, 0x03, 0x0F, 0xF0, 0xC3, 0xFE, 0x30, 0x80, 0x0C, 0x20, 0x0F, 0xCB, 0xF0, 0xF2, 0x00, 0x64,
    0x80, 0x1B, 0x3F, 0xED, 0xCF, 0xF1, 0xE2, 0xE6, 0x38, 0xBB, 0x0F, 0x2F, 0x86, 0x5A, 0x71, 0xBC,
    0xEC, 0xE7, 0x7B, 0xB0, 0x58, 0x60, 0x00, 0x00, 0x04, 0x0F, 0x03, 0x03, 0xE0, 0xC0, 0xD8, 0x70,
    0x36, 0x3F, 0xBD, 0x83, 0x6F, 0xE0, 0xCB, 0x00, 0x36, 0xC0, 0x19, 0x3F, 0xC7, 0xC7, 0xF0, 0xF0,
    0x0C, 0x19, 0xFF, 0x8F, 0x7F, 0xC3, 0x62, 0x61, 0xC9, 0x9C, 0xE1, 0xC3, 0xB0, 0x60, 0x60, 0x00,
    0x00, 0x0C, 0x08, 0x07, 0xBF, 0xE0, 0x3F, 0xFC, 0x36, 0x23, 0x1D, 0xDC, 0x01, 0xFF, 0xE0, 0x1F,
    0x18, 0x34, 0x8C, 0x1B, 0x3E, 0x0D, 0xDF, 0xF3, 0x2E, 0x38, 0xFF, 0xFF, 0x9F, 0xFF, 0xC0, 0xE3,
    0x00, 0x3F, 0xE0, 0xFF, 0xFF, 0x3F, 0x81, 0x80, 0x00, 0x00, 0x04, 0x03, 0xC3, 0x0F, 0xF0, 0xC7,
    0xE0, 0x7D, 0x98, 0x3F, 0x66, 0x03, 0xCF, 0xF0, 0xD6, 0x30, 0x6C, 0x8D, 0x9B, 0x7D, 0xEE, 0xFE,
    0x73, 0xF7, 0xFC, 0x78, 0xFF, 0x0F, 0x7F, 0xC7, 0x5F, 0xF1, 0x97, 0xFC, 0xE1, 0xFF, 0x30, 0x20,
    0xC0, 0x00, 0x00, 0x04, 0x00, 0x03, 0x0F, 0xE0, 0xC3, 0xFC, 0x78, 0x03, 0x3F, 0x1F, 0xC6, 0xC7,
    0xF1, 0xB3, 0xFC, 0x6C, 0x00, 0x1B, 0xFF, 0xED, 0x9B, 0x9B, 0xE7, 0xFE, 0x79, 0xFF, 0x0F, 0x26,
    0xC7, 0x49, 0xB1, 0x92, 0x78, 0xE0, 0x9C, 0x30, 0x04, 0x00, 0x00, 0x00, 0x04, 0x00, 0x03, 0x1F,
    0xF0, 0xC7, 0xFE, 0x7C, 0x19, 0xBF, 0xE7, 0xC3, 0x7D, 0x80, 0xCB, 0xE0, 0x67, 0xFF, 0x99, 0xEF,
    0xC7, 0xDF, 0xF0, 0xF3, 0xFC, 0x18, 0xFF, 0x0F, 0x3F, 0xC3, 0x6F, 0xF1, 0xCF, 0xFC, 0xE2, 0x9F,
    0x30, 0x27, 0x00, 0x00, 0x00, 0x04, 0x11, 0x03, 0x04, 0x60, 0xC3, 0x98, 0x31, 0xFF, 0x8C, 0x1F,
    0x8F, 0xC7, 0xE0, 0xF1, 0x98, 0x6C, 0x66, 0x1B, 0x1F, 0x8E, 0xC7, 0xC3, 0xF7, 0xFE, 0x79, 0xFF,
    0x0F, 0x1F, 0x87, 0x4D, 0xF1, 0x96, 0x6E, 0xE1, 0x19, 0xB0, 0x04, 0x00, 0x00, 0x00, 0x0C, 0x03,
    0x83, 0x1F, 0xE0, 0xC7, 0xC8, 0x7E, 0xF6, 0x3F, 0x95, 0x03, 0x6F, 0xE0, 0xDB, 0xF8, 0x36, 0xE0,
    0x1B, 0xFF, 0xC7, 0xCF, 0xE0, 0x63, 0xF8, 0x19, 0xE6, 0x0F, 0x79, 0x83, 0x73, 0xC1, 0x99, 0x9C,
    0xCD, 0xC7, 0x00, 0x00, 0x00, 0x00, 0x00, 0x04, 0x04, 0x03, 0x01, 0x80, 0xC7, 0xFC, 0x7B, 0xFF,
    0xBF, 0xC0, 0x63, 0xF0, 0x19, 0xB7, 0xFC, 0x6C, 0xFE, 0x1B, 0xFF, 0x6E, 0xDB, 0xFB, 0xF1, 0xD8,
    0x79, 0xDB, 0x0F, 0x6E, 0xC6, 0x47, 0x99, 0x9F, 0x66, 0xE1, 0xF0, 0x30, 0x18, 0x00, 0x00, 0x00,
    0x08, 0x04, 0x06, 0x01, 0x81, 0x83, 0xFE, 0x7C, 0xFF, 0xBF, 0x26, 0x06, 0xEB, 0xE1, 0x9E, 0xFC,
    0x6F, 0xFC, 0x36, 0x7B, 0x0F, 0x9C, 0xC1, 0xDF, 0xFE, 0x32, 0xFF, 0x1E, 0x27, 0x87, 0x89, 0xE3,
    0xB6, 0xDC, 0xCF, 0x63, 0xB1, 0x50, 0x60, 0x00, 0x00, 0x04, 0x22, 0x03, 0x0D, 0x80, 0xC7, 0xF8,
    0x31, 0xFE, 0x1E, 0x7F, 0x0F, 0xDF, 0xC0, 0xF3, 0xF8, 0x6F, 0xFF, 0x9B, 0x1F, 0x8D, 0x9F, 0xC3,
    0xE7, 0xF0, 0x38, 0xFC, 0x0F, 0x77, 0x86, 0xFF, 0x31, 0x99, 0xC6, 0xC0, 0x70, 0x00, 0x00, 0x00,
    0x00, 0x00, 0x0C, 0x04, 0x03, 0x03, 0x00, 0xC3, 0xFC, 0x7D, 0xFF, 0x1F, 0xB3, 0x03, 0x6F, 0xC0,
    0xDF, 0xFC, 0x37, 0xFF, 0x19, 0xFF, 0xC6, 0xDF, 0xF0, 0xF7, 0xF4, 0x1D, 0xFF, 0x07, 0xF9, 0xC3,
    0x7F, 0xF0, 0xD6, 0xF4, 0x71, 0x8F, 0x10, 0x63, 0x80, 0x00, 0x00, 0x04, 0x08, 0x03, 0x3F, 0xF0,
    0xCF, 0xFC, 0x7D, 0xCE, 0x3F, 0xE0, 0xE3, 0xDD, 0xE1, 0xBF, 0xF8, 0x6D, 0xCC, 0x1B, 0xFF, 0x0D,
    0xDF, 0xC3, 0xEF, 0xFE, 0x7B, 0xFF, 0x0F, 0x76, 0x87, 0x78, 0xE1, 0x9B, 0xB0, 0xE3, 0xE7, 0xB0,
    0xC0, 0xC0, 0x00, 0x00, 0x00, 0x00, 0x03, 0xFF, 0xC0, 0x7F, 0xE0, 0x00, 0x30, 0x00, 0x38, 0x00,
    0x0C, 0x00, 0x02, 0x00, 0xFF, 0xFF, 0x3F, 0xFF, 0xE0, 0x08, 0x00, 0x02, 0x00, 0x00, 0x80, 0x00,
    0x20, 0x00, 0x08, 0x00, 0x1E, 0x00, 0x0F, 0x00, 0x00, 0x00, 0x00, 0x00, 0x00, 0x00, 0x08, 0x03,
    0xF2, 0x01, 0xFC, 0x80, 0x03, 0x20, 0x01, 0x88, 0x00, 0xC2, 0x00, 0x30, 0x80, 0x0F, 0xA0, 0x03,
    0xC8, 0x03, 0xE2, 0x03, 0xF0, 0x80, 0x64, 0x20, 0x03, 0x08, 0x60, 0xC2, 0x18, 0x30, 0x86, 0x7C,
    0x3F, 0x8E, 0x07, 0xC0, 0x00, 0x00, 0x00, 0x00, 0x00, 0x18, 0x00, 0x06, 0x00, 0x7F, 0xFF, 0x18,
    0x00, 0xC6, 0x00, 0x11, 0xBF, 0xE4, 0x00, 0x30, 0x00, 0x38, 0x00, 0x0C, 0x01, 0xFF, 0xFC, 0x7F,
    0xFF, 0x00, 0x30, 0x00, 0x0C, 0x00, 0x03, 0x00, 0x07, 0xC0, 0x01, 0xE0, 0x00, 0x00, 0x00, 0x00,
    0x40, 0x00, 0x10, 0x00, 0x0E, 0x00, 0x7F, 0xFF, 0x81, 0x80, 0x00, 0xE0, 0x00, 0x67, 0xF8, 0x38,
    0x0C, 0x1E, 0x0E, 0x0C, 0x83, 0x01, 0x3F, 0xFE, 0x0B, 0xFF, 0x02, 0x0C, 0x00, 0x83, 0x00, 0x20,
    0xC0, 0x08, 0xE0, 0x02, 0x30, 0x00, 0x00, 0x00, 0x00, 0x40, 0x00, 0x30, 0x80, 0x7F, 0xB0, 0x3F,
    0xFC, 0x00, 0xCC, 0x00, 0x37, 0x03, 0xFF, 0xFE, 0x03, 0x00, 0x07, 0xFF, 0x0F, 0xFF, 0x83, 0xC1,
    0xC0, 0xFF, 0xFF, 0x9F, 0xFF, 0xC0, 0x08, 0x00, 0x06, 0x00, 0x1F, 0x80, 0x03, 0xC0, 0x00, 0x00,
    0x00, 0x00, 0x0F, 0x01, 0xFF, 0xC0, 0x7F, 0x00, 0x61, 0xBF, 0x1F, 0xFF, 0xC0, 0x3E, 0x00, 0x1F,
    0xC0, 0x1D, 0x9C, 0x1E, 0x63, 0xC6, 0xFF, 0xB0, 0x3F, 0xE0, 0x00, 0xE0, 0x1F, 0xFF, 0xC7, 0xFF,
    0xF0, 0x03, 0x00, 0x07, 0xC0, 0x01, 0xE0, 0x00, 0x00, 0x00, 0x00, 0x01, 0x83, 0xEF, 0xF1, 0xFF,
    0xF8, 0x06, 0xA6, 0x03, 0x29, 0x80, 0xCA, 0x60, 0x62, 0x98, 0x18, 0xA6, 0x07, 0xE9, 0x8F, 0xCA,
    0x61, 0x62, 0x8C, 0x19, 0xBB, 0x06, 0x4F, 0xC1, 0x93, 0xB0, 0x6F, 0xFE, 0x7E, 0xC5, 0x9C, 0x80,
    0x60, 0x00, 0x00, 0x00, 0x00, 0x03, 0x18, 0xC0, 0x62, 0x30, 0x18, 0x98, 0x06, 0x3C, 0x0F, 0xFF,
    0xF3, 0x00, 0x0C, 0xC0, 0x03, 0x07, 0xFE, 0x00, 0xFF, 0x00, 0x03, 0x00, 0xFF, 0xFF, 0x9F, 0xFF,
    0xC0, 0x08, 0x00, 0x03, 0x00, 0x07, 0x80, 0x01, 0xC0, 0x00, 0x00, 0x00, 0x00, 0x03, 0x8F, 0xEF,
    0xF3, 0xFF, 0xC0, 0x06, 0x30, 0x03, 0x18, 0x01, 0x8C, 0x60, 0x63, 0x30, 0x1E, 0x38, 0x07, 0x0C,
    0xCF, 0x86, 0x71, 0x67, 0xF6, 0x19, 0xF8, 0x06, 0x15, 0x81, 0x8D, 0xF0, 0x66, 0x4E, 0xF9, 0x19,
    0xBC, 0x04, 0x00, 0x00, 0x00, 0x00, 0x20, 0x00, 0x18, 0x00, 0x06, 0x00, 0x7F, 0xFE, 0x18, 0x0D,
    0x86, 0x07, 0x60, 0x07, 0x00, 0x1F, 0x80, 0x03, 0xE0, 0x00, 0x1F, 0xE1, 0xFF, 0xF8, 0x7F, 0x80,
    0x00, 0x60, 0x40, 0x18, 0x30, 0x06, 0x04, 0x00, 0xFF, 0x00, 0x1F, 0x80, 0x00, 0x00, 0x00, 0x20,
    0x00, 0x08, 0x00, 0x07, 0x00, 0x7F, 0xFF, 0x18, 0x00, 0xC6, 0x00, 0x30, 0x7F, 0xF0, 0x01, 0x80,
    0x00, 0x20, 0x0F, 0xFF, 0xF9, 0xFF, 0xFC, 0x00, 0x80, 0x00, 0x20, 0x00, 0x08, 0x00, 0x02, 0x00,
    0x0F, 0x80, 0x01, 0xC0, 0x00, 0x00, 0x00, 0x00, 0x20, 0x00, 0x08, 0x00, 0x07, 0x00, 0x7F, 0xFF,
    0x18, 0x04, 0xC6, 0x01, 0xB0, 0x00, 0x60, 0x00, 0x18, 0x3F, 0xFF, 0xE7, 0xFF, 0xB0, 0x10, 0x60,
    0x06, 0x18, 0x00, 0xC6, 0x00, 0x11, 0x80, 0x00, 0x60, 0x00, 0xF0, 0x00, 0x38, 0x00, 0x00, 0x00,
    0x00, 0x20, 0x00, 0x08, 0x00, 0x07, 0x00, 0x7F, 0xFF, 0x18, 0x40, 0xC6, 0x10, 0x30, 0x04, 0x00,
    0x01, 0x00, 0x3F, 0xFF, 0xE7, 0xFF, 0xF0, 0x18, 0x60, 0x3F, 0x30, 0x06, 0xF8, 0x00, 0x1F, 0x00,
    0x1E, 0xF8, 0xFE, 0x0F, 0x3E, 0x00, 0xC0, 0x00, 0x00, 0x00, 0x20, 0x00, 0x08, 0x00, 0x07, 0x00,
    0x7F, 0xFF, 0x18, 0x00, 0xC6, 0x00, 0x30, 0x7F, 0xF0, 0x00, 0x00, 0x00, 0x00, 0x07, 0xFF, 0xF0,
    0xFF, 0xF8, 0x02, 0x20, 0x01, 0x8C, 0x00, 0x43, 0x18, 0x70, 0xC6, 0xF8, 0x3F, 0xB8, 0x07, 0xC0,
    0x00, 0x00, 0x00, 0x20, 0x00, 0x18, 0x00, 0x06, 0x00, 0x7F, 0xFF, 0x18, 0x00, 0xC6, 0x00, 0x11,
    0xBF, 0xE4, 0x00, 0x00, 0x00, 0x00, 0x07, 0xFF, 0xE1, 0xFF, 0xF8, 0x0D, 0xB0, 0x07, 0x66, 0x03,
    0x98, 0xC1, 0x86, 0x18, 0x4F, 0x82, 0x03, 0xC0, 0x00, 0x00, 0x00, 0x00, 0x20, 0x07, 0xFF, 0xF1,
    0xFF, 0xFC, 0x60, 0x01, 0x18, 0x00, 0x47, 0xFF, 0xF0, 0x60, 0x30, 0x18, 0x04, 0x07, 0xFF, 0x01,
    0xFF, 0x80, 0x60, 0x00, 0x1F, 0xFE, 0x07, 0xFF, 0x81, 0x80, 0x20, 0x7F, 0xF8, 0x1F, 0xFE, 0x06,
    0x00, 0x80, 0x00, 0x00, 0x00, 0x20, 0x00, 0x0C, 0x00, 0x03, 0x00, 0xFF, 0xFF, 0xB0, 0x20, 0x6C,
    0x0C, 0x18, 0x03, 0x00, 0x3F, 0xFF, 0x0F, 0xFF, 0xC3, 0x0C, 0x30, 0xFF, 0xFC, 0x3F, 0xFF, 0x0C,
    0x30, 0xC3, 0x0C, 0x30, 0xFF, 0xFC, 0x3F, 0xFF, 0x0C, 0x00, 0xC0, 0x00, 0x00, 0x00, 0x20, 0x00,
    0x18, 0x00, 0x06, 0x00, 0x7F, 0xFE, 0x18, 0x01, 0x86, 0x00, 0x60, 0xFF, 0xF0, 0x01, 0x80, 0x00,
    0x60, 0x01, 0x9F, 0xC0, 0x67, 0xF0, 0x19, 0x80, 0x07, 0x60, 0x03, 0xF8, 0x00, 0xCF, 0xFC, 0x70,
    0xFF, 0x10, 0x00, 0x00, 0x00, 0x00, 0x00, 0x20, 0x00, 0x08, 0x00, 0x07, 0x00, 0x7F, 0xFF, 0x98,
    0x00, 0x66, 0x40, 0x19, 0xB0, 0x06, 0x0F, 0xBF, 0x07, 0xEF, 0xC7, 0x8A, 0x30, 0xF6, 0x8C, 0x07,
    0x2E, 0x00, 0xCB, 0x60, 0x62, 0x18, 0xF0, 0x86, 0xF8, 0x3F, 0xB8, 0x07, 0xC0, 0x00, 0x00, 0x00,
    0x20, 0x00, 0x0C, 0x00, 0x03, 0x00, 0xFF, 0xFF, 0xB0, 0x00, 0x6C, 0x00, 0x1B, 0x3F, 0xF6, 0x08,
    0x0C, 0x02, 0x03, 0x00, 0xFF, 0xC0, 0x3F, 0xF0, 0x08, 0x0C, 0x03, 0xFF, 0x00, 0xFF, 0xC0, 0x20,
    0x30, 0xFF, 0xFF, 0xBF, 0xFF, 0xE0, 0x00, 0x00, 0x00, 0x00, 0x00, 0x0C, 0x00, 0x03, 0x00, 0x7F,
    0xFF, 0x9F, 0xFF, 0xE6, 0x00, 0x19, 0xFF, 0xFE, 0x3F, 0xFF, 0x00, 0x20, 0x00, 0xFF, 0xE0, 0x7F,
    0xF8, 0x00, 0xC0, 0x00, 0x36, 0x00, 0x0C, 0xC0, 0x03, 0x18, 0x7F, 0xFF, 0x9F, 0xFF, 0xE0, 0x00,
    0x00, 0x00, 0x20, 0x00, 0x18, 0x00, 0x07, 0x00, 0x7F, 0xFF, 0x18, 0x20, 0xC6, 0x08, 0x30, 0x06,
    0x00, 0x3F, 0xFE, 0x07, 0xFF, 0x00, 0xFF, 0xC0, 0x3F, 0xE0, 0x7F, 0xFF, 0x0F, 0xFF, 0x80, 0x36,
    0x00, 0x78, 0xF0, 0xFC, 0x1F, 0xBC, 0x01, 0xE0, 0x00, 0x00, 0x00, 0x20, 0x00, 0x08, 0x00, 0xFF,
    0xF8, 0x7F, 0xFF, 0x1B, 0xFC, 0xC6, 0xFF, 0x30, 0x70, 0x40, 0x77, 0x60, 0x00, 0xF8, 0x00, 0xE3,
    0x81, 0xFF, 0xFC, 0xFF, 0xFF, 0x86, 0x02, 0x01, 0x80, 0xC0, 0x7F, 0xE0, 0x18, 0x08, 0x00, 0x00,
    0x00, 0x00, 0x00, 0x00, 0x00, 0x00, 0x06, 0x00, 0x01, 0x80, 0x7F, 0xFF, 0x9F, 0xFF, 0xE6, 0xFF,
    0xD9, 0x9F, 0xF2, 0x0F, 0xFE, 0x07, 0xFF, 0x81, 0xFF, 0xE0, 0x7F, 0xF8, 0x18, 0x06, 0x06, 0x01,
    0x81, 0xFF, 0xE0, 0x3F, 0xF8, 0x7F, 0xFF, 0x9F, 0xFF, 0xE0, 0x00, 0x00, 0x00, 0x20, 0x03, 0xFF,
    0xF1, 0xFF, 0xFE, 0x60, 0x01, 0x98, 0x00, 0x61, 0xFF, 0xE0, 0x0C, 0x60, 0x02, 0x0C, 0x03, 0x8F,
    0x83, 0xFF, 0x60, 0x7F, 0x10, 0x3F, 0xFF, 0x07, 0xFF, 0x80, 0x08, 0x03, 0xFF, 0xFE, 0xFF, 0xFF,
    0x80, 0x00, 0x00, 0x00, 0x00, 0x00, 0x20, 0x00, 0x08, 0x00, 0x07, 0x00, 0xFF, 0xFF, 0xB3, 0xFE,
    0x6D, 0xFF, 0x98, 0x60, 0x30, 0x18, 0x0C, 0x07, 0xFF, 0x00, 0xFF, 0x80, 0xFF, 0xF8, 0x3F, 0xFE,
    0x0C, 0x01, 0x83, 0x00, 0x60, 0xFF, 0xF8, 0x3F, 0xFE, 0x0C, 0x01, 0x00, 0x00, 0x00, 0x00, 0x20,
    0x00, 0x08, 0x00, 0x07, 0x00, 0x7F, 0xFF, 0x18, 0x20, 0xC6, 0x1C, 0x30, 0xFF, 0xF8, 0x0C, 0x18,
    0x01, 0x8C, 0x0F, 0xFF, 0xF9, 0xFF, 0xFC, 0x00, 0x80, 0x1F, 0xFF, 0xC3, 0xFF, 0xE0, 0x02, 0x00,
    0x00, 0x80, 0x00, 0x20, 0x00, 0x00, 0x00, 0x00, 0x20, 0x00, 0x08, 0x00, 0x07, 0x00, 0x7F, 0xFF,
    0x18, 0x20, 0xC6, 0x1C, 0x30, 0xFF, 0xF8, 0x01, 0xC0, 0x07, 0xFF, 0x00, 0xFF, 0x83, 0xFF, 0xFE,
    0x7F, 0x7F, 0x03, 0xFE, 0x01, 0xFF, 0xC0, 0x7F, 0xF0, 0x1F, 0xFC, 0x02, 0x02, 0x00, 0x00, 0x00,
    0x00, 0x20, 0x00, 0x08, 0x00, 0x07, 0x00, 0x7F, 0xFF, 0x1B, 0xFE, 0xC7, 0xFF, 0xF0, 0x60, 0x30,
    0x1F, 0xFC, 0x07, 0xFF, 0x01, 0xFF, 0xC0, 0x3F, 0xE0, 0xFF, 0xFF, 0x9F, 0xFF, 0xC3, 0xFF, 0x00,
    0x6F, 0xF0, 0xFF, 0x3F, 0xBF, 0x01, 0xE0, 0x00, 0x00, 0x00, 0x20, 0x00, 0x18, 0x00, 0x06, 0x00,
    0x7F, 0xFF, 0x1B, 0x22, 0xC6, 0xD9, 0x90, 0x36, 0x60, 0x07, 0xB0, 0x07, 0xFF, 0x01, 0xFF, 0xC0,
    0x7F, 0xF0, 0x1F, 0xFC, 0x07, 0xFF, 0x01, 0xFF, 0xC0, 0x60, 0x30, 0x18, 0x7C, 0x06, 0x1E, 0x00,
    0x00, 0x00, 0x00, 0x00, 0x00, 0x0C, 0x00, 0x03, 0x00, 0x3F, 0xFF, 0x0C, 0x00, 0xC3, 0x00, 0x10,
    0x3F, 0xF0, 0x01, 0xB0, 0x01, 0xFD, 0x83, 0xEF, 0xE0, 0xEF, 0xF0, 0x3F, 0x78, 0x0F, 0x7B, 0x00,
    0x7E, 0x61, 0xF9, 0x8C, 0x79, 0xE1, 0x00, 0x70, 0x00, 0x00, 0x00, 0x00, 0x20, 0x00, 0x08, 0x00,
    0x07, 0x00, 0x7F, 0xFF, 0x18, 0x88, 0xC6, 0x63, 0x30, 0x70, 0x40, 0x78, 0x9C, 0x08, 0x7B, 0x00,
    0xF7, 0x03, 0xF8, 0xFE, 0x7F, 0xFF, 0x07, 0xFE, 0x01, 0x80, 0x80, 0x7F, 0xE0, 0x1F, 0xF8, 0x02,
    0x02, 0x00, 0x00, 0x00, 0x00, 0x20, 0x00, 0x18, 0x00, 0x07, 0x00, 0x7F, 0xFF, 0x1A, 0x7F, 0xC6,
    0xFF, 0xF0, 0x31, 0x80, 0x18, 0xC0, 0x06, 0xFF, 0x83, 0xBF, 0xE1, 0xEC, 0x08, 0x5B, 0xFE, 0x06,
    0xFF, 0x81, 0xB0, 0x20, 0x6F, 0xF8, 0x1B, 0xFE, 0x06, 0x40, 0x80, 0x00, 0x00, 0x00, 0x20, 0x00,
    0x08, 0x00, 0x07, 0x00, 0x7F, 0xFF, 0x99, 0x00, 0x66, 0x60, 0x18, 0x1F, 0xFC, 0x04, 0x03, 0x01,
    0x0C, 0xC7, 0xFF, 0x30, 0x7C, 0x78, 0x17, 0x1E, 0x1D, 0x67, 0x06, 0x4C, 0xE3, 0x91, 0x7C, 0xDC,
    0x73, 0x86, 0x18, 0x60, 0x00, 0x00, 0x00, 0x00, 0x00, 0x18, 0x00, 0x06, 0x00, 0x7F, 0xFF, 0x1B,
    0xFF, 0xC7, 0xFF, 0xD0, 0x0F, 0x00, 0x06, 0x70, 0x07, 0x0F, 0x07, 0xFF, 0xF1, 0xFF, 0xFC, 0x1F,
    0xCC, 0x06, 0xB3, 0x01, 0xFC, 0xC0, 0x7F, 0x30, 0x18, 0xFC, 0x00, 0x3E, 0x00, 0x00, 0x00, 0x00,
    0x20, 0x00, 0x08, 0x00, 0x07, 0x00, 0x7F, 0xFF, 0x99, 0xE0, 0x66, 0x59, 0x18, 0xF0, 0x78, 0x3C,
    0x73, 0x1B, 0x3B, 0x60, 0xF8, 0xC3, 0xFF, 0xE0, 0x79, 0xF0, 0x0C, 0x20, 0xC3, 0x08, 0x30, 0xFF,
    0xFC, 0x3F, 0xFF, 0x0C, 0x00, 0xC0, 0x00, 0x00, 0x00, 0x20, 0x07, 0xFF, 0xF1, 0xFF, 0xFC, 0x60,
    0x01, 0x1F, 0xFF, 0xC0, 0xFF, 0xC0, 0x7F, 0xF0, 0x18, 0x0C, 0x07, 0xFF, 0x00, 0xFF, 0xC0, 0xFF,
    0xF8, 0x3F, 0xFE, 0x0F, 0xFF, 0x83, 0xFF, 0xE0, 0xFF, 0xF8, 0x3F, 0xFE, 0x0C, 0x00, 0x80, 0x00,
    0x00, 0x00, 0x20, 0x03, 0xFF, 0xF1, 0xFF, 0xFE, 0x62, 0x21, 0x99, 0xDC, 0x63, 0xFF, 0xF0, 0x18,
    0xC0, 0x1F, 0xFE, 0x03, 0xFF, 0x0F, 0xFF, 0xF9, 0xFF, 0xFC, 0x1D, 0x98, 0x3E, 0x7B, 0xEE, 0x06,
    0x78, 0x0E, 0x00, 0x03, 0xE0, 0x00, 0x18, 0x00, 0x00, 0x00, 0x00, 0x20, 0x03, 0xFF, 0xE1, 0xFF,
    0xFC, 0x67, 0x73, 0x1F, 0xFF, 0xC0, 0xFF, 0x80, 0x7F, 0xE0, 0x18, 0x0C, 0x07, 0xFF, 0x01, 0xFF,
    0xC0, 0x7F, 0xF0, 0x1F, 0xFC, 0x07, 0xFF, 0x00, 0xFF, 0x98, 0x18, 0x86, 0xFC, 0x3F, 0xBE, 0x07,
    0xE0, 0x00, 0x00, 0x00, 0x20, 0x00, 0x18, 0x00, 0x06, 0x00, 0x7F, 0xFE, 0x1B, 0x3F, 0x86, 0xDF,
    0xE0, 0x30, 0x30, 0x6C, 0xFC, 0x1F, 0x1F, 0x02, 0xDF, 0xF0, 0x3F, 0xFC, 0x1F, 0xFD, 0x0F, 0x7F,
    0x46, 0xC4, 0xC1, 0x31, 0xE0, 0x0F, 0xFF, 0x03, 0x73, 0xC0, 0x00, 0x00, 0x00, 0x20, 0x00, 0x08,
    0x00, 0x07, 0x00, 0xFF, 0xFF, 0xB7, 0xFF, 0x61, 0xFF, 0xE0, 0xF7, 0x98, 0xF7, 0x3C, 0x1F, 0xCF,
    0x8F, 0xFF, 0xF9, 0xDF, 0xCC, 0x7F, 0xFF, 0x0F, 0xFF, 0x80, 0x49, 0x00, 0xF2, 0x78, 0xFB, 0x8F,
    0xB8, 0xE0, 0xE0, 0x00, 0x00, 0x00, 0x10, 0x03, 0xFF, 0xF1, 0xFF, 0xFE, 0x60, 0x01, 0x9F, 0xFF,
    0xE0, 0xFF, 0xC0, 0x7F, 0xF8, 0x18, 0x06, 0x07, 0xFF, 0x81, 0xFF, 0xE0, 0x7F, 0xF8, 0xFF, 0xFF,
    0x9B, 0xFE, 0xC1, 0xFF, 0xC3, 0xFF, 0xFE, 0xEF, 0x3F, 0x83, 0x8E, 0x00, 0x00, 0x00, 0x00, 0x20,
    0x03, 0xFF, 0xE1, 0xFF, 0xFC, 0x60, 0x83, 0x1F, 0xB3, 0xC1, 0xFF, 0xE0, 0xC7, 0xE0, 0x00, 0x00,
    0x0F, 0xFF, 0x83, 0xFF, 0xE0, 0xFF, 0xF8, 0x0D, 0xD8, 0x3F, 0xFF, 0xEF, 0xFF, 0xF8, 0x02, 0x00,
    0x03, 0x80, 0x00, 0xC0, 0x00, 0x00, 0x00, 0x00, 0x20, 0x00, 0x08, 0x00, 0x07, 0x00, 0x7F, 0xFF,
    0x1F, 0xFF, 0xC7, 0xFE, 0xF0, 0x37, 0x60, 0xFF, 0xFF, 0x9F, 0xFF, 0xC1, 0xEB, 0xE3, 0xFF, 0xFE,
    0x73, 0xF7, 0x0F, 0xFF, 0x83, 0xFF, 0xE0, 0xFF, 0xF8, 0x3F, 0xFE, 0x04, 0x01, 0x00, 0x00, 0x00,
    0x00, 0x20, 0x03, 0xFF, 0xF1, 0xFF, 0xFC, 0x6F, 0xFD, 0x1F, 0xFF, 0x43, 0x33, 0x20, 0x7F, 0xF8,
    0x7F, 0xFF, 0x3F, 0xFF, 0xC0, 0xFF, 0x80, 0x3F, 0xE0, 0x0F, 0xF8, 0x01, 0xFC, 0x01, 0xDB, 0xC1,
    0xCE, 0x18, 0x07, 0x80, 0x00, 0x00, 0x00, 0x00, 0x00, 0x00, 0x04, 0x00, 0x01, 0x80, 0x00, 0x60,
    0x00, 0x18, 0x1F, 0xFF, 0xCF, 0xFF, 0xF8, 0x00, 0x60, 0x18, 0x18, 0x03, 0x06, 0x00, 0x61, 0x80,
    0x08, 0x60, 0x00, 0x18, 0x00, 0x06, 0x00, 0x01, 0x80, 0x00, 0x60, 0x00, 0xF0, 0x00, 0x38, 0x00,
    0x00, 0x00, 0x00, 0x20, 0x00, 0x08, 0x00, 0x07, 0x00, 0x3F, 0xFE, 0x00, 0x20, 0x00, 0x1C, 0x03,
    0xFF, 0xFE, 0x00, 0x18, 0x00, 0x06, 0x0F, 0xFF, 0xF9, 0xFF, 0xFC, 0x06, 0x10, 0x00, 0xC6, 0x00,
    0x11, 0x80, 0x00, 0x60, 0x00, 0xF0, 0x00, 0x38, 0x00, 0x00, 0x00, 0x02, 0x01, 0x01, 0x80, 0x60,
    0x60, 0x18, 0x18, 0x06, 0x06, 0x01, 0x8F, 0xF7, 0xF8, 0x18, 0x18, 0x06, 0x46, 0x1B, 0x99, 0x83,
    0xC3, 0x60, 0x70, 0xD8, 0x1C, 0x06, 0x0F, 0x81, 0x83, 0x20, 0x61, 0xC8, 0x18, 0xE0, 0x3E, 0x30,
    0x0E, 0x00, 0x00, 0x00, 0x00, 0x20, 0x00, 0x08, 0x00, 0x07, 0x00, 0x7F, 0xFF, 0x07, 0xFF, 0x03,
    0xFF, 0xE0, 0x0C, 0x00, 0xFF, 0xFF, 0x9F, 0xFF, 0xC0, 0x61, 0x03, 0xFF, 0xFE, 0x7F, 0xFF, 0x06,
    0x84, 0x07, 0x31, 0x83, 0x84, 0x60, 0xC0, 0xF0, 0x00, 0x38, 0x00, 0x00, 0x00, 0x01, 0x01, 0x00,
    0xC0, 0x40, 0x30, 0x10, 0x3F, 0x04, 0x1F, 0xDF, 0xC0, 0xC7, 0xF1, 0xBC, 0x10, 0xFF, 0x84, 0x03,
    0x19, 0x02, 0xD3, 0x41, 0xFE, 0x10, 0x0C, 0x04, 0x03, 0x01, 0x00, 0xFC, 0x43, 0xF0, 0x70, 0x00,
    0x3C, 0x00, 0x00, 0x00, 0x00, 0x00, 0x00, 0x20, 0x00, 0x08, 0x00, 0x07, 0x00, 0x7F, 0xFF, 0x07,
    0xFF, 0x03, 0xFF, 0xE0, 0xC7, 0x18, 0x3F, 0xFE, 0x0F, 0xFF, 0x83, 0xFF, 0xE0, 0x7F, 0xF0, 0xFF,
    0xFF, 0x9F, 0xFF, 0xC0, 0xC1, 0x00, 0x38, 0x60, 0x02, 0xF0, 0x00, 0x38, 0x00, 0x00, 0x00, 0x01,
    0x01, 0x00, 0xC0, 0x60, 0x70, 0x18, 0x7F, 0x06, 0x1F, 0xC1, 0x87, 0xF7, 0xF9, 0x8C, 0x18, 0x7F,
    0x26, 0x1F, 0xCD, 0x86, 0x1B, 0xE1, 0xFE, 0x78, 0xFF, 0x16, 0x1B, 0x41, 0x81, 0x90, 0x63, 0xC4,
    0x18, 0xE7, 0x3E, 0x01, 0x8E, 0x00, 0x00, 0x00, 0x02, 0x07, 0x81, 0x9F, 0xE3, 0x67, 0x88, 0xF9,
    0x22, 0x1E, 0x6D, 0x87, 0x89, 0xC0, 0x62, 0x50, 0x18, 0x00, 0x0E, 0x7F, 0xC7, 0x9F, 0xF1, 0xE1,
    0x10, 0xD8, 0x64, 0x36, 0x09, 0x01, 0x80, 0x40, 0x60, 0x70, 0x18, 0x3C, 0x00, 0x00, 0x00, 0x00,
    0x00, 0x00, 0x01, 0x03, 0xF8, 0x61, 0xFF, 0x18, 0x7F, 0xC6, 0x1F, 0xF1, 0x86, 0x03, 0xF9, 0x80,
    0x18, 0x7F, 0xF6, 0x1B, 0xED, 0x87, 0xFD, 0xE1, 0xBE, 0x78, 0x7A, 0xD6, 0x1E, 0xB1, 0x8F, 0xA6,
    0x63, 0x49, 0x18, 0xCE, 0x1E, 0x37, 0x06, 0x00, 0x00, 0x00, 0x01, 0x08, 0x00, 0x66, 0x01, 0xFF,
    0xFC, 0xFF, 0xFF, 0x87, 0xFE, 0x03, 0xFF, 0xC0, 0xD9, 0xB0, 0x3C, 0x3C, 0x0F, 0xFF, 0x03, 0xFF,
    0xC0, 0xFF, 0xF0, 0x0F, 0xF8, 0x3F, 0xFF, 0xEF, 0xFF, 0xF8, 0x30, 0x60, 0x04, 0xF0, 0x00, 0x38,
    0x00, 0x00, 0x00, 0x07, 0xFF, 0x03, 0xFF, 0xE0, 0x00, 0x18, 0x1F, 0xFE, 0x03, 0xFF, 0x83, 0xFF,
    0xE0, 0x00, 0x00, 0x3F, 0x7F, 0x07, 0xDF, 0xC7, 0xF7, 0xF0, 0xFD, 0xF8, 0xFF, 0xFF, 0x9F, 0xFF,
    0xC0, 0xC1, 0x00, 0x38, 0x60, 0x02, 0x70, 0x00, 0x18, 0x00, 0x00, 0x00, 0x08, 0x42, 0x07, 0x19,
    0x80, 0xDF, 0xFC, 0x07, 0xFF, 0x1E, 0x7F, 0x0F, 0xBF, 0xC0, 0x6C, 0x30, 0x1B, 0xFC, 0x0E, 0xFF,
    0x8E, 0xFF, 0xF1, 0xFF, 0xFC, 0xFF, 0xFF, 0x00, 0x0C, 0x01, 0xC1, 0x00, 0x1B, 0xC0, 0x01, 0xF0,
    0x00, 0x00, 0x00, 0x00, 0x00, 0x00, 0x20, 0x00, 0x0C, 0x00, 0x03, 0x00, 0x00, 0xC0, 0x00, 0x30,
    0x01, 0x8C, 0xC0, 0x63, 0x30, 0x18, 0xCC, 0x0C, 0x31, 0x83, 0x0C, 0x61, 0x83, 0x0C, 0x60, 0xC1,
    0xB0, 0x30, 0x00, 0x0C, 0x00, 0x03, 0x00, 0x1F, 0x80, 0x03, 0xC0, 0x00, 0x00, 0x00, 0x00, 0x20,
    0x00, 0x0C, 0x00, 0x23, 0x20, 0x18, 0xCC, 0x02, 0x31, 0x81, 0x8C, 0x60, 0xC3, 0x0C, 0x30, 0xC1,
    0x98, 0x33, 0x0C, 0x78, 0xC0, 0x1C, 0x60, 0x00, 0x30, 0x00, 0x18, 0x00, 0x1C, 0x00, 0x1E, 0x00,
    0xFE, 0x00, 0x3E, 0x00, 0x00, 0x00, 0x00, 0x00, 0x20, 0x02, 0x18, 0x40, 0xC6, 0x30, 0x19, 0x98,
    0x03, 0x6C, 0x00, 0xD9, 0x01, 0xFF, 0xFC, 0x60, 0x03, 0x18, 0x00, 0x46, 0x7F, 0x11, 0x9F, 0xC4,
    0x66, 0x31, 0x19, 0x8C, 0x46, 0x7F, 0x11, 0x9F, 0xC4, 0x60, 0x1F, 0x10, 0x03, 0x80, 0x00, 0x00,
    0x01, 0x04, 0x00, 0xC1, 0x81, 0xBE, 0x78, 0xFF, 0x9B, 0x00, 0x04, 0xC0, 0x01, 0xA1, 0xFD, 0xFE,
    0x63, 0x18, 0x18, 0x46, 0x07, 0xF1, 0x80, 0xFC, 0xF0, 0x3D, 0x2C, 0x1F, 0x6F, 0x6E, 0xCE, 0xDB,
    0x31, 0x36, 0x3C, 0xCF, 0x06, 0x21, 0x80, 0x00, 0x00, 0x00, 0x00, 0x03, 0xFF, 0xE0, 0xFF, 0xF8,
    0x30, 0x06, 0x0C, 0x01, 0x83, 0x00, 0x60, 0xFF, 0xF8, 0x3F, 0xFE, 0x0C, 0x30, 0x03, 0x04, 0x00,
    0xC1, 0x80, 0x60, 0x30, 0x18, 0x06, 0x06, 0x00, 0xE3, 0x00, 0x1C, 0xC0, 0x01, 0x80, 0x00, 0x00,
    0x00, 0x00, 0x00, 0x00, 0x03, 0xFF, 0xE0, 0xFF, 0xF8, 0x30, 0x06, 0x0F, 0xFF, 0x83, 0xFF, 0xE0,
    0xC2, 0x00, 0x37, 0xF8, 0x0D, 0xFF, 0x03, 0x0C, 0xC0, 0xC3, 0x30, 0x61, 0xCC, 0x18, 0x63, 0x66,
    0x30, 0xDB, 0x18, 0x36, 0xDC, 0x07, 0x00, 0x00, 0x00, 0x00, 0x00, 0x00, 0x00, 0x03, 0xFF, 0xF0,
    0xFF, 0xFC, 0x30, 0x03, 0x0F, 0xFF, 0xC3, 0xFF, 0xF0, 0xC0, 0x00, 0x32, 0x00, 0x0C, 0x81, 0xC3,
    0x21, 0xF0, 0xCF, 0xE0, 0x63, 0xF0, 0x18, 0x80, 0x66, 0x20, 0x1B, 0x0F, 0xFE, 0xC1, 0xFF, 0x00,
    0x00, 0x00, 0x00, 0x00, 0x00, 0x00, 0x03, 0xFF, 0xC0, 0xFF, 0xF0, 0x30, 0x04, 0x0C, 0x01, 0x03,
    0xFF, 0xC0, 0xFF, 0xF0, 0x30, 0x30, 0x0D, 0x84, 0x03, 0x39, 0x80, 0xC7, 0x30, 0x76, 0x47, 0x18,
    0xE0, 0xCE, 0x1C, 0x03, 0x01, 0x80, 0x00, 0x20, 0x00, 0x00, 0x00, 0x00, 0x00, 0x00, 0x00, 0x03,
    0xFF, 0xE0, 0xFF, 0xF8, 0x30, 0x06, 0x0F, 0xFF, 0x83, 0xFF, 0xE0, 0xC1, 0xE0, 0x37, 0xF8, 0x0D,
    0xEF, 0x03, 0x7F, 0xE0, 0xDF, 0x00, 0x60, 0xBE, 0x1B, 0xFF, 0xC7, 0xFC, 0x1B, 0x03, 0xFE, 0xC0,
    0x7F, 0x00, 0x00, 0x00, 0x00, 0x00, 0x00, 0x00, 0x03, 0xFF, 0xC0, 0xFF, 0xF0, 0x30, 0x04, 0x0F,
    0xFF, 0x03, 0xFF, 0xC0, 0xC1, 0x00, 0x30, 0xC0, 0x0D, 0xF0, 0x83, 0x7E, 0x61, 0xCF, 0xD0, 0x66,
    0xD8, 0x19, 0xB3, 0x0F, 0xCC, 0x73, 0x6F, 0x0C, 0xC3, 0x80, 0x00, 0x00, 0x00, 0x00, 0x00, 0x07,
    0xFF, 0x81, 0xFF, 0xE0, 0x60, 0x08, 0x1F, 0xFE, 0x07, 0xFF, 0x81, 0x80, 0x00, 0x60, 0x00, 0x1F,
    0xFF, 0x07, 0xFF, 0xC1, 0x80, 0x10, 0x7F, 0xE4, 0x37, 0xF9, 0x0D, 0x82, 0x43, 0x7F, 0x91, 0x9F,
    0xE4, 0x60, 0x0F, 0x10, 0x03, 0x80, 0x00, 0x00, 0x00, 0x00, 0x03, 0xFF, 0xF0, 0xFF, 0xFC, 0x30,
    0x03, 0x0F, 0xFF, 0xC3, 0xFF, 0xF0, 0xC1, 0x00, 0x3F, 0xFF, 0x0F, 0xFF, 0xE3, 0x04, 0x00, 0xDF,
    0xF8, 0x6F, 0xFF, 0x1B, 0x00, 0xC6, 0xFF, 0xF3, 0x3F, 0xFC, 0xCC, 0x03, 0x00, 0x00, 0x00, 0x00,
    0x00, 0x03, 0xFF, 0x81, 0xFF, 0xF0, 0x60, 0x0C, 0x18, 0x03, 0x07, 0xFF, 0xC1, 0xFF, 0xF0, 0x64,
    0xC4, 0x1B, 0x33, 0x06, 0xFF, 0xC1, 0xBF, 0xF0, 0x68, 0xC2, 0x36, 0x31, 0x8D, 0x8C, 0x63, 0x63,
    0x19, 0x9F, 0xFE, 0x67, 0xFF, 0x99, 0x80, 0x20, 0x00, 0x00, 0x07, 0xFF, 0x83, 0xFF, 0xF0, 0xC0,
    0x0C, 0x3F, 0xFF, 0x0F, 0xFF, 0xC3, 0x03, 0x00, 0xC0, 0x80, 0x30, 0x30, 0x0D, 0xFF, 0xE3, 0x7F,
    0xF8, 0xD0, 0x86, 0x67, 0xFF, 0x9B, 0xFF, 0xE6, 0xC2, 0x1B, 0xBF, 0xFE, 0xCF, 0xFF, 0xB1, 0x00,
    0x60, 0x00, 0x00, 0x00, 0x00, 0x03, 0xFF, 0xE0, 0xFF, 0xF8, 0x30, 0x06, 0x0F, 0xFF, 0x83, 0xFF,
    0xC0, 0xDF, 0xF0, 0x37, 0xFE, 0x0C, 0xCF, 0x03, 0x7F, 0xC0, 0xDF, 0x18, 0x60, 0xE0, 0x1B, 0xFF,
    0x86, 0x06, 0x03, 0x7F, 0xFC, 0xFF, 0xFF, 0x80, 0x00, 0x00, 0x00, 0x00, 0x07, 0xFF, 0x83, 0xFF,
    0xF0, 0xC0, 0x0C, 0x3F, 0xFF, 0x0F, 0xFF, 0xC3, 0x11, 0x80, 0xC4, 0x60, 0x37, 0xFF, 0x0D, 0xFF,
    0x83, 0x11, 0x81, 0xFF, 0xFE, 0x6F, 0xFF, 0x18, 0x99, 0x8E, 0x63, 0xC3, 0x0E, 0xF0, 0xFF, 0x9F,
    0xBF, 0x81, 0xE0, 0x00, 0x00, 0x00, 0x00, 0x03, 0xFF, 0xF0, 0xFF, 0xFC, 0x3F, 0xFF, 0x0F, 0xFF,
    0xC3, 0x7F, 0xC0, 0xDF, 0x80, 0x37, 0xFC, 0x0D, 0xFF, 0x83, 0xFF, 0xE1, 0x9F, 0xF0, 0x60, 0x60,
    0x1F, 0xFF, 0xE7, 0xBF, 0xDB, 0x7F, 0xFE, 0xD8, 0x07, 0x00, 0x00, 0x00, 0x00, 0x00, 0x07, 0xFF,
    0xC3, 0xFF, 0xF8, 0xC0, 0x06, 0x3F, 0xFF, 0x8D, 0xFF, 0xC3, 0x7F, 0xF8, 0xD0, 0xC6, 0x37, 0xFF,
    0x8D, 0xFF, 0xE3, 0x7F, 0xF8, 0xDF, 0xFC, 0x73, 0xFF, 0x19, 0xC2, 0xC6, 0x3F, 0xF3, 0x8F, 0xFC,
    0xC7, 0xFF, 0x30, 0xFF, 0x80, 0x00, 0x00, 0x00, 0x00, 0x03, 0xFF, 0xE0, 0xFF, 0xFC, 0x3F, 0xFF,
    0x0F, 0xFF, 0x83, 0x27, 0xF0, 0xDB, 0xFC, 0x3D, 0xFE, 0x0E, 0xDF, 0xC6, 0x67, 0xF1, 0xF9, 0xF8,
    0x7A, 0x70, 0x19, 0xBF, 0xCC, 0x7F, 0xF3, 0x1A, 0xF8, 0xC6, 0xE3, 0x80, 0x00, 0x00, 0x00, 0x00,
    0x00, 0x20, 0x00, 0x0C, 0x00, 0x02, 0x78, 0x7F, 0xFF, 0x3F, 0xFC, 0x00, 0x0C, 0x00, 0xC2, 0x18,
    0x30, 0xC6, 0x0C, 0x21, 0x83, 0x0C, 0x60, 0xFF, 0xF8, 0x3F, 0xFE, 0x0C, 0x21, 0x61, 0x0C, 0x18,
    0x02, 0x06, 0x00, 0xFF, 0x00, 0x1F, 0x80, 0x00, 0x00, 0x00, 0x20, 0x00, 0x18, 0x00, 0x06, 0x00,
    0x41, 0x81, 0x18, 0x60, 0x46, 0x18, 0x11, 0x86, 0x04, 0x61, 0x81, 0x18, 0x60, 0x46, 0x18, 0x11,
    0x86, 0x04, 0x61, 0x81, 0x18, 0x60, 0x47, 0xFF, 0xF1, 0xFF, 0xFC, 0x60, 0x01, 0x10, 0x00, 0x40,
    0x00, 0x00, 0x04, 0x04, 0x03, 0x01, 0x80, 0xC0, 0x60, 0x30, 0xFF, 0x3C, 0xBF, 0xEF, 0x21, 0x83,
    0xC8, 0x60, 0xF2, 0x18, 0x3C, 0xBF, 0xCF, 0x2F, 0xF3, 0xC9, 0x98, 0xF2, 0x76, 0x3F, 0x8F, 0x0F,
    0xE1, 0xC3, 0x01, 0xF8, 0xC1, 0xE7, 0x80, 0x60, 0xE0, 0x00, 0x00, 0x0F, 0xFF, 0xC7, 0xFF, 0xF9,
    0x80, 0x06, 0x63, 0x31, 0x98, 0xCC, 0x66, 0x33, 0x19, 0xBF, 0xF6, 0x6F, 0xFD, 0x99, 0x32, 0x66,
    0x6D, 0x99, 0x9B, 0x66, 0x66, 0xD9, 0x99, 0xFE, 0x66, 0x7F, 0x99, 0x80, 0x06, 0x60, 0x1F, 0x08,
    0x03, 0x80, 0x00, 0x00, 0x00, 0x20, 0x01, 0x08, 0x40, 0xC2, 0x18, 0x30, 0x86, 0x0C, 0x71, 0x83,
    0xFF, 0xE0, 0x00, 0x00, 0x00, 0x00, 0x3F, 0xFF, 0xE7, 0xFF, 0xF0, 0x18, 0x00, 0x0F, 0xFE, 0x0F,
    0xFF, 0x8F, 0x40, 0x63, 0xBF, 0xF8, 0x0F, 0xFE, 0x01, 0x01, 0x00, 0x00, 0x00, 0x04, 0x00, 0x01,
    0x87, 0xF0, 0x63, 0xFC, 0x18, 0xD9, 0x1E, 0xF6, 0x47, 0xBD, 0xB1, 0xEF, 0xFC, 0x7B, 0xDB, 0x1E,
    0xF6, 0x47, 0xBD, 0x91, 0xEF, 0xFC, 0x7B, 0x7F, 0x1F, 0xC6, 0x07, 0xF1, 0x81, 0x80, 0x60, 0x40,
    0x18, 0x00, 0x06, 0x00, 0x00, 0x00, 0x00, 0x0E, 0x00, 0xFF, 0xC0, 0x7F, 0x00, 0x18, 0x00, 0x06,
    0x00, 0x01, 0xFF, 0xF0, 0x61, 0x80, 0x18, 0x40, 0x06, 0x10, 0x0F, 0xFF, 0xF9, 0xFF, 0xFC, 0x30,
    0x83, 0x0C, 0x20, 0xC3, 0x08, 0x30, 0xFF, 0xFC, 0x3F, 0xFF, 0x0C, 0x00, 0xC0, 0x00, 0x00, 0x00,
    0x20, 0x01, 0x08, 0x20, 0xC2, 0x0C, 0x3F, 0xFF, 0x0F, 0xFF, 0xC0, 0x00, 0x00, 0x00, 0x00, 0x7F,
    0xFF, 0x8F, 0xFF, 0xC3, 0x7F, 0xF0, 0xDF, 0xF8, 0x30, 0x40, 0x0D, 0xFF, 0xE7, 0x7F, 0xF1, 0x81,
    0x00, 0xE0, 0x60, 0x30, 0x10, 0x00, 0x00, 0x00, 0x02, 0x08, 0x01, 0x86, 0x00, 0x61, 0x80, 0x5A,
    0x7E, 0x37, 0x9F, 0x8D, 0xE6, 0x03, 0x7F, 0xFC, 0xDF, 0xFF, 0x37, 0xFF, 0xCD, 0xFF, 0xF3, 0x79,
    0xC0, 0xDE, 0x70, 0x3F, 0x9B, 0x8C, 0x06, 0x23, 0x01, 0x80, 0x00, 0x60, 0x00, 0x00, 0x00, 0x00,
    0x00, 0x0C, 0x08, 0x03, 0x02, 0x00, 0xC0, 0x80, 0xF5, 0xFE, 0x3F, 0x7F, 0x8F, 0xD2, 0x43, 0xF6,
    0x98, 0xFC, 0xA4, 0x3F, 0x1F, 0x0F, 0xFF, 0xFB, 0xF1, 0xC0, 0xFC, 0x70, 0x3F, 0x16, 0x0F, 0xDD,
    0xC3, 0x0C, 0x1C, 0xC6, 0x03, 0x80, 0x00, 0x00, 0x00, 0x00, 0x04, 0x10, 0x03, 0x04, 0x00, 0xC3,
    0xF8, 0x30, 0xFF, 0x3D, 0x73, 0xCF, 0x7E, 0xE3, 0xD1, 0xF0, 0xF4, 0xEE, 0x3D, 0xF6, 0xEF, 0x5F,
    0xF3, 0xD3, 0xF8, 0xF4, 0x7E, 0x3F, 0x1F, 0x0F, 0xFF, 0xFB, 0x07, 0xFE, 0xC0, 0x18, 0x00, 0x04,
    0x00, 0x00, 0x00, 0x00, 0x20, 0x00, 0x18, 0x00, 0x0C, 0x00, 0x3F, 0xF8, 0x0F, 0xFE, 0x03, 0xFF,
    0x80, 0xC0, 0x60, 0x3F, 0xF8, 0x0F, 0xFE, 0x03, 0xFF, 0xF0, 0xFF, 0xFC, 0x3F, 0xFE, 0x07, 0xFF,
    0x86, 0x66, 0x21, 0xFF, 0x88, 0x7F, 0xEE, 0x10, 0x1B, 0x00, 0x00, 0x00, 0x00, 0x20, 0x01, 0x08,
    0x20, 0xC2, 0x0C, 0x3F, 0xFF, 0x0F, 0xFF, 0xC1, 0xFF, 0xF1, 0xFF, 0xFE, 0x60, 0x01, 0x99, 0xFF,
    0x62, 0x7F, 0x81, 0xFF, 0xFE, 0x3F, 0xFF, 0x01, 0x24, 0x01, 0xC9, 0xE3, 0xE2, 0x3E, 0xE3, 0x83,
    0x80, 0xE0, 0x00, 0x00, 0x00, 0x04, 0x08, 0x03, 0x03, 0x00, 0xC0, 0xC0, 0x31, 0xFF, 0x3D, 0x3E,
    0x0F, 0x4C, 0xC3, 0xDE, 0x18, 0xF7, 0xFF, 0xBD, 0xFD, 0x8F, 0x5E, 0x63, 0xDF, 0xD8, 0xF7, 0x36,
    0x3F, 0xFD, 0x8F, 0xFE, 0x63, 0x04, 0x18, 0xC0, 0x3E, 0x00, 0x0E, 0x00, 0x00, 0x00, 0x00, 0x20,
    0x01, 0x08, 0x40, 0xC2, 0x18, 0x3F, 0xFE, 0x0F, 0xFF, 0x81, 0xFF, 0xC0, 0xFF, 0xFE, 0x30, 0x60,
    0x0D, 0xFF, 0x83, 0x7F, 0xC0, 0xFF, 0xFC, 0x7F, 0xFE, 0x19, 0xFF, 0x86, 0x7F, 0xC3, 0x81, 0x00,
    0xFF, 0xFF, 0xBF, 0xFF, 0xE0, 0x00, 0x00, 0x00, 0x30, 0x01, 0x0C, 0x10, 0x63, 0x04, 0x1F, 0xFF,
    0x07, 0xFF, 0xC0, 0xF1, 0xF0, 0x7E, 0xFC, 0x19, 0xB1, 0x06, 0x6C, 0x41, 0xFB, 0xF0, 0x7E, 0xFC,
    0x1F, 0xBF, 0x0F, 0xEF, 0xC3, 0x1B, 0x10, 0xC7, 0xC4, 0x7F, 0xEF, 0x13, 0x9B, 0x80, 0x00, 0x00,
    0x00, 0x40, 0x02, 0x10, 0x41, 0x84, 0x18, 0x7F, 0xFE, 0x1F, 0xFF, 0x81, 0xFF, 0x80, 0xFF, 0xE0,
    0x30, 0x7C, 0x0F, 0xF3, 0x03, 0xF8, 0xC0, 0xFF, 0xF0, 0x3F, 0xFC, 0x1F, 0xFF, 0xE6, 0xFF, 0x79,
    0x87, 0xFE, 0xFF, 0xDF, 0xB7, 0x84, 0x80, 0x00, 0x00, 0x02, 0x00, 0x80, 0x84, 0x30, 0x21, 0x8C,
    0x08, 0x63, 0x02, 0x18, 0xC0, 0x86, 0x30, 0x21, 0x8C, 0x08, 0x63, 0x02, 0x18, 0xC0, 0x86, 0x30,
    0x21, 0x8C, 0x08, 0x63, 0x0E, 0x18, 0xC3, 0x06, 0x30, 0xC1, 0x0C, 0x70, 0x03, 0x18, 0x00, 0xC0,
    0x00, 0x00, 0x03, 0x00, 0x40, 0xC2, 0x30, 0x31, 0x8C, 0x0C, 0x63, 0x03, 0x18, 0xC0, 0xC6, 0x30,
    0xFD, 0xEC, 0x3D, 0xEF, 0x0F, 0x7B, 0xC6, 0xDE, 0xF1, 0x35, 0x9C, 0x0C, 0x63, 0x03, 0x18, 0xC1,
    0x86, 0x30, 0x60, 0x8C, 0x38, 0x03, 0x0C, 0x00, 0x40, 0x00, 0x00, 0x00, 0x00, 0x06, 0x04, 0xD8,
    0xC1, 0x2C, 0x18, 0xDB, 0x00, 0x35, 0x80, 0x1B, 0x60, 0x0D, 0xB0, 0xFB, 0x66, 0x1E, 0x7D, 0x80,
    0x8D, 0x70, 0x23, 0x6E, 0x08, 0x4D, 0x83, 0x12, 0x61, 0xFF, 0xFB, 0xCF, 0xFE, 0xE0, 0x00, 0x00,
    0x00, 0x00, 0x00, 0x00, 0x00, 0x00, 0x03, 0x18, 0x60, 0x62, 0x30, 0x18, 0x8C, 0x06, 0x26, 0x03,
    0xFF, 0xE0, 0xC7, 0x18, 0x3F, 0xFE, 0x0F, 0xFF, 0x83, 0xFF, 0xE0, 0x7F, 0xF0, 0xFF, 0xFF, 0x9F,
    0xFF, 0xC0, 0x3F, 0x00, 0x7A, 0xF8, 0xFC, 0x8F, 0xBC, 0x20, 0xE0, 0x00, 0x00, 0x00, 0x00, 0x00,
    0x00, 0x01, 0xFF, 0xFC, 0x01, 0xC0, 0x00, 0x20, 0x00, 0x08, 0x00, 0x02, 0x00, 0x00, 0x80, 0x00,
    0x20, 0x00, 0x08, 0x00, 0x02, 0x00, 0x00, 0x80, 0x00, 0x20, 0x0F, 0xFF, 0xFB, 0xFF, 0xFE, 0x00,
    0x00, 0x00, 0x00, 0x00, 0x00, 0x00, 0x00, 0x40, 0x00, 0x10, 0x00, 0x04, 0x00, 0x7F, 0xFF, 0x3F,
    0xFF, 0xE0, 0x60, 0x00, 0x18, 0x00, 0x0C, 0x00, 0x03, 0x00, 0x01, 0xFF, 0xE0, 0xFF, 0xF0, 0x70,
    0x80, 0x38, 0x20, 0x0C, 0x08, 0x01, 0xFF, 0xFE, 0x3F, 0xFF, 0x80, 0x00, 0x00, 0x00, 0x00, 0x00,
    0x00, 0x00, 0x1F, 0xFB, 0xF7, 0xFE, 0xFC, 0x30, 0x0C, 0x18, 0x03, 0x04, 0x00, 0xC1, 0xFC, 0x30,
    0xFF, 0x0C, 0x20, 0xC3, 0x08, 0x30, 0xF8, 0x0C, 0x7E, 0x03, 0x3C, 0x00, 0xC0, 0x00, 0x60, 0x00,
    0xF8, 0x00, 0x3C, 0x00, 0x00, 0x00, 0x00, 0x00, 0x0F, 0xFF, 0xC7, 0xFF, 0xF1, 0x80, 0x00, 0x60,
    0x00, 0x18, 0x00, 0x07, 0xFF, 0xE1, 0xFF, 0xF8, 0x60, 0x06, 0x18, 0x01, 0x87, 0xFF, 0xE1, 0xFF,
    0xF8, 0x60, 0x00, 0x18, 0x00, 0x06, 0x00, 0x01, 0xFF, 0xFE, 0x7F, 0xFF, 0x90, 0x00, 0x00, 0x00,
    0x00, 0x02, 0x04, 0x01, 0x83, 0x00, 0x39, 0xC0, 0x7F, 0xFF, 0x00, 0x20, 0x00, 0x1C, 0x00, 0xFF,
    0xF8, 0x01, 0x80, 0x00, 0x20, 0x0F, 0xFF, 0xF9, 0xFF, 0xFC, 0x1F, 0xFE, 0x06, 0xFF, 0x03, 0x84,
    0x01, 0xC1, 0x00, 0xEF, 0xFF, 0xB3, 0xFF, 0xE0, 0x00, 0x00, 0x0F, 0xFF, 0x07, 0xFF, 0xC0, 0x00,
    0x30, 0x00, 0x0C, 0x00, 0x03, 0x00, 0x00, 0xC0, 0xFF, 0xF0, 0x7F, 0xFC, 0x18, 0x00, 0x06, 0x00,
    0x01, 0x80, 0x00, 0x60, 0x01, 0x98, 0x00, 0x66, 0x00, 0x19, 0x80, 0x06, 0x3F, 0xFF, 0x07, 0xFF,
    0x80, 0x00, 0x00, 0x00, 0x20, 0x00, 0x88, 0x80, 0x62, 0x30, 0x0C, 0x98, 0x01, 0xFC, 0x03, 0xFF,
    0xE0, 0x0C, 0xC0, 0x07, 0x38, 0x3F, 0xFF, 0xE7, 0xFF, 0xF0, 0xFF, 0xF8, 0xF3, 0xFF, 0x91, 0xFE,
    0x40, 0xFF, 0x40, 0x30, 0x18, 0x07, 0xFC, 0x00, 0xFE, 0x00, 0x00, 0x00, 0x00, 0x60, 0x00, 0x18,
    0x00, 0x06, 0x00, 0x01, 0x80, 0x00, 0x60, 0x03, 0xFF, 0xE0, 0xC6, 0x18, 0x31, 0x86, 0x0C, 0x61,
    0x83, 0x18, 0x60, 0xC6, 0x18, 0x31, 0x86, 0x0C, 0x61, 0x83, 0x1B, 0xE0, 0x86, 0xF0, 0x01, 0x80,
    0x00, 0x60, 0x00, 0x00, 0x00, 0x00, 0x20, 0x00, 0x08, 0x00, 0x02, 0x00, 0x7F, 0xFF, 0x3F, 0xFF,
    0xE0, 0x08, 0x00, 0x02, 0x00, 0x3F, 0xFE, 0x0F, 0xFF, 0x83, 0x08, 0x60, 0xC2, 0x18, 0x30, 0x86,
    0x0C, 0x21, 0x83, 0x0B, 0xC0, 0x42, 0xE0, 0x00, 0x80, 0x00, 0x20, 0x00, 0x00, 0x00, 0x00, 0x40,
    0x00, 0x10, 0x00, 0x04, 0x00, 0x7F, 0xFF, 0x3F, 0xFF, 0xE0, 0x64, 0x00, 0x11, 0x00, 0x0C, 0x60,
    0x07, 0xFF, 0xC3, 0xFF, 0xF3, 0x91, 0x0C, 0x6C, 0x43, 0x03, 0x10, 0xC0, 0xC4, 0xE0, 0x11, 0x30,
    0x00, 0x60, 0x00, 0x10, 0x00, 0x00, 0x00, 0x04, 0x00, 0x03, 0x0F, 0x80, 0xC3, 0xF0, 0x78, 0x8C,
    0x3F, 0x23, 0x0F, 0xCC, 0xC3, 0xD3, 0xB0, 0xF4, 0xFC, 0x3D, 0x2F, 0x0F, 0x4B, 0xC3, 0xD2, 0x70,
    0xF4, 0x8D, 0xBF, 0xE3, 0x6F, 0xF0, 0xD8, 0xC4, 0x36, 0x33, 0x0F, 0x8C, 0x81, 0xC0, 0x00, 0x00,
    0x06, 0x06, 0x01, 0xE7, 0xC0, 0x1D, 0x80, 0x07, 0xE0, 0x03, 0xEE, 0x07, 0x8C, 0xE0, 0x06, 0x00,
    0xFF, 0xFF, 0x9F, 0xFF, 0xC1, 0xCC, 0x03, 0xFF, 0xF8, 0x4F, 0xFE, 0x02, 0x31, 0x80, 0x8C, 0x60,
    0x23, 0x70, 0x08, 0xD8, 0x00, 0x20, 0x00, 0x00, 0x00, 0x00, 0x20, 0x00, 0x0C, 0x00, 0x03, 0x00,
    0x7F, 0xFF, 0x03, 0x06, 0x00, 0x41, 0x00, 0x18, 0xC0, 0xFF, 0xFF, 0xBF, 0xFF, 0xEC, 0x0C, 0x19,
    0xFF, 0xFE, 0x3F, 0xFE, 0x0C, 0x31, 0x83, 0x0C, 0x60, 0xC3, 0xF0, 0x30, 0xF8, 0x00, 0x20, 0x00,
    0x00, 0x00, 0x04, 0x04, 0x03, 0x03, 0x01, 0xF0, 0x40, 0xFC, 0xFF, 0x33, 0x3F, 0xCC, 0xC9, 0x13,
    0x32, 0x44, 0xFC, 0x91, 0x3E, 0x24, 0x4F, 0xC9, 0x13, 0x32, 0x44, 0xCC, 0x91, 0x33, 0x24, 0xCC,
    0xC9, 0x73, 0xF0, 0x40, 0xC0, 0x10, 0x00, 0x00, 0x00, 0x00, 0x00, 0x04, 0x00, 0x03, 0x0F, 0xF1,
    0x83, 0xFE, 0xFC, 0x18, 0x33, 0x06, 0x0C, 0xCF, 0xFB, 0x33, 0x66, 0xFC, 0x99, 0xBF, 0x26, 0x6F,
    0xC9, 0x9B, 0xF2, 0x66, 0xC4, 0x99, 0xB3, 0x26, 0x6C, 0x4D, 0xFB, 0xF2, 0x78, 0xFC, 0x18, 0x30,
    0x04, 0x00, 0x00, 0x00, 0x00, 0x10, 0x00, 0x06, 0x00, 0x03, 0x80, 0x3F, 0xFF, 0x8C, 0xC4, 0x03,
    0x3B, 0x80, 0xFF, 0xFE, 0x33, 0x18, 0x0C, 0x44, 0x03, 0x1F, 0x01, 0xC7, 0xC0, 0x67, 0xFF, 0x1B,
    0xFF, 0xC6, 0xC4, 0x33, 0xB1, 0xF8, 0xC4, 0x7C, 0x30, 0x10, 0x00, 0x00, 0x00, 0x02, 0x22, 0x01,
    0x88, 0xC0, 0x77, 0x70, 0xFF, 0xFF, 0x87, 0xFF, 0x01, 0xFF, 0xC0, 0x00, 0x00, 0xFF, 0xFF, 0x3F,
    0xFF, 0xCC, 0xFF, 0xB1, 0x7F, 0xF8, 0x18, 0x8C, 0x06, 0x23, 0x01, 0x8B, 0x80, 0x22, 0xC0, 0x00,
    0x80, 0x00, 0x20, 0x00, 0x00, 0x00, 0x02, 0x00, 0x01, 0x9F, 0xC0, 0x67, 0xF8, 0x18, 0xFE, 0x06,
    0x3F, 0x87, 0x8F, 0x61, 0xE7, 0xF8, 0x78, 0x00, 0x36, 0xFF, 0xED, 0xBF, 0xF9, 0x6F, 0xFE, 0x3B,
    0xFE, 0x0C, 0x49, 0x87, 0x12, 0x61, 0x84, 0xF8, 0xE1, 0x38, 0x30, 0x08, 0x00, 0x00, 0x00, 0x04,
    0x00, 0x03, 0x0F, 0xE0, 0xC3, 0xFC, 0x78, 0xC0, 0x3F, 0x3F, 0x8F, 0xCF, 0xC3, 0xD3, 0xF8, 0xF4,
    0xC0, 0x3D, 0x30, 0x0F, 0x7F, 0xFB, 0xDF, 0xFC, 0xF4, 0xF3, 0x3F, 0x37, 0xCF, 0xCD, 0xC0, 0xC3,
    0xB8, 0x31, 0xE7, 0x8C, 0x60, 0xE0, 0x00, 0x00, 0x00, 0x20, 0x00, 0x8C, 0x80, 0x33, 0x60, 0x7F,
    0xFF, 0x3F, 0xFF, 0xEC, 0xFF, 0x9B, 0x3F, 0xE6, 0xC8, 0x09, 0x82, 0x02, 0x00, 0xFF, 0x80, 0x3F,
    0xE0, 0x7F, 0xFF, 0x1F, 0xFF, 0xC6, 0x0C, 0x31, 0x83, 0x78, 0x20, 0xDC, 0x00, 0x20, 0x00, 0x00,
    0x00, 0x04, 0x7F, 0xC3, 0x1F, 0xF8, 0xC6, 0x06, 0x31, 0xFF, 0xBF, 0xFF, 0xEF, 0xFF, 0xFB, 0xD0,
    0x00, 0xF4, 0xFF, 0x3D, 0x3F, 0xCF, 0x4F, 0xF3, 0xD3, 0xFC, 0xF4, 0xFF, 0x3F, 0x3F, 0xCF, 0x88,
    0x30, 0xC3, 0xFC, 0x30, 0xFF, 0x0C, 0x20, 0xC0, 0x00, 0x00, 0x06, 0x00, 0x01, 0x8F, 0xF0, 0x67,
    0xFC, 0x3C, 0x00, 0x1F, 0xBF, 0x87, 0xEC, 0x61, 0xFB, 0x08, 0x7E, 0xFE, 0x1F, 0x9F, 0x87, 0xFF,
    0xF1, 0xFF, 0xFC, 0x7F, 0xFF, 0x1F, 0x7F, 0xC5, 0xDB, 0x10, 0x67, 0xFC, 0x19, 0xFF, 0x06, 0x60,
    0x40, 0x00, 0x00, 0x01, 0x04, 0x0F, 0xFF, 0xF3, 0xFF, 0xFE, 0x0E, 0x38, 0x07, 0xFF, 0x01, 0xFF,
    0xC0, 0x7F, 0xF0, 0x18, 0x0C, 0x07, 0xFF, 0x00, 0xFF, 0x83, 0xFF, 0xFE, 0x7F, 0xFF, 0x07, 0xFF,
    0x0F, 0xFF, 0xFB, 0xE2, 0xFC, 0x08, 0xF8, 0x00, 0x20, 0x00, 0x00, 0x00, 0x13, 0x6C, 0x06, 0xFB,
    0x00, 0xBC, 0xFC, 0x1E, 0x3F, 0x1F, 0xF8, 0x86, 0xDE, 0x61, 0xFF, 0xD0, 0x7F, 0x9C, 0x1B, 0x6F,
    0x06, 0xFF, 0x71, 0x3F, 0x8C, 0x3F, 0xFC, 0x0F, 0xFF, 0x03, 0x18, 0x40, 0xC6, 0xF0, 0x21, 0xB8,
    0x00, 0x60, 0x00, 0x00, 0x00, 0x00, 0x00, 0x03, 0xFF, 0xE0, 0x7F, 0xF0, 0x00, 0x80, 0x00, 0x20,
    0x00, 0x08, 0x03, 0xFF, 0xFC, 0xFF, 0xFF, 0x80, 0x20, 0x00, 0x08, 0x00, 0x02, 0x00, 0x00, 0x80,
    0x00, 0x20, 0x00, 0x08, 0x00, 0x02, 0x00, 0x00, 0x80, 0x00, 0x00, 0x00, 0x00, 0x00, 0x00, 0x00,
    0x07, 0xFF, 0xF0, 0xFF, 0xF8, 0x30, 0x86, 0x0C, 0x21, 0x81, 0x88, 0xC0, 0x62, 0x60, 0x08, 0x90,
    0x1F, 0xFF, 0xCF, 0xFF, 0xF8, 0x02, 0x00, 0x00, 0x80, 0x00, 0x20, 0x00, 0x08, 0x00, 0x02, 0x00,
    0x00, 0x80, 0x00, 0x00, 0x00, 0x00, 0x00, 0x02, 0x00, 0x01, 0x80, 0x00, 0x7F, 0xF8, 0x1F, 0xFF,
    0x0C, 0x18, 0x03, 0x04, 0x01, 0x81, 0x80, 0x1F, 0xFF, 0x07, 0xFF, 0x81, 0x84, 0x00, 0x61, 0x80,
    0xFF, 0xFF, 0x9F, 0xFF, 0xC0, 0x04, 0x00, 0x01, 0x00, 0x00, 0x60, 0x00, 0x10, 0x00, 0x00, 0x00,
    0x00, 0x20, 0x00, 0x08, 0x00, 0x07, 0x00, 0x3F, 0xFE, 0x00, 0x20, 0x00, 0x1C, 0x03, 0xFF, 0xFE,
    0x0C, 0x18, 0x01, 0x8C, 0x0F, 0xFF, 0xF9, 0xFF, 0xFC, 0x00, 0x80, 0x1F, 0xFF, 0xC3, 0xFF, 0xE0,
    0x02, 0x00, 0x00, 0x80, 0x00, 0x20, 0x00, 0x00, 0x00, 0x02, 0x04, 0x01, 0x81, 0x80, 0x70, 0x60,
    0xFF, 0x3C, 0x0F, 0x0F, 0x07, 0xE6, 0x61, 0x99, 0x8E, 0x7E, 0xC1, 0x1F, 0xBF, 0xC7, 0xE7, 0xE0,
    0xF8, 0x60, 0x18, 0xFF, 0xBF, 0xFF, 0xEF, 0xF1, 0x80, 0x60, 0x60, 0x18, 0x18, 0x02, 0x04, 0x00,
    0x00, 0x00, 0x00, 0x00, 0x00, 0x60, 0x00, 0x18, 0x00, 0x0C, 0xFF, 0x03, 0x00, 0xC7, 0x98, 0x30,
    0xCC, 0x0C, 0x33, 0x03, 0x07, 0x80, 0xC0, 0xE0, 0x30, 0x36, 0x0C, 0x0D, 0x83, 0x06, 0x70, 0xC3,
    0xFC, 0x71, 0xFB, 0x18, 0x60, 0xFE, 0x00, 0x0F, 0x00, 0x00, 0x00, 0x02, 0x0C, 0x00, 0xC3, 0x00,
    0x30, 0xC0, 0x0C, 0x30, 0x06, 0x9F, 0xC1, 0xBF, 0xF1, 0xCC, 0xCC, 0x76, 0x31, 0x0F, 0x8C, 0x41,
    0xC3, 0x10, 0x6C, 0xC4, 0x37, 0xE1, 0x1F, 0x78, 0x47, 0x9E, 0x10, 0x03, 0x0C, 0x01, 0xDE, 0x00,
    0x47, 0x00, 0x00, 0x00, 0x00, 0x20, 0x00, 0x0C, 0x00, 0x13, 0x40, 0x24, 0xDA, 0x1B, 0x34, 0xC6,
    0x9F, 0x71, 0xE7, 0x9C, 0x72, 0xEF, 0x1F, 0xBE, 0xC6, 0xEF, 0xB1, 0xB7, 0xEC, 0x6B, 0xEB, 0x1F,
    0xFF, 0xC7, 0xCF, 0x71, 0xFF, 0xFC, 0x7F, 0xFF, 0x08, 0x00, 0xC0, 0x00, 0x00, 0x03, 0x61, 0x05,
    0xDA, 0xC1, 0xD7, 0xE8, 0x3F, 0xB6, 0x07, 0x67, 0x01, 0x99, 0x80, 0xDE, 0xD8, 0x7F, 0xFF, 0x1E,
    0x6F, 0x47, 0xFF, 0xF1, 0xFF, 0xFC, 0x18, 0x6C, 0x0F, 0x8E, 0xC3, 0x67, 0x31, 0x93, 0xEC, 0x41,
    0xCF, 0x00, 0x61, 0x80, 0x00, 0x00, 0x00, 0x10, 0x00, 0x04, 0x00, 0x03, 0x80, 0x3F, 0xFF, 0x8C,
    0x00, 0x03, 0x00, 0x00, 0xC0, 0x00, 0x37, 0xFF, 0x0D, 0xFF, 0x83, 0x02, 0x00, 0xC0, 0xC0, 0x70,
    0x30, 0x18, 0x0C, 0x06, 0x03, 0x03, 0x80, 0xC0, 0xC1, 0xE0, 0x30, 0x70, 0x00, 0x00, 0x00, 0x00,
    0x20, 0x00, 0x0C, 0x00, 0x03, 0x00, 0x3F, 0xFF, 0x0C, 0x20, 0x03, 0x0C, 0x00, 0xC3, 0x00, 0x30,
    0xC0, 0x0C, 0x30, 0x03, 0x18, 0xC0, 0xC4, 0x38, 0x61, 0x86, 0x18, 0xC0, 0xC6, 0x27, 0xF3, 0xFF,
    0xFE, 0xCF, 0x81, 0xB0, 0x00, 0x00, 0x00, 0x00, 0x00, 0x10, 0x00, 0x04, 0x00, 0x03, 0x80, 0x3F,
    0xFF, 0x8C, 0x08, 0x03, 0x03, 0x00, 0xC0, 0xC0, 0x37, 0xFF, 0x8D, 0xFF, 0xC3, 0x0F, 0xC0, 0xC2,
    0xF0, 0x71, 0xBE, 0x18, 0xCD, 0xC7, 0xE3, 0x3B, 0xB0, 0xC6, 0xC0, 0x30, 0x30, 0x08, 0x00, 0x00,
    0x00, 0x00, 0x20, 0x00, 0x08, 0x00, 0x07, 0x00, 0x3F, 0xFF, 0x8C, 0xFE, 0x03, 0x7F, 0x80, 0xC0,
    0xE0, 0x31, 0xB0, 0x0C, 0x78, 0x03, 0x7F, 0xF1, 0x9F, 0xFC, 0x60, 0x46, 0x18, 0x11, 0x06, 0x04,
    0x03, 0x81, 0x00, 0xC3, 0xC0, 0x30, 0xE0, 0x00, 0x00, 0x00, 0x00, 0x10, 0x00, 0x06, 0x00, 0x03,
    0x80, 0x3F, 0xFF, 0x8C, 0x07, 0x03, 0x03, 0xC0, 0xDF, 0x80, 0x36, 0x20, 0x0D, 0x88, 0x03, 0x7F,
    0xF0, 0xDF, 0xF8, 0x66, 0x30, 0x18, 0xE4, 0x67, 0xF9, 0x9B, 0x38, 0x36, 0xDF, 0xE7, 0xB3, 0xF8,
    0xC0, 0x00, 0x00, 0x00, 0x10, 0x00, 0x0C, 0x00, 0x03, 0x00, 0x1F, 0xFF, 0x06, 0x30, 0x01, 0x8C,
    0x00, 0x63, 0x00, 0x18, 0xFF, 0x06, 0x3F, 0xC1, 0x8C, 0x00, 0x7F, 0xF8, 0x37, 0xFE, 0x0D, 0x80,
    0x83, 0x60, 0x61, 0x9F, 0xF8, 0x67, 0xFE, 0x11, 0x00, 0x80, 0x00, 0x00, 0x00, 0x20, 0x00, 0x0C,
    0x00, 0x07, 0x00, 0x3F, 0xFF, 0x8C, 0x41, 0x03, 0x18, 0x60, 0xCC, 0x18, 0x32, 0x06, 0x0D, 0xBF,
    0xE3, 0x64, 0x61, 0xF9, 0x18, 0x62, 0x66, 0x18, 0x89, 0x86, 0x22, 0x63, 0x88, 0x18, 0xC2, 0x3C,
    0x30, 0x8E, 0x00, 0x00, 0x00, 0x00, 0x10, 0x00, 0x04, 0x00, 0x03, 0x80, 0x3F, 0xFF, 0x0C, 0x46,
    0x03, 0x39, 0x80, 0xFF, 0xFC, 0x33, 0x18, 0x0C, 0x7E, 0x03, 0x1F, 0x00, 0xDF, 0xF8, 0x77, 0xFC,
    0x18, 0x66, 0x06, 0x0F, 0x03, 0x87, 0xE0, 0xDF, 0x9F, 0xB3, 0x81, 0xE0, 0x00, 0x00, 0x00, 0x10,
    0x00, 0x06, 0x00, 0x03, 0x80, 0x3F, 0xFF, 0x8C, 0x10, 0x03, 0x06, 0x00, 0xD9, 0xB0, 0x32, 0x6C,
    0x0D, 0xDB, 0x83, 0x7F, 0xB1, 0xF3, 0xCC, 0x60, 0x60, 0x1F, 0xFF, 0xC6, 0xFF, 0xF3, 0x81, 0x00,
    0xFF, 0xFF, 0xBF, 0xFF, 0xE0, 0x00, 0x00, 0x00, 0x20, 0x00, 0x08, 0x00, 0x07, 0x00, 0x7F, 0xFF,
    0x9B, 0xFF, 0x86, 0xFF, 0xF1, 0x81, 0x80, 0x67, 0xFE, 0x19, 0xFF, 0x86, 0x7F, 0xE1, 0x9F, 0xF8,
    0x67, 0xFE, 0x18, 0x3A, 0x0F, 0xFF, 0xFB, 0x7F, 0xFE, 0xC0, 0x60, 0x30, 0x10, 0x00, 0x00, 0x00,
    0x00, 0x10, 0x00, 0x04, 0x00, 0x03, 0x80, 0x3F, 0xFF, 0x8C, 0x01, 0x83, 0x00, 0x70, 0xDE, 0xF0,
    0x33, 0x0C, 0x0C, 0x83, 0x03, 0x7F, 0xF9, 0xDF, 0xFC, 0x60, 0x8C, 0x1F, 0x6F, 0xC6, 0xF3, 0xE3,
    0x0F, 0x00, 0xDE, 0xFF, 0xB3, 0x0F, 0xE0, 0x00, 0x00, 0x00, 0x10, 0x00, 0x06, 0x00, 0x03, 0x80,
    0x3F, 0xFF, 0x0C, 0x42, 0x03, 0x10, 0xC0, 0xC4, 0x30, 0x3F, 0xFF, 0x8F, 0xFF, 0xC3, 0x10, 0xC0,
    0xC7, 0xF0, 0x31, 0xF8, 0x19, 0x25, 0x86, 0xC9, 0xB3, 0xF2, 0x6E, 0xD8, 0x99, 0xBC, 0x24, 0x60,
    0x00, 0x00, 0x00, 0x10, 0x00, 0x04, 0x00, 0x7F, 0xFC, 0x3F, 0xFF, 0x0D, 0xFF, 0x03, 0x7F, 0xC0,
    0xFF, 0xFC, 0x3F, 0xFF, 0x0D, 0xFF, 0x03, 0xFF, 0xC1, 0xF3, 0x18, 0x6C, 0x6E, 0x18, 0xFE, 0x06,
    0x67, 0x83, 0x73, 0x78, 0xF1, 0x83, 0x00, 0x00, 0x00, 0x00, 0x00, 0x00, 0x10, 0x01, 0xFF, 0xF0,
    0xFF, 0xFE, 0x30, 0xE0, 0x0D, 0xFF, 0x83, 0x7F, 0xE0, 0xFF, 0xFE, 0x30, 0x66, 0x0D, 0xFF, 0x83,
    0x7F, 0xE1, 0xBF, 0xF8, 0x6F, 0xFE, 0x1B, 0xFF, 0x86, 0xFF, 0xE3, 0xB1, 0x18, 0xCC, 0x7C, 0x31,
    0x16, 0x00, 0x00, 0x00, 0x00, 0x10, 0x01, 0xFF, 0xF8, 0xFF, 0xFE, 0x30, 0x00, 0x0F, 0xF9, 0x83,
    0xDF, 0xC0, 0xFC, 0xEC, 0x36, 0x1E, 0x0D, 0x03, 0x03, 0xFF, 0xF9, 0xEF, 0xFE, 0x7F, 0xFF, 0x9B,
    0xFF, 0xC6, 0x11, 0x9B, 0x8C, 0x66, 0xDE, 0x1F, 0xB3, 0x03, 0xC0, 0x00, 0x00, 0x00, 0x10, 0x01,
    0xFF, 0xF0, 0xFF, 0xFE, 0x33, 0x30, 0x0C, 0xEC, 0x03, 0xFF, 0xF8, 0xC3, 0xC0, 0x37, 0xFE, 0x0D,
    0xFF, 0x83, 0xFF, 0xF9, 0xFF, 0xFC, 0x67, 0xFE, 0x19, 0xFF, 0x06, 0x3F, 0x83, 0xFB, 0xB8, 0xDC,
    0xE7, 0xBC, 0x28, 0xE0, 0x00, 0x00, 0x00, 0x10, 0x00, 0x04, 0x00, 0x7F, 0xFC, 0x3F, 0xFF, 0x0D,
    0xE7, 0x83, 0xF9, 0xE0, 0xF6, 0x48, 0x3F, 0x92, 0x0F, 0x65, 0x03, 0xD9, 0x60, 0xFE, 0x4C, 0x6C,
    0x11, 0x1B, 0x64, 0x46, 0xD9, 0x73, 0x3F, 0xC0, 0xF8, 0x70, 0x00, 0x00, 0x00, 0x00, 0x00, 0x00,
    0x03, 0x83, 0xCF, 0xE1, 0xF3, 0xC0, 0x0C, 0x10, 0x06, 0x24, 0x01, 0x99, 0xE0, 0xC6, 0x78, 0x7D,
    0x90, 0x0B, 0x64, 0x06, 0xD9, 0x01, 0xF7, 0xF8, 0x39, 0xFE, 0x06, 0x00, 0x03, 0xE0, 0x01, 0x87,
    0xFE, 0xC0, 0x00, 0x00, 0x00, 0x00, 0x00, 0x00, 0x00, 0x03, 0xC3, 0xCF, 0xF1, 0xF3, 0xE0, 0x0C,
    0x18, 0x06, 0x06, 0x01, 0x81, 0x80, 0xC7, 0xFE, 0x7C, 0xBB, 0x0F, 0x06, 0x06, 0x41, 0x81, 0xB0,
    0x60, 0x3C, 0xFF, 0x06, 0x3F, 0x83, 0xE0, 0x01, 0xDF, 0xFE, 0xE1, 0xFF, 0xB0, 0x00, 0x00, 0x00,
    0x00, 0x00, 0x08, 0x00, 0x03, 0x00, 0x01, 0xC0, 0xF9, 0xFE, 0x06, 0x7F, 0x81, 0x3F, 0xF8, 0xC0,
    0xD8, 0x61, 0xFE, 0x3E, 0x7F, 0x07, 0x9F, 0xE3, 0x27, 0xF0, 0xCF, 0xFF, 0x1E, 0xFF, 0xC3, 0x83,
    0x01, 0xFC, 0x80, 0xE7, 0xFF, 0xB0, 0x3F, 0xE0, 0x00, 0x00, 0x00, 0x40, 0x00, 0x10, 0x00, 0x0C,
    0x00, 0x06, 0x18, 0x01, 0x87, 0x00, 0xEF, 0xE1, 0xFE, 0x6C, 0x06, 0x18, 0x00, 0x86, 0x00, 0x61,
    0x83, 0xFF, 0xFE, 0x7F, 0xFF, 0x01, 0x84, 0x00, 0xC1, 0x80, 0x70, 0x60, 0x78, 0x18, 0x1C, 0x04,
    0x00, 0x00, 0x00, 0x00, 0x00, 0x07, 0xFF, 0xF0, 0xFF, 0xF8, 0x00, 0x80, 0x0F, 0xFF, 0x83, 0xFF,
    0xE0, 0x02, 0x00, 0xFF, 0xFF, 0x3F, 0xFF, 0xE0, 0x41, 0x03, 0xFF, 0xFC, 0xFF, 0xFF, 0x81, 0x06,
    0x00, 0xC1, 0x80, 0xE0, 0x60, 0x70, 0x18, 0x00, 0x00, 0x00, 0x00, 0x00, 0x19, 0x24, 0x07, 0xD9,
    0x80, 0x54, 0x7C, 0x2E, 0xBF, 0x9F, 0xEC, 0xC6, 0xEF, 0x31, 0xBB, 0xF8, 0x7F, 0xCC, 0x19, 0x67,
    0x86, 0xDF, 0x78, 0x96, 0x8C, 0x02, 0x20, 0x3F, 0xFF, 0xEF, 0xFF, 0xF8, 0x18, 0x80, 0x7C, 0x30,
    0x1E, 0x08, 0x00, 0x00, 0x00, 0x00, 0x10, 0x00, 0x06, 0x80, 0x01, 0x30, 0x3F, 0xF7, 0x1F, 0xFF,
    0xE0, 0x06, 0x00, 0x01, 0x80, 0x00, 0x60, 0x1F, 0xCC, 0x03, 0xF3, 0x00, 0x10, 0xC0, 0x0C, 0x30,
    0x01, 0x06, 0x60, 0xF9, 0xDB, 0xFE, 0x3E, 0xF0, 0x07, 0x00, 0x00, 0x80, 0x00, 0x00, 0x00, 0x12,
    0x00, 0x04, 0xC0, 0xF9, 0x18, 0x7E, 0x46, 0x00, 0x10, 0x00, 0x0E, 0x03, 0xFF, 0xFE, 0x00, 0x60,
    0x00, 0x08, 0x00, 0x03, 0x01, 0xFC, 0x80, 0x3F, 0x30, 0x00, 0x06, 0x60, 0x79, 0x9B, 0xFE, 0x3E,
    0xF8, 0x07, 0x80, 0x00, 0x80, 0x00, 0x00, 0x0F, 0xFF, 0x87, 0xFF, 0xE0, 0x00, 0x08, 0x00, 0x02,
    0x00, 0x00, 0x81, 0xFF, 0xE0, 0x7F, 0xF8, 0x30, 0x00, 0x1F, 0xFF, 0xC7, 0xFF, 0xF9, 0x80, 0x06,
    0x00, 0x01, 0x80, 0x00, 0x60, 0x00, 0x30, 0x00, 0x08, 0x00, 0x7E, 0x00, 0x1F, 0x00, 0x00, 0x00,
    0x0F, 0xFF, 0x87, 0xFF, 0xE0, 0x03, 0x08, 0x00, 0xC2, 0x00, 0x30, 0x81, 0xFF, 0xE0, 0x7F, 0xF8,
    0x10, 0xC0, 0x0F, 0xFF, 0xC7, 0xFF, 0xF9, 0x83, 0x06, 0x00, 0xC1, 0x80, 0x30, 0x60, 0x0F, 0xF0,
    0x03, 0x78, 0x00, 0xC0, 0x00, 0x30, 0x00, 0x00, 0x00, 0x00, 0x00, 0x83, 0xFC, 0x60, 0xFF, 0x18,
    0x00, 0xC6, 0x00, 0x31, 0x80, 0x0C, 0x60, 0x7F, 0x18, 0x18, 0x06, 0x0C, 0x01, 0x83, 0xFC, 0x60,
    0xFF, 0x18, 0x00, 0xC6, 0x00, 0x31, 0x80, 0x0C, 0x60, 0x03, 0x18, 0x0F, 0xC6, 0x03, 0xE0, 0x80,
    0x00, 0x00, 0x01, 0x02, 0x00, 0x61, 0x80, 0x0C, 0xC0, 0x3F, 0xFE, 0x00, 0x31, 0x80, 0x0C, 0x60,
    0x7F, 0xF8, 0x18, 0xC0, 0x0C, 0x30, 0x03, 0xFF, 0xF0, 0xFF, 0xFC, 0x01, 0xC3, 0x00, 0xF0, 0xC0,
    0xED, 0xF1, 0xF3, 0x78, 0x70, 0xC0, 0x00, 0x30, 0x00, 0x00, 0x00, 0x00, 0x10, 0x0F, 0xC6, 0x03,
    0xF1, 0x00, 0x04, 0x7E, 0x03, 0x3F, 0xC0, 0xC9, 0x83, 0xF6, 0x60, 0xC1, 0x18, 0x30, 0x1F, 0x8F,
    0xC7, 0xB1, 0xF3, 0x6C, 0x04, 0x9B, 0x83, 0x66, 0x60, 0xD1, 0x98, 0x30, 0x60, 0x7C, 0xF0, 0x0E,
    0x38, 0x00, 0x00, 0x00, 0x00, 0x04, 0x0F, 0xC1, 0x83, 0xF0, 0x60, 0x05, 0xFF, 0x03, 0x7F, 0xE0,
    0xC7, 0x03, 0xF1, 0x80, 0xC1, 0xC6, 0x30, 0x73, 0x0F, 0xCF, 0x81, 0xF1, 0xC0, 0x04, 0x66, 0x03,
    0x18, 0xC0, 0xCD, 0xF0, 0x37, 0xFE, 0x7D, 0xE1, 0x8E, 0x00, 0x60, 0x00, 0x00, 0x00, 0x01, 0x8F,
    0x9F, 0xF3, 0xE7, 0xF8, 0x09, 0x36, 0x02, 0x6D, 0x81, 0x9B, 0x63, 0xE6, 0xD8, 0xC1, 0xB6, 0x30,
    0x6D, 0x8F, 0x9B, 0x61, 0xE6, 0xDC, 0x09, 0xBB, 0x02, 0xCF, 0xC0, 0xE3, 0xB0, 0x2B, 0xFE, 0x7E,
    0xC5, 0x8D, 0x00, 0x60, 0x00, 0x00, 0x1F, 0xDF, 0xC7, 0xF7, 0xF8, 0x0C, 0x06, 0x03, 0x01, 0x8F,
    0xCF, 0xE3, 0xF3, 0xF1, 0x81, 0x80, 0x7F, 0x7F, 0x9F, 0xDF, 0xE3, 0xB3, 0x98, 0x6C, 0x2E, 0x07,
    0x07, 0x83, 0xC7, 0x67, 0xB7, 0x99, 0xFD, 0x9E, 0x1E, 0x07, 0x00, 0x00, 0x00, 0x00, 0x00, 0x1E,
    0x3F, 0x87, 0xDF, 0xF0, 0x36, 0x00, 0x0D, 0xFE, 0x03, 0x7F, 0x07, 0xDF, 0xE1, 0xF7, 0xF8, 0x41,
    0x80, 0x1E, 0x7F, 0xE7, 0xFF, 0xF8, 0x36, 0xC0, 0x0D, 0x9B, 0x03, 0x67, 0x80, 0xD9, 0xE0, 0x37,
    0x98, 0x7F, 0xE7, 0x9C, 0xC0, 0x60, 0x00, 0x00, 0x00, 0x08, 0x07, 0xC6, 0x81, 0xF9, 0xE0, 0x06,
    0xCC, 0x01, 0xB3, 0x00, 0x7F, 0xE1, 0xF8, 0xC0, 0x60, 0x30, 0x10, 0x7F, 0x87, 0xFF, 0xE1, 0xFE,
    0xD8, 0x07, 0xFE, 0x01, 0xBF, 0x00, 0x63, 0x60, 0x18, 0xF8, 0x7D, 0xFF, 0x1E, 0x78, 0xC0, 0x00,
    0x00, 0x00, 0x48, 0xCF, 0x9B, 0x73, 0xE3, 0xD8, 0x08, 0xA6, 0x02, 0x03, 0x01, 0x9F, 0xF3, 0xE6,
    0xCC, 0xC1, 0xFF, 0x30, 0x7F, 0xCF, 0x93, 0x31, 0xE7, 0xFC, 0x08, 0xFC, 0x02, 0xFF, 0xE0, 0xBF,
    0xF8, 0x20, 0xC0, 0x78, 0x30, 0x0C, 0x08, 0x00, 0x00, 0x00, 0x00, 0x20, 0x00, 0x18, 0x40, 0xC6,
    0x10, 0x1D, 0x8C, 0x03, 0x66, 0x00, 0x59, 0x00, 0x06, 0x00, 0x7F, 0xFE, 0x0F, 0xFF, 0xC0, 0x00,
    0x30, 0xFF, 0xFC, 0x1F, 0xFF, 0x00, 0x00, 0xC0, 0x00, 0x31, 0xFF, 0xFC, 0x7F, 0xFF, 0x00, 0x00,
    0x80, 0x00, 0x00, 0x00, 0x80, 0x00, 0x3F, 0x80, 0x1F, 0xE0, 0x7E, 0x3F, 0x3F, 0xFF, 0xE7, 0xFF,
    0xF3, 0xFF, 0xFE, 0xD9, 0xCD, 0x87, 0xFF, 0x01, 0xFF, 0xC0, 0x7F, 0xF0, 0x07, 0xF0, 0x3F, 0xFF,
    0xEF, 0xFF, 0xF8, 0x3A, 0xE0, 0xFC, 0x9F, 0xBC, 0x21, 0xE0, 0x00, 0x00, 0x00, 0x01, 0x8F, 0xF8,
    0xE3, 0xFE, 0x70, 0x32, 0x70, 0x0D, 0x98, 0x03, 0x60, 0x30, 0xD8, 0x18, 0xFF, 0x8C, 0x0D, 0xC6,
    0x03, 0x27, 0x00, 0xD9, 0x86, 0x36, 0x03, 0x1D, 0x81, 0x86, 0x60, 0xC1, 0x98, 0xE0, 0xE6, 0xF0,
    0x30, 0xB0, 0x00, 0x00, 0x00, 0x01, 0xE0, 0x07, 0xF8, 0x21, 0xF0, 0x18, 0x40, 0xCC, 0x1B, 0x36,
    0x03, 0x7B, 0x00, 0xDE, 0x04, 0x04, 0x07, 0x01, 0x83, 0x87, 0xFF, 0xC1, 0xFE, 0x40, 0x1F, 0x01,
    0x07, 0xE0, 0xC3, 0x7C, 0xE1, 0x9A, 0x70, 0x46, 0x78, 0x01, 0x9C, 0x00, 0x00, 0x00, 0x00, 0x00,
    0x07, 0xFC, 0x31, 0xFF, 0x98, 0x64, 0x7C, 0x1F, 0xFE, 0x07, 0xFC, 0x01, 0xFF, 0x88, 0x7F, 0xC7,
    0x1B, 0xDF, 0x86, 0xFF, 0xC1, 0xAF, 0x80, 0x6F, 0xE0, 0x1B, 0xF8, 0x66, 0x04, 0x73, 0x03, 0xB8,
    0xC3, 0xB8, 0x00, 0x00, 0x00, 0x00, 0x00, 0x01, 0x00, 0x43, 0xF8, 0x39, 0xFE, 0x1C, 0x33, 0x0E,
    0x1F, 0xEF, 0x0F, 0xFF, 0x00, 0xFC, 0x06, 0x7F, 0x83, 0x1F, 0xE1, 0x87, 0xF9, 0xC1, 0xFE, 0xE0,
    0x7F, 0xA1, 0x8F, 0xE0, 0xCF, 0xFC, 0x63, 0xFF, 0x70, 0x0C, 0x38, 0x01, 0x08, 0x00, 0x00, 0x00,
    0x0F, 0xE0, 0x87, 0xF8, 0x71, 0x86, 0x38, 0x7F, 0x9C, 0x1F, 0xEC, 0x07, 0xF8, 0x00, 0x30, 0x0C,
    0xFF, 0xC6, 0x1F, 0xF7, 0x07, 0xFB, 0x81, 0xFE, 0x80, 0x7F, 0x81, 0x8F, 0xE0, 0xC6, 0xD0, 0x63,
    0xB6, 0x30, 0xFC, 0xB8, 0x06, 0x0C, 0x00, 0x00, 0x00, 0x01, 0x00, 0x00, 0xCF, 0x80, 0x67, 0xE0,
    0x1B, 0x88, 0x1D, 0xE2, 0x4E, 0xD8, 0x90, 0x36, 0x34, 0x1B, 0x06, 0x0F, 0xC1, 0x0F, 0xBF, 0xC0,
    0x66, 0x30, 0x19, 0x9C, 0x06, 0x3C, 0x01, 0x87, 0x00, 0x6F, 0x7C, 0x1F, 0x07, 0x00, 0x00, 0x00,
    0x00, 0x00, 0x01, 0x04, 0x00, 0xC1, 0x80, 0x27, 0xFC, 0x19, 0xFF, 0x8C, 0x66, 0x66, 0xD1, 0x9B,
    0x26, 0x60, 0x19, 0xFF, 0x0E, 0x78, 0xCF, 0x9E, 0x31, 0x26, 0xD8, 0x09, 0xB6, 0x02, 0x6F, 0x00,
    0x99, 0xE0, 0x2C, 0xDC, 0x1E, 0xE3, 0x82, 0xB0, 0x60, 0x00, 0x00, 0x00, 0x00, 0x00, 0xC6, 0x00,
    0x20, 0xC0, 0x18, 0x18, 0x0C, 0x7F, 0xCE, 0xC3, 0x00, 0x20, 0xC0, 0x18, 0x30, 0x0E, 0x0C, 0x0F,
    0x9F, 0xF1, 0xA7, 0xF8, 0x08, 0x30, 0x02, 0x0C, 0x00, 0x83, 0x00, 0x3F, 0xFE, 0x0B, 0xFF, 0x82,
    0x00, 0x00, 0x00, 0x00, 0x01, 0x00, 0x00, 0xDF, 0xF0, 0x27, 0xFC, 0x18, 0x18, 0x0C, 0x06, 0x0E,
    0xC1, 0x80, 0x23, 0x60, 0x18, 0xD8, 0x0E, 0x37, 0xCF, 0x8D, 0xE1, 0xA3, 0x60, 0x08, 0xD8, 0x02,
    0x36, 0x00, 0x89, 0x80, 0x3F, 0xFE, 0x0B, 0xFF, 0x82, 0x00, 0x00, 0x00, 0x00, 0x01, 0x00, 0x00,
    0xDF, 0xC0, 0x27, 0xF8, 0x18, 0xC6, 0x1C, 0x16, 0x0E, 0x47, 0x80, 0x30, 0xC0, 0x18, 0xCC, 0x0F,
    0xF3, 0xEF, 0xB2, 0x71, 0xA0, 0xC0, 0x09, 0xFF, 0x02, 0x7F, 0x80, 0x82, 0x00, 0x3F, 0xFE, 0x1F,
    0xFF, 0x82, 0x00, 0x00, 0x00, 0x00, 0x01, 0x08, 0x00, 0xC3, 0x00, 0x27, 0xF8, 0x19, 0xFF, 0x1C,
    0x0C, 0x0E, 0xE3, 0x00, 0x3F, 0xFE, 0x18, 0x0C, 0x0E, 0x03, 0x0F, 0xFF, 0xF9, 0xAF, 0xFC, 0x08,
    0x8C, 0x02, 0x3B, 0x00, 0x84, 0xC0, 0x20, 0x30, 0x08, 0x78, 0x02, 0x1C, 0x00, 0x00, 0x00, 0x02,
    0x08, 0x01, 0x82, 0x00, 0x61, 0xC0, 0x31, 0xFE, 0x18, 0x7F, 0x8D, 0xFF, 0xF8, 0x60, 0xD8, 0x30,
    0x26, 0x1C, 0x7F, 0x8F, 0x1F, 0xC0, 0xDF, 0xFC, 0x33, 0xFE, 0x0C, 0xFF, 0xE3, 0x3F, 0xF0, 0xC0,
    0x80, 0x30, 0x30, 0x0C, 0x08, 0x00, 0x00, 0x00, 0x01, 0x08, 0x00, 0xD7, 0x00, 0x27, 0x00, 0x19,
    0x8C, 0x0C, 0x26, 0x0E, 0x4F, 0x60, 0x33, 0x18, 0x1F, 0xFF, 0x0E, 0xFE, 0x0F, 0x87, 0xE1, 0xA3,
    0xF8, 0x1F, 0x8C, 0x03, 0xF3, 0x00, 0x87, 0x80, 0x21, 0xF0, 0x1F, 0xDF, 0x82, 0xE1, 0xE0, 0x00,
    0x00, 0x01, 0x0C, 0x00, 0xC7, 0x80, 0x21, 0xB0, 0x18, 0xC6, 0x0C, 0x30, 0xC6, 0xF8, 0x1B, 0x3B,
    0xFC, 0x18, 0x18, 0x0E, 0x06, 0x0F, 0x9F, 0xF9, 0xA7, 0xFC, 0x08, 0x56, 0x02, 0x36, 0xC0, 0x99,
    0x98, 0x24, 0x66, 0x08, 0x70, 0x02, 0x18, 0x00, 0x00, 0x00, 0x01, 0x08, 0x00, 0x42, 0x00, 0x30,
    0x80, 0x18, 0x70, 0x1C, 0x7F, 0xCE, 0x42, 0x00, 0x39, 0xC0, 0x1F, 0xFF, 0x8E, 0x5C, 0x0F, 0x92,
    0x01, 0x24, 0xFC, 0x09, 0x3E, 0x02, 0x78, 0x00, 0xFE, 0x00, 0x3B, 0x80, 0x1E, 0x7F, 0x82, 0x87,
    0xE0, 0x00, 0x00, 0x00, 0x00, 0x01, 0x90, 0x60, 0xC6, 0x30, 0x30, 0x88, 0x18, 0x26, 0x0D, 0xFF,
    0xF8, 0x60, 0xC0, 0x30, 0x20, 0x1C, 0x08, 0x0F, 0x23, 0xF3, 0xD8, 0xF8, 0x36, 0x20, 0x0D, 0x88,
    0x03, 0x32, 0x00, 0xDF, 0x80, 0x3C, 0xFF, 0x8D, 0x0F, 0xE0, 0x00, 0x00, 0x01, 0x3F, 0x00, 0xCF,
    0xE0, 0x23, 0xF8, 0x18, 0xFE, 0x0C, 0x31, 0x86, 0x6C, 0x60, 0x33, 0xF8, 0x18, 0x00, 0x0E, 0x7F,
    0xCF, 0x9F, 0xE1, 0x3F, 0xFE, 0x0B, 0xFF, 0x02, 0x22, 0x00, 0x8E, 0xC0, 0x21, 0x30, 0x08, 0x78,
    0x02, 0x1C, 0x00, 0x00, 0x00, 0x04, 0x40, 0x03, 0x10, 0xF0, 0xC7, 0xBE, 0x63, 0xFD, 0x9F, 0xB3,
    0x6D, 0xAC, 0xD8, 0xC3, 0x36, 0x37, 0xFD, 0x9C, 0xF7, 0x6F, 0x2C, 0xD8, 0xCB, 0xF6, 0x32, 0xED,
    0x8C, 0xB3, 0x63, 0x2F, 0xF0, 0xDF, 0xF8, 0x37, 0x88, 0x0C, 0x02, 0x00, 0x00, 0x00, 0x02, 0x20,
    0x01, 0x8F, 0xF0, 0xC7, 0xFC, 0x33, 0x80, 0x19, 0xBF, 0x8D, 0x8F, 0xE0, 0xC3, 0xF8, 0x30, 0xC6,
    0x1C, 0x3F, 0x8F, 0x0F, 0xC0, 0xC3, 0xF8, 0x30, 0xFE, 0x0C, 0xF3, 0x03, 0x37, 0x80, 0xC3, 0xF0,
    0x37, 0xCF, 0x8D, 0xC1, 0xE0, 0x00, 0x00, 0x01, 0x03, 0xC0, 0xDF, 0xF0, 0x27, 0xE0, 0x19, 0x18,
    0x0C, 0x66, 0x0E, 0xDF, 0xF8, 0x26, 0x60, 0x19, 0x18, 0x0E, 0x5F, 0xCF, 0x97, 0xF1, 0x25, 0xFC,
    0x09, 0x7F, 0x02, 0x7F, 0xC0, 0xB7, 0xF0, 0x39, 0xFC, 0x1E, 0x7F, 0x02, 0x90, 0xC0, 0x00, 0x00,
    0x02, 0x22, 0x01, 0x88, 0xC0, 0x7F, 0xF0, 0x36, 0xB8, 0x19, 0xFF, 0x4D, 0xFF, 0xF8, 0x60, 0x6C,
    0x30, 0x1B, 0x1D, 0xFE, 0xCF, 0x7E, 0xF0, 0xC5, 0x38, 0x31, 0xF6, 0x0C, 0xDD, 0x83, 0x2E, 0xF0,
    0xDB, 0x6C, 0x34, 0x33, 0x8C, 0x08, 0x60, 0x00, 0x00, 0x01, 0x08, 0x00, 0xC3, 0x00, 0x2F, 0xFC,
    0x1B, 0xFF, 0x8C, 0x7F, 0x86, 0xDF, 0xF3, 0x27, 0xEC, 0x19, 0x7B, 0x0E, 0x7E, 0xCF, 0x9F, 0xF1,
    0x27, 0xF8, 0x08, 0xBB, 0x02, 0x76, 0xE0, 0xB9, 0x78, 0x3A, 0x1A, 0x0A, 0xFE, 0x02, 0x1E, 0x00,
    0x00, 0x00, 0x02, 0x22, 0x01, 0x8C, 0xC0, 0x6F, 0xF0, 0x32, 0xFC, 0x18, 0xFF, 0x4D, 0xBF, 0xF8,
    0x60, 0x3C, 0x30, 0x1B, 0x1C, 0xFE, 0xCF, 0x3E, 0xB1, 0xCF, 0xF8, 0x33, 0xF6, 0x0C, 0x3D, 0x83,
    0x7E, 0xF0, 0xDE, 0x6C, 0x30, 0x33, 0x8C, 0x08, 0x60, 0x00, 0x00, 0x0C, 0x22, 0x03, 0x08, 0xC0,
    0xCF, 0xF0, 0x63, 0xFC, 0x18, 0x53, 0x4D, 0xBF, 0xF8, 0x6F, 0xEC, 0x30, 0x1B, 0x1C, 0xFE, 0xCF,
    0x3F, 0xB3, 0xCF, 0x38, 0x33, 0xE6, 0x0C, 0xFB, 0xC3, 0x3C, 0xB0, 0xC9, 0xBE, 0x32, 0xD9, 0x8C,
    0xA4, 0x60, 0x00, 0x00, 0x00, 0x00, 0x00, 0x10, 0x00, 0x07, 0x00, 0x00, 0xE0, 0x00, 0x08, 0x00,
    0xC0, 0x00, 0x30, 0x00, 0x0C, 0x00, 0x1B, 0x00, 0xC6, 0xC0, 0x31, 0xB0, 0x06, 0xEC, 0x09, 0xB3,
    0x03, 0x6C, 0xC0, 0xC0, 0x1F, 0xE0, 0x03, 0xF0, 0x00, 0x00, 0x00, 0x00, 0x00, 0x00, 0x00, 0x00,
    0x70, 0x00, 0x0C, 0x30, 0x01, 0x8C, 0x00, 0x06, 0x02, 0x43, 0xA1, 0x90, 0xCC, 0x64, 0x33, 0x19,
    0x18, 0xC6, 0x46, 0x33, 0x13, 0x06, 0xC7, 0x8D, 0x81, 0xC3, 0x00, 0x60, 0xC0, 0x7F, 0xE0, 0xF9,
    0xF0, 0x38, 0x00, 0x00, 0x00, 0x00, 0x00, 0x00, 0x03, 0xFF, 0x80, 0x7F, 0xF0, 0x00, 0x0C, 0x0F,
    0xFF, 0x03, 0xFF, 0xB0, 0xC0, 0x0C, 0x30, 0x03, 0x0F, 0xFF, 0xC1, 0xFF, 0xE0, 0x06, 0x00, 0x27,
    0xC2, 0x1B, 0x10, 0xC6, 0xC0, 0xB3, 0x3F, 0xF6, 0xC7, 0xF9, 0x80, 0x00, 0x00, 0x00, 0x00, 0x00,
    0x00, 0x03, 0xFF, 0xF0, 0x7F, 0xFC, 0x06, 0x43, 0x01, 0xF0, 0xC0, 0x1C, 0x30, 0x0D, 0x8C, 0x0E,
    0x23, 0x0F, 0x07, 0xC7, 0x09, 0xC0, 0x4B, 0x10, 0x32, 0x66, 0x0C, 0x88, 0xC6, 0x20, 0x9B, 0x0F,
    0xE6, 0x03, 0xF8, 0x00, 0x00, 0x00, 0x00, 0x00, 0x00, 0x20, 0x00, 0x0C, 0x00, 0x03, 0x00, 0x3F,
    0xFE, 0x1F, 0xFF, 0xC0, 0x0C, 0x00, 0x03, 0x00, 0x00, 0xC0, 0x07, 0xFF, 0x81, 0xFF, 0xC0, 0x03,
    0x00, 0x14, 0xE6, 0x07, 0x18, 0xC7, 0x44, 0xDB, 0x90, 0x36, 0xC7, 0xFD, 0x80, 0xFC, 0x00, 0x00,
    0x00, 0x00, 0x20, 0x00, 0x08, 0x00, 0x07, 0x00, 0xFF, 0xFF, 0x86, 0x00, 0x01, 0x80, 0x00, 0x60,
    0x00, 0x18, 0x00, 0x03, 0xFF, 0x80, 0x7F, 0xC0, 0x02, 0x00, 0x32, 0xC3, 0x0D, 0x9B, 0xE7, 0x62,
    0xDB, 0x98, 0x36, 0xC3, 0xF9, 0x80, 0x7C, 0x00, 0x00, 0x00, 0x02, 0x08, 0x01, 0x86, 0x00, 0x61,
    0x80, 0x1C, 0x60, 0x07, 0xFF, 0xC7, 0xFF, 0xF1, 0xFA, 0x00, 0xD8, 0x80, 0x36, 0x20, 0x01, 0x88,
    0x00, 0x62, 0x00, 0x18, 0x80, 0x06, 0x20, 0x01, 0x8C, 0x00, 0x63, 0xF8, 0x18, 0x00, 0x00, 0x00,
    0x00, 0x00, 0x00, 0x00, 0x10, 0x00, 0x06, 0x00, 0x01, 0x80, 0x3F, 0xFF, 0x8C, 0x10, 0x03, 0x06,
    0x00, 0xC0, 0xC0, 0x30, 0x18, 0x0C, 0x34, 0x03, 0x0C, 0x31, 0x8B, 0x0C, 0x62, 0xC1, 0x99, 0xB1,
    0xE6, 0xCC, 0x7B, 0x13, 0x18, 0xC0, 0xFE, 0x30, 0x1E, 0x00, 0x00, 0x00, 0x00, 0x20, 0x00, 0x08,
    0x00, 0x7F, 0xF0, 0x3F, 0xFE, 0x0C, 0x21, 0x83, 0x08, 0x60, 0xFF, 0xF8, 0x3F, 0xFE, 0x00, 0x60,
    0x00, 0x18, 0x00, 0xD7, 0x18, 0x34, 0xE3, 0x1B, 0x12, 0x6E, 0xC0, 0xD3, 0x1F, 0xE0, 0x03, 0xF0,
    0x00, 0x00, 0x00, 0x00, 0x00, 0x04, 0x10, 0x03, 0x04, 0x00, 0xC1, 0x00, 0x31, 0xF8, 0x0E, 0x7F,
    0x07, 0xC4, 0xC1, 0xD1, 0x30, 0xF0, 0x4C, 0x3C, 0x13, 0x07, 0x7F, 0xF8, 0xDF, 0xFC, 0x30, 0xE0,
    0x0C, 0x2C, 0x03, 0x19, 0x80, 0xCC, 0x38, 0x36, 0x07, 0x8D, 0x00, 0xE0, 0x00, 0x00, 0x00, 0x20,
    0x00, 0x1C, 0x00, 0x0D, 0x80, 0x0E, 0x38, 0x0F, 0x8F, 0x8E, 0xFF, 0xB8, 0x00, 0x00, 0x3F, 0xFE,
    0x07, 0xFF, 0x00, 0x03, 0x80, 0x03, 0xC0, 0x01, 0xC0, 0x19, 0x61, 0x86, 0xC9, 0x73, 0xB0, 0x66,
    0xC7, 0xF1, 0xB0, 0xF8, 0x00, 0x00, 0x00, 0x01, 0x00, 0x00, 0xC7, 0xE0, 0x3B, 0xFC, 0xFF, 0xC3,
    0x06, 0x6C, 0xC3, 0x13, 0x60, 0xEC, 0x78, 0x0E, 0x0C, 0x06, 0xC7, 0x8F, 0x17, 0x39, 0x85, 0x84,
    0x35, 0x86, 0x0F, 0x31, 0xC7, 0xC4, 0xB9, 0xB0, 0x36, 0x67, 0xF9, 0x80, 0xFC, 0x00, 0x00, 0x00,
    0x02, 0x08, 0x01, 0x86, 0x00, 0x61, 0x80, 0x3D, 0xFF, 0x1F, 0xFF, 0xC7, 0xED, 0x01, 0xFA, 0xC0,
    0xD9, 0xF0, 0x36, 0xFF, 0xCD, 0xFB, 0x10, 0x62, 0xC4, 0x18, 0xB1, 0x06, 0x2C, 0xC1, 0x8B, 0x70,
    0x60, 0xC0, 0x18, 0x30, 0x00, 0x00, 0x00, 0x00, 0x00, 0x00, 0x00, 0x03, 0xFF, 0xE0, 0xFF, 0xF8,
    0x30, 0x86, 0x0F, 0xFF, 0x83, 0xFF, 0xE0, 0xC2, 0x18, 0x3F, 0xFE, 0x0F, 0xFF, 0x80, 0x18, 0x00,
    0x9F, 0x88, 0x6C, 0x63, 0x1B, 0x00, 0x6C, 0xC0, 0xDB, 0x3F, 0xF6, 0x07, 0xF8, 0x00, 0x00, 0x00,
    0x00, 0x00, 0x00, 0x80, 0x00, 0x21, 0x00, 0x18, 0x60, 0x0C, 0x1C, 0x07, 0x3F, 0x8F, 0xF8, 0x30,
    0x00, 0x00, 0x3F, 0xFE, 0x0F, 0xFF, 0x83, 0x00, 0x60, 0xFF, 0xF8, 0x1F, 0xFC, 0x1A, 0x61, 0x87,
    0x9C, 0x73, 0x61, 0x36, 0xCF, 0xFD, 0x81, 0xFC, 0x00, 0x00, 0x00, 0x00, 0x80, 0x00, 0x20, 0x00,
    0x1F, 0xC0, 0x0F, 0xF8, 0x16, 0x18, 0x0F, 0x8E, 0x00, 0xFF, 0xF8, 0x00, 0x06, 0x07, 0xFF, 0x80,
    0xFF, 0xE0, 0xFF, 0xF8, 0x1F, 0xFC, 0x01, 0x21, 0x81, 0xCC, 0xF1, 0xF1, 0x36, 0xE7, 0xFD, 0xB0,
    0xFC, 0x00, 0x00, 0x00, 0x02, 0x04, 0x00, 0x89, 0x80, 0x23, 0x60, 0x0C, 0x98, 0x03, 0xB6, 0x06,
    0xFF, 0xF1, 0xBE, 0x60, 0x6B, 0x18, 0x33, 0xC6, 0x0C, 0xAF, 0xF1, 0x23, 0xF8, 0x08, 0x18, 0x02,
    0x06, 0x00, 0x81, 0x80, 0x3F, 0xFE, 0x0B, 0xFF, 0x82, 0x00, 0x00, 0x00, 0x00, 0x02, 0x00, 0x01,
    0x80, 0x00, 0x7C, 0xF8, 0x1F, 0xFE, 0x0C, 0x78, 0xC3, 0xB2, 0x63, 0xBC, 0xB8, 0x06, 0x21, 0x87,
    0x0C, 0x67, 0x01, 0xF0, 0x06, 0x10, 0x3C, 0xC6, 0x0F, 0x10, 0xC6, 0xC0, 0x99, 0xBE, 0xE6, 0x07,
    0xF8, 0x00, 0x00, 0x00, 0x00, 0x00, 0x02, 0x00, 0x01, 0x8F, 0xE0, 0x63, 0xFC, 0x1C, 0x66, 0x0F,
    0x8B, 0x07, 0xE3, 0x81, 0xF8, 0xF0, 0xD8, 0xE6, 0x36, 0x64, 0xC1, 0x81, 0x00, 0x63, 0xF8, 0x18,
    0xFE, 0x06, 0x04, 0x01, 0x83, 0x80, 0x6F, 0xFE, 0x18, 0x00, 0x00, 0x00, 0x00, 0x00, 0x00, 0x00,
    0x10, 0x00, 0x04, 0x00, 0x03, 0x80, 0x7F, 0xFF, 0x82, 0xCE, 0x01, 0x93, 0xC0, 0x64, 0x98, 0x31,
    0x23, 0x18, 0xC8, 0xC0, 0xEE, 0x20, 0x33, 0x00, 0x35, 0x86, 0x0F, 0x71, 0xC7, 0xC4, 0xBB, 0xB0,
    0x36, 0xC7, 0xF9, 0x80, 0xFC, 0x00, 0x00, 0x00, 0x00, 0x3E, 0x03, 0xEF, 0xC1, 0xFA, 0x30, 0x18,
    0xCC, 0x06, 0x3B, 0x01, 0x8F, 0xC0, 0x7F, 0xF6, 0xF3, 0x0D, 0x80, 0x41, 0xC0, 0x70, 0x60, 0xD3,
    0x18, 0x3C, 0xE7, 0x1B, 0x12, 0x66, 0xC0, 0xD8, 0x9F, 0xE4, 0x03, 0xF0, 0x00, 0x00, 0x00, 0x00,
    0x00, 0x02, 0x00, 0x00, 0x9F, 0xF0, 0x27, 0xFE, 0x0C, 0x00, 0x1B, 0x80, 0x06, 0xEF, 0xF1, 0xBB,
    0x0C, 0xC8, 0xC3, 0x32, 0x3F, 0xCC, 0x8F, 0xF1, 0x23, 0x0C, 0x08, 0xFF, 0x02, 0x1F, 0x80, 0x80,
    0x00, 0x27, 0xFE, 0x09, 0xFF, 0x82, 0x00, 0x00, 0x00, 0x00, 0x00, 0x20, 0x00, 0x18, 0x00, 0x03,
    0x00, 0x7D, 0xFF, 0x00, 0xCD, 0xC0, 0x22, 0x60, 0x00, 0x80, 0x1E, 0x70, 0x3F, 0xF7, 0x07, 0x38,
    0xF8, 0x0C, 0x0C, 0x34, 0x84, 0x0F, 0x31, 0x87, 0xC4, 0xB3, 0xB0, 0x26, 0xC7, 0xF9, 0x00, 0xFC,
    0x00, 0x00, 0x00, 0x00, 0x08, 0x07, 0xF3, 0x03, 0xFC, 0x60, 0x66, 0x0C, 0x19, 0x80, 0x07, 0xE2,
    0x01, 0x98, 0x80, 0x66, 0x20, 0x1F, 0xE8, 0xC7, 0xFA, 0x31, 0x8E, 0x86, 0x6F, 0xA1, 0xBF, 0xC9,
    0xE7, 0x32, 0x70, 0x18, 0x98, 0x06, 0x3E, 0x00, 0x86, 0x00, 0x00, 0x00, 0x02, 0x00, 0x00, 0x8F,
    0xC0, 0x23, 0xF8, 0x0C, 0x86, 0x03, 0xB1, 0x86, 0xFF, 0xE1, 0xBE, 0x18, 0xC8, 0x86, 0x32, 0x3F,
    0x84, 0x8F, 0xD8, 0x22, 0x8C, 0x08, 0xBE, 0x02, 0x27, 0x00, 0x88, 0x80, 0x23, 0xB8, 0x1F, 0xE7,
    0x82, 0xC0, 0xE0, 0x00, 0x00, 0x03, 0xFF, 0x01, 0xFF, 0xE0, 0x63, 0x18, 0x18, 0xC6, 0x07, 0xFF,
    0x81, 0xFF, 0x60, 0x67, 0x98, 0x1B, 0x36, 0x07, 0xFF, 0x81, 0xFF, 0xE0, 0x00, 0x00, 0x3C, 0xC6,
    0x0F, 0x18, 0xC6, 0xC0, 0xD9, 0xB0, 0x36, 0x67, 0xFD, 0x80, 0xFC, 0x00, 0x00, 0x00, 0x00, 0x88,
    0x00, 0x66, 0x01, 0xFF, 0xF8, 0x7F, 0xFE, 0x01, 0x98, 0x00, 0x66, 0x03, 0xFF, 0xFC, 0xFF, 0xFF,
    0x01, 0xAE, 0x01, 0xC9, 0xF0, 0xE2, 0x1C, 0xEC, 0xE4, 0x03, 0x39, 0x81, 0x8B, 0x20, 0xCE, 0xC8,
    0x07, 0x00, 0x00, 0x00, 0x00, 0x00, 0x00, 0x00, 0x40, 0x00, 0x30, 0x00, 0x1C, 0x00, 0x3F, 0xFE,
    0x0F, 0xFF, 0x83, 0xFF, 0xE0, 0xC0, 0x18, 0x3F, 0xFE, 0x0F, 0xFF, 0x83, 0xFF, 0xE0, 0x7F, 0xF0,
    0x00, 0x80, 0x1B, 0x38, 0xC6, 0xC4, 0xBB, 0x30, 0x36, 0xC7, 0xF9, 0xB0, 0xFC, 0x00, 0x00, 0x00,
    0x00, 0x20, 0x0F, 0xFF, 0xF3, 0xFF, 0xFE, 0x01, 0xC0, 0x0F, 0xFF, 0x83, 0xFF, 0xE0, 0xFF, 0xF8,
    0x31, 0x86, 0x0C, 0x21, 0x83, 0xFF, 0xE0, 0x7F, 0xF0, 0x01, 0x80, 0x0F, 0x70, 0xC3, 0xC4, 0xB9,
    0xB0, 0x36, 0x67, 0xF9, 0x98, 0xFC, 0x00, 0x00, 0x00, 0x04, 0x20, 0x03, 0x08, 0x00, 0xC3, 0x00,
    0x31, 0xFF, 0x8F, 0xFF, 0x87, 0xFF, 0xF1, 0xD2, 0x6C, 0xF4, 0x9B, 0x3C, 0x26, 0xC7, 0x3F, 0xF8,
    0xCF, 0xFC, 0x31, 0x23, 0x0C, 0xC9, 0x83, 0x7F, 0xF8, 0xDF, 0xFC, 0x32, 0x3C, 0x0C, 0x0E, 0x00,
    0x00, 0x00, 0x02, 0x00, 0x00, 0x9F, 0xF0, 0x27, 0xFE, 0x0C, 0x20, 0x03, 0x9F, 0x86, 0xEF, 0xF1,
    0xB9, 0x8C, 0xC8, 0x43, 0x32, 0x7F, 0xE0, 0x9F, 0xF0, 0x23, 0xFC, 0x08, 0xFF, 0x02, 0x30, 0xC0,
    0x8C, 0x30, 0x23, 0xFC, 0x08, 0xFF, 0x02, 0x20, 0xC0, 0x00, 0x00, 0x02, 0x10, 0x01, 0x86, 0x00,
    0x61, 0x80, 0x36, 0x7F, 0x8C, 0xB1, 0x87, 0x3E, 0x63, 0xCC, 0xF0, 0x33, 0x18, 0x0C, 0x8F, 0x03,
    0x6E, 0xF8, 0x4B, 0x0C, 0x34, 0x86, 0x0D, 0x39, 0xC7, 0xC4, 0xF9, 0xB0, 0x36, 0x27, 0xF9, 0x80,
    0xFC, 0x00, 0x00, 0x00, 0x00, 0x00, 0x00, 0x1C, 0x00, 0x7F, 0xF8, 0x19, 0xD6, 0x07, 0xFF, 0x80,
    0xFF, 0xE0, 0xFF, 0xFC, 0x3F, 0xFF, 0x0F, 0xFF, 0xC3, 0xFF, 0xF0, 0x02, 0x00, 0x00, 0x00, 0x0F,
    0x20, 0xC3, 0xCE, 0xD9, 0xB1, 0x36, 0x47, 0xF8, 0x80, 0xFC, 0x00, 0x00, 0x00, 0x02, 0x20, 0xC0,
    0x8C, 0x70, 0x21, 0x30, 0x0C, 0xFE, 0x1B, 0x3F, 0xC6, 0xCC, 0x31, 0xBE, 0x0C, 0xCF, 0x83, 0x32,
    0x20, 0xCC, 0x8F, 0xF1, 0x23, 0xF8, 0x08, 0x38, 0x02, 0x1B, 0x60, 0x84, 0xD8, 0x23, 0x36, 0x1F,
    0x8F, 0x82, 0xC1, 0xE0, 0x00, 0x00, 0x02, 0x10, 0xC0, 0x96, 0x30, 0x26, 0xDC, 0x0C, 0xF6, 0x03,
    0xBD, 0x86, 0xEC, 0xC1, 0xBC, 0x00, 0xC9, 0x0D, 0xB2, 0x7B, 0x60, 0x9B, 0x98, 0x26, 0xE6, 0x09,
    0x7D, 0x82, 0x73, 0xE0, 0x98, 0x58, 0x27, 0xFE, 0x09, 0xFF, 0x82, 0x40, 0x60, 0x00, 0x00, 0x00,
    0x00, 0x0F, 0xFF, 0xF9, 0xFF, 0xFC, 0x7F, 0xFE, 0x1F, 0xFF, 0xC6, 0x22, 0x31, 0xFF, 0xFC, 0x7F,
    0xFF, 0x00, 0x88, 0x07, 0xFF, 0xF3, 0xFF, 0xFE, 0x00, 0x00, 0x0F, 0x30, 0xC3, 0xC4, 0xF1, 0xBF,
    0xF6, 0x67, 0xF9, 0x80, 0x00, 0x00, 0x00, 0x00, 0x00, 0x08, 0x00, 0x36, 0x00, 0x0D, 0x80, 0x7F,
    0x7F, 0x0F, 0xDF, 0x83, 0xF7, 0xE0, 0x0D, 0x80, 0x7F, 0x7F, 0x1F, 0x9F, 0xC0, 0xC6, 0x00, 0xE0,
    0x80, 0x16, 0xC2, 0x0D, 0x98, 0xC3, 0x62, 0x71, 0x98, 0x1C, 0x47, 0xFC, 0x00, 0xFE, 0x00, 0x00,
    0x00, 0x02, 0x08, 0x00, 0x83, 0xF0, 0x20, 0xFE, 0x0C, 0x70, 0x1B, 0x3F, 0xC6, 0xED, 0xB1, 0xBB,
    0xFC, 0xCE, 0xC3, 0x32, 0x30, 0xCC, 0x8F, 0xF1, 0x23, 0xF8, 0x08, 0x10, 0x02, 0x7F, 0xE0, 0x9F,
    0xF8, 0x20, 0x40, 0x08, 0x18, 0x02, 0x04, 0x00, 0x00, 0x00, 0x02, 0x04, 0x01, 0x9F, 0xF0, 0x67,
    0xFC, 0x1C, 0xFE, 0x0F, 0xBF, 0x87, 0xFF, 0xF1, 0xE7, 0xFC, 0xD8, 0x00, 0x36, 0x3F, 0x81, 0x8F,
    0xE0, 0x63, 0xF8, 0x18, 0xC2, 0x06, 0x3F, 0x81, 0x8C, 0x20, 0x62, 0x18, 0x18, 0x9E, 0x00, 0x00,
    0x00, 0x00, 0x00, 0x00, 0x24, 0x00, 0x09, 0x80, 0x07, 0x30, 0xFF, 0xFF, 0x8F, 0xD9, 0x07, 0xF6,
    0x61, 0x8C, 0x98, 0x7F, 0x3C, 0x0F, 0xCE, 0x60, 0x3B, 0xDB, 0xFF, 0xBE, 0x79, 0x43, 0x1A, 0x61,
    0x87, 0x89, 0x73, 0xE0, 0x6C, 0xCF, 0xF3, 0x01, 0xF8, 0x00, 0x00, 0x00, 0x04, 0x22, 0x03, 0x08,
    0xC0, 0xC2, 0x20, 0x33, 0xFE, 0x1F, 0xFF, 0xC7, 0xC8, 0xC1, 0xD2, 0x30, 0xF7, 0xFF, 0xBC, 0xDD,
    0xCF, 0x1F, 0xC1, 0xC7, 0xF8, 0x31, 0xFE, 0x0C, 0x7F, 0x83, 0x10, 0x60, 0xC7, 0xF8, 0x31, 0xFE,
    0x0C, 0x41, 0x00, 0x00, 0x00, 0x02, 0x00, 0x00, 0x8F, 0xC0, 0x23, 0xF8, 0x0C, 0xD6, 0x03, 0xBF,
    0x86, 0xEF, 0xE1, 0xBB, 0xF8, 0xC8, 0xC6, 0x32, 0x3F, 0x80, 0x8F, 0xE0, 0x23, 0x18, 0x0F, 0xFF,
    0x82, 0xFE, 0xC0, 0x84, 0x60, 0x23, 0x1C, 0x1F, 0x83, 0x82, 0xC0, 0x60, 0x00, 0x00, 0x0C, 0x10,
    0x03, 0x04, 0x80, 0xC3, 0x30, 0x33, 0xFE, 0x0F, 0xFE, 0xC7, 0xF6, 0x21, 0xF3, 0x00, 0xF7, 0xFF,
    0xBD, 0xEB, 0x03, 0x7E, 0x60, 0xCF, 0x0E, 0x37, 0x38, 0x0C, 0xBA, 0xC3, 0x7A, 0xE0, 0xDF, 0xE0,
    0x3F, 0xC0, 0x00, 0x00, 0x00, 0x00, 0x00, 0x02, 0x08, 0x01, 0x82, 0x00, 0x67, 0xFC, 0x1D, 0xFF,
    0x07, 0xBF, 0x87, 0xFF, 0xE1, 0xFC, 0xE0, 0xDB, 0xFF, 0x36, 0x3F, 0x81, 0x8F, 0xE0, 0x63, 0xF8,
    0x18, 0xFE, 0x06, 0x31, 0x81, 0x8F, 0xE0, 0x62, 0x38, 0x18, 0x8E, 0x00, 0x00, 0x00, 0x00, 0x00,
    0x01, 0x00, 0x00, 0xC7, 0xE1, 0xFD, 0xFC, 0xFF, 0x6B, 0x07, 0x9F, 0xC3, 0xE7, 0xF0, 0xFD, 0xFC,
    0x6F, 0x63, 0x33, 0x18, 0xC0, 0xC7, 0xF0, 0x13, 0xF8, 0x32, 0xC6, 0x0D, 0x99, 0xC7, 0x22, 0xBB,
    0x98, 0x36, 0xC3, 0xF9, 0x80, 0x7C, 0x00, 0x00, 0x00, 0x01, 0xC4, 0x03, 0xF1, 0x81, 0xF2, 0x48,
    0x04, 0xDB, 0x03, 0x9E, 0xCF, 0xF5, 0xE0, 0x7C, 0x60, 0x3F, 0x3C, 0x1B, 0xD9, 0x8E, 0xDC, 0x79,
    0x12, 0x0C, 0x04, 0xC0, 0x1B, 0x38, 0xC6, 0xC2, 0xBB, 0xB0, 0x36, 0xC7, 0xF9, 0x80, 0xFC, 0x00,
    0x00, 0x00, 0x04, 0x0C, 0x03, 0x03, 0x00, 0xC1, 0xE0, 0x30, 0x6C, 0x0E, 0xF3, 0xC7, 0xFF, 0xF9,
    0xD1, 0x00, 0xF1, 0xE3, 0x3C, 0x7E, 0xC3, 0x1F, 0xB0, 0xC7, 0xEC, 0x31, 0xFB, 0x0C, 0x7E, 0xC3,
    0x13, 0xF0, 0xC4, 0xEC, 0x31, 0x7F, 0x0C, 0x5B, 0x00, 0x00, 0x00, 0x00, 0x20, 0x01, 0xFF, 0xC0,
    0xFF, 0xF8, 0x04, 0x10, 0x01, 0xDC, 0x0F, 0xFF, 0xF8, 0x00, 0x00, 0x1F, 0xFC, 0x07, 0xFF, 0x01,
    0xFF, 0xC0, 0x7F, 0xF0, 0x1F, 0xFC, 0x1B, 0xFC, 0xC6, 0xCC, 0xBB, 0xB1, 0x36, 0xC7, 0xF9, 0x80,
    0xFC, 0x00, 0x00, 0x00, 0x00, 0x00, 0x03, 0xFF, 0xC0, 0xFF, 0xF0, 0x3F, 0xFC, 0x0F, 0xFF, 0x03,
    0xFF, 0xC0, 0x7F, 0xE0, 0x3F, 0xFE, 0x1F, 0xFF, 0xC6, 0x1F, 0x31, 0xBF, 0xEC, 0x6F, 0x9F, 0x00,
    0x77, 0x83, 0xC4, 0xF1, 0xBF, 0xF6, 0xC7, 0xF9, 0x80, 0x00, 0x00, 0x00, 0x00, 0x00, 0x0F, 0x83,
    0xFF, 0xE0, 0xFF, 0xE0, 0x0D, 0x98, 0x01, 0xBC, 0x07, 0xFF, 0xF1, 0x86, 0x0C, 0x5E, 0xFF, 0x07,
    0x8D, 0x83, 0x7E, 0x00, 0x9F, 0x00, 0x0F, 0xFC, 0x0F, 0xFE, 0x03, 0x3F, 0x00, 0x3F, 0xC0, 0x7E,
    0x7F, 0x1C, 0x07, 0xC0, 0x00, 0x00, 0x00, 0x11, 0x00, 0x04, 0x60, 0x7F, 0xFC, 0x3F, 0xFF, 0x0F,
    0xF1, 0x03, 0xFE, 0x40, 0xDD, 0xB0, 0x3F, 0xF8, 0x1B, 0xEE, 0x46, 0xFF, 0xF3, 0x03, 0x18, 0x01,
    0xC2, 0x0D, 0xB0, 0x83, 0x60, 0xB1, 0x9E, 0xE4, 0x63, 0xF1, 0x00, 0x00, 0x00, 0x00, 0x00, 0x04,
    0xFF, 0xC3, 0x3F, 0xF8, 0xC1, 0x40, 0x31, 0xFE, 0x0E, 0x7F, 0xC7, 0xDF, 0xB1, 0xD7, 0xCC, 0xF1,
    0xFB, 0x3C, 0x7F, 0xC7, 0x1F, 0xE0, 0xDF, 0xFE, 0x33, 0xFF, 0x0C, 0x3E, 0x03, 0x1A, 0xE0, 0xDC,
    0x9E, 0x36, 0x23, 0x8C, 0x08, 0x00, 0x00, 0x00, 0x01, 0x04, 0x00, 0x61, 0x80, 0x08, 0xC0, 0x7F,
    0xF7, 0x3F, 0xFF, 0xE0, 0xC5, 0xC1, 0xE1, 0xE0, 0x33, 0x37, 0x07, 0x8F, 0x03, 0xE3, 0xB3, 0xFD,
    0xFE, 0x7D, 0x7C, 0x19, 0x21, 0x86, 0xCC, 0xF3, 0x31, 0x36, 0xC7, 0xF9, 0xB0, 0xFC, 0x00, 0x00,
    0x00, 0x02, 0x88, 0x01, 0xB2, 0x61, 0xFE, 0xF8, 0xFE, 0xFC, 0x0F, 0x8E, 0x67, 0xF1, 0xF1, 0x8C,
    0x00, 0x7F, 0x26, 0x18, 0xCF, 0x06, 0x13, 0x99, 0xBC, 0xFC, 0x06, 0x1E, 0x1E, 0x60, 0x87, 0x9C,
    0xFB, 0xE1, 0x36, 0xCF, 0xF9, 0x01, 0xFC, 0x00, 0x00, 0x00, 0x04, 0x21, 0x03, 0x08, 0x60, 0xC7,
    0x18, 0x33, 0xFF, 0x8F, 0x35, 0x87, 0xC9, 0xE1, 0xDF, 0xFE, 0xF1, 0xC0, 0x3C, 0x20, 0x07, 0x0F,
    0xF0, 0xC1, 0xF8, 0x31, 0x26, 0x0C, 0x4D, 0x83, 0x13, 0x78, 0xC4, 0xDE, 0x33, 0x37, 0x8C, 0x88,
    0xE0, 0x00, 0x00, 0x02, 0x04, 0x00, 0x9F, 0xF8, 0x27, 0xFE, 0x0C, 0x38, 0x03, 0xBF, 0xC6, 0xEF,
    0xF1, 0xBB, 0xFC, 0xC8, 0xC3, 0x32, 0x3F, 0xC0, 0x8F, 0xF0, 0x23, 0xFC, 0x08, 0x7E, 0x02, 0xFF,
    0xE0, 0xBF, 0xF8, 0x23, 0x1C, 0x09, 0x83, 0x82, 0x40, 0x60, 0x00, 0x00, 0x01, 0x04, 0x0F, 0xFF,
    0xF3, 0xFF, 0xFE, 0x0E, 0x38, 0x07, 0xFF, 0x01, 0xFF, 0xC0, 0x7F, 0xF0, 0x18, 0x0C, 0x07, 0xFF,
    0x00, 0xFF, 0x83, 0xFF, 0xFE, 0x7F, 0xFF, 0x3E, 0x27, 0xEF, 0x4C, 0xF8, 0x33, 0xB0, 0x3B, 0xB7,
    0x0C, 0xC4, 0xC0, 0x00, 0x00, 0x04, 0x7F, 0x03, 0x1F, 0xE0, 0xC6, 0x18, 0x31, 0xFE, 0x0E, 0x7F,
    0x87, 0xDF, 0xE1, 0xD0, 0x00, 0xF7, 0xFF, 0x3D, 0xFF, 0xC7, 0x7F, 0xF0, 0xCF, 0xF8, 0x33, 0xFF,
    0x0C, 0xFF, 0x83, 0x0C, 0xC0, 0xC1, 0xF0, 0x37, 0xFF, 0x8D, 0xE1, 0xE0, 0x00, 0x00, 0x0C, 0x00,
    0x03, 0x0F, 0xE0, 0xC7, 0xF8, 0x33, 0xFF, 0x0F, 0xFF, 0xE7, 0xFF, 0xE1, 0xFF, 0xFC, 0xF3, 0x07,
    0x3C, 0xFF, 0xC3, 0x3F, 0xF0, 0xCF, 0xFC, 0x33, 0x03, 0x0C, 0xFF, 0xC3, 0x0C, 0xC0, 0xD7, 0x3C,
    0x3F, 0x03, 0x80, 0x00, 0x00, 0x00, 0x00, 0x04, 0x00, 0x03, 0x3B, 0xE0, 0xCF, 0xFC, 0x32, 0xDE,
    0x0F, 0xF7, 0x87, 0x7D, 0xE1, 0xDF, 0x78, 0xF6, 0xDE, 0x3C, 0xFF, 0xE7, 0x3B, 0xF0, 0xCB, 0x38,
    0x32, 0xDE, 0x0C, 0xB7, 0x83, 0x3F, 0xF8, 0xDD, 0xDE, 0x36, 0x67, 0x8C, 0x10, 0xE0, 0x00, 0x00,
    0x00, 0x3F, 0x00, 0x0F, 0xE0, 0x07, 0x00, 0x3F, 0xFF, 0x8D, 0xFE, 0x63, 0x7C, 0x60, 0xC1, 0xF0,
    0x37, 0xFF, 0x0D, 0xFF, 0xC3, 0x7F, 0xF0, 0xDF, 0xFC, 0x37, 0xFF, 0x1D, 0xFF, 0x86, 0x57, 0x31,
    0xBC, 0x5E, 0xFD, 0xFF, 0xB6, 0x3F, 0xE0, 0x00, 0x00, 0x0F, 0xE1, 0x07, 0xF8, 0x41, 0xFE, 0x10,
    0x7F, 0xFF, 0x1B, 0xDF, 0xC7, 0xF3, 0x41, 0xFE, 0x70, 0x7F, 0x94, 0x3F, 0xE1, 0x0F, 0xD8, 0xC3,
    0xF2, 0x60, 0x04, 0xC0, 0x1B, 0x11, 0x86, 0xC1, 0x23, 0x3E, 0xC8, 0x07, 0xE0, 0x00, 0x00, 0x00,
    0x00, 0x00, 0x00, 0x10, 0x03, 0xFF, 0xF9, 0xFF, 0xFE, 0x63, 0xB8, 0x1F, 0xFF, 0xC6, 0xFF, 0xF1,
    0xFF, 0xFC, 0x60, 0x00, 0x1F, 0xFF, 0xE7, 0xFF, 0xF9, 0xE9, 0xFC, 0x73, 0xFE, 0x18, 0xFF, 0x0D,
    0xE9, 0x83, 0x37, 0xE0, 0xDF, 0xFF, 0xB7, 0x83, 0xE0, 0x00, 0x00, 0x00, 0x00, 0x0F, 0xFF, 0xF9,
    0xFF, 0xFC, 0x0F, 0xF8, 0x03, 0xFF, 0x00, 0xFF, 0xC0, 0x3F, 0xF0, 0xFF, 0xFF, 0xBF, 0xFF, 0xED,
    0xFF, 0xFB, 0x4F, 0x8E, 0x07, 0x00, 0x03, 0xFF, 0x01, 0xFF, 0x81, 0xFF, 0xFC, 0xFE, 0x1F, 0x80,
    0x00, 0x00, 0x00, 0x00, 0x04, 0x10, 0xC3, 0x06, 0x30, 0xC0, 0xD8, 0x31, 0xFF, 0x8E, 0x7F, 0xE7,
    0xFF, 0xF9, 0xDF, 0xE6, 0xF1, 0xFF, 0xBC, 0x39, 0xC7, 0x0F, 0xF0, 0xC3, 0xFC, 0x30, 0xFF, 0x0C,
    0x3F, 0xC3, 0x08, 0x30, 0xC3, 0xFC, 0x30, 0xFF, 0x0C, 0x20, 0xC0, 0x00, 0x00, 0x0C, 0x08, 0x03,
    0x1F, 0xE0, 0xC7, 0xF8, 0x38, 0xA4, 0x0F, 0xFF, 0xC7, 0xFF, 0xF9, 0xF7, 0x38, 0xF1, 0xFE, 0x3C,
    0x7F, 0x83, 0x1F, 0xE0, 0xC7, 0xF8, 0x31, 0xFE, 0x0C, 0x6F, 0xC3, 0x1F, 0xE0, 0xCF, 0x3C, 0x37,
    0x03, 0x80, 0x00, 0x00, 0x00, 0x00, 0x0C, 0x08, 0x03, 0x1F, 0xE0, 0xC7, 0xF8, 0x30, 0xCC, 0x1C,
    0xFF, 0xC7, 0xFF, 0xF1, 0xF0, 0x00, 0xFD, 0xFE, 0x3C, 0x7F, 0x8F, 0x1F, 0xE0, 0xC7, 0xFC, 0x31,
    0xFE, 0x0C, 0x1C, 0x03, 0x1F, 0xE0, 0xCF, 0xFC, 0x37, 0xFF, 0x80, 0x00, 0x00, 0x00, 0x00, 0x00,
    0xC2, 0x03, 0xF1, 0xC1, 0xF0, 0xE0, 0x3E, 0xFF, 0x3F, 0xFF, 0xC0, 0xE7, 0xF0, 0xFD, 0x8C, 0x33,
    0x7F, 0x0C, 0x5F, 0xC3, 0xF7, 0xF0, 0x7D, 0xF8, 0x34, 0x83, 0x0F, 0x32, 0xE7, 0xC4, 0xD8, 0x9F,
    0xE4, 0x03, 0xF0, 0x00, 0x00, 0x00, 0x00, 0x00, 0x04, 0x7F, 0x03, 0x1F, 0xE0, 0xC7, 0xF8, 0x31,
    0xFE, 0x0E, 0x7F, 0x87, 0xFF, 0xE1, 0xD0, 0xC0, 0xF7, 0xFF, 0xBC, 0xFF, 0xC7, 0x1F, 0xE0, 0xC7,
    0xF8, 0x31, 0xFE, 0x0C, 0x3F, 0x03, 0x12, 0x60, 0xCC, 0xDC, 0x36, 0xE3, 0x8D, 0x30, 0x60, 0x00,
    0x00, 0x00, 0x20, 0x00, 0x08, 0x00, 0x07, 0x00, 0xFF, 0xFF, 0xB7, 0xFF, 0x63, 0xFF, 0xE0, 0x07,
    0x00, 0x1F, 0xFC, 0x03, 0xFE, 0x0F, 0xFF, 0xF9, 0xFF, 0xFC, 0x3F, 0xFE, 0x03, 0xF7, 0x03, 0x4C,
    0x31, 0xF1, 0x3E, 0xE7, 0xFD, 0xB0, 0xFE, 0x60, 0x00, 0x00, 0x04, 0x08, 0x03, 0x3F, 0xF0, 0xCF,
    0xFC, 0x38, 0xCC, 0x1E, 0x1E, 0x07, 0xFF, 0xF9, 0xD0, 0x00, 0xF1, 0xFE, 0x3C, 0x7F, 0x8F, 0x1F,
    0xE1, 0xC7, 0xF8, 0x31, 0xFE, 0x0C, 0x3F, 0x03, 0x2B, 0x30, 0xDA, 0x5E, 0x3C, 0xFF, 0x8D, 0x1F,
    0x80, 0x00, 0x00, 0x04, 0x04, 0x83, 0x01, 0xB0, 0xC7, 0xFE, 0x31, 0xFF, 0x8E, 0x7E, 0x07, 0xFF,
    0xB1, 0xDC, 0x3C, 0xF3, 0xEE, 0x3C, 0xFD, 0xE7, 0x6F, 0xF8, 0xDB, 0xA4, 0x34, 0x10, 0x0C, 0x57,
    0xC3, 0x16, 0x98, 0xCD, 0x1E, 0x36, 0x7F, 0x8C, 0x8F, 0x60, 0x00, 0x00, 0x01, 0x9F, 0x01, 0xE7,
    0xC3, 0xF5, 0xF0, 0xEF, 0x7C, 0x1F, 0x91, 0x07, 0xE7, 0xC3, 0xF9, 0xF4, 0x3E, 0x7B, 0x3B, 0x9F,
    0x83, 0xEF, 0x71, 0xFB, 0x0C, 0x00, 0x00, 0x1B, 0x30, 0x86, 0xC4, 0xB3, 0x3D, 0xE4, 0xC7, 0xF1,
    0x00, 0x00, 0x00, 0x00, 0x00, 0x04, 0x08, 0x03, 0x03, 0x00, 0xCF, 0xFC, 0x33, 0xFF, 0x8E, 0x3D,
    0x87, 0xDF, 0xF1, 0xD7, 0xEC, 0xF1, 0xFB, 0x3C, 0x7F, 0xC7, 0x1F, 0xE0, 0xCF, 0xFE, 0x33, 0xFF,
    0x0C, 0x36, 0xE3, 0x38, 0xF0, 0xCF, 0xF8, 0x33, 0xE7, 0x8C, 0xE0, 0xE0, 0x00, 0x00, 0x04, 0x22,
    0x03, 0x08, 0xC0, 0xDA, 0xF0, 0x67, 0xFC, 0x30, 0xFF, 0xE1, 0xBF, 0xB0, 0xCF, 0xEC, 0x73, 0xCF,
    0x3C, 0xF1, 0x83, 0x3E, 0xE0, 0xDF, 0xFC, 0x37, 0xB1, 0x80, 0x68, 0x03, 0x5C, 0xB1, 0xF1, 0x3E,
    0xE7, 0xF9, 0xB0, 0xFC, 0x00, 0x00, 0x00, 0x03, 0xC1, 0x81, 0xF7, 0xF1, 0xED, 0xF0, 0x7F, 0x38,
    0x1E, 0xDD, 0x87, 0xB3, 0x61, 0xFC, 0xF0, 0x60, 0x33, 0x9F, 0xFF, 0xE3, 0xFF, 0xF0, 0xDD, 0xB6,
    0xED, 0x4C, 0x10, 0x30, 0x02, 0x4C, 0x31, 0xB1, 0x36, 0xE7, 0xFD, 0xB0, 0xFE, 0x60, 0x00, 0x00,
    0x00, 0x10, 0x00, 0x04, 0x80, 0x01, 0x30, 0x1F, 0xFF, 0x0F, 0xFF, 0xE3, 0x06, 0x00, 0xC1, 0x00,
    0x30, 0x46, 0x0F, 0xF9, 0x83, 0x3B, 0xC0, 0xC4, 0xF0, 0x31, 0xB8, 0x1C, 0x6C, 0x66, 0x77, 0x99,
    0x9B, 0x3E, 0xE0, 0x87, 0xB0, 0x00, 0x80, 0x00, 0x00, 0x00, 0xD0, 0x03, 0xFC, 0x81, 0xF1, 0x30,
    0x0C, 0x46, 0x01, 0x11, 0x80, 0xEE, 0x63, 0xFF, 0xFC, 0x0C, 0xE0, 0x01, 0x10, 0x00, 0xFE, 0x60,
    0x7D, 0xF0, 0xFC, 0x38, 0x19, 0x0E, 0x00, 0xC3, 0x18, 0x31, 0xE6, 0x7F, 0xCF, 0x9E, 0x61, 0xC0,
    0x00, 0x00, 0x00, 0x30, 0x00, 0x0D, 0x80, 0x03, 0x60, 0x7F, 0xEE, 0x1F, 0xFF, 0xC0, 0x0C, 0x00,
    0x6F, 0x00, 0x1B, 0xC0, 0x06, 0xDB, 0x07, 0xFF, 0x81, 0xFD, 0xE0, 0x1B, 0x30, 0x0C, 0xCC, 0xC2,
    0x37, 0xB1, 0x8F, 0x3C, 0x43, 0xCF, 0x00, 0x00, 0x80, 0x00, 0x00, 0x00, 0x0A, 0x00, 0x03, 0xC0,
    0x00, 0x98, 0x3F, 0xFB, 0x1F, 0xFF, 0xE6, 0x03, 0x01, 0x88, 0x8C, 0x63, 0xE3, 0x18, 0xEC, 0xC7,
    0xFF, 0x61, 0xFE, 0x78, 0x6A, 0x9E, 0x1B, 0xB7, 0x67, 0xAD, 0x9B, 0xCA, 0xFE, 0xCE, 0xE7, 0xB3,
    0x30, 0x80, 0x00, 0x00, 0x12, 0x24, 0x0D, 0xC9, 0x81, 0xB6, 0x78, 0x23, 0x9B, 0x1F, 0xE6, 0xC6,
    0xD9, 0x81, 0xFE, 0x7E, 0x6F, 0xFB, 0x1B, 0x3E, 0xC7, 0xF9, 0xE0, 0xFE, 0x70, 0x04, 0x0C, 0x3F,
    0xF7, 0x6F, 0xFF, 0xD8, 0x31, 0xBE, 0x0C, 0x47, 0x01, 0x00, 0x80, 0x00, 0x00, 0x01, 0x04, 0x00,
    0xF9, 0x80, 0x1E, 0x78, 0x0F, 0x9B, 0x1F, 0xFC, 0xC6, 0xEF, 0x81, 0xFF, 0x7E, 0x7F, 0xFB, 0x19,
    0xFC, 0xC6, 0x39, 0xE1, 0x94, 0x78, 0x77, 0x4C, 0x1F, 0x72, 0x6E, 0xF9, 0x9B, 0x17, 0x76, 0xDF,
    0xF7, 0xB7, 0x88, 0x80, 0x00, 0x00, 0x01, 0x10, 0x00, 0xC4, 0x80, 0x3B, 0x30, 0x7F, 0xC6, 0x0F,
    0xF9, 0x0F, 0xFF, 0xF0, 0xEC, 0xC0, 0x7F, 0xA3, 0x1B, 0xEC, 0xC7, 0xF9, 0xE0, 0xFE, 0x78, 0x7F,
    0x9C, 0x0F, 0xE6, 0x6F, 0xF9, 0x99, 0xFE, 0xFE, 0xF9, 0xE7, 0xBC, 0x30, 0x80, 0x00, 0x00, 0x00,
    0x00, 0x07, 0xFF, 0xF8, 0xFF, 0xFC, 0x00, 0x00, 0x07, 0xFF, 0xC1, 0xFF, 0xF0, 0x60, 0x0C, 0x18,
    0x03, 0x07, 0xFF, 0xC1, 0xFF, 0xF0, 0x60, 0x0C, 0x30, 0x00, 0x0C, 0x00, 0x06, 0x00, 0x01, 0x80,
    0x00, 0xC0, 0x00, 0x00, 0x00, 0x00, 0x00, 0x00, 0x00, 0x00, 0x07, 0xFF, 0xF8, 0xFF, 0xFC, 0x3F,
    0xFE, 0x0F, 0xFF, 0xC3, 0x00, 0x30, 0xFF, 0xFC, 0x3F, 0xFF, 0x0C, 0x10, 0x03, 0x06, 0x00, 0xFF,
    0xFC, 0x7F, 0xFF, 0x98, 0x38, 0x06, 0x1B, 0x83, 0x0C, 0x74, 0xDE, 0x07, 0x80, 0x00, 0x00, 0x00,
    0x00, 0x00, 0x00, 0x07, 0xFF, 0xF0, 0xFF, 0xF8, 0x1F, 0xFC, 0x07, 0xFF, 0x81, 0x00, 0x60, 0x7F,
    0xF8, 0x1F, 0xFE, 0x07, 0xFF, 0xC1, 0xFF, 0xF8, 0xC7, 0xF0, 0x61, 0xFE, 0x18, 0xC1, 0x86, 0x60,
    0x63, 0x71, 0xF8, 0xDC, 0x7C, 0x00, 0x00, 0x00, 0x00, 0x00, 0x00, 0x01, 0xCF, 0xF7, 0xF3, 0xFD,
    0xF0, 0x00, 0x40, 0x0F, 0x98, 0x07, 0xE6, 0x01, 0x99, 0xFE, 0x62, 0x66, 0x19, 0x99, 0x87, 0xE6,
    0x61, 0xF9, 0x98, 0x60, 0xC6, 0x18, 0x21, 0x86, 0x08, 0x63, 0x86, 0x18, 0xC1, 0x06, 0x30, 0x41,
    0x80, 0x00, 0x00, 0x07, 0xFF, 0xE3, 0xFF, 0xF8, 0x00, 0x00, 0x1F, 0xFF, 0x07, 0xFF, 0xC1, 0x80,
    0x30, 0x7F, 0xFC, 0x1F, 0xFF, 0x07, 0xF3, 0xE1, 0xFF, 0xF8, 0xF9, 0xE6, 0x36, 0x6D, 0x8C, 0x38,
    0xE3, 0x7E, 0x79, 0xFD, 0xF6, 0x6D, 0xFF, 0x98, 0x71, 0xE0, 0x00, 0x00, 0x00, 0x00, 0x07, 0xFF,
    0xF8, 0xFF, 0xFC, 0x3F, 0xFF, 0x0F, 0xFF, 0xC3, 0xFF, 0xF0, 0xFF, 0xF8, 0x3F, 0x9F, 0x8F, 0xF7,
    0xE3, 0x7D, 0xE0, 0xDF, 0x7C, 0x63, 0xDF, 0x1B, 0xF7, 0xE7, 0xDD, 0x83, 0x1E, 0x60, 0xC6, 0x18,
    0x00, 0x00, 0x00, 0x00, 0x00, 0x00, 0x1E, 0x01, 0xFF, 0xC0, 0xFE, 0x00, 0x00, 0x80, 0x00, 0x70,
    0x03, 0xFF, 0xE0, 0x07, 0x00, 0x00, 0x80, 0x00, 0x20, 0x0F, 0xFF, 0xF9, 0xFF, 0xFC, 0x00, 0x80,
    0x00, 0x20, 0x00, 0x08, 0x00, 0x02, 0x00, 0x0F, 0x80, 0x01, 0xC0, 0x00, 0x00, 0x00, 0x00, 0x10,
    0x00, 0x06, 0x00, 0x01, 0x80, 0x00, 0x40, 0x1F, 0xFF, 0xCF, 0xFF, 0xF8, 0x01, 0x80, 0x00, 0x46,
    0x00, 0x1B, 0x00, 0x07, 0x80, 0x03, 0x80, 0x03, 0xC0, 0x0F, 0x98, 0x0F, 0xC6, 0x01, 0x81, 0x80,
    0x03, 0xC0, 0x00, 0xE0, 0x00, 0x00, 0x00, 0x02, 0x00, 0x01, 0x80, 0x00, 0x63, 0xFC, 0x18, 0xFF,
    0x9F, 0xC3, 0x0F, 0xF0, 0xC0, 0x60, 0x30, 0x18, 0x0C, 0x07, 0xC3, 0x01, 0xE0, 0xC3, 0xE0, 0x30,
    0x58, 0x0C, 0x06, 0x03, 0x01, 0x80, 0xC0, 0x60, 0x30, 0x78, 0x78, 0x1C, 0x1C, 0x00, 0x00, 0x00,
    0x02, 0x08, 0x01, 0x82, 0x00, 0x60, 0x80, 0x18, 0x20, 0x06, 0x08, 0x0F, 0xE2, 0x00, 0x61, 0x80,
    0x18, 0x40, 0x07, 0x90, 0x0F, 0xC4, 0x61, 0xE1, 0x18, 0x18, 0xC3, 0x06, 0x60, 0xC1, 0x99, 0xF0,
    0x7F, 0xFE, 0xFB, 0xE1, 0xBC, 0x00, 0x40, 0x00, 0x00, 0x02, 0x00, 0x01, 0x9F, 0xC0, 0x67, 0xF8,
    0x19, 0x8E, 0x07, 0x63, 0x0F, 0xF8, 0x80, 0x66, 0x60, 0x19, 0x9F, 0x07, 0xE1, 0xCF, 0xDC, 0x61,
    0xE7, 0x18, 0x1B, 0x6C, 0x06, 0x4E, 0x01, 0xB3, 0x80, 0x79, 0xB8, 0x7B, 0xC7, 0x9C, 0x20, 0xE0,
    0x00, 0x00, 0x02, 0x08, 0x01, 0x86, 0x00, 0x61, 0x80, 0x18, 0x20, 0x1F, 0x3F, 0x8F, 0xFF, 0xE0,
    0x61, 0x80, 0x1C, 0x20, 0x07, 0xDD, 0x47, 0xBF, 0xF3, 0xE1, 0xC0, 0x18, 0x70, 0x06, 0x36, 0x01,
    0x98, 0xC0, 0xEE, 0x1C, 0x77, 0x03, 0x00, 0x00, 0x00, 0x00, 0x00, 0x02, 0x22, 0x00, 0x8C, 0xC0,
    0x23, 0x30, 0x08, 0xCC, 0x1F, 0xB3, 0x0F, 0xEC, 0xC0, 0x63, 0x36, 0x08, 0xFF, 0x07, 0xB3, 0x83,
    0xEC, 0xC3, 0xF3, 0x30, 0x48, 0xCC, 0x02, 0x33, 0x60, 0x8C, 0xD8, 0x23, 0xF6, 0x79, 0xFF, 0x8C,
    0x61, 0xC0, 0x00, 0x00, 0x00, 0x00, 0x01, 0xFF, 0x80, 0x3F, 0xE0, 0x00, 0xF0, 0x00, 0x38, 0x0F,
    0x8A, 0x33, 0xEF, 0x9C, 0x1B, 0xFE, 0x06, 0xF6, 0x01, 0xBD, 0x80, 0xDF, 0xB0, 0x37, 0xFC, 0x18,
    0x21, 0x86, 0x08, 0x33, 0x1E, 0x06, 0x0F, 0x00, 0x00, 0x00, 0x00, 0x00, 0x00, 0x02, 0x04, 0x00,
    0x81, 0x80, 0x20, 0x40, 0x08, 0x38, 0x07, 0x7F, 0xEF, 0xE1, 0x80, 0x60, 0x40, 0x08, 0x18, 0x07,
    0xFF, 0xC3, 0xCF, 0xF3, 0xE1, 0x18, 0x48, 0x66, 0x02, 0x0F, 0x00, 0x81, 0x80, 0x21, 0xF8, 0xF9,
    0xE7, 0xBC, 0x60, 0xE0, 0x00, 0x00, 0x02, 0x04, 0x00, 0x81, 0x80, 0x20, 0x60, 0x08, 0x18, 0x07,
    0x37, 0x8F, 0xED, 0xB0, 0x63, 0x6C, 0x09, 0x99, 0x86, 0x66, 0x03, 0xF1, 0xB3, 0xF9, 0xD8, 0x48,
    0x26, 0x02, 0x03, 0x00, 0x81, 0x80, 0x21, 0xC0, 0x7B, 0xE0, 0x0C, 0xE0, 0x00, 0x00, 0x00, 0x02,
    0x00, 0x00, 0x8F, 0xE0, 0x23, 0xFC, 0x08, 0xDB, 0x1F, 0xB6, 0xCF, 0xED, 0xB0, 0x63, 0x6C, 0x08,
    0xDB, 0x07, 0xBF, 0xC3, 0xEC, 0x03, 0xF3, 0x00, 0x48, 0xC0, 0x02, 0x30, 0x60, 0x8C, 0x18, 0x23,
    0x06, 0x78, 0xFF, 0x8C, 0x1F, 0x80, 0x00, 0x00, 0x04, 0x08, 0x01, 0x8E, 0xF0, 0x67, 0x3C, 0x19,
    0x89, 0x0F, 0x62, 0x47, 0xF8, 0x90, 0x66, 0x24, 0x19, 0x89, 0x07, 0xE2, 0x41, 0xD8, 0x91, 0xE6,
    0x24, 0x39, 0x89, 0x06, 0x7A, 0x41, 0xBC, 0xF0, 0x64, 0x38, 0x78, 0x08, 0x18, 0x02, 0x00, 0x00,
    0x00, 0x02, 0x00, 0x01, 0x8F, 0x80, 0x67, 0xE0, 0x19, 0x88, 0x1F, 0x62, 0x4F, 0xF8, 0x90, 0x66,
    0x3C, 0x1B, 0x06, 0x07, 0xC3, 0x05, 0xFF, 0xC3, 0xE6, 0x30, 0x19, 0x98, 0x06, 0x3C, 0x01, 0x87,
    0x00, 0xEF, 0x7C, 0x77, 0x07, 0x00, 0x00, 0x00, 0x00, 0x00, 0x02, 0x08, 0x01, 0x82, 0x00, 0x60,
    0x80, 0x19, 0x75, 0x06, 0xFF, 0xEF, 0xE0, 0x00, 0x60, 0x00, 0x19, 0xFC, 0x07, 0xF7, 0x0F, 0xD8,
    0xC1, 0xE6, 0x30, 0x19, 0x8C, 0x06, 0x63, 0x61, 0x98, 0xD8, 0x64, 0x36, 0xFB, 0x0F, 0x3C, 0x81,
    0x80, 0x00, 0x00, 0x02, 0x03, 0x81, 0x8F, 0xF0, 0x67, 0xC0, 0x19, 0x80, 0x17, 0x60, 0x0F, 0xFC,
    0x00, 0x67, 0xFE, 0x19, 0x8C, 0x07, 0xE3, 0x01, 0x98, 0xC3, 0xE6, 0x30, 0x79, 0x8C, 0x06, 0x43,
    0x01, 0x90, 0xC0, 0x64, 0x30, 0x79, 0x0C, 0x1C, 0x42, 0x00, 0x00, 0x00, 0x02, 0x10, 0x01, 0x84,
    0x00, 0x61, 0x00, 0x18, 0xE0, 0x06, 0xFF, 0xEF, 0xEE, 0x00, 0x61, 0x00, 0x18, 0xFF, 0x07, 0xFC,
    0xCF, 0xDB, 0x31, 0x66, 0xF8, 0x19, 0x9E, 0x06, 0x67, 0x01, 0x91, 0xE0, 0x6C, 0xDC, 0xFA, 0xE3,
    0xBC, 0x30, 0x60, 0x00, 0x00, 0x02, 0x00, 0x00, 0x8F, 0xE0, 0x23, 0xFC, 0x08, 0xC3, 0x07, 0x30,
    0xCF, 0xEC, 0x30, 0x63, 0x0C, 0x08, 0xFF, 0x07, 0xB6, 0x03, 0xED, 0x83, 0xF3, 0x70, 0x49, 0x8C,
    0x02, 0x43, 0x80, 0x98, 0x60, 0x2C, 0x1C, 0x3A, 0x03, 0x8C, 0x80, 0x60, 0x00, 0x00, 0x04, 0x04,
    0x03, 0x01, 0x80, 0xC7, 0xFC, 0x31, 0xFF, 0x8E, 0x46, 0x6F, 0xF1, 0x98, 0xC4, 0x60, 0x31, 0xFF,
    0x0F, 0xF8, 0xC7, 0x94, 0x33, 0xC5, 0x98, 0x31, 0x36, 0x0C, 0x4F, 0x03, 0x11, 0xE0, 0xCC, 0xDC,
    0xF6, 0xE3, 0xB8, 0xB0, 0x60, 0x00, 0x00, 0x02, 0x10, 0x00, 0x86, 0x00, 0x21, 0x80, 0x08, 0x7F,
    0x07, 0x30, 0xCF, 0xFC, 0x30, 0x67, 0xEC, 0x08, 0x1B, 0x07, 0x86, 0xC3, 0xE1, 0xB3, 0xF3, 0xEC,
    0x48, 0xFE, 0x02, 0x33, 0x60, 0x8C, 0x18, 0x23, 0x06, 0x78, 0xFF, 0x8C, 0x1F, 0x80, 0x00, 0x00,
    0x02, 0x03, 0x81, 0x8F, 0xF0, 0x67, 0xE0, 0x19, 0x8C, 0x06, 0x63, 0x0F, 0xF8, 0xC0, 0x66, 0x30,
    0x19, 0xFF, 0x87, 0xF7, 0x0F, 0xD8, 0x81, 0xE6, 0x30, 0x19, 0xEE, 0x06, 0xF9, 0xE1, 0xB0, 0x78,
    0x67, 0xDE, 0x79, 0xF3, 0x1C, 0x00, 0x80, 0x00, 0x00, 0x02, 0x08, 0x01, 0x82, 0x00, 0x60, 0x80,
    0x19, 0x75, 0x06, 0xFF, 0xEF, 0xE3, 0x00, 0x60, 0x80, 0x18, 0x30, 0x07, 0xFF, 0xCF, 0xEF, 0xE1,
    0xE1, 0xE0, 0x18, 0xEC, 0x06, 0x6F, 0x81, 0x9A, 0x60, 0x6C, 0x8E, 0x7A, 0x21, 0x9C, 0x08, 0x00,
    0x00, 0x00, 0x02, 0x00, 0x00, 0x8F, 0xF0, 0x23, 0xFE, 0x08, 0xD9, 0x9F, 0xB6, 0x6F, 0xED, 0x98,
    0x63, 0xFE, 0x08, 0xD9, 0x87, 0xB6, 0x63, 0xED, 0x9B, 0xF3, 0xFE, 0x48, 0x7B, 0x02, 0x06, 0x00,
    0x81, 0x80, 0x20, 0x60, 0x78, 0x18, 0x0C, 0x04, 0x00, 0x00, 0x00, 0x02, 0x04, 0x00, 0x81, 0x80,
    0x20, 0x60, 0x08, 0x18, 0x07, 0x06, 0x0F, 0xEF, 0xF8, 0x63, 0x66, 0x08, 0xD9, 0x87, 0xB6, 0x63,
    0xEF, 0xFB, 0xF3, 0xFE, 0x48, 0xD9, 0x82, 0x36, 0x60, 0x8D, 0x98, 0x23, 0xFE, 0x78, 0xFF, 0x8C,
    0x20, 0x60, 0x00, 0x00, 0x02, 0x00, 0x00, 0x8F, 0xE0, 0x23, 0xFC, 0x08, 0xC3, 0x1F, 0xB0, 0xCF,
    0xEC, 0x30, 0x63, 0xFC, 0x08, 0xC3, 0x07, 0xB0, 0xC3, 0xEC, 0x33, 0xF3, 0x0C, 0x48, 0xFF, 0x02,
    0x1F, 0x80, 0x80, 0x00, 0x27, 0xFE, 0x79, 0xFF, 0x8C, 0x00, 0x00, 0x00, 0x00, 0x02, 0x04, 0x01,
    0x83, 0x00, 0x60, 0x40, 0x19, 0xFF, 0x1F, 0xFF, 0xCF, 0xE0, 0x20, 0x62, 0x08, 0x18, 0x82, 0x07,
    0xA1, 0x83, 0xCC, 0x43, 0xE1, 0x10, 0x18, 0x4C, 0x06, 0x12, 0x01, 0x85, 0xC0, 0xEF, 0xFC, 0x70,
    0x00, 0x00, 0x00, 0x00, 0x00, 0x00, 0x03, 0x06, 0x00, 0xC1, 0x80, 0x30, 0x60, 0x7E, 0x76, 0x1F,
    0xFF, 0xC0, 0xCC, 0x30, 0x33, 0x0C, 0x0C, 0xC3, 0x03, 0xF0, 0xC1, 0xEF, 0xF1, 0xF3, 0xFC, 0x6C,
    0xC3, 0x03, 0x30, 0xC0, 0xCC, 0x30, 0x33, 0xFC, 0x3C, 0xFF, 0x0C, 0x30, 0x40, 0x00, 0x00, 0x02,
    0x00, 0x01, 0x87, 0xF0, 0x61, 0xFE, 0x18, 0x41, 0x9F, 0xB0, 0x6F, 0xEF, 0xF8, 0x61, 0xFC, 0x1C,
    0x00, 0x07, 0xA7, 0x83, 0x9F, 0xFB, 0xE1, 0x86, 0x18, 0x61, 0x86, 0x10, 0x61, 0x8C, 0x18, 0xE6,
    0x1E, 0x73, 0x0F, 0x00, 0x00, 0x00, 0x00, 0x00, 0x02, 0x00, 0x01, 0x8F, 0xE0, 0x63, 0xF8, 0x18,
    0x80, 0x1F, 0xA0, 0x0F, 0xEF, 0xE0, 0x63, 0xF8, 0x1A, 0x82, 0x07, 0xA0, 0x87, 0xCF, 0xE3, 0xE3,
    0xF8, 0x18, 0x80, 0x06, 0x20, 0x01, 0x8D, 0xE0, 0xE3, 0xFE, 0x70, 0xC0, 0x00, 0x00, 0x00, 0x00,
    0x00, 0x04, 0x00, 0x03, 0x3F, 0xF0, 0xCF, 0xFE, 0x30, 0x40, 0x0C, 0x10, 0x0F, 0xCC, 0x00, 0xC6,
    0x00, 0x31, 0x80, 0x0F, 0x7F, 0xCF, 0xFF, 0xF1, 0xCE, 0x0C, 0x31, 0x83, 0x0C, 0x60, 0xC3, 0x18,
    0x30, 0xC7, 0xFC, 0xF1, 0xFF, 0x38, 0x20, 0xC0, 0x00, 0x00, 0x00, 0x10, 0x00, 0xCC, 0x00, 0x33,
    0x00, 0x0C, 0xFF, 0x03, 0x30, 0xC7, 0xFC, 0x10, 0x3F, 0xEC, 0x0C, 0xDB, 0x03, 0x36, 0xC1, 0xED,
    0xB1, 0xF3, 0x6C, 0x6C, 0xFB, 0x03, 0x1C, 0xC0, 0xC0, 0x10, 0x30, 0x0C, 0x3C, 0x3E, 0x0C, 0x0F,
    0x00, 0x00, 0x00, 0x02, 0x04, 0x00, 0x81, 0x80, 0x22, 0x68, 0x08, 0xDB, 0x07, 0x36, 0xCF, 0xED,
    0xB0, 0x63, 0x6C, 0x08, 0xFF, 0x07, 0x86, 0x03, 0xF1, 0x9B, 0xF6, 0x66, 0x49, 0x99, 0x82, 0x66,
    0x60, 0x91, 0x98, 0x27, 0xFE, 0x79, 0xFF, 0x8C, 0x40, 0x60, 0x00, 0x00, 0x02, 0x00, 0x00, 0x9F,
    0xF0, 0x27, 0xFE, 0x08, 0x21, 0x87, 0x08, 0x6F, 0xE6, 0x18, 0x61, 0x86, 0x09, 0xC3, 0x06, 0x67,
    0x83, 0xC1, 0xC3, 0xF3, 0xFE, 0x48, 0xFF, 0x82, 0x20, 0x60, 0x88, 0x18, 0x23, 0xFE, 0x78, 0xFF,
    0x8C, 0x20, 0x60, 0x00, 0x00, 0x02, 0x00, 0x01, 0x8F, 0xE0, 0x63, 0xF8, 0x18, 0x10, 0x1F, 0xBF,
    0x8F, 0xEF, 0xE0, 0x60, 0x40, 0x1E, 0xFE, 0x1F, 0xBF, 0x8F, 0x81, 0x00, 0x67, 0xFC, 0x1B, 0xFF,
    0x06, 0x04, 0x01, 0x81, 0x00, 0xE0, 0x40, 0x70, 0x10, 0x00, 0x00, 0x00, 0x00, 0x00, 0x04, 0x40,
    0x03, 0x11, 0xC0, 0xC4, 0x78, 0x31, 0xD6, 0x0C, 0x7F, 0x8F, 0x97, 0xE1, 0xCD, 0xF8, 0x32, 0x7E,
    0x0F, 0xDF, 0x87, 0xF7, 0xFB, 0xD5, 0xFE, 0xF1, 0xF7, 0x8C, 0x2C, 0xE3, 0x1E, 0x38, 0xCD, 0x80,
    0xF6, 0x3F, 0xB9, 0x07, 0xE0, 0x00, 0x00, 0x02, 0x04, 0x00, 0x81, 0x80, 0x20, 0x60, 0x08, 0xFF,
    0x17, 0xFF, 0xEF, 0xF1, 0x00, 0x64, 0x60, 0x09, 0x18, 0x07, 0xC6, 0x03, 0xF3, 0x63, 0xF4, 0xD8,
    0x4B, 0x33, 0x03, 0x98, 0xC0, 0xE4, 0xF8, 0x3B, 0xFE, 0x3A, 0xF1, 0x8C, 0x80, 0x60, 0x00, 0x00,
    0x02, 0x01, 0x80, 0x8F, 0xF0, 0x23, 0xE0, 0x08, 0x10, 0x1F, 0x84, 0x0F, 0xF3, 0x80, 0x67, 0xFE,
    0x08, 0x18, 0x07, 0x84, 0x03, 0xE1, 0x83, 0xF3, 0xFC, 0x49, 0xFF, 0x02, 0x20, 0xC0, 0x88, 0x30,
    0x23, 0xFC, 0x78, 0xFF, 0x0C, 0x20, 0x80, 0x00, 0x00, 0x02, 0x02, 0x00, 0x80, 0xE0, 0x20, 0x2C,
    0x09, 0xFD, 0x86, 0xFF, 0xEF, 0xE0, 0xC0, 0x60, 0x30, 0x08, 0x0C, 0x07, 0xFF, 0x03, 0xFE, 0xC3,
    0xF2, 0x30, 0x48, 0x8C, 0x02, 0x3F, 0xE0, 0xBE, 0x78, 0x2E, 0x1E, 0x78, 0x07, 0x8C, 0x00, 0x80,
    0x00, 0x00, 0x04, 0x22, 0x03, 0x89, 0xC0, 0x32, 0xC0, 0x1F, 0xFC, 0x0F, 0xFF, 0x81, 0xFF, 0xC3,
    0xFF, 0xFE, 0x0C, 0x7C, 0x0F, 0xF1, 0x8F, 0xB8, 0x39, 0x3F, 0xF4, 0x0F, 0xF8, 0x3F, 0xFF, 0xEF,
    0xFF, 0xF8, 0x02, 0x00, 0x07, 0x80, 0x01, 0xC0, 0x00, 0x00, 0x00, 0x03, 0x36, 0x40, 0xCD, 0x90,
    0x33, 0x6C, 0x0D, 0xF6, 0x03, 0x6D, 0x87, 0xFD, 0xB0, 0x33, 0x64, 0x0C, 0x30, 0x03, 0xCC, 0x01,
    0xE7, 0xF1, 0xF3, 0xFC, 0x6D, 0xF3, 0x03, 0x4E, 0x80, 0xC1, 0xE0, 0x31, 0xF0, 0x3F, 0xF0, 0x0C,
    0xE0, 0x00, 0x00, 0x00, 0x02, 0x08, 0x00, 0x82, 0x20, 0x23, 0xFC, 0x08, 0xFF, 0x1F, 0x09, 0x8F,
    0xF7, 0xC0, 0x6F, 0xFE, 0x08, 0x60, 0x07, 0x99, 0xC3, 0xBF, 0xC3, 0xE3, 0xE0, 0x48, 0x7F, 0x02,
    0x0F, 0xC0, 0x80, 0x30, 0x20, 0x0C, 0x78, 0x3E, 0x0C, 0x0F, 0x00, 0x00, 0x00, 0x02, 0x04, 0x00,
    0x81, 0x00, 0x20, 0xE0, 0x08, 0x7C, 0x1F, 0xB1, 0x8F, 0xFC, 0x30, 0x66, 0x06, 0x08, 0xFF, 0x07,
    0x80, 0x03, 0xE0, 0x03, 0xF3, 0xFC, 0x48, 0xDB, 0x02, 0x30, 0xC0, 0x8C, 0x30, 0x23, 0xFC, 0x78,
    0xFF, 0x0C, 0x20, 0xC0, 0x00, 0x00, 0x02, 0x04, 0x01, 0x81, 0x00, 0x63, 0xF8, 0x18, 0xFE, 0x1F,
    0x84, 0x0F, 0xFF, 0xF0, 0x67, 0xFC, 0x1E, 0x04, 0x1F, 0xFF, 0xCF, 0xBF, 0xF0, 0x61, 0x10, 0x18,
    0x64, 0x06, 0x09, 0x01, 0x80, 0x40, 0xE0, 0x70, 0x70, 0x3C, 0x00, 0x00, 0x00, 0x00, 0x00, 0x02,
    0x20, 0x01, 0x98, 0xE0, 0x67, 0xF8, 0x19, 0xF1, 0x1F, 0xE0, 0x6F, 0xFF, 0xF0, 0x63, 0xF8, 0x18,
    0xFE, 0x07, 0x7F, 0x87, 0xF8, 0x23, 0xE7, 0xF8, 0x19, 0xFE, 0x06, 0x60, 0x81, 0x98, 0x61, 0x67,
    0xF8, 0xF1, 0x86, 0x00, 0x00, 0x00, 0x00, 0x00, 0x04, 0x14, 0x03, 0x07, 0x80, 0xC1, 0xE0, 0x32,
    0x7A, 0x1F, 0x9E, 0xCF, 0xB7, 0xB0, 0xC7, 0xF8, 0x31, 0xFC, 0x0F, 0x1E, 0x03, 0xCF, 0xC3, 0xE7,
    0xF8, 0x73, 0x7B, 0x0C, 0xB6, 0x03, 0x0D, 0x98, 0xC6, 0x66, 0xF7, 0x1F, 0xB9, 0x83, 0xC0, 0x00,
    0x00, 0x00, 0x41, 0x01, 0x18, 0x60, 0xE6, 0x18, 0x18, 0xDC, 0x07, 0x36, 0x0F, 0xFF, 0xF0, 0x1D,
    0xC0, 0x06, 0xF8, 0x0F, 0xF3, 0xEF, 0xFC, 0x31, 0xFF, 0xE0, 0x1F, 0xF8, 0x3F, 0xFF, 0xEF, 0xFF,
    0xF0, 0x03, 0x00, 0x07, 0x80, 0x01, 0xC0, 0x00, 0x00, 0x00, 0x04, 0x08, 0x03, 0x06, 0x00, 0xC0,
    0x80, 0x31, 0xFE, 0x1E, 0xFF, 0x8F, 0xD6, 0x40, 0xCC, 0x90, 0x31, 0xEC, 0x0F, 0x1A, 0x0F, 0xFF,
    0xF9, 0xCF, 0xFC, 0x30, 0x70, 0x0C, 0x34, 0x03, 0x0D, 0x80, 0xCE, 0x30, 0xF3, 0x07, 0xB8, 0x80,
    0xC0, 0x00, 0x00, 0x04, 0x10, 0x03, 0x04, 0x80, 0xC3, 0x30, 0x31, 0x8C, 0x0C, 0x77, 0x8F, 0xFF,
    0x30, 0xC6, 0x00, 0x31, 0x80, 0x0F, 0xFF, 0x8F, 0xFF, 0xE1, 0xC8, 0xC0, 0x3F, 0xFF, 0x8D, 0xFF,
    0xC3, 0x07, 0x80, 0xC3, 0x30, 0xF3, 0x87, 0xB8, 0xC0, 0xC0, 0x00, 0x00, 0x02, 0x08, 0x00, 0x82,
    0x00, 0x20, 0x80, 0x08, 0xE6, 0x07, 0x39, 0x8F, 0xEE, 0x60, 0x63, 0xFC, 0x09, 0xFB, 0x07, 0xDE,
    0x61, 0xE7, 0x13, 0xF7, 0xFC, 0x49, 0xFE, 0x02, 0x08, 0x00, 0x82, 0x00, 0x3F, 0xFE, 0x7B, 0xFF,
    0x8C, 0x00, 0x00, 0x00, 0x00, 0x02, 0x00, 0x00, 0x9F, 0xF8, 0x27, 0xFE, 0x09, 0x00, 0x06, 0x40,
    0x0F, 0xF7, 0xF0, 0x64, 0x00, 0x09, 0x00, 0x03, 0x7F, 0xE1, 0xDF, 0xF3, 0xE5, 0xF6, 0x69, 0xEF,
    0x02, 0xDB, 0x80, 0xE6, 0x60, 0x39, 0xEC, 0x7F, 0xF3, 0x8D, 0x70, 0x60, 0x00, 0x00, 0x04, 0x07,
    0x83, 0x1F, 0xF0, 0xC7, 0x80, 0x33, 0xFF, 0x1F, 0xFF, 0xEF, 0xDF, 0xE0, 0xC7, 0xFC, 0x31, 0x33,
    0x0F, 0xCC, 0xCF, 0x1F, 0xF0, 0xC7, 0xCC, 0x31, 0x23, 0x0C, 0x7F, 0xC3, 0x1F, 0xE0, 0xC0, 0x80,
    0xF0, 0x20, 0x38, 0x08, 0x00, 0x00, 0x00, 0x04, 0x00, 0x03, 0x1F, 0xC0, 0xC7, 0xF8, 0x31, 0x06,
    0x0C, 0x41, 0x8F, 0xF8, 0x60, 0xC7, 0xF8, 0x30, 0x30, 0x0F, 0x08, 0x03, 0x92, 0x03, 0xE4, 0xFC,
    0x71, 0x3E, 0x0C, 0x48, 0x03, 0x3A, 0x00, 0xDB, 0x80, 0xF6, 0x7F, 0xB9, 0x07, 0xE0, 0x00, 0x00,
    0x04, 0x09, 0x03, 0x02, 0x60, 0xCF, 0xFC, 0x33, 0xFF, 0x9E, 0x08, 0x0F, 0xC7, 0x00, 0xC7, 0xFC,
    0x31, 0x33, 0x0F, 0xCC, 0xCF, 0x1F, 0xF0, 0xC4, 0xDC, 0x31, 0x23, 0x0C, 0x7F, 0xC3, 0x1F, 0xF0,
    0xC4, 0x8C, 0xF1, 0x3E, 0x38, 0x4B, 0x00, 0x00, 0x00, 0x02, 0x04, 0x01, 0x83, 0x00, 0x62, 0x40,
    0x18, 0x9E, 0x1F, 0xA7, 0x8F, 0xE9, 0x00, 0x67, 0xFC, 0x1B, 0xFF, 0x07, 0xA4, 0x87, 0xD9, 0x23,
    0xED, 0xD8, 0x1E, 0x6C, 0x06, 0x06, 0x01, 0x83, 0x00, 0xE7, 0x80, 0x73, 0xC0, 0x00, 0x00, 0x00,
    0x00, 0x00, 0x04, 0x08, 0x03, 0x1F, 0xE0, 0xC7, 0xFC, 0x31, 0x23, 0x0C, 0x6D, 0xCF, 0xDF, 0xF0,
    0xC6, 0xCC, 0x31, 0xB3, 0x0F, 0x7F, 0xCF, 0xDF, 0xE1, 0xCF, 0xF8, 0x33, 0xFE, 0x0C, 0x33, 0x03,
    0x07, 0x80, 0xC3, 0xF0, 0xF7, 0xCF, 0xB9, 0xC0, 0xC0, 0x00, 0x00, 0x04, 0x0C, 0x03, 0x07, 0x80,
    0xC3, 0x30, 0x30, 0xC6, 0x0C, 0x64, 0xCF, 0xFB, 0xB8, 0xC7, 0xFC, 0x30, 0x18, 0x0F, 0x06, 0x07,
    0x9F, 0xFB, 0xC3, 0xFC, 0x30, 0xFF, 0x0C, 0x3F, 0xC3, 0x08, 0x30, 0xC3, 0xFC, 0xF0, 0xFF, 0x38,
    0x20, 0xC0, 0x00, 0x00, 0x04, 0x00, 0x03, 0x1F, 0xE0, 0xC7, 0xFC, 0x31, 0x03, 0x0C, 0x60, 0xCF,
    0xFF, 0xF0, 0xC4, 0x60, 0x31, 0x18, 0x0F, 0xFF, 0xEF, 0x9F, 0xF1, 0xE4, 0x60, 0x33, 0xFF, 0x0D,
    0xBF, 0xC3, 0x38, 0x30, 0xDB, 0xFC, 0xFC, 0xFF, 0x39, 0x20, 0xC0, 0x00, 0x00, 0x04, 0x0C, 0x03,
    0x03, 0x00, 0xC1, 0xE0, 0x30, 0xCC, 0x0E, 0x73, 0x8F, 0xF7, 0xF8, 0xC0, 0xE0, 0x30, 0xFE, 0x0F,
    0x03, 0x87, 0x81, 0xC3, 0xC1, 0xE0, 0x30, 0x70, 0x0C, 0x56, 0xC3, 0x14, 0xB8, 0xCD, 0x16, 0xF6,
    0x7F, 0xB8, 0x8F, 0x00, 0x00, 0x00, 0x04, 0x00, 0x03, 0x1F, 0xC0, 0xC7, 0xF8, 0x30, 0x06, 0x1C,
    0x3F, 0x8F, 0xCF, 0xE0, 0xC7, 0xF8, 0x30, 0x00, 0x0F, 0xFF, 0xE3, 0xFF, 0xFB, 0xCF, 0xFE, 0x73,
    0xFF, 0x0C, 0x49, 0x83, 0x12, 0x60, 0xC4, 0xF0, 0xF1, 0x38, 0x38, 0x08, 0x00, 0x00, 0x00, 0x02,
    0x03, 0x80, 0x9F, 0xF0, 0x27, 0xC0, 0x08, 0x83, 0x07, 0x36, 0xCF, 0xE7, 0xE0, 0x60, 0x18, 0x09,
    0xFF, 0x86, 0x7F, 0x63, 0xF7, 0xFB, 0xF5, 0xF8, 0x48, 0x46, 0x02, 0x1B, 0x00, 0x83, 0x80, 0x21,
    0xF8, 0x79, 0xCF, 0x8C, 0x60, 0xE0, 0x00, 0x00, 0x02, 0x22, 0x00, 0xCC, 0xC0, 0x3B, 0x60, 0xFF,
    0xFF, 0xB7, 0xFF, 0x6D, 0xFF, 0xFB, 0x60, 0x1E, 0x1F, 0xFE, 0x07, 0xFF, 0x01, 0xFF, 0x80, 0x7F,
    0x00, 0x7F, 0xFF, 0x00, 0x70, 0x0F, 0xFF, 0xFB, 0xFF, 0xFE, 0x07, 0x80, 0x01, 0xC0, 0x00, 0x00,
    0x00, 0x04, 0x12, 0x03, 0x0C, 0xC0, 0xC1, 0x20, 0x33, 0xCF, 0x1F, 0xF3, 0xEF, 0xC4, 0xC0, 0xC3,
    0x30, 0x31, 0xCF, 0x0F, 0x33, 0x03, 0x8C, 0xC3, 0xC7, 0x3E, 0x73, 0xCF, 0x0C, 0xF2, 0x03, 0x08,
    0xC0, 0xC6, 0x30, 0xF3, 0x0C, 0x38, 0x82, 0x00, 0x00, 0x00, 0x04, 0x00, 0x03, 0x1F, 0xF0, 0xC7,
    0xFE, 0x31, 0x01, 0x8C, 0x60, 0x6F, 0xFF, 0xF8, 0xC4, 0x30, 0x31, 0x49, 0x8F, 0xDB, 0x63, 0x97,
    0xFB, 0xC5, 0xF4, 0x71, 0x49, 0x8C, 0x5B, 0x63, 0x14, 0x98, 0xCD, 0xFE, 0xF6, 0x7F, 0xB8, 0x90,
    0x60, 0x00, 0x00, 0x04, 0x21, 0x83, 0x08, 0x60, 0xC2, 0x18, 0x33, 0xD6, 0x0D, 0xFF, 0x8F, 0xCC,
    0x60, 0xC2, 0x18, 0x37, 0xFF, 0x0F, 0xFD, 0xE3, 0xC8, 0x7B, 0xCF, 0xF8, 0x73, 0xF6, 0x0C, 0x21,
    0x83, 0x0F, 0xE0, 0xDF, 0xD8, 0xF7, 0x86, 0x38, 0x01, 0x80, 0x00, 0x00, 0x04, 0x03, 0x81, 0xBF,
    0xE0, 0x6F, 0xC0, 0x18, 0x06, 0x1F, 0xD9, 0x87, 0xFE, 0xC0, 0x67, 0xB0, 0x18, 0x00, 0x06, 0x18,
    0x01, 0xFF, 0xE1, 0xE7, 0xF0, 0x78, 0xF8, 0x06, 0x7E, 0x01, 0xB6, 0xC0, 0x79, 0x9C, 0x74, 0x67,
    0x18, 0x18, 0x00, 0x00, 0x00, 0x04, 0x00, 0x03, 0x3F, 0xF0, 0xDF, 0xFE, 0x32, 0x01, 0x9F, 0x9B,
    0x6F, 0xCC, 0xD0, 0xC7, 0x36, 0x31, 0x07, 0x0F, 0x0C, 0x03, 0xFF, 0xFB, 0xCF, 0xFC, 0x70, 0xF8,
    0x0C, 0x6F, 0x03, 0x33, 0x60, 0xD8, 0xCE, 0xF4, 0x31, 0xB8, 0x08, 0x00, 0x00, 0x00, 0x02, 0x08,
    0x01, 0x82, 0x00, 0x61, 0xC0, 0x19, 0xFF, 0x86, 0x19, 0x8F, 0xE6, 0x60, 0x61, 0xF0, 0x1F, 0xFF,
    0x87, 0xFD, 0xC1, 0xFF, 0xFB, 0xE7, 0xFC, 0x78, 0xC6, 0x06, 0x73, 0x01, 0x9F, 0x80, 0x61, 0xF8,
    0x79, 0xC7, 0x9C, 0x60, 0xE0, 0x00, 0x00, 0x04, 0x08, 0x03, 0x02, 0x00, 0xCF, 0xFC, 0x33, 0xFF,
    0x8D, 0x82, 0x6F, 0xE4, 0xD8, 0xC1, 0x30, 0x30, 0xCD, 0x8F, 0x61, 0xE7, 0x90, 0x33, 0xC7, 0xFC,
    0x31, 0xFE, 0x0C, 0x08, 0x03, 0x02, 0x00, 0xCF, 0xFE, 0xF3, 0xFF, 0xB8, 0x00, 0x00, 0x00, 0x00,
    0x04, 0x12, 0x03, 0x04, 0xC0, 0xC3, 0x60, 0x31, 0xFF, 0x1E, 0x7F, 0xEF, 0xF9, 0x80, 0xCE, 0x60,
    0x37, 0xFF, 0x0F, 0x66, 0x0F, 0xD9, 0x81, 0xC7, 0xFC, 0x31, 0xFE, 0x0C, 0x66, 0x03, 0x19, 0x80,
    0xC7, 0xFE, 0xF1, 0xFF, 0xB8, 0x20, 0x00, 0x00, 0x00, 0x02, 0x12, 0x00, 0x86, 0xC0, 0x21, 0xB0,
    0x7D, 0xFE, 0x3F, 0x7F, 0xC1, 0x86, 0xC0, 0x21, 0xB0, 0x1F, 0xFF, 0x8F, 0x00, 0x0F, 0xCF, 0xE0,
    0x23, 0xF8, 0x08, 0xFE, 0x02, 0x3F, 0x80, 0x88, 0x60, 0x23, 0xF8, 0x78, 0xFE, 0x0C, 0x21, 0x80,
    0x00, 0x00, 0x02, 0x00, 0x00, 0xCF, 0xE0, 0x37, 0xF8, 0x0D, 0xFE, 0x0F, 0x7F, 0x87, 0xFF, 0xE0,
    0x37, 0xF8, 0x0C, 0xEC, 0x03, 0xBF, 0xC7, 0xF9, 0xF0, 0x36, 0x7C, 0x0D, 0xFD, 0x03, 0x71, 0xC0,
    0xCF, 0xD0, 0x31, 0xE4, 0x3C, 0x0F, 0x0C, 0x03, 0x80, 0x00, 0x00, 0x02, 0x11, 0x00, 0x86, 0x60,
    0x21, 0x98, 0x09, 0xFF, 0x1F, 0xFF, 0xEF, 0xE6, 0x60, 0x61, 0x98, 0x08, 0x00, 0x07, 0xFF, 0xE1,
    0xFF, 0xFB, 0xF4, 0x66, 0x49, 0xFF, 0x82, 0x7F, 0xE0, 0x91, 0x98, 0x27, 0xFE, 0x79, 0xFF, 0x8C,
    0x40, 0x60, 0x00, 0x00, 0x02, 0x00, 0x01, 0x8F, 0xC0, 0x67, 0xF8, 0x19, 0xC6, 0x06, 0x7F, 0x8F,
    0xF8, 0x60, 0x66, 0x18, 0x19, 0xFE, 0x07, 0xBF, 0x0F, 0xFF, 0xF9, 0xE7, 0xFC, 0x19, 0x3F, 0x06,
    0x4F, 0x81, 0x9A, 0x00, 0x6F, 0x80, 0xFE, 0x7F, 0xBD, 0x07, 0xE0, 0x00, 0x00, 0x02, 0x00, 0x01,
    0x8F, 0xE0, 0x67, 0xFC, 0x19, 0xC3, 0x17, 0x7F, 0xCF, 0xFF, 0xF0, 0x67, 0xFC, 0x1E, 0x00, 0x07,
    0xFF, 0xEF, 0xDF, 0xF1, 0x63, 0xFE, 0x19, 0xFF, 0x86, 0x6B, 0x61, 0xB6, 0xD8, 0x6B, 0x66, 0x78,
    0xB7, 0x1C, 0x09, 0x80, 0x00, 0x00, 0x02, 0x10, 0x00, 0x87, 0x80, 0x23, 0xF0, 0x09, 0x98, 0x07,
    0xE6, 0x0F, 0xFF, 0xF0, 0x67, 0xEC, 0x09, 0x7B, 0x02, 0x77, 0xC1, 0xFA, 0xF3, 0xF4, 0xCC, 0x4F,
    0xFF, 0x82, 0xFF, 0xC0, 0x87, 0x80, 0x27, 0x38, 0x7F, 0x87, 0x8D, 0x80, 0xE0, 0x00, 0x00, 0x04,
    0x00, 0x03, 0x3F, 0xE0, 0xDF, 0xF8, 0x36, 0x02, 0x1F, 0xFF, 0x8F, 0xFF, 0xE0, 0xDF, 0xF8, 0x37,
    0xFE, 0x0F, 0xB3, 0x03, 0xED, 0xE3, 0xDB, 0xC8, 0x36, 0x72, 0x0F, 0xFF, 0x83, 0xC6, 0x01, 0xED,
    0xC4, 0xFF, 0xFF, 0x00, 0x00, 0x00, 0x00, 0x00, 0x04, 0xFF, 0xC3, 0x7F, 0xF8, 0xD8, 0x86, 0x33,
    0xFF, 0x8C, 0xFF, 0xCF, 0xDF, 0xE0, 0xC7, 0xFC, 0x31, 0xF3, 0x0F, 0xFF, 0xC7, 0x9F, 0xF3, 0xC7,
    0xFC, 0x31, 0xFE, 0x0C, 0xFF, 0xE3, 0x3F, 0xF0, 0xC0, 0x80, 0xF0, 0x20, 0x38, 0x08, 0x00, 0x00,
    0x00, 0x02, 0x03, 0xC0, 0x9F, 0xF0, 0x27, 0xCC, 0x09, 0xB3, 0x1F, 0xB7, 0x8F, 0xFD, 0xE0, 0x67,
    0xFC, 0x08, 0x60, 0x03, 0xFF, 0xE1, 0xDF, 0xF3, 0xE1, 0xFC, 0x68, 0xFF, 0x02, 0x39, 0x80, 0x9B,
    0xE0, 0x3C, 0xF8, 0x7A, 0xE7, 0x8C, 0x30, 0xE0, 0x00, 0x00, 0x02, 0x07, 0x81, 0x9F, 0xE0, 0x67,
    0x88, 0x19, 0x26, 0x1F, 0x69, 0x8F, 0xCA, 0x40, 0x60, 0x30, 0x19, 0xFE, 0x06, 0x7F, 0xC7, 0xFF,
    0xF3, 0xE4, 0x88, 0x19, 0x22, 0x06, 0x48, 0xC1, 0x9F, 0x30, 0xE7, 0xF8, 0x71, 0x82, 0x00, 0x00,
    0x00, 0x00, 0x00, 0x04, 0x00, 0x03, 0x0F, 0xC0, 0xC3, 0xF8, 0x30, 0x86, 0x1E, 0x3F, 0x8F, 0xCF,
    0xE0, 0xC3, 0xF0, 0x31, 0xFF, 0x0F, 0xE0, 0xC3, 0x9F, 0xF3, 0xC7, 0xFC, 0x71, 0xFF, 0x0C, 0x7F,
    0xC3, 0x1F, 0xF0, 0xC7, 0xF8, 0xF3, 0xCF, 0xB8, 0xE1, 0xE0, 0x00, 0x00, 0x04, 0x20, 0x03, 0x19,
    0xC0, 0xCF, 0x78, 0x33, 0xFE, 0x0D, 0xDF, 0x8F, 0xFF, 0xF8, 0xDB, 0xFE, 0x32, 0xF7, 0x0F, 0xF8,
    0x07, 0xEF, 0xF3, 0xDB, 0xEC, 0x36, 0xDB, 0x0D, 0xBB, 0x83, 0xCC, 0xE0, 0xF1, 0x7C, 0xFF, 0xF3,
    0xB9, 0x68, 0x60, 0x00, 0x00, 0x02, 0x21, 0x00, 0x88, 0x60, 0x2F, 0xFC, 0x0B, 0xFF, 0x9F, 0xB1,
    0x8F, 0xEB, 0x60, 0x60, 0xE0, 0x08, 0x6C, 0x07, 0xF1, 0x83, 0xBF, 0xFB, 0xE5, 0xE4, 0x49, 0xFF,
    0x02, 0x7F, 0xC0, 0x90, 0x30, 0x27, 0xFC, 0x79, 0xFF, 0x0C, 0x40, 0xC0, 0x00, 0x00, 0x02, 0x12,
    0x00, 0x8D, 0xC0, 0x23, 0xFC, 0x09, 0xFF, 0x87, 0xFF, 0x8F, 0xEF, 0xF0, 0x63, 0x60, 0x08, 0xD8,
    0x07, 0xBF, 0xE3, 0xEF, 0xF3, 0xE7, 0xF8, 0x49, 0xFE, 0x02, 0x33, 0xE0, 0x8C, 0xF8, 0x26, 0x06,
    0x7B, 0x0F, 0x8C, 0x83, 0xC0, 0x00, 0x00, 0x02, 0x04, 0x01, 0x81, 0x00, 0x67, 0xFC, 0x1B, 0xFF,
    0x1F, 0xDE, 0x4F, 0xFC, 0xF0, 0x67, 0x18, 0x1E, 0xC0, 0x1F, 0xFF, 0xCF, 0x9F, 0xF0, 0x6F, 0xF8,
    0x1E, 0x7E, 0x06, 0x1F, 0x81, 0x87, 0xE0, 0xE3, 0x00, 0x70, 0x40, 0x00, 0x00, 0x00, 0x00, 0x00,
    0x02, 0x00, 0x00, 0xBF, 0xE0, 0x3F, 0xFC, 0x08, 0xFC, 0x1F, 0x3F, 0x0F, 0xEF, 0xC0, 0x63, 0xF0,
    0x09, 0xDF, 0x87, 0xFF, 0x03, 0xE8, 0xC3, 0xF6, 0x38, 0x48, 0xFC, 0x02, 0x12, 0x00, 0x84, 0x80,
    0x23, 0x3C, 0x7F, 0x87, 0x8C, 0xC0, 0x60, 0x00, 0x00, 0x04, 0x04, 0x03, 0x01, 0x80, 0xC7, 0xFC,
    0x31, 0xFF, 0x8C, 0x19, 0x8F, 0xC7, 0xC0, 0xC7, 0xFE, 0x31, 0x99, 0x8F, 0x7F, 0xE3, 0x9F, 0xDB,
    0xC5, 0xFE, 0x71, 0x6F, 0x8C, 0x59, 0xE3, 0x17, 0xF8, 0xC5, 0xF6, 0xF1, 0x0F, 0xB8, 0x43, 0xC0,
    0x00, 0x00, 0x00, 0x10, 0x01, 0xFF, 0xF8, 0xFF, 0xFE, 0x31, 0x0C, 0x0C, 0xE3, 0x03, 0xFF, 0xF8,
    0xDF, 0xF8, 0x37, 0x7F, 0x0F, 0xDF, 0x63, 0x3F, 0xC1, 0xCF, 0xE0, 0x6F, 0xFE, 0x18, 0x38, 0x07,
    0xFF, 0xFB, 0xBF, 0xFE, 0xC1, 0xC0, 0x30, 0x60, 0x00, 0x00, 0x00, 0x01, 0x08, 0x03, 0xF2, 0x01,
    0xFF, 0xC0, 0x6F, 0xFE, 0x3F, 0xFD, 0x87, 0x7E, 0x63, 0xFF, 0xDE, 0x7F, 0xF7, 0x9F, 0xD5, 0xE3,
    0xFF, 0xF1, 0xFF, 0xF0, 0x3F, 0xFE, 0x07, 0x7F, 0x0F, 0xFF, 0xF9, 0xFF, 0xFC, 0x07, 0x80, 0x01,
    0xC0, 0x00, 0x00, 0x00, 0x01, 0x0F, 0x0F, 0xFB, 0xE3, 0xFE, 0x94, 0x6F, 0x67, 0x9F, 0xD9, 0xE7,
    0xF7, 0xF0, 0x30, 0x8C, 0xFF, 0xBE, 0x1F, 0xFF, 0xE3, 0xFF, 0xF0, 0x7F, 0xF0, 0x3F, 0xF8, 0x01,
    0x74, 0x0F, 0xFF, 0xFB, 0xFF, 0xFC, 0x07, 0x80, 0x01, 0xC0, 0x00, 0x00, 0x00, 0x04, 0x23, 0x03,
    0x08, 0xC0, 0xCF, 0xB0, 0x33, 0xEC, 0x0C, 0x53, 0x0F, 0xFF, 0xF8, 0xDF, 0xEC, 0x37, 0x9B, 0x0F,
    0xFE, 0xC7, 0xBF, 0xF3, 0xDF, 0x38, 0xF7, 0xE6, 0x0C, 0xFB, 0xC3, 0x7E, 0xF0, 0xD9, 0xB6, 0xF6,
    0xDD, 0xB8, 0xA4, 0x60, 0x00, 0x00, 0x02, 0x3F, 0x00, 0x8F, 0xE0, 0x23, 0xF8, 0x08, 0xFE, 0x1F,
    0xBF, 0x8F, 0xEF, 0xE0, 0x6B, 0xF0, 0x0B, 0xFF, 0x86, 0x6C, 0x03, 0xDF, 0xF3, 0xF7, 0xCC, 0x49,
    0xFF, 0x02, 0x7D, 0x80, 0x9F, 0x70, 0x3F, 0xFC, 0x7B, 0x3B, 0x8C, 0x0C, 0x60, 0x00, 0x00, 0x02,
    0x0A, 0x01, 0x93, 0x90, 0x66, 0xAC, 0x19, 0xFF, 0x1F, 0xFF, 0xCF, 0xE6, 0xC0, 0x61, 0xF0, 0x1B,
    0xFF, 0x07, 0xBF, 0x83, 0xCF, 0xE3, 0xE2, 0xE8, 0x19, 0xFF, 0x06, 0x0E, 0x01, 0x83, 0xC0, 0xE7,
    0x1C, 0x73, 0xC3, 0x00, 0x00, 0x00, 0x00, 0x00, 0x04, 0x04, 0x03, 0x01, 0x80, 0xC0, 0x60, 0x33,
    0xFF, 0x8C, 0xC6, 0xCF, 0xF1, 0xE0, 0xD9, 0xD8, 0x37, 0xFF, 0x8F, 0xEF, 0xC7, 0x37, 0xFB, 0xDF,
    0xFC, 0x37, 0xFF, 0x8D, 0x3F, 0xC3, 0x0B, 0x60, 0xC6, 0xFE, 0xF7, 0x3F, 0xB9, 0x88, 0x00, 0x00,
    0x00, 0x04, 0x00, 0x03, 0x1F, 0xC0, 0xCF, 0xF0, 0x33, 0x8C, 0x1E, 0x7F, 0x0F, 0xFD, 0xC0, 0xDF,
    0x7C, 0x36, 0xFB, 0x0D, 0x94, 0xC3, 0xFF, 0xF3, 0xEF, 0xF8, 0x77, 0xFF, 0x8D, 0xFF, 0xC3, 0x1F,
    0xC0, 0xDE, 0xBE, 0xF6, 0x23, 0x38, 0x08, 0x00, 0x00, 0x00, 0x04, 0x08, 0x03, 0x06, 0x00, 0xCF,
    0xF8, 0x37, 0xFE, 0x1F, 0xFB, 0x8F, 0xDF, 0xE0, 0xCF, 0xF8, 0x37, 0xCC, 0x0F, 0xFF, 0xC3, 0xFF,
    0xF3, 0xC9, 0xE8, 0x37, 0xFE, 0x0C, 0x7F, 0x03, 0x36, 0x61, 0xFB, 0x8C, 0xE1, 0xC0, 0x00, 0x00,
    0x00, 0x00, 0x00, 0x04, 0x40, 0x03, 0x35, 0xE0, 0xCF, 0x78, 0x33, 0xA6, 0x1E, 0xDB, 0x0F, 0xFE,
    0xE0, 0xC7, 0x7C, 0x33, 0xFF, 0x0F, 0xF9, 0xC7, 0xFE, 0x53, 0xDF, 0xDC, 0x31, 0xB7, 0x0C, 0xFD,
    0x03, 0x3F, 0xC0, 0xD9, 0xF8, 0xEC, 0x67, 0x00, 0x00, 0x00, 0x00, 0x00, 0x00, 0x20, 0x00, 0x08,
    0x00, 0x02, 0x00, 0x3F, 0xFE, 0x1F, 0xFF, 0xC0, 0x08, 0x00, 0x02, 0x00, 0x00, 0x80, 0x0F, 0xFF,
    0x81, 0xFF, 0xC0, 0x18, 0x60, 0x03, 0x30, 0x00, 0x78, 0x00, 0x1E, 0x00, 0x7C, 0xF0, 0xFE, 0x1F,
    0xBC, 0x01, 0xE0, 0x00, 0x00, 0x00, 0x10, 0x07, 0xC4, 0x03, 0xF1, 0x00, 0x0C, 0x69, 0x03, 0x1F,
    0xE0, 0xCE, 0x60, 0x32, 0x18, 0xFD, 0x86, 0x30, 0xF1, 0x8C, 0x34, 0xC3, 0x05, 0xB0, 0xC2, 0x38,
    0x30, 0x84, 0x0F, 0xE3, 0x80, 0xF1, 0xB8, 0x03, 0xC7, 0x80, 0x60, 0xE0, 0x00, 0x00, 0x00, 0x20,
    0x00, 0x18, 0x00, 0x06, 0x00, 0x7D, 0xFF, 0x3F, 0x7F, 0xC3, 0x18, 0x40, 0xCC, 0x10, 0x33, 0x0C,
    0x0C, 0xE2, 0x03, 0x79, 0x80, 0xDB, 0xC0, 0x3E, 0x70, 0x3C, 0x1C, 0x00, 0x0D, 0xC0, 0x0E, 0x1C,
    0x07, 0x07, 0x00, 0x00, 0x00, 0x00, 0x00, 0x02, 0x10, 0x01, 0x8C, 0x00, 0x63, 0x00, 0x7F, 0x7F,
    0x3F, 0xDF, 0xC3, 0x0C, 0x40, 0xC6, 0x10, 0x3F, 0xC4, 0x0F, 0xD3, 0x03, 0x6C, 0x81, 0x99, 0xE0,
    0x66, 0x30, 0x19, 0x8C, 0x06, 0x67, 0xC3, 0x1B, 0xB8, 0xDD, 0x87, 0x00, 0x00, 0x00, 0x00, 0x00,
    0x00, 0x08, 0x03, 0xFE, 0x01, 0xFF, 0x80, 0x04, 0x20, 0x03, 0x0C, 0x00, 0xC7, 0xF8, 0x31, 0x8C,
    0x6F, 0x63, 0x1B, 0xBD, 0x86, 0xCD, 0xE1, 0xB2, 0x70, 0x6C, 0x18, 0x19, 0xE7, 0x87, 0xFB, 0x63,
    0xF1, 0x9C, 0xE0, 0xC3, 0x80, 0x20, 0x60, 0x00, 0x00, 0x02, 0x08, 0x01, 0x83, 0x00, 0x60, 0xC0,
    0x18, 0x30, 0x06, 0x0C, 0x0F, 0xF7, 0xF8, 0x61, 0x8C, 0x18, 0x43, 0x06, 0x19, 0x87, 0xFF, 0x61,
    0x8E, 0x70, 0x61, 0x1C, 0x18, 0x47, 0x87, 0xF3, 0x61, 0xFD, 0x9C, 0x60, 0xC3, 0x98, 0x20, 0x60,
    0x00, 0x00, 0x04, 0x04, 0x03, 0x01, 0x80, 0xFF, 0x60, 0x3F, 0xF8, 0x1F, 0xE7, 0x4F, 0xF9, 0xF8,
    0xF2, 0xCC, 0x3C, 0xF3, 0x0F, 0x3E, 0xCF, 0xFF, 0xE1, 0xFF, 0x78, 0x78, 0x8C, 0x36, 0x67, 0x8F,
    0xF9, 0x63, 0xFE, 0xCC, 0xDF, 0x63, 0x87, 0x90, 0x60, 0x00, 0x00, 0x01, 0x08, 0x00, 0xD3, 0x00,
    0x36, 0xC0, 0x04, 0xE0, 0x03, 0x98, 0x0F, 0xFF, 0xF8, 0x33, 0x8C, 0x6C, 0xE3, 0x0F, 0xED, 0x80,
    0xD3, 0xE0, 0x34, 0x70, 0x1D, 0x9C, 0x3D, 0x27, 0x8E, 0xCB, 0x60, 0x31, 0x9C, 0x3C, 0xC3, 0x86,
    0x20, 0x60, 0x00, 0x00, 0x00, 0x08, 0x03, 0xF2, 0x01, 0xFC, 0x80, 0x61, 0xA0, 0x18, 0xF8, 0x07,
    0xFF, 0xF9, 0x87, 0x8C, 0x61, 0xE3, 0x1F, 0xE8, 0xC7, 0xF2, 0x61, 0x86, 0xF8, 0x61, 0x9C, 0x1F,
    0xE7, 0x83, 0xF3, 0x61, 0xCD, 0x9C, 0xE1, 0xC3, 0xB0, 0x20, 0x60, 0x00, 0x00, 0x02, 0x04, 0x00,
    0x81, 0x80, 0x70, 0x60, 0x7F, 0x18, 0x06, 0xC6, 0x01, 0xF3, 0xFB, 0xFE, 0xCC, 0x0C, 0x33, 0x03,
    0x1E, 0xC7, 0xF7, 0xE3, 0x1C, 0x38, 0x07, 0x8C, 0x3F, 0xE7, 0x8F, 0xC1, 0xE0, 0x10, 0xDC, 0x3C,
    0x63, 0x87, 0x10, 0x60, 0x00, 0x00, 0x00, 0x04, 0x03, 0xF9, 0x81, 0xFE, 0x60, 0x04, 0x10, 0x1F,
    0xEF, 0xCF, 0xFB, 0xF8, 0xCC, 0xCC, 0x33, 0x43, 0x0F, 0xF0, 0xC3, 0xFE, 0x60, 0xFE, 0xD8, 0x3F,
    0x1C, 0x0C, 0x46, 0x03, 0xF1, 0xC3, 0xFC, 0xDC, 0xE1, 0x63, 0x80, 0x50, 0x60, 0x00, 0x00, 0x04,
    0x88, 0x03, 0x22, 0x00, 0xDC, 0x80, 0xFF, 0xA0, 0x0D, 0x8C, 0x03, 0x73, 0xFB, 0xFF, 0xCC, 0x00,
    0x63, 0x1F, 0xFC, 0xC7, 0xFF, 0xE1, 0xFE, 0x78, 0x7F, 0x1C, 0x1F, 0xC2, 0x07, 0xF1, 0xE1, 0x84,
    0xD8, 0x67, 0x67, 0x99, 0x90, 0xE0, 0x00, 0x00, 0x04, 0x88, 0x03, 0x66, 0x01, 0xFF, 0x80, 0xFF,
    0xE0, 0x0D, 0x8F, 0xC7, 0x67, 0xF1, 0x83, 0x10, 0xFF, 0x44, 0x3C, 0xF3, 0x07, 0xBF, 0xC1, 0xEC,
    0xE0, 0x7B, 0x30, 0x1E, 0xCC, 0x06, 0x37, 0xC0, 0x1F, 0x1C, 0x1F, 0x83, 0x00, 0x00, 0x00, 0x00,
    0x00, 0x02, 0x04, 0x0C, 0x91, 0x83, 0xA4, 0x60, 0x2B, 0x18, 0x1F, 0xEF, 0xCF, 0xFF, 0xF8, 0xF8,
    0xCC, 0x6F, 0x7B, 0x36, 0x5E, 0xC3, 0x07, 0xE3, 0xFC, 0x38, 0x7F, 0x0C, 0x38, 0x87, 0x87, 0xE1,
    0x60, 0x78, 0xDC, 0xFB, 0x63, 0xBC, 0x50, 0x60, 0x00, 0x00, 0x01, 0x04, 0x07, 0xFB, 0x03, 0xFE,
    0x7C, 0x3F, 0x3F, 0x1F, 0xF8, 0x87, 0xFF, 0x61, 0xFE, 0x70, 0x3F, 0x1C, 0x1F, 0xCF, 0x8C, 0xC6,
    0x30, 0xFF, 0xF8, 0x7F, 0xFE, 0x00, 0x60, 0x01, 0x9F, 0xC1, 0xFF, 0xFC, 0xFF, 0xFF, 0x00, 0x00,
    0x00, 0x00, 0x00, 0x02, 0x04, 0x01, 0x81, 0x80, 0x70, 0x60, 0xFF, 0x90, 0x1D, 0x8F, 0xC3, 0xE3,
    0xFB, 0xFE, 0xCC, 0xFF, 0xF3, 0x3F, 0xBE, 0xCD, 0xCD, 0xE3, 0xFE, 0x78, 0xF7, 0x9C, 0x3C, 0xE7,
    0x8F, 0xF9, 0xE3, 0x7A, 0xDC, 0xC1, 0xE3, 0xB0, 0x70, 0x60, 0x00, 0x00, 0x01, 0x24, 0x0F, 0xFD,
    0x83, 0xFF, 0x60, 0x3F, 0x90, 0x1F, 0xEF, 0xC7, 0xFF, 0xF9, 0xFE, 0x8C, 0x6F, 0xF3, 0x1F, 0xFE,
    0xC3, 0xFF, 0xE3, 0xFF, 0x78, 0x7B, 0x8C, 0x0F, 0xE7, 0x83, 0xF9, 0xE1, 0xC2, 0xDC, 0xEF, 0xE3,
    0xB1, 0xD0, 0x60, 0x00, 0x00, 0x00, 0x20, 0x00, 0x08, 0x00, 0x02, 0x00, 0x00, 0x80, 0x00, 0x70,
    0x0F, 0xFF, 0xF8, 0x60, 0x30, 0x0C, 0x18, 0x03, 0x06, 0x00, 0x63, 0x00, 0x0D, 0x80, 0x01, 0xC0,
    0x00, 0x70, 0x00, 0x77, 0x00, 0xF8, 0xF8, 0xF8, 0x0F, 0xB8, 0x00, 0xE0, 0x00, 0x00, 0x00, 0x20,
    0x00, 0x08, 0x00, 0x07, 0x00, 0xFF, 0xFF, 0x83, 0x8E, 0x00, 0x63, 0x00, 0x0F, 0x80, 0x0E, 0x3C,
    0x3E, 0x07, 0xE7, 0x80, 0xF0, 0x7F, 0xF0, 0x1F, 0xFC, 0x07, 0xFF, 0x03, 0xFF, 0xC0, 0xC0, 0x30,
    0x70, 0x0C, 0x18, 0x02, 0x00, 0x00, 0x00, 0x00, 0x20, 0x00, 0x08, 0x00, 0x07, 0x00, 0xFF, 0xFF,
    0x83, 0x8E, 0x00, 0x77, 0x00, 0x1F, 0xC0, 0x1C, 0x1C, 0x3F, 0xFF, 0xE7, 0xFF, 0xF0, 0x7F, 0xF0,
    0x1F, 0xFC, 0x06, 0xAB, 0x03, 0xEB, 0xC0, 0xF2, 0x70, 0x7B, 0x9C, 0x18, 0xC2, 0x00, 0x00, 0x00,
    0x00, 0x20, 0x00, 0x18, 0x01, 0xF6, 0x7C, 0xFD, 0x9F, 0x0C, 0xFD, 0x03, 0x7F, 0x40, 0xC1, 0x90,
    0x7B, 0x6F, 0x3F, 0xFB, 0xC3, 0x1C, 0x40, 0xC7, 0x10, 0x31, 0xE4, 0x0F, 0xD9, 0x03, 0xB6, 0xE3,
    0x98, 0xFC, 0x0C, 0x00, 0x00, 0x00, 0x00, 0x00, 0x00, 0x00, 0x08, 0x00, 0x82, 0x00, 0x78, 0x80,
    0x07, 0x20, 0x00, 0x48, 0x00, 0x02, 0x00, 0xC0, 0x80, 0x1C, 0x20, 0x03, 0x88, 0x00, 0x23, 0xF8,
    0x07, 0xFC, 0xFF, 0xE0, 0x1F, 0x88, 0x00, 0x02, 0x00, 0x00, 0x80, 0x00, 0x20, 0x00, 0x08, 0x00,
    0x00, 0x00, 0x02, 0x01, 0x01, 0x80, 0x43, 0x7B, 0x90, 0xDE, 0x64, 0x1F, 0x0D, 0x07, 0x84, 0x41,
    0xFF, 0x90, 0xFF, 0x34, 0x0E, 0x0D, 0xC7, 0xC1, 0xF1, 0xF8, 0xF0, 0x79, 0xE4, 0x36, 0x01, 0x0D,
    0x80, 0x40, 0x60, 0x10, 0x18, 0x04, 0x00, 0x00, 0x00, 0x00, 0x00, 0x01, 0x01, 0x00, 0xE0, 0x40,
    0x7C, 0x90, 0x33, 0x34, 0x0C, 0x65, 0x07, 0xF8, 0x43, 0xFC, 0x90, 0x0C, 0x34, 0x0B, 0xC5, 0xC7,
    0xF9, 0xF0, 0x30, 0xF0, 0x3F, 0xE4, 0x1B, 0x61, 0x0C, 0xD8, 0x40, 0x70, 0x10, 0x38, 0x04, 0x00,
    0x00, 0x00, 0x00, 0x00, 0x00, 0x0F, 0x01, 0xFF, 0xC0, 0x7F, 0x00, 0x18, 0x00, 0x06, 0x00, 0x01,
    0x80, 0x00, 0x60, 0x00, 0x1F, 0xFF, 0x07, 0xFF, 0xC1, 0x86, 0x00, 0x61, 0x80, 0x30, 0x60, 0x0C,
    0x18, 0x03, 0x06, 0x01, 0xC1, 0x80, 0x60, 0x60, 0x10, 0x18, 0x00, 0x00, 0x00, 0x00, 0x0F, 0x01,
    0xFF, 0xC0, 0x7F, 0x00, 0x18, 0x00, 0x06, 0x00, 0x01, 0x80, 0x00, 0x7F, 0xFC, 0x18, 0x60, 0x07,
    0x98, 0x01, 0xB6, 0x00, 0x67, 0x80, 0x30, 0xE0, 0x0C, 0x1E, 0x03, 0x07, 0xE1, 0xC1, 0x98, 0x60,
    0x60, 0x10, 0x18, 0x00, 0x00, 0x00, 0x02, 0x01, 0x81, 0x83, 0xF0, 0x70, 0xE0, 0xFF, 0xB0, 0x0F,
    0xC8, 0x07, 0xF3, 0x01, 0xEC, 0xFE, 0x7F, 0x36, 0x1F, 0xC9, 0x87, 0x92, 0x61, 0xFC, 0xD8, 0x1E,
    0x66, 0x3F, 0xF1, 0x8F, 0xFC, 0x60, 0x61, 0x18, 0x18, 0x46, 0x02, 0x11, 0x80, 0x00, 0x00, 0x01,
    0x81, 0x86, 0x6F, 0xE1, 0xDF, 0xE0, 0x7F, 0xE0, 0x1B, 0xD8, 0x06, 0x66, 0x01, 0xFF, 0xFC, 0x67,
    0x6C, 0x1B, 0xF9, 0x07, 0xFE, 0x41, 0xFF, 0x90, 0x76, 0x64, 0x19, 0x99, 0x06, 0x06, 0x41, 0xFF,
    0x90, 0x7F, 0xC4, 0x10, 0x11, 0x00, 0x00, 0x00, 0x02, 0x00, 0x01, 0x80, 0x20, 0x70, 0x1C, 0xFF,
    0x7C, 0x19, 0x98, 0x06, 0x66, 0x00, 0xF9, 0x80, 0xFF, 0x7F, 0x9F, 0xDF, 0xCF, 0xF4, 0x61, 0xFD,
    0x98, 0x7E, 0x66, 0x1F, 0x99, 0x8F, 0xBC, 0x63, 0x66, 0x18, 0x18, 0x86, 0x02, 0x21, 0x80, 0x00,
    0x00, 0x00, 0x20, 0x00, 0x08, 0x00, 0x02, 0x00, 0x7F, 0xFF, 0x3F, 0xFF, 0xE0, 0x60, 0x00, 0x18,
    0x00, 0x06, 0x00, 0x00, 0xFF, 0x80, 0x7F, 0xE0, 0x38, 0x18, 0x0C, 0x06, 0x03, 0x01, 0x81, 0x80,
    0x60, 0xE0, 0x18, 0xF0, 0x7C, 0x38, 0x1E, 0x00, 0x00, 0x00, 0x02, 0x10, 0x01, 0x84, 0x00, 0x61,
    0x80, 0x18, 0xFF, 0x3F, 0xE4, 0x03, 0x19, 0x80, 0xC4, 0x7C, 0x30, 0x7F, 0x0F, 0xFE, 0xC3, 0xEF,
    0xB0, 0xC9, 0x6C, 0x66, 0x7E, 0x19, 0x9F, 0x66, 0x65, 0x1B, 0x19, 0x06, 0xDE, 0x7F, 0xB3, 0x0F,
    0x80, 0x00, 0x00, 0x02, 0x10, 0x01, 0x86, 0x00, 0x61, 0x00, 0x7C, 0xFF, 0x3F, 0xFF, 0xE3, 0x18,
    0x60, 0xC4, 0x30, 0x30, 0x38, 0x0F, 0xFE, 0x63, 0x6C, 0xF0, 0xC9, 0x38, 0x76, 0x4E, 0x19, 0x99,
    0x86, 0x66, 0x73, 0x89, 0x0C, 0xDE, 0x63, 0xB3, 0x10, 0x60, 0x00, 0x00, 0x04, 0x10, 0x03, 0x04,
    0x00, 0xC1, 0x00, 0x7E, 0xFF, 0x3F, 0xFF, 0xE6, 0x18, 0x01, 0x86, 0x00, 0x61, 0xFF, 0x1F, 0x06,
    0xC7, 0xC1, 0xB1, 0xB2, 0x68, 0x6D, 0x9F, 0x1B, 0x67, 0x86, 0xCD, 0x83, 0xB7, 0xE0, 0xFF, 0x3F,
    0xB6, 0x43, 0xE0, 0x00, 0x00, 0x02, 0x10, 0x01, 0x84, 0x00, 0x61, 0xFC, 0x18, 0xFF, 0x97, 0x70,
    0x0F, 0xFE, 0x00, 0xCF, 0xFC, 0x30, 0xF8, 0x0F, 0xE4, 0x03, 0xE9, 0x80, 0xCF, 0xFE, 0x76, 0xFF,
    0x18, 0x8E, 0x06, 0x23, 0xC3, 0x89, 0xB8, 0xCE, 0xC7, 0xB3, 0x20, 0xE0, 0x00, 0x00, 0x04, 0x10,
    0x03, 0x04, 0x00, 0xC3, 0xFC, 0x7E, 0xFF, 0x3F, 0xF1, 0x06, 0x3F, 0xE1, 0x83, 0xF8, 0x78, 0x6C,
    0x1F, 0x1F, 0x06, 0xC7, 0xC1, 0xB1, 0xF0, 0x6C, 0xE6, 0x1B, 0xFF, 0xC6, 0xC2, 0x43, 0x30, 0x98,
    0xF8, 0xE3, 0x00, 0x00, 0x00, 0x00, 0x00, 0x00, 0x00, 0x07, 0xEF, 0xF1, 0xFB, 0xF8, 0x62, 0x48,
    0x1F, 0x93, 0x07, 0xE4, 0xC1, 0x89, 0x20, 0x7E, 0xFF, 0x9F, 0xBF, 0xE6, 0x01, 0x81, 0x90, 0xF0,
    0x6C, 0x3C, 0x19, 0x9B, 0x67, 0xEC, 0x9B, 0xFF, 0x3E, 0x03, 0x07, 0x00, 0x00, 0x00, 0x00, 0x00,
    0x07, 0xFF, 0x83, 0xFF, 0xE0, 0xC0, 0x18, 0x30, 0x06, 0x0C, 0x01, 0x83, 0x00, 0x60, 0xC0, 0x18,
    0x3F, 0xFE, 0x0F, 0xFF, 0x83, 0x00, 0x60, 0xC0, 0x18, 0x30, 0x06, 0x0C, 0x01, 0x83, 0x00, 0x60,
    0xFF, 0xF8, 0x3F, 0xFE, 0x04, 0x00, 0x80, 0x00, 0x00, 0x00, 0x00, 0x03, 0xFF, 0xE0, 0xFF, 0xF8,
    0x30, 0x06, 0x0C, 0x01, 0x83, 0xFF, 0xE0, 0xFF, 0xF8, 0x30, 0x06, 0x0C, 0x01, 0x83, 0x00, 0x60,
    0xFF, 0xF8, 0x3F, 0xFE, 0x00, 0x00, 0x00, 0x00, 0x01, 0xFF, 0xFC, 0xFF, 0xFF, 0x80, 0x00, 0x00,
    0x00, 0x00, 0x08, 0x7F, 0x83, 0x3F, 0xF0, 0xCC, 0x0C, 0x33, 0x03, 0x0C, 0xC0, 0xC3, 0x30, 0x30,
    0xCC, 0x0C, 0x33, 0xFF, 0x0C, 0xFF, 0xC3, 0x30, 0x30, 0xCC, 0x0C, 0x33, 0x03, 0x0C, 0xC0, 0xC3,
    0x30, 0x30, 0xCF, 0xFC, 0x33, 0xFF, 0x0C, 0x40, 0x40, 0x00, 0x00, 0x04, 0x06, 0x03, 0x0F, 0x80,
    0xC7, 0xC0, 0x3F, 0x00, 0x0C, 0x01, 0x03, 0x00, 0xC0, 0x7F, 0xF0, 0x00, 0x00, 0x07, 0xFE, 0x01,
    0xFF, 0x80, 0x60, 0x20, 0x1F, 0xF8, 0x07, 0xFE, 0x01, 0x80, 0x80, 0x7F, 0xE0, 0x1F, 0xF8, 0x02,
    0x02, 0x00, 0x00, 0x00, 0x00, 0x00, 0x03, 0xFF, 0xE0, 0xFF, 0xF8, 0x30, 0x06, 0x0F, 0xFF, 0x83,
    0xFF, 0xE0, 0xC0, 0x18, 0x3F, 0xFE, 0x0F, 0xFF, 0x80, 0x08, 0x03, 0xFF, 0xFC, 0xFF, 0xFF, 0x80,
    0x20, 0x00, 0x08, 0x00, 0x02, 0x00, 0x00, 0x80, 0x00, 0x00, 0x00, 0x00, 0x00, 0x01, 0x00, 0x00,
    0x60, 0x00, 0x1F, 0xF8, 0x07, 0xFF, 0x03, 0x00, 0xC0, 0xC0, 0x30, 0x7F, 0x8C, 0x7C, 0x63, 0x03,
    0x18, 0xC0, 0xFE, 0x30, 0x3F, 0x8C, 0x0C, 0x63, 0x03, 0x18, 0xC0, 0xFE, 0x70, 0x3F, 0x18, 0x0C,
    0x7E, 0x00, 0x1F, 0x00, 0x00, 0x00, 0x00, 0x00, 0x00, 0x0F, 0xF1, 0xFB, 0xFC, 0x7E, 0x18, 0x19,
    0x86, 0x06, 0x61, 0x81, 0xF8, 0x60, 0x7E, 0xFE, 0x19, 0xBF, 0xC6, 0x61, 0x81, 0x98, 0x60, 0x66,
    0x18, 0x1F, 0x86, 0x07, 0xE1, 0x81, 0x8F, 0xFE, 0x61, 0xFF, 0x80, 0x00, 0x00, 0x00, 0x00, 0x00,
    0x00, 0x03, 0xFF, 0xE0, 0xFF, 0xFC, 0x3F, 0xFF, 0x0F, 0xFF, 0xC3, 0x00, 0x30, 0xFF, 0xFC, 0x3F,
    0xFE, 0x04, 0x10, 0x03, 0x06, 0x30, 0xFD, 0x3E, 0x3F, 0x7C, 0x0C, 0x1E, 0x03, 0xF6, 0x19, 0xFD,
    0xFE, 0xF0, 0x3F, 0x00, 0x00, 0x00, 0x00, 0x00, 0x00, 0x00, 0x03, 0xFF, 0xE0, 0xFF, 0xF8, 0x3F,
    0xFE, 0x0F, 0xFF, 0x83, 0x00, 0x60, 0xFF, 0xF8, 0x1F, 0xFE, 0x07, 0xE6, 0x01, 0xE1, 0x83, 0xFF,
    0xFC, 0xFF, 0xFF, 0x80, 0x86, 0x00, 0x61, 0x80, 0xF0, 0x60, 0x78, 0x18, 0x00, 0x00, 0x00, 0x00,
    0x00, 0x1F, 0x1F, 0xC7, 0xEF, 0xF9, 0x9B, 0x06, 0x66, 0xC1, 0x99, 0xB0, 0x67, 0xEF, 0xF9, 0xFB,
    0xFE, 0x66, 0xC1, 0x99, 0xBF, 0xE6, 0x6F, 0xF9, 0xFB, 0x06, 0x7E, 0xC1, 0x98, 0x30, 0x66, 0x18,
    0x18, 0x06, 0x3E, 0x03, 0x0F, 0x00, 0x00, 0x00, 0x00, 0x00, 0x03, 0xFF, 0x00, 0xFF, 0xC0, 0x30,
    0x30, 0x0F, 0xFC, 0x03, 0xFF, 0x00, 0x80, 0xC0, 0x3F, 0xF0, 0x0F, 0xFC, 0x01, 0xFF, 0xC0, 0xFF,
    0xF0, 0x63, 0x64, 0x71, 0xB1, 0x00, 0xCC, 0xC0, 0xE6, 0x71, 0xF3, 0x18, 0x33, 0xFE, 0x00, 0xC7,
    0x00, 0x00, 0x00, 0x01, 0x04, 0x00, 0xC1, 0x80, 0x38, 0xE0, 0x7F, 0xFF, 0x03, 0x06, 0x00, 0xC1,
    0x83, 0xFF, 0xFE, 0x00, 0x00, 0x0F, 0xFF, 0x83, 0xFF, 0xE0, 0xC0, 0x18, 0x3F, 0xFE, 0x0F, 0xFF,
    0x83, 0x00, 0x60, 0xFF, 0xF8, 0x3F, 0xFE, 0x0C, 0x01, 0x00, 0x00, 0x00, 0x00, 0x00, 0x01, 0xFF,
    0xC0, 0x7F, 0xF0, 0x1F, 0xFC, 0x07, 0xFF, 0x01, 0x80, 0xC0, 0x7F, 0xF0, 0x0F, 0xFC, 0x02, 0x20,
    0x01, 0xFF, 0xC0, 0x7F, 0xF8, 0x31, 0xC0, 0x1B, 0xFF, 0x00, 0x08, 0x01, 0xFF, 0xFC, 0xFF, 0xFF,
    0x80, 0x00, 0x00, 0x00, 0x00, 0x00, 0x08, 0x00, 0x06, 0x01, 0xE1, 0x80, 0x7D, 0xF8, 0x1B, 0xFF,
    0x06, 0xF6, 0xC1, 0xBD, 0x90, 0x7F, 0x64, 0x1F, 0xD9, 0x06, 0xFF, 0xF1, 0xBF, 0xFC, 0x6C, 0xF0,
    0x1F, 0x7C, 0x07, 0xDB, 0x81, 0x8E, 0x30, 0x47, 0x07, 0x01, 0x80, 0xC0, 0x00, 0x00, 0x00, 0x40,
    0x00, 0x10, 0x00, 0x0E, 0x00, 0x7F, 0xFF, 0x07, 0xFF, 0x03, 0xFF, 0xE0, 0x19, 0x80, 0x0E, 0x60,
    0x3F, 0xFF, 0xE7, 0xFF, 0xF0, 0xFF, 0xF8, 0xFF, 0xFF, 0xBF, 0xFF, 0xC1, 0xFF, 0xC0, 0x7F, 0xF0,
    0x1F, 0xFC, 0x02, 0x02, 0x00, 0x00, 0x00, 0x00, 0x08, 0x00, 0x02, 0x01, 0xE0, 0x80, 0xF9, 0xFE,
    0x36, 0x7F, 0xCC, 0x83, 0x03, 0x60, 0x80, 0xF8, 0x30, 0x37, 0xFF, 0xEC, 0xBF, 0xF3, 0x23, 0xE0,
    0xC8, 0xFC, 0x3E, 0x6F, 0x8F, 0xB2, 0x73, 0x18, 0x8E, 0xC4, 0x21, 0x80, 0x08, 0x00, 0x00, 0x00,
    0x00, 0x20, 0x03, 0x98, 0x01, 0xF6, 0x00, 0x6D, 0x80, 0x1B, 0x7F, 0xC6, 0xDC, 0x01, 0xFF, 0x00,
    0x6F, 0xC0, 0x1B, 0xBF, 0x86, 0xCF, 0xC1, 0xB3, 0x00, 0x7C, 0xFE, 0x1E, 0x3F, 0x86, 0x0C, 0x01,
    0x03, 0x00, 0x00, 0xC0, 0x00, 0x30, 0x00, 0x00, 0x00, 0x00, 0x00, 0x00, 0x0F, 0xF9, 0xF8, 0x66,
    0x7E, 0x19, 0x99, 0x8C, 0x66, 0x63, 0x19, 0xF9, 0x8E, 0x7E, 0xDF, 0x19, 0xA7, 0x86, 0x6F, 0xF9,
    0x9B, 0xFE, 0x66, 0xC1, 0x9F, 0xB0, 0x67, 0xEC, 0x19, 0x83, 0xFE, 0x60, 0xFF, 0x80, 0x20, 0x20,
    0x00, 0x00, 0x00, 0x00, 0x01, 0xFF, 0xC0, 0x7F, 0xF0, 0x1F, 0xFC, 0x07, 0xFF, 0x01, 0x80, 0xC0,
    0x7F, 0xF0, 0x0F, 0xF8, 0x1F, 0xFF, 0xCF, 0xFF, 0xF8, 0x02, 0x00, 0x18, 0xC0, 0x06, 0x3F, 0xC1,
    0xC8, 0x01, 0xFF, 0xFC, 0xE3, 0xFF, 0x80, 0x00, 0x00, 0x00, 0x00, 0x00, 0x00, 0x03, 0xFF, 0xC0,
    0xFF, 0xF0, 0x30, 0x04, 0x0F, 0xFF, 0x03, 0xFF, 0xC0, 0xC0, 0x60, 0x7F, 0xF8, 0x1F, 0xFF, 0x0F,
    0xFF, 0x73, 0x7F, 0xCC, 0x18, 0x10, 0x07, 0xFC, 0x00, 0xFF, 0x03, 0xFF, 0xFC, 0xFF, 0xFF, 0x00,
    0x00, 0x00, 0x00, 0x00, 0x00, 0x04, 0x00, 0x03, 0x00, 0x00, 0xC0, 0x7D, 0xFE, 0x1B, 0x0C, 0x06,
    0xC3, 0x01, 0xBF, 0xFC, 0x7D, 0xEF, 0x1F, 0x01, 0x06, 0xFF, 0xF1, 0xB7, 0xFC, 0x7C, 0xC4, 0x1E,
    0x1B, 0x06, 0x02, 0xC1, 0x00, 0x10, 0x00, 0x7C, 0x00, 0x0E, 0x00, 0x00, 0x00, 0x00, 0x20, 0x00,
    0x08, 0x01, 0xE7, 0xF0, 0xF9, 0xFC, 0x36, 0xC6, 0x0D, 0xF3, 0x83, 0x7F, 0xF8, 0xDE, 0x62, 0x3F,
    0x99, 0x8D, 0xFF, 0xE3, 0x63, 0xE0, 0xD8, 0xF0, 0x36, 0x2C, 0x6F, 0x9B, 0x1B, 0x0C, 0xFE, 0xC6,
    0x0F, 0x00, 0x00, 0x00, 0x00, 0x00, 0x01, 0x04, 0x00, 0x63, 0x00, 0x1D, 0xC0, 0x7F, 0xFF, 0x02,
    0xF9, 0x01, 0x94, 0x60, 0x65, 0x30, 0x0F, 0xF8, 0x3F, 0xFF, 0xE7, 0xFF, 0xF0, 0x3F, 0xE0, 0x1F,
    0xFC, 0x07, 0xFF, 0x01, 0xFF, 0xC0, 0x7F, 0xF0, 0x1F, 0xFC, 0x02, 0x02, 0x00, 0x00, 0x00, 0x03,
    0xFE, 0x01, 0xFF, 0xC0, 0x60, 0x30, 0x1F, 0xFC, 0x07, 0xFF, 0x01, 0xFF, 0xC0, 0x07, 0x00, 0xFF,
    0xFF, 0x9F, 0xFF, 0xC0, 0xFF, 0x80, 0x7F, 0xF0, 0x1F, 0xFC, 0x01, 0xFC, 0x00, 0xC9, 0x83, 0xF2,
    0x7C, 0xF3, 0x87, 0x00, 0xC0, 0x00, 0x00, 0x00, 0x00, 0x08, 0x00, 0x7F, 0xE3, 0xFF, 0xF8, 0xF9,
    0xFC, 0x36, 0xFF, 0x0D, 0xFF, 0xF3, 0xFF, 0xFC, 0xF8, 0x00, 0x36, 0xFF, 0x0D, 0xBF, 0xC3, 0x6F,
    0xF0, 0xDB, 0x0C, 0x3E, 0xFF, 0x0C, 0x30, 0xC3, 0x0C, 0x30, 0x03, 0x78, 0x00, 0x00, 0x00, 0x00,
    0x00, 0x07, 0xFE, 0x01, 0xFF, 0x80, 0x60, 0x60, 0x1F, 0xF8, 0x06, 0x06, 0x01, 0x81, 0x80, 0x7F,
    0xE0, 0x00, 0x00, 0x1F, 0xDF, 0xC7, 0xF7, 0xF1, 0x8D, 0x84, 0x7F, 0x7F, 0x1F, 0xDF, 0xC6, 0x36,
    0x11, 0xFD, 0xFC, 0x7F, 0x7F, 0x10, 0x18, 0x40, 0x00, 0x00, 0x00, 0x00, 0x03, 0x06, 0x01, 0xF5,
    0x80, 0x6F, 0xFE, 0x1B, 0x59, 0x06, 0xDE, 0x41, 0xB7, 0x90, 0x7F, 0xFF, 0x1F, 0xFF, 0xC6, 0xD8,
    0x41, 0xBF, 0xFC, 0x6F, 0xFF, 0x1F, 0x32, 0x07, 0xDD, 0x91, 0x8E, 0x66, 0x4F, 0x0F, 0x03, 0x81,
    0xC0, 0x00, 0x00, 0x00, 0x00, 0x00, 0x3D, 0xF3, 0xFF, 0xFC, 0xFE, 0x63, 0x33, 0x98, 0xCC, 0xFF,
    0xF3, 0xFF, 0x7C, 0xFE, 0x00, 0x33, 0xF7, 0x8C, 0xFF, 0xF3, 0x38, 0x6C, 0xDF, 0x1B, 0x3F, 0xFB,
    0x8C, 0x20, 0xE3, 0x08, 0xEC, 0x02, 0x31, 0x80, 0x00, 0x00, 0x00, 0x00, 0x07, 0xFE, 0x03, 0xFF,
    0xC0, 0xC0, 0x30, 0x3F, 0xFC, 0x0F, 0xFF, 0x03, 0xFF, 0xC0, 0x0E, 0x18, 0x3F, 0xFC, 0x07, 0xFE,
    0x0F, 0xFF, 0xF9, 0xFF, 0xFC, 0x0F, 0xF8, 0x3F, 0x07, 0x07, 0xFF, 0xC0, 0x7F, 0xF0, 0x1F, 0xFC,
    0x03, 0xFE, 0x00, 0x00, 0x00, 0x00, 0x03, 0x87, 0x9F, 0xE1, 0xFF, 0xC8, 0x6F, 0x26, 0x1B, 0x65,
    0x06, 0xDB, 0xE1, 0xBF, 0xF8, 0x7C, 0xC0, 0x1B, 0xFF, 0xC6, 0xFF, 0xF1, 0xB7, 0xF8, 0x6D, 0xFE,
    0x1F, 0xF9, 0x87, 0xF3, 0xC1, 0x18, 0xF0, 0x03, 0xE7, 0x00, 0xF0, 0xC0, 0x00, 0x00, 0x00, 0x04,
    0x03, 0x83, 0x01, 0xF0, 0xC0, 0x6F, 0xFF, 0x1B, 0x33, 0x06, 0xCC, 0xC1, 0xB1, 0xE0, 0x7F, 0xFF,
    0x1F, 0x7F, 0xC6, 0xDF, 0xE1, 0xB7, 0xF8, 0x6D, 0xFE, 0x1F, 0x7F, 0x87, 0xD8, 0x21, 0x87, 0xF8,
    0x41, 0xFE, 0x00, 0x60, 0x80, 0x00, 0x00, 0x00, 0x00, 0x03, 0xFF, 0xF8, 0xFF, 0xFC, 0x31, 0x08,
    0x0F, 0xFF, 0xE3, 0xFF, 0xF8, 0xDE, 0xF8, 0x3D, 0xEB, 0x8E, 0x52, 0x63, 0x3F, 0xC1, 0x9F, 0xF8,
    0x67, 0x06, 0x18, 0xFF, 0x86, 0x7F, 0xE3, 0x0F, 0xF8, 0xC2, 0x06, 0x00, 0x00, 0x00, 0x00, 0x00,
    0x01, 0x01, 0xC7, 0xFB, 0xF3, 0xFF, 0xE0, 0x6E, 0xE0, 0x1F, 0xFE, 0x47, 0xFF, 0xF9, 0xFF, 0xD8,
    0x0C, 0x26, 0x3F, 0xF9, 0x87, 0xFC, 0x60, 0x7F, 0xF8, 0x3B, 0xBE, 0x0F, 0xFF, 0x83, 0xFF, 0xE0,
    0xFF, 0xF8, 0x3F, 0xFE, 0x04, 0x01, 0x80, 0x00, 0x00, 0x01, 0x04, 0x0F, 0xFF, 0xF3, 0xFF, 0xFE,
    0x0E, 0x38, 0x07, 0xFF, 0x01, 0xFF, 0xC0, 0x7F, 0xF0, 0x18, 0x0C, 0x07, 0xFF, 0x0F, 0xFF, 0xF9,
    0xFF, 0xFC, 0x3F, 0xFE, 0x3E, 0x03, 0xE5, 0xFF, 0xF0, 0x7F, 0xF0, 0x1F, 0xFC, 0x03, 0xFE, 0x00,
    0x00, 0x00, 0x07, 0xFF, 0x03, 0xFF, 0xE0, 0xC0, 0x18, 0x3F, 0xFE, 0x0F, 0xFF, 0x83, 0xFF, 0xE0,
    0x18, 0xC0, 0x7F, 0xFF, 0x0F, 0xFF, 0x80, 0x62, 0x03, 0xFF, 0xFE, 0x7F, 0xFF, 0x3F, 0x27, 0xEF,
    0x7F, 0x78, 0x3F, 0xF0, 0x7F, 0x9F, 0x1C, 0xE1, 0xC0, 0x00, 0x00, 0x07, 0xFF, 0x03, 0xFF, 0xE0,
    0xC0, 0x18, 0x3F, 0xFE, 0x0F, 0xFF, 0x87, 0xFF, 0xF0, 0x03, 0x00, 0xFF, 0xFF, 0xBF, 0xFF, 0xED,
    0xEF, 0xD9, 0x7A, 0xF4, 0x3F, 0xFE, 0x00, 0x82, 0x0F, 0xFF, 0xFB, 0xFF, 0xFE, 0x7F, 0xFF, 0x0F,
    0xFD, 0xC0, 0x00, 0x00, 0x00, 0x03, 0xC0, 0x3F, 0xF8, 0x0F, 0xEC, 0xF9, 0xB3, 0x36, 0x7F, 0x8C,
    0xFF, 0xFB, 0x7C, 0xC6, 0xFF, 0x77, 0xB6, 0xD9, 0xCC, 0xF7, 0xF3, 0x2B, 0xEC, 0xC8, 0xFF, 0x3E,
    0x7B, 0x8F, 0xB7, 0xC3, 0x08, 0xF0, 0xC3, 0xEF, 0x80, 0xF1, 0xE0, 0x00, 0x00, 0x00, 0xF7, 0x87,
    0xBF, 0xF3, 0xE1, 0x8C, 0xDF, 0xFF, 0x32, 0xFB, 0xCD, 0xFF, 0xF3, 0xE7, 0x30, 0xD9, 0x98, 0x33,
    0xFF, 0xEC, 0xFF, 0xF3, 0x37, 0xFC, 0xF9, 0xFE, 0x3E, 0x7F, 0xCC, 0x1F, 0xF3, 0x07, 0xFE, 0x01,
    0xFF, 0x80, 0x40, 0x00, 0x00, 0x00, 0x00, 0x88, 0x00, 0x22, 0x00, 0x08, 0x80, 0x02, 0x20, 0x01,
    0xDC, 0x07, 0xFF, 0xF1, 0x9C, 0xCC, 0x62, 0x23, 0x18, 0x88, 0xC7, 0xFF, 0xF1, 0xFF, 0xFC, 0x62,
    0x23, 0x18, 0x88, 0xC6, 0x22, 0x31, 0xFF, 0xFC, 0x7F, 0xFF, 0x08, 0x00, 0xC0, 0x00, 0x00, 0x00,
    0x00, 0x0F, 0xFF, 0xF9, 0xFF, 0xFC, 0x7F, 0xFE, 0x1F, 0xFF, 0xC7, 0xFF, 0xF1, 0xFF, 0xFC, 0x60,
    0x83, 0x1F, 0xFF, 0xC7, 0xFF, 0xF0, 0x82, 0x00, 0x71, 0x80, 0x07, 0xE0, 0x00, 0x7F, 0x81, 0xF8,
    0x7C, 0xF8, 0x07, 0x80, 0x00, 0x00, 0x00, 0x00, 0x00, 0x20, 0x01, 0xFF, 0x80, 0xFF, 0xF0, 0x61,
    0xDF, 0x3F, 0xFF, 0xE1, 0xFF, 0xC0, 0xFF, 0xF0, 0x01, 0xC0, 0x0F, 0xFF, 0x81, 0xFF, 0xC3, 0xFF,
    0xFE, 0x7F, 0x7F, 0x07, 0xFF, 0x01, 0xFF, 0xC0, 0x7F, 0xF0, 0x1F, 0xFC, 0x02, 0x02, 0x00, 0x00,
    0x00, 0x00, 0x88, 0x0F, 0xFF, 0xF3, 0xFF, 0xFE, 0x07, 0x70, 0x1F, 0xFF, 0xC7, 0xFF, 0xF1, 0xFF,
    0xFC, 0x66, 0x33, 0x1F, 0xFF, 0xC3, 0xFF, 0xE0, 0xFF, 0xF8, 0x3F, 0xFE, 0x0F, 0xFF, 0x83, 0xFF,
    0xE0, 0xFF, 0xF8, 0x3F, 0xFE, 0x0C, 0x01, 0x00, 0x00, 0x00, 0x02, 0x02, 0x00, 0xC0, 0xC0, 0x38,
    0xE0, 0x7F, 0xFF, 0x1F, 0xFF, 0xC7, 0xFF, 0xF1, 0x83, 0x0C, 0x60, 0xC3, 0x1F, 0xFF, 0xC3, 0xFF,
    0xE0, 0x7F, 0xF8, 0x3F, 0xFE, 0x0F, 0xFF, 0x83, 0xFF, 0xE0, 0xFF, 0xF8, 0x3F, 0xFE, 0x04, 0x01,
    0x80, 0x00, 0x00, 0x01, 0x04, 0x00, 0xC1, 0x80, 0x38, 0xE0, 0x7F, 0x7F, 0x0F, 0xDF, 0xCF, 0xFF,
    0xF8, 0x30, 0x70, 0x3E, 0x36, 0x3E, 0xD9, 0xE7, 0xFF, 0xF0, 0xFF, 0xF8, 0x3F, 0xFE, 0x0F, 0xFF,
    0x83, 0x00, 0x60, 0xFF, 0xF8, 0x3F, 0xFE, 0x04, 0x01, 0x80, 0x00, 0x00, 0x00, 0x00, 0x01, 0xFF,
    0xC0, 0x7F, 0xF0, 0x1F, 0xFC, 0x07, 0xFF, 0x01, 0xFF, 0xC0, 0x3F, 0xE0, 0xFF, 0xFF, 0x3F, 0xFF,
    0xE3, 0xF7, 0xE0, 0xFD, 0xFC, 0x33, 0x23, 0x0F, 0xCD, 0x83, 0xF1, 0xC1, 0xFD, 0xFC, 0xE3, 0x73,
    0x80, 0x00, 0x00, 0x00, 0x00, 0x00, 0xFF, 0x80, 0x7F, 0xF0, 0x18, 0x0C, 0x06, 0x03, 0x01, 0x80,
    0xC0, 0x7F, 0xF0, 0x1F, 0xFC, 0x06, 0x03, 0x01, 0xFF, 0xC0, 0x7F, 0xF0, 0x18, 0x0C, 0x0C, 0x03,
    0x03, 0x00, 0xC1, 0x80, 0x30, 0x60, 0x0C, 0x38, 0x3F, 0x08, 0x0F, 0x80, 0x00, 0x00, 0x00, 0x00,
    0x00, 0x30, 0x00, 0x0C, 0x00, 0x7F, 0xFF, 0x03, 0x80, 0x00, 0xC0, 0x00, 0x3F, 0xF8, 0x1D, 0xF6,
    0x0F, 0x01, 0x86, 0xFF, 0xE1, 0x3F, 0xF8, 0x0C, 0x06, 0x03, 0xFF, 0x80, 0xFF, 0xE0, 0x30, 0x18,
    0x0C, 0x3E, 0x03, 0x0F, 0x00, 0x00, 0x00, 0x00, 0x00, 0x07, 0xEF, 0xF1, 0xFB, 0xFC, 0x62, 0xC3,
    0x18, 0xB0, 0xC7, 0xED, 0xE1, 0xFB, 0x70, 0x62, 0xFE, 0x1F, 0xBF, 0xC7, 0xEE, 0x31, 0x8B, 0xCC,
    0x62, 0xDE, 0x18, 0xB7, 0x8C, 0x2D, 0xC3, 0x1B, 0x78, 0xDC, 0xF3, 0x80, 0x00, 0x00, 0x00, 0x00,
    0x00, 0x21, 0x03, 0xEC, 0x61, 0xF9, 0xB0, 0x62, 0xFE, 0x19, 0xBF, 0x87, 0xE1, 0x01, 0xF8, 0x40,
    0x63, 0xFF, 0x1F, 0xFF, 0xC7, 0xE3, 0x81, 0x98, 0xE0, 0x66, 0x2C, 0x19, 0x99, 0x0C, 0x66, 0x63,
    0x1B, 0x0C, 0xDC, 0xC1, 0x00, 0x00, 0x00, 0x00, 0x00, 0x02, 0x00, 0x00, 0xC3, 0xF0, 0x31, 0xFC,
    0x3F, 0xE1, 0x0C, 0x78, 0x43, 0x1E, 0x30, 0xFF, 0xFC, 0x31, 0xE1, 0x0C, 0x78, 0x43, 0xFF, 0xF0,
    0xFD, 0xFC, 0x33, 0x61, 0x0D, 0xD8, 0x43, 0xFE, 0x11, 0xE7, 0x84, 0x60, 0xC7, 0x00, 0x31, 0x80,
    0x00, 0x00, 0x02, 0x00, 0x01, 0x87, 0xC3, 0xFD, 0xF0, 0xFF, 0x7C, 0x18, 0x1F, 0x06, 0x07, 0xC1,
    0x83, 0xF0, 0x7D, 0x8C, 0x0F, 0xE3, 0x03, 0xFF, 0xE1, 0xFF, 0xF8, 0x01, 0x80, 0x0F, 0xFE, 0x00,
    0x18, 0x01, 0x07, 0x1C, 0xFF, 0xFF, 0x00, 0x00, 0x00, 0x00, 0x00, 0x01, 0x00, 0x00, 0x61, 0xE0,
    0x1A, 0xFC, 0x7F, 0xF3, 0x0F, 0xCC, 0xC3, 0xFB, 0x30, 0xC6, 0xFC, 0x3F, 0xB3, 0x0F, 0xEC, 0xC3,
    0xFB, 0xF0, 0xFC, 0xFC, 0x06, 0x33, 0x1F, 0xFC, 0xC7, 0xFF, 0x30, 0x19, 0x8C, 0x06, 0x6F, 0x01,
    0x9B, 0x80, 0x00, 0x00, 0x04, 0x60, 0x01, 0x99, 0xE0, 0xE6, 0xFC, 0x7F, 0xF3, 0x06, 0x6C, 0xC1,
    0x9B, 0x30, 0x7E, 0xFC, 0x19, 0xB3, 0x07, 0xEC, 0xC1, 0xFB, 0xF0, 0x66, 0xFC, 0x7F, 0xF3, 0x1B,
    0x3C, 0xC1, 0x37, 0x30, 0xCF, 0x8C, 0x61, 0xEF, 0x10, 0x33, 0x80, 0x00, 0x00, 0x00, 0x20, 0x00,
    0x08, 0x00, 0x02, 0x00, 0x00, 0x80, 0x00, 0x70, 0x0F, 0xFF, 0xF8, 0x0F, 0x80, 0x03, 0xE0, 0x01,
    0xBC, 0x00, 0xEB, 0x00, 0x72, 0xE0, 0x30, 0x9C, 0x18, 0x21, 0x8E, 0x08, 0x7B, 0x02, 0x0C, 0x00,
    0x80, 0x00, 0x20, 0x00, 0x00, 0x00, 0x00, 0x20, 0x00, 0x08, 0x00, 0x02, 0x00, 0x1F, 0xFC, 0x0F,
    0xFF, 0x80, 0x0C, 0x00, 0x02, 0x00, 0x00, 0x80, 0x3F, 0xFF, 0xE7, 0xFF, 0xF0, 0x0F, 0x80, 0x06,
    0xB0, 0x03, 0x2C, 0x01, 0x89, 0xC3, 0xC2, 0x3E, 0xE0, 0x83, 0x80, 0x20, 0x00, 0x00, 0x00, 0x00,
    0x20, 0x00, 0x18, 0x00, 0x06, 0x00, 0x3F, 0xFE, 0x1F, 0xFF, 0x80, 0x18, 0x00, 0x06, 0x00, 0x1F,
    0xFC, 0x07, 0xFF, 0x00, 0x3E, 0x00, 0x1F, 0x80, 0x0D, 0x90, 0x06, 0x67, 0x07, 0x18, 0x63, 0x06,
    0x0E, 0x01, 0x80, 0x00, 0x00, 0x00, 0x00, 0x00, 0x00, 0x20, 0x00, 0x08, 0x00, 0x02, 0x00, 0x7F,
    0xFF, 0x3F, 0xFF, 0xE0, 0x3E, 0x00, 0x0F, 0xC0, 0x06, 0x98, 0x03, 0x26, 0x01, 0xC9, 0xC0, 0xC2,
    0x18, 0x30, 0x86, 0x1F, 0xFF, 0xCE, 0xFF, 0xBB, 0x02, 0x06, 0x00, 0x80, 0x00, 0x20, 0x00, 0x00,
    0x00, 0x01, 0x10, 0x00, 0xC6, 0x00, 0x31, 0x80, 0x04, 0x60, 0x03, 0x98, 0x0F, 0xF6, 0x00, 0x71,
    0x80, 0x3E, 0x60, 0x0F, 0xD8, 0x07, 0xD6, 0x03, 0x31, 0x80, 0x0C, 0x60, 0x03, 0x18, 0x60, 0xC6,
    0x18, 0x31, 0x86, 0x0C, 0x7F, 0x01, 0x0F, 0x80, 0x00, 0x00, 0x00, 0x20, 0x00, 0x88, 0x00, 0x62,
    0x00, 0x1F, 0xFC, 0x07, 0xFF, 0x83, 0x0C, 0x01, 0x82, 0x00, 0x00, 0x80, 0x3F, 0xFF, 0xC7, 0xFF,
    0xE0, 0x0F, 0x80, 0x06, 0xB0, 0x03, 0x26, 0x07, 0x88, 0xE3, 0xC2, 0x1E, 0xC0, 0x83, 0x80, 0x20,
    0x00, 0x00, 0x00, 0x01, 0x08, 0x00, 0xC2, 0x00, 0x30, 0x80, 0x04, 0x20, 0x03, 0x08, 0x07, 0xFA,
    0x00, 0x30, 0xC0, 0x0E, 0x38, 0x07, 0xCF, 0x03, 0xDA, 0xF1, 0xD2, 0x9E, 0xCC, 0x20, 0x03, 0x08,
    0x00, 0xC2, 0x00, 0x30, 0x80, 0x0C, 0x20, 0x01, 0x08, 0x00, 0x00, 0x00, 0x02, 0x00, 0x01, 0x8F,
    0x80, 0x67, 0xF0, 0x19, 0x8C, 0x06, 0x63, 0x0F, 0xF8, 0xC0, 0x76, 0x30, 0x3D, 0x8C, 0x0F, 0xE3,
    0x07, 0xF8, 0xC1, 0xE6, 0x30, 0xD9, 0x8C, 0x36, 0x63, 0x61, 0x98, 0xD8, 0x64, 0x36, 0x1F, 0x0F,
    0x02, 0x81, 0x80, 0x00, 0x00, 0x02, 0x00, 0x01, 0x80, 0x00, 0x60, 0x00, 0x19, 0xFF, 0x86, 0x58,
    0x0F, 0xF6, 0x00, 0x71, 0x80, 0x3C, 0x60, 0x0F, 0xFF, 0xC7, 0xFF, 0xF1, 0xEA, 0x0C, 0xD8, 0x03,
    0x06, 0x00, 0xC1, 0x80, 0x30, 0x60, 0x0C, 0x18, 0x1E, 0x02, 0x07, 0x00, 0x00, 0x00, 0x02, 0x01,
    0x00, 0x80, 0xE0, 0x20, 0x60, 0x08, 0x38, 0x07, 0x38, 0x0F, 0xE0, 0x30, 0x60, 0x18, 0x1C, 0x0C,
    0x0F, 0x8E, 0x07, 0xAF, 0x03, 0x2B, 0x06, 0x48, 0x03, 0x02, 0x01, 0x80, 0x81, 0xC0, 0x21, 0xE0,
    0x09, 0xE0, 0x02, 0x60, 0x00, 0x00, 0x00, 0x02, 0x02, 0x01, 0x80, 0xC0, 0x60, 0x30, 0x18, 0x0C,
    0x17, 0x17, 0x4F, 0xFF, 0xF8, 0x60, 0xF0, 0x3C, 0x3C, 0x0F, 0x8F, 0x07, 0xE6, 0xC1, 0xE3, 0x30,
    0xD9, 0xCC, 0x06, 0x63, 0x01, 0x90, 0xC0, 0x60, 0x30, 0x18, 0x38, 0x02, 0x0C, 0x00, 0x00, 0x00,
    0x02, 0x01, 0x01, 0x80, 0x60, 0x60, 0x18, 0x18, 0x06, 0x1F, 0x1F, 0xCF, 0xEF, 0xF8, 0x70, 0x18,
    0x3C, 0x66, 0x0F, 0x99, 0x87, 0xE3, 0x61, 0xE0, 0xD8, 0xD8, 0x06, 0x06, 0x01, 0x81, 0x80, 0x60,
    0x60, 0x18, 0x18, 0x3E, 0x02, 0x0E, 0x00, 0x00, 0x00, 0x00, 0x20, 0x00, 0x08, 0x00, 0x07, 0x00,
    0xFF, 0xFF, 0x80, 0x20, 0x00, 0x1C, 0x00, 0xFF, 0xF8, 0x30, 0xC6, 0x0C, 0x21, 0x83, 0xFF, 0xE0,
    0x7F, 0xF0, 0x06, 0xE0, 0x07, 0x2C, 0x07, 0x89, 0xC3, 0xC2, 0x3E, 0xC0, 0x83, 0x80, 0x20, 0x00,
    0x00, 0x00, 0x00, 0x80, 0x00, 0x20, 0x00, 0x1F, 0xE0, 0x0F, 0xFC, 0x0F, 0x8F, 0x07, 0x77, 0x80,
    0x0F, 0xC0, 0x07, 0x38, 0x1F, 0x83, 0xE3, 0xC8, 0xF3, 0xFF, 0xFC, 0x7F, 0xFE, 0x01, 0xFC, 0x03,
    0xEB, 0xE3, 0xE2, 0x3E, 0xE0, 0x83, 0x80, 0x20, 0x00, 0x00, 0x00, 0x00, 0x20, 0x00, 0x08, 0x00,
    0x07, 0x00, 0x7F, 0xFF, 0x02, 0x32, 0x01, 0xC9, 0xC0, 0x32, 0x60, 0x04, 0x98, 0x00, 0x3C, 0x0F,
    0xFF, 0xF9, 0xFF, 0xFC, 0x03, 0xB0, 0x01, 0xA6, 0x01, 0xC8, 0xE3, 0xE2, 0x1E, 0xE0, 0x83, 0x80,
    0x20, 0x00, 0x00, 0x00, 0x02, 0x00, 0x01, 0x8F, 0xF0, 0x63, 0xFE, 0x18, 0x0C, 0x06, 0x07, 0x0F,
    0xF1, 0x80, 0x60, 0x60, 0x3C, 0x36, 0x0F, 0x8D, 0x87, 0xB7, 0xB1, 0xE7, 0x6C, 0xD9, 0x99, 0x86,
    0x46, 0x01, 0x81, 0x80, 0x60, 0x60, 0x18, 0x18, 0x02, 0x04, 0x00, 0x00, 0x00, 0x00, 0x20, 0x00,
    0x08, 0x00, 0x07, 0x00, 0xFF, 0xFF, 0x87, 0xFF, 0x03, 0xFF, 0xE0, 0xC7, 0x18, 0x3F, 0xFE, 0x0F,
    0xFF, 0x83, 0x08, 0x60, 0xFF, 0xF8, 0x1F, 0xFC, 0x01, 0xAC, 0x03, 0xC9, 0xC3, 0xE2, 0x3E, 0xE0,
    0x83, 0x80, 0x20, 0x00, 0x00, 0x00, 0x02, 0x00, 0x00, 0x80, 0x00, 0x21, 0x98, 0x08, 0x66, 0x06,
    0x19, 0x8F, 0xEC, 0x30, 0xF2, 0x0C, 0x7D, 0xB1, 0x9B, 0xCC, 0x6F, 0xB3, 0x63, 0x21, 0x98, 0x08,
    0x66, 0x02, 0x30, 0xC0, 0x89, 0xF0, 0x27, 0xFC, 0x09, 0xE3, 0x02, 0x00, 0xC0, 0x00, 0x00, 0x02,
    0x00, 0x00, 0x8F, 0xF0, 0x23, 0xFE, 0x08, 0xC0, 0x1F, 0xB0, 0x0F, 0xEC, 0x00, 0xF3, 0xFC, 0x7C,
    0xF3, 0x1B, 0xB8, 0xCC, 0xEF, 0x33, 0x2B, 0xF8, 0x48, 0xDE, 0x02, 0x67, 0x00, 0x99, 0xE0, 0x2C,
    0xDC, 0x1E, 0x63, 0x82, 0x90, 0x60, 0x00, 0x00, 0x02, 0x03, 0x81, 0x8F, 0xE0, 0x63, 0xC0, 0x18,
    0x80, 0x1F, 0xA0, 0x0F, 0xEF, 0xF0, 0xF3, 0xFC, 0x7C, 0x98, 0x1F, 0xA6, 0x0D, 0xE9, 0x83, 0x66,
    0x60, 0x19, 0x18, 0x06, 0xC6, 0x01, 0xB1, 0x80, 0x6C, 0x60, 0x1B, 0x18, 0x00, 0x00, 0x00, 0x00,
    0x00, 0x02, 0x08, 0x01, 0x86, 0x00, 0x61, 0x80, 0x19, 0xFE, 0x1F, 0xFF, 0x8F, 0xF6, 0x30, 0xE5,
    0x8C, 0x3F, 0x62, 0x1F, 0x9C, 0x07, 0xE7, 0x03, 0x61, 0xC4, 0x18, 0xF1, 0x86, 0x2C, 0x61, 0x99,
    0x98, 0x6C, 0x3C, 0x1E, 0x00, 0x00, 0x00, 0x00, 0x00, 0x00, 0x02, 0x04, 0x01, 0x81, 0x80, 0x60,
    0x60, 0x18, 0x18, 0x06, 0x06, 0x0F, 0xFF, 0xF0, 0x60, 0x70, 0x3C, 0x3C, 0x0F, 0x8F, 0x87, 0xB7,
    0x61, 0xE3, 0xEC, 0xD8, 0xDB, 0x36, 0x66, 0xE1, 0x91, 0x90, 0x60, 0x60, 0x18, 0x18, 0x02, 0x04,
    0x00, 0x00, 0x00, 0x02, 0x10, 0x01, 0x8C, 0x00, 0x63, 0x00, 0x18, 0xFF, 0x1F, 0x9F, 0xCF, 0xEC,
    0x40, 0x66, 0x10, 0x3D, 0x84, 0x0F, 0xF3, 0x07, 0xB4, 0x81, 0xE1, 0xE0, 0xD8, 0x30, 0x06, 0x0C,
    0x01, 0x87, 0xC0, 0x67, 0x1C, 0x1B, 0x83, 0x00, 0x00, 0x00, 0x00, 0x00, 0x07, 0xFF, 0x03, 0xFF,
    0xE0, 0xC2, 0x18, 0x3F, 0xFE, 0x0F, 0xFF, 0x83, 0x08, 0x60, 0xC2, 0x18, 0x3F, 0xFE, 0x07, 0xFF,
    0x00, 0x08, 0x03, 0xFF, 0xFE, 0x7F, 0xFF, 0x01, 0xEC, 0x03, 0xE9, 0xE3, 0xE2, 0x3E, 0xE0, 0x83,
    0x80, 0x20, 0x00, 0x00, 0x00, 0x02, 0x04, 0x01, 0x81, 0x80, 0x60, 0x60, 0x18, 0x7B, 0x06, 0x3F,
    0xEF, 0xE1, 0x80, 0x60, 0x60, 0x3C, 0x18, 0x0F, 0xBF, 0xC7, 0xEF, 0xF1, 0xE1, 0x98, 0xD8, 0x76,
    0x06, 0x0F, 0x01, 0x81, 0xC0, 0x61, 0xF8, 0x19, 0xE7, 0x82, 0x60, 0xE0, 0x00, 0x00, 0x04, 0x10,
    0x03, 0x06, 0x00, 0xC7, 0xE0, 0x31, 0xFC, 0x0C, 0x1B, 0x0F, 0xE4, 0xD8, 0xC3, 0x36, 0x78, 0x8D,
    0x9F, 0xE1, 0xCF, 0x42, 0x03, 0xD0, 0xC0, 0xF3, 0xFF, 0x8C, 0xFF, 0xC3, 0x02, 0x00, 0xC0, 0xC0,
    0x30, 0x30, 0x0C, 0x08, 0x00, 0x00, 0x00, 0x02, 0x00, 0x00, 0x8F, 0xF0, 0x23, 0xFE, 0x08, 0xC0,
    0x1F, 0xB8, 0xCF, 0xEE, 0x70, 0x73, 0xD8, 0x3E, 0xDE, 0x1F, 0xB3, 0x06, 0xED, 0xE3, 0x2B, 0x6C,
    0x48, 0xF3, 0x02, 0x38, 0xE0, 0x8C, 0x18, 0x23, 0xFE, 0x08, 0xFF, 0x82, 0x20, 0x00, 0x00, 0x00,
    0x02, 0x04, 0x00, 0x81, 0x80, 0x20, 0x60, 0x08, 0x18, 0x07, 0x06, 0x0F, 0xEF, 0xF8, 0xE0, 0x60,
    0x3C, 0x18, 0x1F, 0x86, 0x06, 0xA7, 0xF3, 0x29, 0xFC, 0x48, 0x63, 0x02, 0x18, 0xC0, 0x86, 0x30,
    0x21, 0xFC, 0x08, 0x7F, 0x02, 0x10, 0xC0, 0x00, 0x00, 0x02, 0x00, 0x00, 0x83, 0xE1, 0xFC, 0xFC,
    0xFF, 0x33, 0x06, 0xC8, 0xC1, 0x92, 0x30, 0xC4, 0x8C, 0x33, 0x33, 0x39, 0xCF, 0xC6, 0x6B, 0xE3,
    0xFF, 0xFC, 0x7F, 0xFE, 0x00, 0xF8, 0x00, 0xEB, 0x83, 0xF2, 0x7E, 0xF0, 0x87, 0x80, 0x20, 0x00,
    0x00, 0x00, 0x04, 0x00, 0x03, 0x3F, 0xF8, 0xCF, 0xFE, 0x30, 0x30, 0x0C, 0x0C, 0x0F, 0xFF, 0xF0,
    0xDC, 0xCC, 0x7E, 0x33, 0x1F, 0x8C, 0xCF, 0x67, 0xB3, 0xD9, 0xBC, 0xF2, 0xCF, 0x0C, 0xA0, 0xC3,
    0x20, 0x30, 0xC8, 0x0C, 0x32, 0x1F, 0x0C, 0x87, 0x00, 0x00, 0x00, 0x01, 0x04, 0x00, 0x41, 0x80,
    0x38, 0xE0, 0xFF, 0xFF, 0x83, 0xFE, 0x00, 0x7F, 0x80, 0x30, 0x60, 0x0C, 0x18, 0x01, 0xFE, 0x00,
    0x7F, 0x03, 0xFF, 0xFC, 0x7F, 0xFE, 0x00, 0xFC, 0x00, 0xEB, 0x83, 0xF2, 0x3E, 0xF0, 0x87, 0x80,
    0x20, 0x00, 0x00, 0x00, 0x08, 0x20, 0x07, 0x08, 0x00, 0xCF, 0xC0, 0xC3, 0xF8, 0x18, 0x26, 0x01,
    0x89, 0x80, 0xC6, 0x6C, 0x61, 0x1B, 0x31, 0xC3, 0x84, 0x68, 0xC3, 0xFF, 0xFE, 0x7F, 0xFF, 0x00,
    0xF8, 0x00, 0xEB, 0x83, 0xF2, 0x7E, 0xF0, 0x87, 0x80, 0x20, 0x00, 0x00, 0x00, 0x00, 0x00, 0x03,
    0xFF, 0xC0, 0x7F, 0xE0, 0x03, 0x70, 0x00, 0xF8, 0x07, 0xFF, 0xC1, 0xFF, 0xF8, 0x0E, 0x8C, 0x1F,
    0xE3, 0x0F, 0x38, 0x03, 0xFF, 0xF8, 0xFF, 0xFF, 0x01, 0xFC, 0x07, 0xEF, 0xF3, 0xE2, 0x3E, 0x00,
    0x80, 0x00, 0x00, 0x00, 0x00, 0x00, 0x02, 0x08, 0x01, 0x83, 0x00, 0x60, 0x60, 0x18, 0xFE, 0x1F,
    0xBF, 0x8F, 0xE1, 0x00, 0xF0, 0x40, 0x7C, 0x10, 0x1F, 0xBF, 0x8D, 0xEF, 0xE3, 0x60, 0x40, 0x18,
    0x10, 0x06, 0x04, 0x01, 0x83, 0x80, 0x6F, 0xFE, 0x18, 0x00, 0x00, 0x00, 0x00, 0x00, 0x00, 0x04,
    0x08, 0x03, 0x1E, 0xF8, 0xC7, 0x3E, 0x31, 0x0D, 0x8C, 0x4F, 0x6F, 0xF3, 0xD8, 0xC4, 0xF6, 0x79,
    0x3D, 0x9F, 0xCF, 0x6F, 0x73, 0xDB, 0xCD, 0xF6, 0xF3, 0xFD, 0x8C, 0xEF, 0xC3, 0x06, 0xE0, 0xC1,
    0x20, 0x31, 0xCC, 0x0C, 0x62, 0x00, 0x00, 0x00, 0x04, 0x00, 0x03, 0x1F, 0xE0, 0xC7, 0xFC, 0x31,
    0x7B, 0x0C, 0x5E, 0xCF, 0xF7, 0xB0, 0xC5, 0xEC, 0x7B, 0x7B, 0x1F, 0xFF, 0xEF, 0x7F, 0xB3, 0xC5,
    0xEC, 0xF1, 0x7B, 0x0C, 0x5E, 0xC3, 0x17, 0xB0, 0xC5, 0xEC, 0x31, 0x5E, 0x0C, 0x43, 0x00, 0x00,
    0x00, 0x00, 0x20, 0x00, 0x18, 0x00, 0x07, 0x00, 0xFF, 0xFF, 0x80, 0xF8, 0x00, 0x7F, 0x00, 0x72,
    0x70, 0xF1, 0x87, 0x87, 0xFF, 0x01, 0xFF, 0xC0, 0x7F, 0xF0, 0x1F, 0xFC, 0x07, 0xFF, 0x01, 0xFF,
    0xC0, 0x60, 0x30, 0xFF, 0xFF, 0xBF, 0xFF, 0xE0, 0x00, 0x00, 0x02, 0x04, 0x00, 0x81, 0x80, 0x20,
    0x60, 0x09, 0xFF, 0x87, 0x04, 0x0F, 0xE1, 0x80, 0xF0, 0x60, 0x7C, 0xFF, 0x1B, 0xB6, 0xCD, 0xED,
    0xB3, 0x2B, 0x6C, 0x48, 0xDB, 0x02, 0x36, 0xC0, 0x8D, 0xE0, 0x22, 0x70, 0x08, 0x18, 0x02, 0x04,
    0x00, 0x00, 0x00, 0x02, 0x03, 0x81, 0x8F, 0xE0, 0x63, 0xC0, 0x18, 0x80, 0x1F, 0xBF, 0xCF, 0xEF,
    0xF0, 0xE3, 0x80, 0x3C, 0xE0, 0x1F, 0xBF, 0x87, 0xEE, 0x33, 0x63, 0x8C, 0x19, 0xE3, 0x06, 0xD8,
    0xC1, 0x94, 0x30, 0x6F, 0x1C, 0x1F, 0x8E, 0x00, 0x00, 0x00, 0x00, 0x00, 0x00, 0x00, 0x00, 0x18,
    0x60, 0xC2, 0x30, 0x18, 0x8C, 0x06, 0x26, 0x07, 0xFF, 0xF1, 0x82, 0x0C, 0x60, 0x83, 0x00, 0x20,
    0x0F, 0xFF, 0xF9, 0xFF, 0xFC, 0x03, 0xE0, 0x01, 0xAC, 0x01, 0xC9, 0xC3, 0xE2, 0x3E, 0xE0, 0x83,
    0x80, 0x20, 0x00, 0x00, 0x00, 0x04, 0x08, 0x03, 0x07, 0x00, 0xC1, 0xE0, 0x30, 0xF8, 0x1C, 0x33,
    0x0F, 0xD8, 0x60, 0xC4, 0x0C, 0x7F, 0x01, 0x9F, 0xFF, 0x8F, 0x43, 0x03, 0xD0, 0xC0, 0xF1, 0xFE,
    0x0C, 0x7F, 0x03, 0x03, 0x00, 0xC0, 0xC0, 0x33, 0xFF, 0x8C, 0xFF, 0xE0, 0x00, 0x00, 0x04, 0x08,
    0x03, 0x03, 0x00, 0xC1, 0xC0, 0x33, 0xFF, 0x1F, 0x22, 0x0F, 0xC8, 0xC0, 0xC6, 0x18, 0x79, 0x83,
    0x1F, 0xE3, 0x0F, 0x6C, 0xC3, 0xD3, 0xE0, 0xF0, 0x78, 0x3C, 0x1C, 0x03, 0x07, 0x00, 0xC7, 0x78,
    0x37, 0x8F, 0x8D, 0x80, 0xE0, 0x00, 0x00, 0x02, 0x08, 0x00, 0x8B, 0x00, 0x23, 0x80, 0x08, 0xF2,
    0x07, 0x3F, 0xCF, 0xFB, 0x00, 0x74, 0x80, 0x1C, 0x30, 0x0F, 0xFF, 0xE7, 0xFF, 0xF1, 0xAB, 0xE0,
    0xC8, 0xFC, 0x02, 0x69, 0x80, 0x92, 0x70, 0x2C, 0x8E, 0x0A, 0x21, 0x82, 0x08, 0x00, 0x00, 0x00,
    0x0C, 0x04, 0x03, 0x03, 0x00, 0xC0, 0x40, 0x31, 0xFF, 0x1E, 0xFF, 0xCF, 0xC6, 0x00, 0xC3, 0x00,
    0x7B, 0x8C, 0x1F, 0x36, 0x07, 0xC7, 0x03, 0xC1, 0x88, 0xF0, 0xC6, 0x0D, 0xE6, 0x03, 0x03, 0xC0,
    0xC3, 0x9C, 0x37, 0x87, 0x00, 0x00, 0x00, 0x00, 0x00, 0x02, 0x00, 0x01, 0x8F, 0xC0, 0x67, 0xF8,
    0x19, 0x86, 0x06, 0x61, 0x8F, 0xFF, 0xE0, 0x76, 0x18, 0x3D, 0x86, 0x0F, 0xFF, 0x87, 0xFF, 0xD9,
    0xEE, 0x8C, 0xD9, 0xBE, 0x06, 0x67, 0x01, 0x98, 0x80, 0x67, 0xB8, 0x1F, 0xE7, 0x82, 0xC0, 0xE0,
    0x00, 0x00, 0x0C, 0x20, 0x03, 0x18, 0x00, 0xC7, 0xF0, 0x31, 0xFC, 0x1E, 0xE3, 0x0F, 0xF9, 0x81,
    0xDB, 0xC0, 0x78, 0xF8, 0x3F, 0x7F, 0x0F, 0x7F, 0xF3, 0xCF, 0xF0, 0x33, 0x04, 0x0C, 0xC1, 0x03,
    0x30, 0xC0, 0xCF, 0xF0, 0x33, 0x0C, 0x00, 0x00, 0x00, 0x00, 0x00, 0x00, 0x00, 0x00, 0x66, 0x00,
    0x19, 0xE0, 0x3F, 0xEC, 0x01, 0x99, 0x80, 0x66, 0x01, 0xFF, 0xFC, 0x04, 0x66, 0x01, 0x99, 0x87,
    0xFE, 0x61, 0xFC, 0xF8, 0x1F, 0xBC, 0x0D, 0xB7, 0xC6, 0x65, 0xB1, 0x18, 0xFC, 0x06, 0xF7, 0x00,
    0x38, 0x80, 0x00, 0x00, 0x0C, 0x20, 0x03, 0x19, 0xE0, 0xC6, 0xF8, 0x33, 0x00, 0x3E, 0xD0, 0x0F,
    0xE5, 0xF0, 0xC3, 0xFC, 0x7D, 0x8C, 0x1F, 0xE3, 0x07, 0x38, 0xC3, 0xDE, 0x30, 0xF1, 0x8C, 0x0C,
    0x63, 0x03, 0x18, 0xC0, 0xC6, 0x70, 0x31, 0xB8, 0x00, 0x00, 0x00, 0x00, 0x00, 0x04, 0x14, 0x03,
    0x07, 0x80, 0xC1, 0xE0, 0x32, 0x7A, 0x1F, 0x9E, 0xCF, 0xF7, 0xB0, 0xCD, 0xF8, 0x79, 0x7C, 0x1F,
    0x1E, 0x0F, 0x4F, 0xC3, 0xCF, 0xF8, 0xF3, 0x7B, 0x0C, 0xB6, 0x03, 0x09, 0x98, 0xC6, 0x66, 0x33,
    0x1F, 0x8C, 0x83, 0xC0, 0x00, 0x00, 0x00, 0x20, 0x00, 0x08, 0x00, 0x07, 0x00, 0x7F, 0xFF, 0x1F,
    0xFF, 0xCF, 0xFF, 0xF8, 0x30, 0x70, 0x1F, 0xF0, 0x03, 0xFF, 0x07, 0xFF, 0xF8, 0xFA, 0x1C, 0xFF,
    0xFF, 0x9F, 0xFF, 0xC0, 0xFB, 0x83, 0xFA, 0x7E, 0xF0, 0x87, 0x80, 0x20, 0x00, 0x00, 0x00, 0x03,
    0xFE, 0x01, 0xFF, 0xC0, 0x1F, 0xC0, 0x1F, 0xFC, 0x0F, 0x8F, 0x81, 0xE3, 0xC1, 0xFB, 0xFC, 0x36,
    0x66, 0x07, 0x0F, 0x07, 0xEF, 0xF0, 0xCB, 0x18, 0xFF, 0xFF, 0x9F, 0xFF, 0xC0, 0x7F, 0x00, 0xFA,
    0xF8, 0xF8, 0x8F, 0xB8, 0x20, 0xE0, 0x00, 0x00, 0x02, 0x08, 0x01, 0x96, 0x10, 0x6C, 0xC6, 0x19,
    0x91, 0x9F, 0xE4, 0xCF, 0xE8, 0x30, 0xE0, 0x0C, 0x3C, 0x20, 0x1F, 0x9C, 0x07, 0xBF, 0xFB, 0x63,
    0x18, 0x18, 0x84, 0x06, 0x33, 0x01, 0x87, 0x80, 0x67, 0x3C, 0x19, 0x83, 0x80, 0x00, 0x00, 0x00,
    0x00, 0x04, 0x14, 0x03, 0x07, 0x80, 0xC1, 0xF0, 0x31, 0xFE, 0x1E, 0x78, 0x0F, 0xC6, 0x00, 0xC1,
    0xF8, 0x79, 0xF0, 0x1F, 0x7C, 0x0F, 0x43, 0xF3, 0xD7, 0xF8, 0xF1, 0xF6, 0x0C, 0x03, 0x03, 0x01,
    0x98, 0xC1, 0xFE, 0x31, 0xE7, 0x8C, 0x60, 0xE0, 0x00, 0x00, 0x04, 0x20, 0x03, 0x08, 0x00, 0xC3,
    0x00, 0x31, 0xFF, 0x8C, 0xFF, 0x8F, 0xFF, 0xF0, 0xC2, 0x6C, 0x78, 0x93, 0x1F, 0x26, 0xCF, 0x7F,
    0xFB, 0xDF, 0xFC, 0xF1, 0x23, 0x1C, 0xC9, 0x83, 0x7F, 0xF8, 0xDF, 0xFC, 0x32, 0x3C, 0x0C, 0x0E,
    0x00, 0x00, 0x00, 0x02, 0x00, 0x00, 0x9F, 0xF8, 0x27, 0xFE, 0x08, 0x38, 0x17, 0x3F, 0xCF, 0xFF,
    0xB0, 0xF3, 0xFC, 0x3C, 0xDB, 0x1F, 0xE6, 0xC6, 0xFF, 0xF3, 0xAB, 0xF8, 0x08, 0x98, 0x02, 0x3C,
    0x00, 0x86, 0x00, 0x23, 0xF0, 0x1F, 0x9F, 0x82, 0xC1, 0xE0, 0x00, 0x00, 0x00, 0xE1, 0x83, 0xFB,
    0x60, 0xF8, 0xD8, 0x47, 0xB6, 0x1F, 0xFD, 0x80, 0xE3, 0x60, 0x7C, 0xD8, 0x37, 0x86, 0x19, 0x87,
    0x04, 0x58, 0x81, 0xFF, 0xFC, 0x7F, 0xFE, 0x01, 0xFC, 0x01, 0xDB, 0xC1, 0xE6, 0x3C, 0x61, 0x87,
    0x00, 0x60, 0x00, 0x00, 0x00, 0x04, 0x04, 0xC3, 0x01, 0xB8, 0xC0, 0x66, 0x30, 0x18, 0x0C, 0x06,
    0x0F, 0xFF, 0xF8, 0xC0, 0x60, 0x79, 0x5B, 0x1F, 0xDE, 0xCF, 0x7F, 0xB3, 0xCF, 0xF8, 0xF1, 0x6E,
    0x0C, 0x5B, 0x03, 0x37, 0xD8, 0xD9, 0xFE, 0x32, 0x77, 0x8C, 0x08, 0xC0, 0x00, 0x00, 0x00, 0x20,
    0x0F, 0xFF, 0xF3, 0xFF, 0xFE, 0x0E, 0xB8, 0x1F, 0xFF, 0x80, 0x88, 0x80, 0x62, 0x30, 0xFF, 0xFF,
    0x9F, 0xFF, 0xC1, 0xFF, 0xC0, 0x3F, 0xE0, 0xFF, 0xFF, 0x1F, 0xFF, 0x80, 0x6B, 0x00, 0xF2, 0x78,
    0xF8, 0x8F, 0xB8, 0x20, 0xE0, 0x00, 0x00, 0x04, 0x21, 0x83, 0x08, 0x60, 0xC7, 0x18, 0x33, 0xFF,
    0x8C, 0x61, 0x8F, 0xCC, 0x60, 0xC3, 0xF8, 0x78, 0xC6, 0x1F, 0x3F, 0x8F, 0x4F, 0xE3, 0xD2, 0x18,
    0xF3, 0xFF, 0x8C, 0xDE, 0xC3, 0x08, 0x60, 0xC6, 0x1C, 0x33, 0x03, 0x8C, 0x80, 0x60, 0x00, 0x00,
    0x04, 0x10, 0x03, 0x04, 0x00, 0xC3, 0x80, 0x33, 0xFF, 0x0C, 0x7F, 0x0F, 0xFF, 0xC0, 0xC6, 0x60,
    0x7B, 0xFF, 0x9F, 0xFF, 0xCF, 0x7A, 0xC3, 0xDF, 0xFE, 0xF6, 0xFB, 0x3C, 0xFF, 0x03, 0x3F, 0xC0,
    0xC0, 0x80, 0x30, 0x20, 0x0C, 0x08, 0x00, 0x00, 0x00, 0x06, 0x00, 0x01, 0xBE, 0xF0, 0x6F, 0xFC,
    0x1B, 0x79, 0x1F, 0xDE, 0x47, 0xF7, 0xB0, 0x6F, 0xFC, 0x3F, 0x79, 0x0F, 0xDE, 0x47, 0xFF, 0xF1,
    0xED, 0xFC, 0x7B, 0x79, 0x16, 0xDE, 0x41, 0xE7, 0x90, 0x79, 0xE4, 0x1F, 0xF7, 0x07, 0x35, 0x80,
    0x00, 0x00, 0x02, 0x04, 0x01, 0x81, 0x80, 0x60, 0xE0, 0x19, 0xFF, 0x86, 0x3F, 0x8F, 0xFF, 0xF0,
    0x77, 0xEC, 0x3D, 0xFF, 0x0F, 0xE6, 0xC7, 0xF9, 0xB1, 0xE7, 0xFC, 0xD8, 0xFE, 0x36, 0x1F, 0x81,
    0x8D, 0xE0, 0x66, 0x6E, 0x19, 0x19, 0x82, 0x04, 0x00, 0x00, 0x00, 0x00, 0x20, 0x00, 0x08, 0x00,
    0x07, 0x00, 0x7F, 0xFF, 0x01, 0xF8, 0x00, 0xCF, 0x00, 0xE2, 0x70, 0xE0, 0x97, 0x9B, 0x26, 0xCF,
    0xF7, 0xF9, 0xFD, 0xFC, 0x1E, 0x3E, 0x0D, 0xDD, 0x83, 0xD7, 0xF3, 0xB3, 0x6E, 0xCC, 0x99, 0x81,
    0x04, 0x00, 0x00, 0x00, 0x04, 0x08, 0x03, 0x02, 0x00, 0xC1, 0xC0, 0x33, 0xFF, 0x8D, 0xBF, 0x6F,
    0xEF, 0xF8, 0xDB, 0x1E, 0x78, 0xC6, 0x1F, 0x3F, 0x8F, 0x4F, 0xC3, 0xD3, 0xFC, 0x30, 0xFF, 0x0C,
    0x30, 0xC3, 0x0C, 0x30, 0xC3, 0xFC, 0x30, 0xFF, 0x0C, 0x20, 0xC0, 0x00, 0x00, 0x0C, 0x08, 0x03,
    0x02, 0x00, 0xC7, 0xF8, 0x33, 0xFE, 0x1F, 0x3E, 0x0F, 0xD8, 0xC0, 0xCF, 0xFC, 0x7F, 0xFF, 0x1F,
    0x79, 0x0F, 0xFE, 0x43, 0xCD, 0x90, 0xF3, 0x64, 0x0C, 0xF9, 0x03, 0x30, 0x40, 0xC0, 0xF0, 0x30,
    0x3C, 0x00, 0x00, 0x00, 0x00, 0x00, 0x04, 0x04, 0x03, 0x01, 0x80, 0xC0, 0x60, 0x31, 0xFF, 0x8C,
    0x1F, 0x8F, 0xC7, 0xF0, 0xC7, 0x8C, 0x79, 0x7F, 0x1F, 0x5F, 0xCF, 0x5F, 0xF3, 0xD5, 0xFC, 0xF1,
    0x43, 0x3C, 0x7F, 0xC3, 0x17, 0xE0, 0xC7, 0xFE, 0x31, 0xFF, 0x8C, 0x40, 0x00, 0x00, 0x00, 0x04,
    0x12, 0x03, 0x04, 0xC0, 0xC3, 0x60, 0x31, 0xFF, 0x0C, 0x7F, 0xEF, 0xF9, 0x80, 0xCE, 0x60, 0x7F,
    0xFF, 0x1F, 0xBF, 0x8F, 0x59, 0x83, 0xD7, 0xFC, 0xF1, 0xFE, 0x0C, 0x66, 0x03, 0x19, 0x80, 0xC7,
    0xFE, 0x31, 0xFF, 0x8C, 0x20, 0x00, 0x00, 0x00, 0x0C, 0x08, 0x03, 0x07, 0x00, 0xC3, 0x70, 0x31,
    0x8F, 0x1F, 0xFF, 0xEF, 0xFF, 0xE1, 0xC0, 0x80, 0x78, 0x70, 0x3F, 0xFF, 0xCF, 0xF2, 0x33, 0xCF,
    0xFC, 0x33, 0xFE, 0x0C, 0x1E, 0x03, 0x0C, 0xC0, 0xC6, 0x1C, 0x33, 0x03, 0x80, 0x00, 0x00, 0x00,
    0x00, 0x04, 0x51, 0x03, 0xB4, 0xE0, 0x35, 0x60, 0x7F, 0xFF, 0x3F, 0xFF, 0xE0, 0xC1, 0x80, 0x18,
    0xC0, 0x7F, 0xFF, 0x0F, 0xFF, 0x80, 0xFF, 0x80, 0x3F, 0xE0, 0xFF, 0xFF, 0x9F, 0xFF, 0xC0, 0xEB,
    0x83, 0xF2, 0x7E, 0xF0, 0x87, 0x80, 0x20, 0x00, 0x00, 0x00, 0x04, 0x00, 0x03, 0x1F, 0xF8, 0xC7,
    0xFE, 0x30, 0x40, 0x0C, 0x38, 0x0F, 0xCF, 0x80, 0xC0, 0x7E, 0x79, 0xD9, 0x9F, 0x7F, 0xE7, 0x57,
    0xFB, 0xD5, 0xFC, 0xF1, 0xFB, 0xBC, 0x77, 0xE3, 0x07, 0x78, 0xC1, 0x9E, 0x33, 0xFF, 0x8C, 0xFF,
    0xE0, 0x00, 0x00, 0x02, 0x22, 0x00, 0x88, 0x90, 0x23, 0x3E, 0x08, 0xFE, 0x1F, 0xA3, 0x0F, 0xEC,
    0x98, 0xF7, 0xF6, 0x7F, 0x9F, 0x1B, 0xCC, 0x8C, 0xEF, 0xF3, 0x2B, 0xFC, 0x08, 0xFF, 0x02, 0x3F,
    0xC0, 0x88, 0x30, 0x23, 0xFC, 0x08, 0xFF, 0x02, 0x20, 0xC0, 0x00, 0x00, 0x04, 0x08, 0x03, 0x13,
    0x20, 0xC6, 0xCC, 0x30, 0xB6, 0x0C, 0x3F, 0x0F, 0xDF, 0xF8, 0xC3, 0xE0, 0x78, 0xFC, 0x1F, 0x6D,
    0xCF, 0x56, 0x23, 0xDF, 0xFE, 0xF3, 0xFF, 0x3C, 0x73, 0x03, 0x1F, 0x80, 0xC1, 0xF0, 0x33, 0xFF,
    0x8C, 0xF1, 0xE0, 0x00, 0x00, 0x00, 0x20, 0x02, 0x18, 0x21, 0xCF, 0x9C, 0x33, 0xF6, 0x07, 0xFF,
    0x00, 0x3F, 0x00, 0x78, 0xF0, 0x32, 0x36, 0x38, 0xFC, 0xE4, 0x3E, 0x13, 0xFF, 0xFE, 0x7F, 0xFF,
    0x01, 0xFC, 0x03, 0xEB, 0xE3, 0xE2, 0x3E, 0xE0, 0x83, 0x80, 0x20, 0x00, 0x00, 0x00, 0x04, 0x00,
    0x03, 0x3B, 0xE0, 0xDF, 0xFC, 0x32, 0xDE, 0x0D, 0xF7, 0x8F, 0xFD, 0xE0, 0xDB, 0x78, 0x7E, 0xDE,
    0x1F, 0xFF, 0xEF, 0x7B, 0xF3, 0xDB, 0x38, 0xF2, 0xDE, 0x0D, 0xB7, 0x83, 0x3F, 0xF8, 0xDD, 0xDE,
    0x36, 0x67, 0x8C, 0x10, 0xE0, 0x00, 0x00, 0x0C, 0x12, 0x03, 0x3F, 0xF0, 0xDF, 0xFC, 0x31, 0xFE,
    0x1F, 0x7F, 0x8F, 0xFF, 0xF0, 0xDF, 0xFC, 0x78, 0x70, 0x1F, 0x7F, 0x8F, 0xDF, 0xF3, 0xC7, 0xF8,
    0xF3, 0xF7, 0x0D, 0xFF, 0xE3, 0x38, 0x30, 0xC4, 0x18, 0x31, 0x1E, 0x00, 0x00, 0x00, 0x00, 0x00,
    0x02, 0x11, 0x01, 0x86, 0x60, 0x61, 0xF0, 0x18, 0xFF, 0x86, 0x1F, 0x8F, 0xF7, 0xF0, 0x60, 0x60,
    0x3C, 0x18, 0x0F, 0xBF, 0xE7, 0xFF, 0xF1, 0xEB, 0x76, 0xD8, 0x7F, 0x36, 0x1F, 0x81, 0x9D, 0xF0,
    0x66, 0x6E, 0x18, 0x71, 0x82, 0x18, 0x00, 0x00, 0x00, 0x02, 0x0A, 0x00, 0x9F, 0xF8, 0x27, 0xFE,
    0x08, 0x7C, 0x06, 0xFF, 0xEF, 0xFB, 0xD8, 0xE7, 0xFE, 0x7F, 0xFF, 0x9B, 0xFF, 0xEF, 0xBF, 0xF3,
    0x23, 0xFC, 0x48, 0xFF, 0x02, 0x3F, 0xC0, 0x8F, 0xF0, 0x23, 0xFC, 0x08, 0xFF, 0x02, 0x20, 0xC0,
    0x00, 0x00, 0x04, 0xFF, 0xC3, 0x3F, 0xF8, 0xC7, 0xF8, 0x79, 0xFF, 0x3F, 0xDA, 0xC7, 0x1E, 0xF1,
    0xE7, 0xFC, 0xFC, 0x00, 0x3D, 0xFF, 0xCF, 0x5F, 0xE3, 0xCF, 0xFE, 0x33, 0xFF, 0x0C, 0x25, 0x03,
    0x19, 0xF0, 0xCC, 0x6E, 0x32, 0x71, 0x8C, 0x18, 0x00, 0x00, 0x00, 0x02, 0x09, 0x01, 0x82, 0x40,
    0x67, 0xFC, 0x19, 0xFF, 0x1F, 0xBF, 0x8F, 0xFF, 0xE0, 0xF7, 0xF8, 0x3C, 0xFE, 0x1F, 0xFF, 0x87,
    0xEF, 0xE3, 0x67, 0xFC, 0x19, 0xFF, 0x06, 0x0E, 0x01, 0x87, 0xC0, 0x67, 0x1C, 0x19, 0x87, 0x00,
    0x00, 0x00, 0x00, 0x00, 0x04, 0x10, 0x03, 0x0F, 0xE0, 0xC7, 0xFC, 0x33, 0x30, 0x0C, 0x4C, 0x0F,
    0xFF, 0xF8, 0xE3, 0xF0, 0x78, 0x98, 0x1F, 0x7F, 0xEF, 0x7F, 0xF3, 0xDF, 0xFC, 0xF2, 0xFE, 0x3C,
    0x7F, 0xC3, 0x1F, 0xE0, 0xC7, 0xFE, 0x31, 0xFF, 0x8C, 0x20, 0x00, 0x00, 0x00, 0x0C, 0x12, 0x03,
    0x04, 0x80, 0xC7, 0xF8, 0x31, 0xFE, 0x1F, 0x12, 0x0F, 0xFF, 0xF0, 0xDF, 0xFC, 0x79, 0xFE, 0x1F,
    0x7F, 0xCF, 0xDF, 0xE3, 0xC7, 0xF8, 0xF1, 0x23, 0x0C, 0x5C, 0xC3, 0x1F, 0xE0, 0xCE, 0x1C, 0x37,
    0x03, 0x80, 0x00, 0x00, 0x00, 0x00, 0x04, 0x20, 0x03, 0x0C, 0x30, 0xCF, 0xCC, 0x33, 0xFB, 0x0C,
    0x78, 0xCF, 0xDF, 0xF8, 0xC0, 0x8C, 0x79, 0xF3, 0x1F, 0x7F, 0xCF, 0x5F, 0x73, 0xD7, 0x8C, 0xF1,
    0x33, 0x1C, 0x78, 0xC3, 0x1F, 0xB0, 0xCF, 0xCC, 0x33, 0x8F, 0x0C, 0x03, 0x80, 0x00, 0x00, 0x04,
    0x07, 0x83, 0x0F, 0xE0, 0xC3, 0xC0, 0x31, 0x3F, 0x0C, 0x7F, 0xEF, 0xCE, 0x60, 0xC3, 0xFC, 0x79,
    0xFF, 0x9F, 0x5F, 0x8F, 0x47, 0xC3, 0xD7, 0xFE, 0xF1, 0xFF, 0x8C, 0x5F, 0x63, 0x1F, 0xF8, 0xC5,
    0xFE, 0x31, 0x7F, 0x8C, 0x41, 0xC0, 0x00, 0x00, 0x04, 0x29, 0x83, 0x0B, 0x60, 0xC3, 0xD8, 0x33,
    0xFF, 0x0C, 0x7F, 0xCF, 0xDF, 0x60, 0xCF, 0xFC, 0x7F, 0xFF, 0x9F, 0x8C, 0xCF, 0x7F, 0xFB, 0xCE,
    0x6C, 0xF1, 0x9B, 0x0C, 0x7F, 0x83, 0x35, 0xD8, 0xC8, 0xFE, 0x36, 0xF7, 0x8D, 0x30, 0xC0, 0x00,
    0x00, 0x06, 0x00, 0x01, 0xBE, 0xF0, 0x6F, 0xFC, 0x1B, 0x7B, 0x0E, 0xFF, 0xC7, 0xF7, 0xF0, 0x6F,
    0xFC, 0x3F, 0x33, 0x0F, 0xFF, 0xC7, 0xFF, 0xF1, 0xEF, 0xFC, 0x7B, 0xFF, 0x16, 0xFF, 0xC1, 0xB7,
    0xF0, 0x6F, 0xFC, 0x1B, 0xF7, 0x06, 0xD4, 0xC0, 0x00, 0x00, 0x01, 0x00, 0x00, 0xC0, 0x00, 0x30,
    0x00, 0x0F, 0xFE, 0x01, 0xFF, 0xC0, 0xC0, 0x30, 0x62, 0x18, 0x18, 0x8C, 0x0C, 0x22, 0x07, 0x08,
    0x00, 0x87, 0x00, 0x01, 0x60, 0x00, 0xD8, 0x00, 0x63, 0x00, 0x70, 0x70, 0xF8, 0x0F, 0xB8, 0x01,
    0xE0, 0x00, 0x00, 0x00, 0x20, 0x00, 0x0C, 0x00, 0x03, 0x00, 0x60, 0xC0, 0x0C, 0x7F, 0xC1, 0x9A,
    0x30, 0x0C, 0x8C, 0x02, 0x26, 0x06, 0x0C, 0x01, 0x87, 0x00, 0xE1, 0xC0, 0x30, 0x78, 0x0C, 0x33,
    0x0E, 0x0C, 0xC3, 0x06, 0x1C, 0x07, 0x03, 0x81, 0x80, 0x60, 0x00, 0x00, 0x00, 0x0C, 0x07, 0xFB,
    0x01, 0xFE, 0xC0, 0x60, 0x3E, 0x1E, 0x7F, 0xC6, 0xDE, 0x31, 0xBD, 0xEC, 0x66, 0xDB, 0x19, 0xB6,
    0x86, 0xFD, 0x81, 0xB6, 0xF0, 0x79, 0xBC, 0x1E, 0x79, 0x86, 0x06, 0x61, 0xFF, 0x8C, 0x7F, 0xC1,
    0x10, 0x20, 0x40, 0x00, 0x00, 0x00, 0x00, 0x01, 0x99, 0x80, 0x63, 0x40, 0x30, 0xD8, 0x19, 0x9F,
    0xEC, 0xF3, 0x38, 0x66, 0x8C, 0x30, 0xFB, 0x18, 0x13, 0x0F, 0xFC, 0xC3, 0xFF, 0x30, 0x30, 0xDE,
    0x0C, 0x37, 0x83, 0xFF, 0x70, 0xFE, 0x8C, 0x30, 0x63, 0x8C, 0x10, 0x60, 0x00, 0x00, 0x04, 0x48,
    0x03, 0x12, 0x01, 0xFE, 0x80, 0xFF, 0xB0, 0x0C, 0xCF, 0xC3, 0x33, 0x30, 0xFD, 0xCC, 0x33, 0x5B,
    0x0F, 0xC7, 0x83, 0xF1, 0xC0, 0xC4, 0x60, 0xFF, 0xBC, 0x13, 0x69, 0x83, 0x26, 0x61, 0xCD, 0x1C,
    0xE1, 0xC3, 0xB0, 0x60, 0x60, 0x00, 0x00, 0x01, 0x04, 0x00, 0xC1, 0x80, 0x38, 0x40, 0xFF, 0x98,
    0x0F, 0xEF, 0xE7, 0xFB, 0x98, 0x00, 0xF6, 0x7F, 0x6B, 0x0F, 0xD2, 0x0F, 0xFC, 0xC1, 0xBC, 0x78,
    0x6D, 0x1E, 0x1B, 0x6C, 0xCE, 0xCA, 0x33, 0x33, 0x8E, 0xFC, 0x41, 0x86, 0x10, 0x60, 0x00, 0x00,
    0x00, 0x08, 0x0F, 0xFA, 0x03, 0xFE, 0x80, 0x01, 0x3F, 0x1F, 0xCF, 0xE7, 0xF3, 0x99, 0xFD, 0x36,
    0x06, 0x4B, 0x3F, 0xF3, 0x07, 0xFC, 0xC1, 0xF4, 0x78, 0x7F, 0x1E, 0x1F, 0xCD, 0xC7, 0xF2, 0x31,
    0x85, 0x8E, 0x07, 0xC1, 0x81, 0xA0, 0x60, 0x00, 0x00, 0x04, 0x04, 0x03, 0x01, 0x80, 0xFC, 0x60,
    0x7F, 0x3F, 0x32, 0x0F, 0xE1, 0x83, 0x1B, 0xFF, 0xF6, 0x3F, 0xEF, 0x1F, 0xF3, 0x0E, 0xF8, 0xC1,
    0xFC, 0x78, 0x7F, 0x16, 0x1F, 0xCD, 0xC7, 0xF3, 0x31, 0xFF, 0x8E, 0x7F, 0xC1, 0x88, 0x10, 0x60,
    0x00, 0x00, 0x00, 0x20, 0x00, 0x08, 0x00, 0x02, 0x00, 0x00, 0x80, 0x00, 0x20, 0x01, 0x88, 0x00,
    0x62, 0x00, 0x18, 0x80, 0x06, 0x3F, 0xC1, 0x8F, 0xE0, 0x62, 0x00, 0x18, 0x80, 0x06, 0x20, 0x01,
    0x88, 0x03, 0xFF, 0xFE, 0xFF, 0xFF, 0x80, 0x00, 0x00, 0x00, 0x00, 0x00, 0x00, 0x00, 0x00, 0x01,
    0xFF, 0xFC, 0x01, 0xC0, 0x00, 0x20, 0x01, 0x88, 0x00, 0x62, 0x00, 0x18, 0xFE, 0x06, 0x3F, 0x01,
    0x88, 0x00, 0x62, 0x00, 0x18, 0x80, 0x06, 0x20, 0x0F, 0xFF, 0xFB, 0xFF, 0xFE, 0x00, 0x00, 0x00,
    0x00, 0x00, 0x00, 0x00, 0x00, 0x10, 0x00, 0x06, 0x80, 0x7F, 0x30, 0x3F, 0xC6, 0x00, 0x10, 0xC0,
    0x0E, 0x33, 0xFF, 0xFE, 0x06, 0x30, 0x00, 0x88, 0x03, 0x23, 0x00, 0xCE, 0x60, 0x33, 0x98, 0x0C,
    0x86, 0x63, 0x20, 0xD8, 0xCF, 0x3E, 0xFF, 0xC7, 0xBF, 0x00, 0x80, 0x00, 0x00, 0x00, 0x20, 0x00,
    0x08, 0x00, 0x02, 0x00, 0x18, 0xFC, 0x06, 0x3F, 0x81, 0x88, 0x00, 0x62, 0x00, 0xFF, 0xFF, 0x9F,
    0xFF, 0xC0, 0x49, 0xC0, 0x72, 0x7C, 0xF8, 0x82, 0x3C, 0xE6, 0x00, 0x37, 0x80, 0x0F, 0x80, 0xFF,
    0x80, 0x3F, 0x00, 0x00, 0x00, 0x00, 0x00, 0x20, 0x00, 0x8F, 0x80, 0x63, 0xF0, 0x18, 0x80, 0x06,
    0x70, 0x0F, 0xFF, 0xF8, 0x92, 0x50, 0x64, 0x9E, 0x19, 0xFD, 0x87, 0xFF, 0xE1, 0xBF, 0xD8, 0x66,
    0xE6, 0x1F, 0x2F, 0x86, 0x89, 0x61, 0xFF, 0xF8, 0x7F, 0xFE, 0x18, 0x01, 0x80, 0x00, 0x00, 0x00,
    0x10, 0x00, 0x47, 0xE0, 0x31, 0xF8, 0x04, 0x60, 0x03, 0x18, 0x07, 0xFF, 0xF8, 0x00, 0xD8, 0x3F,
    0xFF, 0x8F, 0xFF, 0xC3, 0x7B, 0x30, 0xDE, 0xD8, 0x35, 0x9E, 0x1F, 0xFF, 0x06, 0xD5, 0xDB, 0xE4,
    0xFE, 0xF7, 0xE7, 0xB1, 0xB0, 0xE0, 0x00, 0x00, 0x00, 0x00, 0x03, 0xFF, 0xF8, 0xFF, 0xFC, 0x31,
    0x08, 0x0F, 0xFF, 0xE3, 0xFF, 0xF8, 0xDE, 0xF8, 0x3D, 0xEB, 0x8E, 0x53, 0x63, 0x12, 0xC1, 0x84,
    0xA0, 0x60, 0x30, 0x19, 0x8F, 0xC6, 0x22, 0x03, 0x3F, 0xFC, 0xDF, 0xFF, 0x80, 0x00, 0x00, 0x00,
    0x00, 0x00, 0x00, 0x0F, 0xFF, 0xF1, 0xFF, 0xF8, 0x18, 0x20, 0x06, 0x0C, 0x01, 0xF3, 0x00, 0xFC,
    0xCC, 0x31, 0x3F, 0x0F, 0x4F, 0x87, 0xF3, 0x83, 0x08, 0xC0, 0x06, 0x30, 0x03, 0x0C, 0x61, 0x82,
    0x19, 0xC0, 0xFE, 0xE0, 0x1F, 0x00, 0x00, 0x00, 0x00, 0x00, 0x00, 0x00, 0x07, 0xE6, 0x01, 0xFD,
    0x80, 0x18, 0x7F, 0x07, 0x30, 0xC3, 0xFF, 0x10, 0xDB, 0xE4, 0x36, 0xD9, 0x0D, 0xB6, 0x47, 0xEF,
    0x91, 0xB3, 0x64, 0x0C, 0xD9, 0x06, 0x3E, 0x41, 0x87, 0x90, 0xC0, 0x0C, 0x70, 0x3E, 0x10, 0x0F,
    0x00, 0x00, 0x00, 0x00, 0x04, 0x0F, 0xE5, 0x83, 0xF9, 0xE0, 0x30, 0x7E, 0x0F, 0x3F, 0xC3, 0xFD,
    0x81, 0x9A, 0x60, 0x66, 0x18, 0x1F, 0xFF, 0xEF, 0xDF, 0xF1, 0x31, 0xF8, 0x1C, 0x76, 0x06, 0x37,
    0xC1, 0x99, 0xB1, 0xCC, 0x6E, 0xE2, 0x19, 0xB0, 0x04, 0x00, 0x00, 0x00, 0x00, 0x0A, 0x07, 0xE2,
    0xC3, 0xF8, 0xF0, 0x30, 0xFC, 0x0F, 0xB8, 0x03, 0xE3, 0xC1, 0x99, 0xF0, 0x66, 0xE0, 0x1F, 0x0C,
    0x0D, 0xC3, 0xE0, 0x33, 0xC8, 0x18, 0x1E, 0x0C, 0x03, 0x43, 0x01, 0xD9, 0x83, 0xFE, 0xC0, 0xE7,
    0x80, 0x00, 0x00, 0x00, 0x00, 0x00, 0x04, 0x07, 0xC1, 0x83, 0xF0, 0x60, 0x31, 0xFF, 0x8C, 0x1F,
    0x83, 0xC7, 0xF1, 0xB7, 0x8C, 0x6D, 0xFF, 0x1F, 0x5F, 0xCF, 0xD7, 0xF3, 0x65, 0xFC, 0x59, 0x43,
    0x0E, 0x7F, 0xC3, 0x17, 0xE1, 0xC7, 0xFE, 0xE1, 0xFF, 0xB0, 0x40, 0x00, 0x00, 0x00, 0x0F, 0xEF,
    0x07, 0xFF, 0xE1, 0x80, 0xD8, 0x78, 0xF6, 0x1B, 0x3D, 0xE6, 0xDB, 0x79, 0xBD, 0x9E, 0x66, 0x43,
    0x99, 0xCF, 0x86, 0xDB, 0xF1, 0xB3, 0xCC, 0x78, 0xF3, 0x1E, 0x37, 0x86, 0x00, 0xC1, 0xFF, 0x78,
    0x7F, 0xF7, 0x90, 0x18, 0x60, 0x00, 0x00, 0x00, 0xC0, 0x01, 0xF7, 0x80, 0xF1, 0xF0, 0x30, 0x4C,
    0x0F, 0x93, 0x43, 0xEC, 0xD8, 0xC2, 0x36, 0x30, 0x87, 0x0F, 0x80, 0x03, 0xEF, 0xC0, 0xC3, 0xF8,
    0x33, 0x4C, 0x3F, 0xDB, 0x0F, 0xC3, 0x80, 0xC1, 0xF0, 0x33, 0xCF, 0x84, 0x60, 0xE0, 0x00, 0x00,
    0x00, 0x40, 0x02, 0x33, 0xC1, 0xCC, 0xF0, 0x1E, 0x24, 0x03, 0xD9, 0x41, 0xB2, 0x70, 0xD7, 0x9C,
    0xEC, 0x43, 0x0B, 0x10, 0x87, 0xF7, 0xE0, 0x79, 0x88, 0x3F, 0x22, 0x0F, 0xCD, 0x86, 0xD9, 0xC3,
    0x31, 0xFC, 0x0C, 0x67, 0x00, 0x00, 0x00, 0x00, 0x00, 0x02, 0x00, 0x01, 0x83, 0xC1, 0xFF, 0xF0,
    0xFF, 0xE4, 0x0F, 0xD9, 0x47, 0xF6, 0x70, 0x03, 0x0C, 0xFF, 0x82, 0x37, 0x7F, 0x8F, 0xFE, 0x20,
    0xDF, 0x88, 0x36, 0x36, 0x0D, 0x87, 0x06, 0x79, 0xC1, 0x9D, 0xDC, 0xC0, 0xE7, 0x00, 0x00, 0x00,
    0x00, 0x00, 0x00, 0x00, 0x07, 0xF3, 0xE1, 0xFC, 0xF8, 0x61, 0x36, 0x1F, 0xCD, 0xE7, 0xF6, 0x79,
    0xEB, 0x9E, 0x7F, 0xC3, 0x9F, 0xDF, 0x87, 0xA7, 0xF1, 0xFC, 0xCC, 0x7F, 0x36, 0x1A, 0x87, 0x87,
    0xB3, 0xE3, 0x64, 0xDC, 0xF1, 0x61, 0x80, 0x00, 0x00, 0x00, 0x00, 0x04, 0x00, 0x07, 0x73, 0xC3,
    0x9C, 0xF8, 0xC1, 0x26, 0x3D, 0xC9, 0x8F, 0x76, 0x7B, 0x05, 0x1E, 0xC3, 0x43, 0xBF, 0xC0, 0x07,
    0xF7, 0xF0, 0x61, 0xFC, 0xFF, 0x23, 0x3F, 0xCD, 0x81, 0x99, 0xC0, 0x7E, 0xF8, 0xFE, 0xF7, 0xBC,
    0x30, 0xE0, 0x00, 0x00, 0x00, 0x00, 0x01, 0xFF, 0xE0, 0x7F, 0xF8, 0x19, 0x86, 0x06, 0x79, 0x81,
    0x86, 0x63, 0xFF, 0xFC, 0xFF, 0xFF, 0x8C, 0xC3, 0x03, 0x3C, 0xC0, 0xC3, 0x30, 0x60, 0x0C, 0x1F,
    0xFF, 0xC6, 0x00, 0xC0, 0x01, 0xF0, 0x00, 0x78, 0x00, 0x00, 0x00, 0x00, 0x00, 0x02, 0x00, 0x01,
    0x80, 0x00, 0x60, 0x00, 0x3F, 0xFF, 0x0C, 0x00, 0x06, 0x00, 0x03, 0x7F, 0xF0, 0x19, 0xCC, 0x06,
    0x23, 0x0F, 0xFF, 0xF9, 0xFF, 0xFC, 0x31, 0x18, 0x1C, 0x46, 0x07, 0xFF, 0xF1, 0xFF, 0xF8, 0x20,
    0xF0, 0x00, 0x38, 0x00, 0x00, 0x00, 0x00, 0x20, 0x03, 0xFF, 0xE1, 0xFF, 0xFC, 0x01, 0xC0, 0x0F,
    0xFF, 0x81, 0xFF, 0xC3, 0xFF, 0xFE, 0x00, 0x00, 0x07, 0xFF, 0x01, 0xFF, 0xC3, 0xFF, 0xFE, 0x7F,
    0xFF, 0x0C, 0x43, 0x07, 0xFF, 0xF1, 0xFF, 0xF8, 0x60, 0xF0, 0x00, 0x38, 0x00, 0x00, 0x00, 0x0C,
    0x10, 0x03, 0x0C, 0x00, 0xC1, 0x00, 0x30, 0xC0, 0x0C, 0x30, 0x83, 0xF4, 0x60, 0xFD, 0x70, 0x30,
    0xF8, 0x0C, 0x18, 0x03, 0x0C, 0x00, 0xC3, 0x00, 0x30, 0xC1, 0x0C, 0x10, 0x43, 0xF4, 0x13, 0xE3,
    0xFC, 0x00, 0x7F, 0x00, 0x00, 0x00, 0x00, 0x00, 0x00, 0x1E, 0x00, 0x3F, 0xC0, 0x1E, 0x00, 0x7F,
    0x00, 0x00, 0x40, 0x00, 0x33, 0xE0, 0x3F, 0x80, 0x7F, 0xC0, 0x0E, 0x40, 0x00, 0x33, 0xF0, 0x3F,
    0xF8, 0xFF, 0xC0, 0x1E, 0x40, 0x60, 0x10, 0x18, 0x04, 0x06, 0x01, 0xFF, 0x00, 0x3F, 0x80, 0x00,
    0x00, 0x00, 0x1F, 0x03, 0xFF, 0xC0, 0xFE, 0x00, 0x31, 0x80, 0x0C, 0x60, 0x03, 0x18, 0x00, 0xC6,
    0x00, 0x3F, 0xFE, 0x0C, 0x30, 0x03, 0x0C, 0x00, 0xC1, 0x80, 0x30, 0x60, 0x0C, 0xEC, 0x43, 0xE1,
    0x93, 0xC0, 0x3C, 0x00, 0x07, 0x00, 0x00, 0x00, 0x00, 0x00, 0x00, 0x00, 0x03, 0xFF, 0xC0, 0xFF,
    0xF0, 0x30, 0x04, 0x0C, 0x01, 0x03, 0xFF, 0xC0, 0xFF, 0xF0, 0x30, 0x40, 0x0F, 0xFF, 0x83, 0xFF,
    0xE0, 0xC1, 0x80, 0x30, 0x21, 0x0F, 0xCC, 0x4F, 0xF1, 0x93, 0xC0, 0x3C, 0x00, 0x06, 0x00, 0x00,
    0x00, 0x00, 0x00, 0x02, 0x00, 0x00, 0x80, 0x00, 0x30, 0x00, 0x1F, 0xFF, 0x07, 0xFF, 0x03, 0x7F,
    0xE1, 0x80, 0x00, 0xFF, 0xF8, 0x17, 0xFF, 0x01, 0x04, 0xC0, 0x73, 0x30, 0x0F, 0x8C, 0x00, 0xC3,
    0x60, 0x78, 0x98, 0x73, 0x36, 0x78, 0x67, 0x88, 0x08, 0x80, 0x00, 0x00, 0x00, 0x20, 0x00, 0x08,
    0x00, 0x02, 0x00, 0x00, 0x80, 0x00, 0x20, 0x00, 0x08, 0x63, 0xF2, 0x30, 0x0C, 0x98, 0x03, 0x3C,
    0x01, 0xCE, 0x00, 0x62, 0xC0, 0x38, 0x98, 0x18, 0x23, 0x8C, 0x08, 0x79, 0x02, 0x0C, 0x07, 0x80,
    0x01, 0xC0, 0x00, 0x00, 0x00, 0x00, 0x20, 0x00, 0x0C, 0x00, 0x43, 0x00, 0x38, 0xC0, 0x07, 0x31,
    0x80, 0x4C, 0x60, 0x03, 0x30, 0x7E, 0xF8, 0x01, 0xB8, 0x00, 0x6E, 0x00, 0x13, 0xC0, 0x0C, 0xD8,
    0x0E, 0x33, 0x8F, 0x0C, 0x79, 0x83, 0x04, 0x07, 0x80, 0x01, 0xC0, 0x00, 0x00, 0x00, 0x01, 0xC0,
    0x00, 0x7E, 0x00, 0x03, 0x80, 0x00, 0x00, 0x03, 0xE0, 0x00, 0xF8, 0x00, 0x06, 0x0C, 0x00, 0xC6,
    0x1F, 0xF9, 0x83, 0x7F, 0xC0, 0x1A, 0xE0, 0x04, 0xB0, 0x03, 0x26, 0x01, 0x88, 0xE3, 0xC2, 0x1E,
    0xE3, 0x83, 0x80, 0xC0, 0x00, 0x00, 0x00, 0x04, 0x00, 0x03, 0x8F, 0xE0, 0x63, 0xFC, 0x0C, 0xC3,
    0x00, 0x30, 0xC6, 0x0C, 0x30, 0xC3, 0x0C, 0x18, 0xC3, 0x02, 0x30, 0xC0, 0x0F, 0xE0, 0x33, 0xF0,
    0x1C, 0xC0, 0x06, 0x30, 0x63, 0x8C, 0x19, 0xC3, 0x06, 0xE0, 0xFF, 0xB0, 0x1F, 0xC0, 0x00, 0x00,
    0x04, 0x04, 0x03, 0x81, 0x80, 0x60, 0x60, 0x0C, 0x18, 0x00, 0x06, 0x06, 0x01, 0x80, 0xC0, 0x60,
    0x19, 0xFF, 0x82, 0x7F, 0xC0, 0x41, 0x80, 0x70, 0x60, 0x18, 0x18, 0x0E, 0x06, 0x03, 0x01, 0x83,
    0x80, 0x60, 0xC0, 0x18, 0x00, 0x04, 0x00, 0x00, 0x00, 0x00, 0x24, 0x00, 0x19, 0x80, 0x06, 0x30,
    0x3F, 0xFF, 0x1F, 0xFF, 0xC1, 0x18, 0x20, 0xE6, 0x18, 0x1D, 0xCC, 0x03, 0x7E, 0x00, 0x3B, 0x00,
    0x1E, 0x60, 0x1D, 0x8C, 0x1E, 0x61, 0xCE, 0x18, 0x30, 0x16, 0x00, 0x0F, 0x00, 0x00, 0x00, 0x00,
    0x00, 0x00, 0x04, 0x00, 0x03, 0x8F, 0xC0, 0x73, 0xF8, 0x0C, 0x86, 0x00, 0x21, 0x86, 0x08, 0x60,
    0xC2, 0x98, 0x18, 0xB6, 0x00, 0x25, 0x80, 0x49, 0xE0, 0x72, 0x58, 0x19, 0x87, 0x8E, 0x41, 0xE7,
    0x10, 0x7B, 0x8C, 0x1E, 0xC6, 0x07, 0x81, 0x00, 0xC0, 0x00, 0x00, 0x08, 0x00, 0x07, 0x3F, 0xE0,
    0xCF, 0xFC, 0x18, 0x30, 0x00, 0x08, 0x0C, 0x02, 0x01, 0x80, 0x80, 0x33, 0xFF, 0x84, 0xFF, 0xC0,
    0x42, 0x00, 0x70, 0x80, 0x18, 0x20, 0x0E, 0x08, 0x03, 0x02, 0x03, 0x80, 0x80, 0xC0, 0x20, 0x00,
    0x08, 0x00, 0x00, 0x00, 0x0C, 0x00, 0x03, 0x9F, 0xE0, 0x77, 0xF8, 0x0C, 0x40, 0x00, 0xFF, 0xC6,
    0x7F, 0xF0, 0xC2, 0x00, 0x18, 0xC0, 0x00, 0x7F, 0x80, 0xD0, 0x30, 0x64, 0x0C, 0x18, 0x03, 0x0C,
    0x00, 0xC6, 0x00, 0x33, 0x00, 0x7C, 0x00, 0x3E, 0x00, 0x00, 0x00, 0x00, 0x00, 0x0C, 0x00, 0x03,
    0x80, 0x00, 0x77, 0xF8, 0x0D, 0xFE, 0x00, 0x08, 0x06, 0x02, 0x00, 0xC0, 0x80, 0x18, 0x20, 0x00,
    0x08, 0x00, 0xC2, 0x00, 0x60, 0x80, 0x18, 0x20, 0x0C, 0x08, 0x06, 0x07, 0x03, 0x1F, 0xFE, 0x00,
    0x00, 0x00, 0x00, 0x00, 0x00, 0x00, 0x0C, 0x08, 0x03, 0x82, 0x00, 0x70, 0x80, 0x04, 0x22, 0x00,
    0x4D, 0xC0, 0x17, 0xF1, 0x8F, 0xCC, 0x33, 0xE3, 0x06, 0xE8, 0xC0, 0x92, 0x30, 0x1C, 0xB8, 0x1D,
    0x25, 0x86, 0x48, 0x63, 0x90, 0x19, 0xC4, 0x06, 0xE1, 0xFF, 0xB0, 0x3F, 0xC0, 0x00, 0x00, 0x0C,
    0x08, 0x03, 0x83, 0x00, 0x70, 0xC0, 0x04, 0x30, 0x08, 0x0C, 0x06, 0x3F, 0xF0, 0xCF, 0xFE, 0x18,
    0x70, 0x00, 0x1E, 0x00, 0xC7, 0x80, 0x63, 0x30, 0x18, 0x8C, 0x0C, 0x71, 0x87, 0x16, 0x63, 0x8C,
    0xDC, 0xC6, 0x23, 0x81, 0x00, 0x60, 0x00, 0x00, 0x04, 0x10, 0x03, 0x86, 0x00, 0x61, 0x00, 0x0E,
    0xE0, 0x01, 0xFF, 0x86, 0x06, 0x60, 0xC1, 0x18, 0x18, 0x46, 0x02, 0x11, 0x80, 0x7F, 0xF8, 0x7F,
    0xFC, 0x18, 0xE0, 0x0E, 0x2C, 0x03, 0x19, 0x83, 0x8C, 0x38, 0xDE, 0x07, 0x83, 0x00, 0xE0, 0x00,
    0x00, 0x08, 0x40, 0x07, 0x1F, 0xE0, 0xC7, 0xFC, 0x1B, 0xFC, 0x00, 0xFF, 0x8C, 0x60, 0x01, 0xB0,
    0x00, 0x37, 0xFE, 0x04, 0xFF, 0x81, 0x80, 0x60, 0x60, 0x18, 0x38, 0x06, 0x0C, 0x01, 0xE7, 0x00,
    0x7B, 0x80, 0x1E, 0xC0, 0x07, 0x80, 0x00, 0xC0, 0x00, 0x00, 0x08, 0x00, 0x87, 0x01, 0xF0, 0xC0,
    0xF8, 0x19, 0xF0, 0x00, 0x08, 0x0C, 0x02, 0x01, 0x80, 0x80, 0x30, 0x30, 0x00, 0xFF, 0xE1, 0xBF,
    0xF0, 0x61, 0xC0, 0x38, 0x5C, 0x0C, 0x33, 0x03, 0x0C, 0xC3, 0x86, 0x1C, 0xC7, 0x03, 0x81, 0x80,
    0x60, 0x00, 0x00, 0x30, 0x10, 0x0E, 0x0C, 0x01, 0xC1, 0x00, 0x37, 0xFE, 0x33, 0xFF, 0xCE, 0xC4,
    0x31, 0xF3, 0x0C, 0x34, 0x42, 0x04, 0x38, 0x03, 0x1E, 0x00, 0xC7, 0x80, 0x61, 0xE1, 0x98, 0xC8,
    0x6C, 0x33, 0x1B, 0x18, 0x7C, 0x0C, 0x00, 0x00, 0x00, 0x00, 0x00, 0x00, 0x08, 0x04, 0x07, 0x01,
    0x80, 0xC0, 0x60, 0x18, 0x18, 0x00, 0x7F, 0xE6, 0x11, 0x98, 0xC4, 0x66, 0x19, 0x19, 0x82, 0x46,
    0x61, 0x9F, 0xF8, 0x67, 0xFE, 0x39, 0x19, 0x8C, 0x06, 0x03, 0x01, 0x83, 0x80, 0x60, 0xC0, 0x18,
    0x00, 0x04, 0x00, 0x00, 0x00, 0x04, 0x08, 0x03, 0x83, 0x00, 0x70, 0xC0, 0x0C, 0x30, 0x18, 0x6D,
    0x83, 0x1B, 0x30, 0x66, 0xCC, 0x03, 0x31, 0x80, 0x8C, 0x41, 0xA3, 0x30, 0x63, 0x98, 0x30, 0x46,
    0x18, 0x03, 0x06, 0x03, 0x83, 0x83, 0xC0, 0xC7, 0xC0, 0x01, 0xC0, 0x00, 0x00, 0x00, 0x08, 0x00,
    0x07, 0x0F, 0x80, 0xE7, 0xE0, 0x19, 0x88, 0x00, 0x62, 0x46, 0x18, 0x90, 0xCC, 0x34, 0x1E, 0x07,
    0x00, 0x81, 0x01, 0xFF, 0xC0, 0x66, 0x30, 0x31, 0x9C, 0x0C, 0x3C, 0x06, 0x07, 0x03, 0x17, 0x7C,
    0x0F, 0x07, 0x00, 0x00, 0x00, 0x00, 0x00, 0x08, 0x00, 0x07, 0x1F, 0xE0, 0xC7, 0xFC, 0x19, 0x03,
    0x00, 0x40, 0xC6, 0x10, 0x30, 0xC4, 0x0C, 0x19, 0xFF, 0x02, 0x7F, 0x81, 0x91, 0x80, 0x64, 0x70,
    0x3B, 0x0C, 0x0D, 0x83, 0x87, 0x20, 0x63, 0x98, 0x1C, 0xCC, 0x03, 0x81, 0x00, 0x60, 0x00, 0x00,
    0x08, 0x00, 0x07, 0x3F, 0xF0, 0xCF, 0xFE, 0x18, 0x06, 0x00, 0x01, 0x86, 0x1F, 0x60, 0xC6, 0xD8,
    0x19, 0x36, 0x02, 0x4D, 0x81, 0x93, 0x60, 0x67, 0xD8, 0x39, 0xE6, 0x0C, 0x41, 0x83, 0x00, 0x63,
    0x80, 0x18, 0xC0, 0x3E, 0x00, 0x0E, 0x00, 0x00, 0x00, 0x18, 0x24, 0x07, 0x19, 0x00, 0xEF, 0xF8,
    0xDF, 0xFE, 0x30, 0x64, 0x87, 0x3F, 0xE0, 0xDF, 0xF8, 0x07, 0x90, 0x03, 0xFF, 0xC0, 0xFF, 0xF0,
    0x66, 0xC4, 0x31, 0x91, 0x0C, 0x65, 0xC6, 0x31, 0x03, 0x0C, 0x40, 0x06, 0x10, 0x00, 0x00, 0x00,
    0x00, 0x00, 0x08, 0x04, 0x07, 0x01, 0x80, 0xC0, 0x60, 0x18, 0x18, 0x00, 0x06, 0x06, 0x1F, 0xF8,
    0xC4, 0x66, 0x19, 0x19, 0x82, 0x46, 0x61, 0x9F, 0xF8, 0x67, 0xFE, 0x39, 0x19, 0x8C, 0x46, 0x63,
    0x11, 0x9B, 0x87, 0xFE, 0xC1, 0xFF, 0x80, 0x40, 0x60, 0x00, 0x00, 0x08, 0x08, 0x07, 0x03, 0x00,
    0xE1, 0xD0, 0x18, 0x66, 0x00, 0x19, 0x86, 0x0C, 0x30, 0xC2, 0x7C, 0x1B, 0xF5, 0x82, 0xF8, 0x01,
    0x80, 0x00, 0x67, 0xFC, 0x39, 0xFF, 0x0C, 0x40, 0xC3, 0x10, 0x33, 0x87, 0xFC, 0xC1, 0xFF, 0x00,
    0x40, 0xC0, 0x00, 0x00, 0x08, 0x00, 0x03, 0x1F, 0xF0, 0x6F, 0xFC, 0x0C, 0x63, 0x00, 0x18, 0xC3,
    0x0C, 0x30, 0x63, 0x0C, 0x0D, 0x86, 0x00, 0xCF, 0x00, 0xC1, 0x80, 0x37, 0xFC, 0x1D, 0xFF, 0x06,
    0x60, 0xC3, 0x98, 0x31, 0x87, 0xFC, 0x41, 0xFF, 0x00, 0x60, 0x40, 0x00, 0x00, 0x00, 0x02, 0x06,
    0x04, 0xC0, 0xC1, 0xB0, 0x18, 0x66, 0x00, 0x31, 0x86, 0x18, 0x30, 0xC4, 0x0C, 0x19, 0x01, 0x80,
    0x00, 0x01, 0x8F, 0xF0, 0x63, 0xFC, 0x38, 0x83, 0x0C, 0x20, 0xC3, 0x08, 0x33, 0x83, 0xFC, 0xC0,
    0xFF, 0x00, 0x20, 0xC0, 0x00, 0x00, 0x00, 0x00, 0x06, 0x1F, 0xF0, 0xC7, 0xFC, 0x19, 0x03, 0x02,
    0x60, 0xC6, 0x18, 0x31, 0xC4, 0x0C, 0x39, 0xFF, 0x06, 0x7F, 0xC0, 0x86, 0xC0, 0x61, 0xB0, 0x18,
    0x4C, 0x0C, 0x33, 0x63, 0x1C, 0x99, 0x9E, 0x3E, 0xCE, 0x07, 0x00, 0x00, 0x00, 0x00, 0x00, 0x00,
    0x20, 0x00, 0x18, 0x00, 0x7F, 0xF0, 0x3F, 0xFE, 0x0F, 0xFF, 0x83, 0xFF, 0xE0, 0xC0, 0x18, 0x3E,
    0x2E, 0x0F, 0xFF, 0x03, 0xDE, 0x61, 0xFF, 0xB8, 0x07, 0xB8, 0x03, 0x6E, 0x03, 0x98, 0xE3, 0x8E,
    0x0E, 0x07, 0x80, 0x00, 0x00, 0x00, 0x00, 0x00, 0x08, 0x00, 0x03, 0x03, 0x00, 0x60, 0xC0, 0x0C,
    0x60, 0x00, 0x7F, 0xC3, 0x18, 0x30, 0x66, 0x0C, 0x0D, 0x83, 0x00, 0x60, 0xC0, 0x7F, 0xF0, 0x37,
    0xFC, 0x0D, 0x83, 0x06, 0x60, 0xC3, 0x98, 0x31, 0x87, 0xFC, 0x41, 0xFF, 0x00, 0x60, 0x40, 0x00,
    0x00, 0x00, 0x20, 0x00, 0x0C, 0x01, 0x81, 0x98, 0x30, 0x26, 0x06, 0x01, 0x84, 0x2C, 0xE3, 0x0B,
    0x6C, 0x62, 0xDB, 0x0D, 0xB4, 0x60, 0x6F, 0x18, 0x33, 0x86, 0x34, 0xE0, 0x0C, 0x30, 0xC7, 0x1C,
    0x31, 0x8F, 0x0C, 0xE6, 0xFF, 0x31, 0x1F, 0x00, 0x00, 0x00, 0x08, 0x08, 0x07, 0x03, 0x00, 0xC0,
    0x80, 0x18, 0x70, 0x00, 0xFF, 0xC6, 0x03, 0x00, 0xC0, 0x80, 0x18, 0x30, 0x03, 0xFF, 0xE1, 0xFE,
    0xF0, 0x61, 0x30, 0x38, 0xCE, 0x0C, 0x20, 0xC7, 0x1B, 0xF3, 0x9F, 0xFE, 0xC7, 0xC1, 0x80, 0x00,
    0x60, 0x00, 0x00, 0x08, 0x20, 0x07, 0x0C, 0x00, 0xE3, 0xF8, 0x19, 0xFF, 0x00, 0x60, 0xC6, 0x38,
    0x30, 0xCB, 0xEC, 0x18, 0x7B, 0x02, 0x06, 0xC0, 0x01, 0xB0, 0x67, 0xEC, 0x19, 0xFE, 0x0E, 0x43,
    0x63, 0x18, 0x19, 0xC6, 0x06, 0xE1, 0xFF, 0xB0, 0x3F, 0x80, 0x00, 0x00, 0x08, 0x04, 0x07, 0x01,
    0x80, 0xC0, 0xE0, 0x19, 0xFF, 0x80, 0x46, 0x66, 0x11, 0x98, 0xC4, 0x60, 0x19, 0xFF, 0x02, 0x7F,
    0xC1, 0x94, 0x30, 0x65, 0x98, 0x39, 0x26, 0x0C, 0xCF, 0x83, 0x21, 0xE3, 0x98, 0xDC, 0xDC, 0xE3,
    0x86, 0x30, 0x60, 0x00, 0x00, 0x08, 0x08, 0x07, 0x03, 0x00, 0xE0, 0x80, 0x1B, 0xFE, 0x00, 0xFF,
    0xC6, 0x00, 0x00, 0xC0, 0x18, 0x19, 0x06, 0x02, 0x41, 0x81, 0x90, 0xC0, 0x66, 0x30, 0x30, 0x8C,
    0x0C, 0x26, 0x06, 0x01, 0x03, 0x9F, 0xFE, 0xC7, 0xFF, 0x80, 0x00, 0x00, 0x00, 0x00, 0x0C, 0x00,
    0x03, 0x9F, 0xE0, 0x7F, 0xF8, 0x0F, 0x02, 0x00, 0xFF, 0x86, 0x3F, 0xE0, 0xCC, 0x00, 0x1B, 0x40,
    0x02, 0xD1, 0x81, 0xB7, 0xE0, 0x6D, 0xE0, 0x36, 0x40, 0x0D, 0xB0, 0x46, 0x6C, 0x13, 0x33, 0xFC,
    0x0C, 0x7F, 0x00, 0x00, 0x00, 0x00, 0x00, 0x08, 0x10, 0x07, 0x06, 0x00, 0xC0, 0xC0, 0x18, 0x38,
    0x00, 0xFF, 0xC6, 0x03, 0x00, 0xC0, 0xC0, 0x18, 0x30, 0x02, 0x0C, 0x01, 0xBF, 0xF0, 0x6F, 0xF8,
    0x38, 0x20, 0x0C, 0x0C, 0x03, 0x02, 0x03, 0x9F, 0xFE, 0xC7, 0xFF, 0x80, 0x00, 0x00, 0x00, 0x00,
    0x00, 0x20, 0x00, 0x08, 0x00, 0x07, 0x00, 0x7F, 0xFF, 0x07, 0xFF, 0x03, 0xFF, 0xE0, 0x19, 0x80,
    0x0C, 0x60, 0x3F, 0xFF, 0xE7, 0xFD, 0xF0, 0xF2, 0x78, 0xE7, 0xB3, 0x90, 0xA0, 0x41, 0xCB, 0x03,
    0xF2, 0xFC, 0xF7, 0x8F, 0x01, 0xC0, 0x00, 0x00, 0x00, 0x04, 0x30, 0x03, 0x8F, 0x00, 0x60, 0xE0,
    0x0C, 0x00, 0x00, 0x00, 0x0C, 0x1F, 0x01, 0x80, 0xCC, 0x30, 0x33, 0x00, 0xFF, 0x81, 0xBF, 0xC0,
    0x63, 0xE0, 0x39, 0xBE, 0x0C, 0x4D, 0x83, 0x73, 0x63, 0x98, 0xCE, 0xC0, 0xE1, 0x80, 0x30, 0x00,
    0x00, 0x00, 0x00, 0x21, 0x06, 0x18, 0x60, 0xC3, 0x10, 0x18, 0xEC, 0x01, 0xFF, 0xC6, 0x03, 0x00,
    0xC0, 0x80, 0x1B, 0xFF, 0x02, 0x7F, 0x81, 0x82, 0x00, 0x6F, 0xFE, 0x3B, 0xFF, 0x0C, 0x08, 0x03,
    0x02, 0x03, 0x80, 0x80, 0xC0, 0x20, 0x00, 0x08, 0x00, 0x00, 0x00, 0x08, 0x08, 0x07, 0x13, 0x00,
    0xE4, 0x80, 0x19, 0xFE, 0x00, 0x7F, 0xC6, 0x33, 0x00, 0xD8, 0xC0, 0x1A, 0x30, 0x00, 0x0C, 0x00,
    0xFF, 0xF8, 0x77, 0x60, 0x18, 0x98, 0x0C, 0x66, 0x03, 0x11, 0x99, 0xCC, 0x66, 0xFE, 0x1F, 0xB3,
    0x03, 0x80, 0x00, 0x00, 0x08, 0x00, 0x03, 0x1F, 0xF0, 0x6F, 0xFC, 0x0F, 0x03, 0x00, 0xC0, 0xC3,
    0x3F, 0xF0, 0x6C, 0x0C, 0x0F, 0x03, 0x00, 0xFF, 0xC0, 0xFF, 0xF0, 0x3F, 0x3C, 0x1B, 0xFF, 0x06,
    0xDE, 0xC3, 0x30, 0x31, 0x8C, 0x0C, 0x43, 0x1F, 0x00, 0xC3, 0x80, 0x00, 0x00, 0x08, 0x08, 0x07,
    0x03, 0x00, 0xC1, 0xC0, 0x19, 0xFE, 0x00, 0x7F, 0x86, 0x7F, 0xF8, 0xC0, 0xD8, 0x18, 0x36, 0x02,
    0x7F, 0x81, 0x9F, 0xC0, 0x7F, 0xFC, 0x33, 0xFE, 0x0D, 0xFF, 0xE3, 0x7F, 0xFB, 0x80, 0x80, 0xC0,
    0x30, 0x00, 0x08, 0x00, 0x00, 0x00, 0x08, 0x22, 0x07, 0x08, 0xC0, 0xC2, 0x30, 0x18, 0x8C, 0x00,
    0x73, 0x06, 0x3F, 0xF0, 0xC7, 0x30, 0x18, 0x8C, 0x02, 0x23, 0x01, 0x88, 0xC0, 0x6F, 0xFE, 0x3B,
    0xFF, 0x8C, 0x22, 0x03, 0x18, 0xC3, 0x8C, 0x1C, 0xC6, 0x03, 0x81, 0x00, 0x60, 0x00, 0x00, 0x08,
    0x03, 0x87, 0x1F, 0xF0, 0xC7, 0xE0, 0x18, 0x30, 0x00, 0x0C, 0x06, 0x03, 0x00, 0xCF, 0xFE, 0x19,
    0xF7, 0x02, 0x0C, 0x01, 0x83, 0x00, 0x67, 0xFC, 0x39, 0xFF, 0x0C, 0x40, 0xC3, 0x10, 0x33, 0x87,
    0xFC, 0xC1, 0xFF, 0x00, 0x40, 0xC0, 0x00, 0x00, 0x08, 0x03, 0x87, 0x07, 0xE0, 0xCF, 0xC0, 0x1F,
    0x80, 0x01, 0x83, 0x86, 0x7F, 0xE0, 0xDF, 0xC0, 0x1E, 0xF0, 0x03, 0x97, 0x81, 0xEC, 0xC0, 0x79,
    0x30, 0x36, 0x44, 0x0D, 0x91, 0x86, 0xCC, 0x23, 0x33, 0x0C, 0x18, 0x41, 0x80, 0x00, 0x00, 0x00,
    0x00, 0x08, 0x08, 0x07, 0x03, 0x00, 0xC0, 0xC0, 0x1B, 0xFF, 0x80, 0x38, 0x06, 0x0C, 0xC0, 0xC2,
    0x18, 0x19, 0xBE, 0x02, 0xFF, 0xC1, 0x9C, 0xC0, 0x65, 0xB0, 0x39, 0xEC, 0x0C, 0x7B, 0x07, 0x36,
    0xDB, 0x89, 0xB6, 0xDE, 0x6F, 0x83, 0x11, 0xC0, 0x00, 0x00, 0x08, 0x20, 0x07, 0x0F, 0x80, 0xC7,
    0xF0, 0x1B, 0x0C, 0x00, 0xC6, 0x06, 0x1F, 0xF0, 0xC0, 0xCC, 0x1B, 0xFF, 0x82, 0xFF, 0xC1, 0x83,
    0x30, 0x67, 0xFC, 0x39, 0xFF, 0x0C, 0x0C, 0x83, 0x03, 0x03, 0x80, 0xC0, 0xC0, 0xE0, 0x00, 0x30,
    0x00, 0x00, 0x00, 0x00, 0x24, 0x02, 0x19, 0x81, 0xC3, 0xF0, 0x33, 0xFE, 0x07, 0xE0, 0x00, 0x1C,
    0x01, 0x87, 0xF8, 0x37, 0xE0, 0x06, 0x38, 0x00, 0x87, 0xF0, 0x7F, 0xD8, 0x1B, 0x36, 0x0C, 0x0F,
    0x03, 0x03, 0x99, 0xC3, 0xFE, 0xE7, 0xCF, 0xB0, 0xC0, 0xE0, 0x00, 0x00, 0x08, 0x03, 0x87, 0x1F,
    0xF0, 0xC7, 0xE0, 0x19, 0x00, 0x00, 0x40, 0x06, 0x1F, 0xF0, 0xC4, 0x60, 0x19, 0x18, 0x02, 0x46,
    0x01, 0x91, 0x80, 0x7F, 0xFE, 0x3F, 0xFF, 0x8C, 0x22, 0x03, 0x18, 0xE3, 0x8C, 0x1C, 0xC6, 0x03,
    0x81, 0x00, 0x60, 0x00, 0x00, 0x08, 0x09, 0x07, 0x06, 0x60, 0xFF, 0xFC, 0x1F, 0xFF, 0x80, 0x18,
    0x06, 0x3F, 0xE0, 0xDF, 0xFC, 0x1E, 0x63, 0x03, 0xFD, 0xC1, 0xFF, 0xF0, 0x79, 0x8C, 0x36, 0x63,
    0x0D, 0xFF, 0xC6, 0x66, 0x33, 0x19, 0x9C, 0x06, 0x6E, 0x00, 0x00, 0x00, 0x00, 0x00, 0x08, 0x08,
    0x07, 0x02, 0x00, 0xC1, 0xC0, 0x19, 0xFE, 0x00, 0x41, 0x86, 0x10, 0x60, 0xC7, 0xF8, 0x19, 0xAE,
    0x02, 0x41, 0x81, 0x9F, 0xE0, 0x67, 0xFC, 0x39, 0x36, 0x0C, 0x47, 0x03, 0x10, 0x83, 0x87, 0x38,
    0xC7, 0xC7, 0x81, 0x80, 0xE0, 0x00, 0x00, 0x08, 0x07, 0xC7, 0x3F, 0xF0, 0xEF, 0xCC, 0x19, 0xB3,
    0x00, 0x37, 0x86, 0x09, 0xE0, 0xC0, 0x00, 0x19, 0xFE, 0x02, 0x7F, 0x01, 0x81, 0x80, 0x6F, 0xFE,
    0x3B, 0xFF, 0x8C, 0x0C, 0x03, 0x03, 0x03, 0x80, 0xC0, 0xC0, 0xE0, 0x00, 0x30, 0x00, 0x00, 0x00,
    0x08, 0x24, 0x07, 0x0D, 0x80, 0xE7, 0x30, 0x19, 0x06, 0x00, 0xE0, 0xC6, 0x23, 0x00, 0xC1, 0xE0,
    0x18, 0xDC, 0x02, 0x63, 0x81, 0xB0, 0x78, 0x7F, 0xFC, 0x3D, 0xFE, 0x0C, 0x41, 0x83, 0x10, 0x63,
    0x87, 0xF8, 0xC1, 0xFE, 0x00, 0x41, 0x00, 0x00, 0x00, 0x08, 0x20, 0x07, 0x08, 0x00, 0xC3, 0x00,
    0x19, 0xFF, 0x80, 0xFF, 0x86, 0x3F, 0xF0, 0xC3, 0x6C, 0x18, 0x9B, 0x02, 0x36, 0xC1, 0xBF, 0xF8,
    0x6F, 0xFC, 0x39, 0x33, 0x0C, 0xCD, 0x87, 0x3F, 0xFB, 0x8F, 0xFE, 0xC2, 0x3E, 0x00, 0x0E, 0x00,
    0x00, 0x00, 0x00, 0x00, 0x06, 0x1F, 0xE0, 0xC7, 0xF8, 0x18, 0xFE, 0x02, 0x3F, 0x86, 0x1F, 0xE1,
    0xC7, 0xF0, 0x3B, 0xFF, 0x07, 0xFF, 0xE0, 0xFF, 0xD8, 0x6F, 0xFE, 0x18, 0x8E, 0x0C, 0x3F, 0x03,
    0x07, 0x81, 0x9F, 0xFC, 0xCF, 0xC7, 0x80, 0x00, 0x00, 0x00, 0x00, 0x00, 0x00, 0x03, 0x03, 0x00,
    0x66, 0xCC, 0x0D, 0xB6, 0x00, 0x3F, 0x03, 0x03, 0x00, 0x67, 0xFC, 0x0D, 0xAB, 0x00, 0x60, 0xC0,
    0xDF, 0xF0, 0x37, 0xFC, 0x19, 0xFF, 0x06, 0x7F, 0xC3, 0x18, 0x31, 0x86, 0x0C, 0x41, 0x9F, 0x00,
    0x63, 0x80, 0x00, 0x00, 0x08, 0x00, 0x07, 0x3F, 0xF0, 0xCF, 0xFE, 0x19, 0xFE, 0x00, 0xFF, 0xC6,
    0x30, 0x30, 0xCC, 0x0C, 0x1B, 0xFF, 0x02, 0xFF, 0x81, 0xB1, 0x00, 0x6F, 0xFE, 0x3B, 0xFF, 0x0C,
    0xCE, 0x07, 0x62, 0xE3, 0x99, 0x9C, 0xCD, 0xC3, 0x81, 0x60, 0x60, 0x00, 0x00, 0x08, 0x00, 0x07,
    0x3F, 0xF8, 0xFF, 0xFE, 0x1E, 0x18, 0x30, 0x86, 0x06, 0x21, 0x80, 0xCB, 0xFC, 0x02, 0x18, 0x00,
    0x86, 0x03, 0x3F, 0xF8, 0xCF, 0xFC, 0x72, 0x18, 0x19, 0xBF, 0xC6, 0x6F, 0xF3, 0xB0, 0x60, 0xCD,
    0xFF, 0xB1, 0x7F, 0xE0, 0x00, 0x00, 0x00, 0x08, 0x02, 0x03, 0x01, 0xC0, 0xC0, 0x37, 0xFF, 0x01,
    0xFF, 0xE0, 0x11, 0x81, 0x8C, 0x60, 0x37, 0x3F, 0x07, 0x8F, 0xC0, 0xE7, 0xB0, 0x6F, 0x38, 0x1F,
    0xF6, 0x0D, 0xCF, 0x03, 0x21, 0xE1, 0xC8, 0xDC, 0xE6, 0x63, 0xB0, 0x90, 0x60, 0x00, 0x00, 0x08,
    0x08, 0x07, 0x02, 0x00, 0xC1, 0xC0, 0x1F, 0xFF, 0x80, 0x00, 0x06, 0x00, 0x00, 0xC7, 0xFC, 0x19,
    0xBB, 0x02, 0x40, 0xC1, 0x9F, 0xF0, 0x67, 0xF8, 0x38, 0xA6, 0x0C, 0x69, 0xC3, 0x32, 0x33, 0x98,
    0x8E, 0xC4, 0xE1, 0x80, 0x30, 0x00, 0x00, 0x00, 0x08, 0x20, 0x07, 0x0C, 0x00, 0xE3, 0x7C, 0x18,
    0xFF, 0x80, 0x3E, 0x66, 0x0C, 0xD8, 0xC3, 0x36, 0x1F, 0xFD, 0x80, 0x32, 0xC1, 0xAE, 0xF0, 0x7B,
    0xB8, 0x36, 0xE6, 0x0D, 0xBF, 0xC6, 0xCF, 0xB3, 0x93, 0xEE, 0xC3, 0x91, 0x80, 0xC4, 0x60, 0x00,
    0x00, 0x00, 0x00, 0x06, 0x02, 0x00, 0xC6, 0x8C, 0x18, 0xE3, 0x00, 0x3D, 0x86, 0x0F, 0x80, 0xC3,
    0x20, 0x19, 0x8E, 0x02, 0xC9, 0xE1, 0xB2, 0x30, 0x67, 0x8C, 0x38, 0xE6, 0x0C, 0x3D, 0x03, 0x0D,
    0x83, 0x86, 0x38, 0xC7, 0x07, 0x81, 0x80, 0xE0, 0x00, 0x00, 0x18, 0x07, 0x87, 0x1F, 0xE0, 0xEF,
    0x90, 0x19, 0x26, 0x08, 0xDC, 0xC6, 0x61, 0x10, 0xE0, 0x38, 0x19, 0x9E, 0x00, 0xFC, 0x01, 0x86,
    0x00, 0x6F, 0xFC, 0x37, 0xFF, 0x0C, 0x18, 0x06, 0x06, 0x03, 0x07, 0xF8, 0x03, 0xFE, 0x00, 0x00,
    0x00, 0x00, 0x00, 0x08, 0x00, 0x07, 0x3F, 0xF8, 0xFF, 0xFE, 0x1E, 0x01, 0x80, 0x93, 0x66, 0x0C,
    0xC0, 0xC2, 0x36, 0x1B, 0x87, 0x02, 0xC9, 0x81, 0xBF, 0xF8, 0x6F, 0xFC, 0x38, 0xF8, 0x0C, 0x6B,
    0x83, 0x32, 0x73, 0xF8, 0x8E, 0xDC, 0x21, 0x80, 0x08, 0x00, 0x00, 0x00, 0x00, 0x00, 0x03, 0x3F,
    0xE0, 0x6C, 0x18, 0x0F, 0xFE, 0x01, 0xFF, 0x86, 0x30, 0x20, 0xCF, 0xF8, 0x19, 0xFE, 0x06, 0x44,
    0x00, 0x73, 0x10, 0x7F, 0xDC, 0x1B, 0xFE, 0x0E, 0xC6, 0x47, 0x3F, 0x13, 0xBF, 0x7C, 0xC7, 0x0E,
    0x00, 0x00, 0x00, 0x00, 0x00, 0x08, 0x03, 0x07, 0x3F, 0xE0, 0xCF, 0xE0, 0x18, 0x60, 0x00, 0x38,
    0x06, 0x7F, 0xF8, 0xC7, 0xC0, 0x18, 0x98, 0x02, 0x67, 0x81, 0xF4, 0xF8, 0x7D, 0xCC, 0x39, 0x7B,
    0x0C, 0xDE, 0xE3, 0x64, 0xDB, 0x89, 0xA4, 0xC1, 0xC0, 0x00, 0x60, 0x00, 0x00, 0x00, 0x08, 0x08,
    0x07, 0x3F, 0xE0, 0xEF, 0xFC, 0x18, 0x70, 0x00, 0x7F, 0x86, 0x1F, 0xC0, 0xFF, 0xFE, 0x18, 0x00,
    0x02, 0x7F, 0x81, 0x9F, 0xE0, 0x67, 0xF8, 0x39, 0xFE, 0x0C, 0x7F, 0x83, 0x1F, 0xE3, 0x84, 0x18,
    0xC1, 0x3C, 0x00, 0x4E, 0x00, 0x00, 0x00, 0x06, 0x00, 0x01, 0x9F, 0xE0, 0x37, 0xF8, 0x07, 0x86,
    0x00, 0x7F, 0x83, 0x1F, 0xE0, 0x67, 0xF8, 0x0C, 0xC0, 0x00, 0x7F, 0xC0, 0x7F, 0xF0, 0x3E, 0xFC,
    0x0D, 0xFB, 0x06, 0x79, 0xC3, 0x9F, 0xF1, 0x81, 0xEC, 0x40, 0x1F, 0x00, 0x03, 0x80, 0x00, 0x00,
    0x08, 0x08, 0x07, 0x02, 0x00, 0xCF, 0xFC, 0x1F, 0xFF, 0x00, 0x73, 0x06, 0x07, 0x80, 0xE3, 0xF0,
    0x1B, 0xCF, 0x01, 0xE1, 0xC1, 0x9F, 0xC0, 0x67, 0xF0, 0x31, 0x8C, 0x0C, 0x7F, 0x06, 0x30, 0x43,
    0x0C, 0x10, 0x06, 0x04, 0x00, 0x00, 0x00, 0x00, 0x00, 0x08, 0x08, 0x07, 0x03, 0x00, 0xC0, 0xC0,
    0x18, 0xF0, 0x00, 0x3F, 0xC6, 0x0F, 0x00, 0xC3, 0xC0, 0x1B, 0xFF, 0x82, 0xFF, 0xC1, 0x93, 0x60,
    0x6C, 0xDC, 0x3A, 0x77, 0x8C, 0x9B, 0x63, 0x03, 0x83, 0x83, 0xC0, 0xC3, 0xC0, 0x00, 0xC0, 0x00,
    0x00, 0x00, 0x18, 0x04, 0x07, 0x03, 0x00, 0xE2, 0x40, 0x18, 0x9E, 0x08, 0x27, 0x86, 0x09, 0x00,
    0xE2, 0x40, 0x19, 0xFC, 0x01, 0xFF, 0xC1, 0xE0, 0x60, 0x6C, 0x18, 0x31, 0x9C, 0x0C, 0x26, 0x06,
    0x19, 0xC3, 0x1C, 0x1C, 0x0E, 0x01, 0x00, 0x00, 0x00, 0x00, 0x00, 0x08, 0x07, 0x87, 0x1F, 0xE0,
    0xEF, 0x80, 0x19, 0x23, 0x00, 0xE9, 0x86, 0x1A, 0x40, 0xE0, 0x80, 0x19, 0x7E, 0x00, 0xFF, 0x81,
    0x82, 0x00, 0x6F, 0xFC, 0x37, 0xFF, 0x0C, 0x36, 0x06, 0x18, 0xC3, 0x1C, 0x1C, 0x0E, 0x03, 0x80,
    0x00, 0x00, 0x00, 0x00, 0x08, 0x04, 0x07, 0x01, 0xC0, 0xC0, 0x58, 0x18, 0x1B, 0x00, 0xFF, 0xE6,
    0x21, 0x80, 0xC8, 0x60, 0x1F, 0xFB, 0x02, 0xF6, 0xC1, 0xFF, 0xE0, 0x7F, 0xF8, 0x3B, 0x7C, 0x0C,
    0xFB, 0x66, 0x7D, 0xDB, 0xB0, 0xFE, 0xCC, 0xE7, 0x81, 0x30, 0xC0, 0x00, 0x00, 0x08, 0x04, 0x07,
    0x01, 0x80, 0xC0, 0x60, 0x1F, 0xFF, 0x80, 0xD9, 0x86, 0x36, 0x60, 0xCF, 0xFE, 0x1F, 0x66, 0x00,
    0x9F, 0x80, 0x37, 0xC0, 0x7F, 0xFC, 0x1F, 0xFE, 0x0E, 0xDB, 0x03, 0x63, 0x80, 0xF0, 0xE0, 0xED,
    0xEF, 0xB1, 0x71, 0xE0, 0x00, 0x00, 0x08, 0x00, 0x07, 0x0F, 0xC0, 0xC3, 0xF8, 0x18, 0xC6, 0x00,
    0x31, 0x86, 0x0F, 0xE0, 0xC3, 0xD8, 0x18, 0xE6, 0x00, 0xFF, 0xE1, 0xBF, 0xF8, 0x69, 0xE6, 0x3A,
    0x7D, 0x8C, 0x93, 0x63, 0x27, 0xDB, 0x89, 0xE6, 0xC2, 0x07, 0x80, 0x81, 0xC0, 0x00, 0x00, 0x08,
    0x00, 0x07, 0x1F, 0xC0, 0xEF, 0xF0, 0x1B, 0xFC, 0x00, 0xFF, 0x06, 0x30, 0x40, 0xCC, 0x30, 0x19,
    0xFC, 0x00, 0x7F, 0x01, 0xFF, 0xE0, 0x7B, 0xD8, 0x36, 0x72, 0x0D, 0x9C, 0x87, 0x6F, 0x73, 0x7F,
    0xFC, 0x00, 0x00, 0x00, 0x00, 0x00, 0x00, 0x00, 0x08, 0x00, 0x47, 0x3C, 0x18, 0xDF, 0x26, 0x1E,
    0x4D, 0x81, 0xF3, 0x66, 0x3C, 0xD8, 0xDB, 0x36, 0x1E, 0xCD, 0x80, 0xF3, 0x61, 0xEC, 0xD8, 0x79,
    0x36, 0x36, 0xCD, 0x8D, 0xF0, 0x66, 0x3C, 0x1B, 0x0F, 0x06, 0xC6, 0x67, 0x81, 0x09, 0xC0, 0x00,
    0x00, 0x00, 0x22, 0x02, 0x08, 0xC1, 0xCF, 0xF8, 0x33, 0xFF, 0x06, 0x23, 0x00, 0x1C, 0xC3, 0x1F,
    0xFE, 0x61, 0x8C, 0x0C, 0x61, 0x81, 0x3F, 0xF8, 0x7F, 0xF4, 0x3C, 0x0C, 0x0C, 0x7F, 0x07, 0x1F,
    0x99, 0x84, 0x06, 0xE1, 0xFF, 0xB0, 0x3F, 0x80, 0x00, 0x00, 0x08, 0x60, 0x03, 0x18, 0xF0, 0x66,
    0x7C, 0x0F, 0xFB, 0x01, 0xFE, 0xC3, 0x19, 0xB0, 0x66, 0x7C, 0x0D, 0x9B, 0x00, 0xFE, 0xC0, 0xF7,
    0xF0, 0x3D, 0xFC, 0x1B, 0x7B, 0x06, 0xDE, 0xC3, 0x3F, 0xB1, 0x8F, 0xEC, 0x43, 0x37, 0x00, 0x0D,
    0x80, 0x00, 0x00, 0x08, 0x00, 0x03, 0x0F, 0xE0, 0x67, 0xF8, 0x0C, 0x7E, 0x00, 0x0F, 0x83, 0x1F,
    0xF0, 0x66, 0xCC, 0x0D, 0xFF, 0x00, 0x7F, 0xC0, 0xDF, 0xF0, 0x33, 0xFC, 0x1B, 0xFF, 0x06, 0x7F,
    0xC3, 0x06, 0x11, 0x87, 0x84, 0x47, 0xCF, 0x01, 0xC3, 0x80, 0x00, 0x00, 0x0C, 0x00, 0x03, 0x9F,
    0xC0, 0x77, 0xF8, 0x05, 0x86, 0x00, 0x7F, 0x86, 0x1F, 0xE0, 0xC7, 0xF8, 0x18, 0x00, 0x03, 0xFF,
    0xE0, 0x7F, 0xF0, 0x6F, 0xFC, 0x1E, 0xFF, 0x0E, 0x36, 0xC7, 0x39, 0xB3, 0x8C, 0xCC, 0xC0, 0xEF,
    0x00, 0x33, 0x00, 0x00, 0x00, 0x08, 0x08, 0x07, 0x03, 0x00, 0xDF, 0xFC, 0x07, 0xFF, 0xB0, 0xA6,
    0x06, 0x69, 0xE0, 0xD2, 0x6C, 0x01, 0x38, 0x03, 0xFF, 0xC1, 0xFF, 0xF0, 0x6F, 0xFC, 0x3F, 0xFE,
    0x0D, 0xFF, 0xC3, 0x3F, 0xF3, 0x80, 0x0C, 0xC0, 0x1F, 0x00, 0x07, 0x00, 0x00, 0x00, 0x00, 0x00,
    0x06, 0x3F, 0xF0, 0xDF, 0xFC, 0x1E, 0x03, 0x03, 0xFF, 0xC6, 0x3F, 0xF1, 0xC8, 0x0C, 0x3F, 0xFF,
    0x06, 0xFF, 0xC0, 0xA7, 0xA0, 0x79, 0xEC, 0x1B, 0x7B, 0x0C, 0x7F, 0x83, 0x15, 0xE1, 0x9F, 0xFC,
    0xCF, 0xFF, 0x80, 0x00, 0x00, 0x00, 0x00, 0x30, 0x22, 0x0C, 0x08, 0xC1, 0x87, 0x70, 0x37, 0xFF,
    0x80, 0x23, 0x0C, 0x1C, 0xC1, 0x8F, 0xFC, 0x30, 0x30, 0x00, 0xFF, 0xE1, 0xFF, 0xF8, 0x7A, 0x9E,
    0x3F, 0xF7, 0x8D, 0xE9, 0xE3, 0x7F, 0xFB, 0x8B, 0xF6, 0xC6, 0x0F, 0x80, 0x83, 0x80, 0x00, 0x00,
    0x08, 0x00, 0x07, 0x3F, 0xF0, 0xDF, 0xFE, 0x1E, 0x38, 0x01, 0x8C, 0x06, 0x7F, 0xF0, 0xDF, 0x0C,
    0x1F, 0xFF, 0x03, 0xFF, 0xC1, 0xFF, 0xF0, 0x7B, 0xF8, 0x3C, 0x5E, 0x0D, 0x1E, 0xC6, 0xCD, 0xB3,
    0xF6, 0x6E, 0xD9, 0x71, 0x82, 0x18, 0x00, 0x00, 0x00, 0x08, 0x42, 0x07, 0x11, 0x80, 0xCE, 0xE0,
    0xC7, 0xFF, 0x1B, 0xFF, 0x01, 0xFF, 0xE0, 0x08, 0xC0, 0x33, 0xFE, 0x1C, 0xFF, 0x0C, 0x7F, 0xF1,
    0x0F, 0xF8, 0x00, 0x80, 0x1F, 0xFF, 0xE3, 0xFF, 0xF0, 0x03, 0x00, 0x00, 0xC0, 0x00, 0x20, 0x00,
    0x00, 0x00, 0x08, 0x22, 0x06, 0x7F, 0xF0, 0xFF, 0xFE, 0x1B, 0xFE, 0x00, 0xFF, 0xC6, 0x3D, 0xC0,
    0xDF, 0xFE, 0x1F, 0xFF, 0x02, 0xFF, 0xC1, 0xFF, 0xF0, 0x7F, 0xFC, 0x33, 0xFF, 0x0D, 0xFF, 0xE3,
    0x7F, 0xFB, 0x88, 0x0C, 0xC6, 0x1F, 0x00, 0x87, 0x00, 0x00, 0x00, 0x08, 0x08, 0x07, 0x03, 0x00,
    0xC1, 0xC0, 0x1B, 0xFF, 0x80, 0x92, 0x66, 0x24, 0xD8, 0xC3, 0x18, 0x19, 0xBB, 0x02, 0x1B, 0x01,
    0x8C, 0x60, 0x6F, 0xFE, 0x3B, 0xFF, 0x8C, 0x40, 0xC3, 0x10, 0x33, 0x87, 0xFC, 0xC1, 0xFF, 0x00,
    0x40, 0xC0, 0x00, 0x00, 0x08, 0x00, 0x07, 0x3D, 0xF0, 0xCF, 0xFE, 0x18, 0x61, 0x80, 0x18, 0x66,
    0x3F, 0xF8, 0xD8, 0x60, 0x1E, 0x18, 0x01, 0xFF, 0xE1, 0xBE, 0xF8, 0x6F, 0xB6, 0x3B, 0x7B, 0x8C,
    0x3D, 0xE3, 0x3F, 0xDB, 0x8D, 0xE6, 0xC3, 0xCF, 0x80, 0xE3, 0xC0, 0x00, 0x00, 0x00, 0x05, 0x02,
    0x01, 0xE1, 0xC0, 0x4C, 0x33, 0xFF, 0x07, 0xFF, 0xE0, 0x21, 0x81, 0x88, 0x60, 0x33, 0xFD, 0x87,
    0xFB, 0x60, 0xF7, 0xB0, 0x7F, 0xEC, 0x1F, 0xEE, 0x0C, 0xBB, 0xE3, 0x6F, 0xF9, 0xD2, 0xFE, 0xED,
    0xB3, 0xB6, 0x48, 0x60, 0x00, 0x00, 0x08, 0x21, 0x07, 0x08, 0x60, 0xE3, 0x38, 0x1B, 0xFD, 0x00,
    0xFF, 0xE6, 0x08, 0x60, 0xC6, 0x18, 0x1F, 0x3D, 0x83, 0xCF, 0x61, 0x9E, 0x70, 0x63, 0x18, 0x39,
    0x8C, 0x0C, 0x52, 0xC7, 0x35, 0xB3, 0x9F, 0xFE, 0xC7, 0xBD, 0x80, 0x08, 0x60, 0x00, 0x00, 0x08,
    0x00, 0x07, 0x1F, 0xC0, 0xE7, 0xF8, 0x19, 0x0E, 0x00, 0x4F, 0x86, 0x3F, 0xE0, 0xFF, 0xFE, 0x1C,
    0x01, 0x83, 0x7F, 0xE1, 0x9F, 0xE0, 0x67, 0xF8, 0x39, 0xFE, 0x0C, 0x7F, 0x83, 0x1F, 0xE3, 0x84,
    0x18, 0xC1, 0x3C, 0x00, 0x4E, 0x00, 0x00, 0x00, 0x08, 0x08, 0x07, 0x3F, 0xE0, 0xDF, 0xFC, 0x18,
    0xD8, 0x00, 0x3E, 0x06, 0x7F, 0xF8, 0xC0, 0x00, 0x19, 0xFF, 0x02, 0xFF, 0xC1, 0xBF, 0xF0, 0x6F,
    0xFC, 0x3B, 0x23, 0x0C, 0xFF, 0xC3, 0x3F, 0xFB, 0x84, 0x86, 0xC0, 0x3F, 0x80, 0x07, 0xC0, 0x00,
    0x00, 0x08, 0x49, 0x87, 0x12, 0x60, 0xCF, 0xD8, 0x1F, 0xFF, 0x80, 0x4D, 0x86, 0x1B, 0x60, 0xC7,
    0xF8, 0x18, 0x00, 0x00, 0xFF, 0xE1, 0xBF, 0xF8, 0x6F, 0xFE, 0x3B, 0xFF, 0x8C, 0x48, 0xC3, 0x12,
    0x33, 0x84, 0xB8, 0xC1, 0x2E, 0x00, 0x08, 0x00, 0x00, 0x00, 0x08, 0x04, 0x03, 0x03, 0x00, 0x60,
    0xC0, 0x0F, 0xFF, 0x00, 0x33, 0x03, 0x0F, 0xC0, 0x6F, 0xFC, 0x0F, 0x33, 0x00, 0xFF, 0xC0, 0xFF,
    0xF0, 0x3D, 0xF4, 0x1B, 0xFF, 0x06, 0xF1, 0xC3, 0xBF, 0xF1, 0x8D, 0xF4, 0x43, 0x0F, 0x00, 0xC3,
    0x80, 0x00, 0x00, 0x08, 0x20, 0x07, 0x0F, 0x80, 0xC7, 0xF0, 0x1B, 0x38, 0x01, 0xCC, 0x06, 0x7F,
    0xF0, 0xD8, 0xCC, 0x1E, 0x33, 0x00, 0xFF, 0xC1, 0xFF, 0xF0, 0x78, 0xCC, 0x37, 0xFF, 0x0C, 0x7F,
    0x07, 0x24, 0xB3, 0x99, 0xBE, 0xDC, 0x6D, 0x86, 0x12, 0x60, 0x00, 0x00, 0x09, 0xFF, 0xC6, 0x7F,
    0xF8, 0xC3, 0xE0, 0x1F, 0xFF, 0x00, 0x9E, 0xC6, 0x2F, 0xB0, 0xCF, 0xFC, 0x18, 0x00, 0x00, 0xFF,
    0xC1, 0xBF, 0xE0, 0x7F, 0xFE, 0x3F, 0xFF, 0x8C, 0x49, 0x03, 0x33, 0x73, 0x98, 0xCE, 0xC4, 0xE1,
    0x80, 0x30, 0x00, 0x00, 0x00, 0x08, 0x08, 0x07, 0x06, 0x00, 0xCF, 0xF8, 0x1F, 0xFE, 0x00, 0x3E,
    0x06, 0x1E, 0xE0, 0xCD, 0x9C, 0x1E, 0x61, 0x80, 0xBF, 0x41, 0xFE, 0x78, 0x6D, 0xB8, 0x31, 0xE8,
    0x0C, 0x1B, 0x06, 0x1E, 0xE3, 0x1F, 0x8E, 0x01, 0xC0, 0x00, 0x00, 0x00, 0x00, 0x00, 0x08, 0xFF,
    0xC7, 0x3F, 0xF8, 0xC8, 0x06, 0x1F, 0x01, 0x80, 0xFF, 0xE6, 0x37, 0xF0, 0xCF, 0xFE, 0x1F, 0xFF,
    0x02, 0xBF, 0xE1, 0xEF, 0xF8, 0x7B, 0xFE, 0x32, 0xFF, 0x8D, 0xBE, 0x66, 0xCD, 0xFB, 0x33, 0xEE,
    0xDC, 0xFF, 0x86, 0x25, 0xE0, 0x00, 0x00, 0x08, 0x08, 0x07, 0x06, 0x00, 0xCF, 0xFC, 0x1F, 0xFF,
    0x81, 0xBF, 0x66, 0x6F, 0xD8, 0xC1, 0x80, 0x1B, 0xFF, 0x02, 0xFF, 0xC1, 0xBF, 0xF0, 0x6D, 0x8C,
    0x33, 0x63, 0x0C, 0xFF, 0xC6, 0x0C, 0xC3, 0x0F, 0x3C, 0x07, 0x03, 0x80, 0x00, 0x00, 0x00, 0x00,
    0x08, 0x12, 0x07, 0x06, 0xC0, 0xC3, 0xB0, 0x1F, 0xFF, 0x80, 0x7F, 0x86, 0x1F, 0xF0, 0xC6, 0x0C,
    0x19, 0xFF, 0x02, 0x7F, 0xC1, 0x9F, 0xF0, 0x67, 0xF8, 0x33, 0xFF, 0x8C, 0xFF, 0xC6, 0x07, 0x03,
    0x87, 0x78, 0xC7, 0x8F, 0x81, 0x80, 0xE0, 0x00, 0x00, 0x18, 0x22, 0x07, 0x3F, 0xF8, 0xEF, 0xFE,
    0x18, 0x88, 0x00, 0xFF, 0x86, 0x3F, 0xF0, 0xD8, 0xCC, 0x1E, 0x33, 0x00, 0xFF, 0xC1, 0xBF, 0xE0,
    0x7F, 0xFC, 0x33, 0xFE, 0x0D, 0xFF, 0xE3, 0x7F, 0xFB, 0x83, 0x60, 0xC7, 0x8F, 0x81, 0xC1, 0xE0,
    0x00, 0x00, 0x08, 0x7F, 0x07, 0x1F, 0xE0, 0xC6, 0x18, 0x19, 0xFE, 0x00, 0x7F, 0x8C, 0x1F, 0xE1,
    0x80, 0x00, 0x33, 0xFF, 0x04, 0xFF, 0xC1, 0xFF, 0xF0, 0x6F, 0xF8, 0x33, 0xFF, 0x0C, 0xFF, 0x86,
    0x0C, 0xC1, 0x81, 0xF0, 0xE7, 0xFF, 0xB1, 0xE1, 0xE0, 0x00, 0x00, 0x0C, 0x08, 0x03, 0x9F, 0xE0,
    0x77, 0xF8, 0x0C, 0xFC, 0x08, 0x3F, 0x07, 0x3F, 0xF0, 0xDF, 0xFC, 0x18, 0x00, 0x00, 0x7F, 0x80,
    0x1F, 0xE0, 0x67, 0xF8, 0x31, 0xFE, 0x0C, 0x6D, 0xC6, 0x1F, 0xE3, 0x0F, 0x3C, 0x07, 0x83, 0x80,
    0x00, 0x00, 0x00, 0x00, 0x00, 0x40, 0x0C, 0x10, 0x23, 0xBF, 0x7C, 0x7F, 0xFE, 0x0D, 0xF6, 0x00,
    0x7F, 0x83, 0x3F, 0xE0, 0x6F, 0xFF, 0x8D, 0xFE, 0xC0, 0xF7, 0xB0, 0xDF, 0xEC, 0x37, 0xDB, 0x0F,
    0xF6, 0xC7, 0xFF, 0x31, 0x84, 0xCC, 0xE1, 0x33, 0x30, 0x48, 0xC0, 0x00, 0x00, 0x08, 0x40, 0x06,
    0x7B, 0xF0, 0xFE, 0xFE, 0x1F, 0x8D, 0x83, 0xE3, 0x66, 0x38, 0xD8, 0xCF, 0xE6, 0x1E, 0x1F, 0x02,
    0x18, 0x01, 0x9D, 0x80, 0x67, 0xEC, 0x33, 0xFF, 0x8C, 0xFF, 0x06, 0x14, 0xE3, 0x9D, 0xBE, 0xC6,
    0x63, 0x80, 0x10, 0x00, 0x00, 0x00, 0x08, 0x22, 0x07, 0x08, 0xC0, 0xC7, 0x30, 0x1B, 0xDF, 0x00,
    0xF7, 0xC6, 0x3F, 0xF8, 0xC7, 0x30, 0x19, 0xFE, 0x02, 0xDC, 0xE1, 0xFF, 0xF0, 0x77, 0xF8, 0x39,
    0xFE, 0x0C, 0x7F, 0x86, 0x10, 0x63, 0x87, 0xF8, 0xC1, 0xFE, 0x00, 0x41, 0x80, 0x00, 0x00, 0x08,
    0x18, 0x07, 0x1F, 0xE0, 0xC6, 0x3C, 0x19, 0x03, 0x00, 0x60, 0xC6, 0x1F, 0xF0, 0xC4, 0x0C, 0x19,
    0x03, 0x02, 0x7F, 0xC1, 0x9F, 0xE0, 0x67, 0xFE, 0x33, 0xFF, 0x8D, 0xD5, 0xE7, 0x77, 0xFB, 0x99,
    0xFE, 0xC4, 0x57, 0x80, 0x01, 0xC0, 0x00, 0x00, 0x08, 0x7B, 0xC3, 0x3F, 0xF0, 0x6D, 0xEC, 0x0F,
    0xFF, 0x00, 0xDE, 0xC3, 0x37, 0xB0, 0x6F, 0xFC, 0x0F, 0x03, 0x00, 0xFF, 0xC0, 0xF7, 0xB0, 0x3D,
    0xFC, 0x1B, 0x3F, 0x06, 0xCC, 0xC3, 0xB7, 0xF1, 0x8D, 0xFC, 0x43, 0x0F, 0x00, 0xC3, 0x80, 0x00,
    0x00, 0x08, 0x20, 0x07, 0x08, 0xF0, 0xC7, 0x3E, 0x1F, 0xFD, 0x80, 0xFB, 0x66, 0x3F, 0xD8, 0xD8,
    0xFE, 0x1F, 0xFD, 0x83, 0xFF, 0x61, 0xFF, 0xF8, 0x6F, 0xBE, 0x38, 0x89, 0x8D, 0xFB, 0x67, 0x7F,
    0x9B, 0x82, 0x46, 0xC0, 0xF7, 0x80, 0x29, 0xC0, 0x00, 0x00, 0x08, 0x08, 0x07, 0x03, 0x00, 0xC1,
    0xC0, 0x19, 0xFF, 0x00, 0x7F, 0xC6, 0x1F, 0xF0, 0xC0, 0xC0, 0x1B, 0xFF, 0x82, 0xFF, 0xC1, 0x9F,
    0xF0, 0x67, 0xFC, 0x39, 0xFF, 0x0C, 0x7F, 0xC6, 0x1F, 0xF3, 0x87, 0xF8, 0xC3, 0xCF, 0x80, 0xE1,
    0xE0, 0x00, 0x00, 0x00, 0xF2, 0x06, 0x3E, 0x80, 0xC3, 0xEC, 0x1E, 0xF3, 0x00, 0xE7, 0x86, 0x19,
    0xC0, 0xCF, 0xF8, 0x1E, 0x03, 0x83, 0xFF, 0x80, 0x3F, 0xC0, 0x6C, 0x10, 0x1B, 0xFC, 0x0C, 0x7F,
    0x03, 0x18, 0x81, 0xC3, 0x60, 0xE7, 0xFF, 0xB1, 0xFF, 0xC0, 0x00, 0x00, 0x08, 0x22, 0x07, 0x18,
    0xC0, 0xCC, 0x30, 0x1F, 0xCC, 0x01, 0xF3, 0x0C, 0x3F, 0xF9, 0x9B, 0x6C, 0x33, 0xFB, 0x04, 0xFE,
    0xC3, 0x7F, 0xF0, 0xDF, 0xB8, 0x73, 0xC6, 0x18, 0xF3, 0x86, 0x34, 0xF3, 0x89, 0x6C, 0xC7, 0xF3,
    0xB1, 0x68, 0x60, 0x00, 0x00, 0x08, 0x00, 0x03, 0x1F, 0xF0, 0x6F, 0xFC, 0x0F, 0x7B, 0x00, 0xDE,
    0xC6, 0x3F, 0xF0, 0xC3, 0x78, 0x19, 0xFF, 0x01, 0xDE, 0xC0, 0xFF, 0xF0, 0x3F, 0xFC, 0x1B, 0xFF,
    0x06, 0xFF, 0xC3, 0x87, 0xF1, 0x9F, 0xFC, 0x47, 0xEF, 0x00, 0x01, 0x80, 0x00, 0x00, 0x00, 0x12,
    0x02, 0x1F, 0xE1, 0xC7, 0xFC, 0x31, 0xEF, 0x06, 0x7F, 0xC0, 0x1F, 0xF1, 0x87, 0xFC, 0x30, 0x00,
    0x07, 0xFF, 0xE0, 0xBF, 0xF0, 0x65, 0xFC, 0x19, 0x7E, 0x0E, 0x7F, 0xE3, 0x3F, 0xF1, 0xC9, 0x78,
    0xE6, 0xEF, 0xB1, 0x39, 0xE0, 0x00, 0x00, 0x08, 0xF9, 0x07, 0x3E, 0x60, 0xDA, 0x18, 0x1F, 0xC6,
    0x00, 0xFF, 0xE6, 0x37, 0x80, 0xCF, 0xC0, 0x1F, 0xCF, 0x83, 0xA3, 0xC1, 0xFF, 0x00, 0x6F, 0x80,
    0x3B, 0xFF, 0x0D, 0xFF, 0xC3, 0x25, 0xB3, 0x9F, 0xFE, 0xC7, 0xFF, 0x80, 0x00, 0x00, 0x00, 0x00,
    0x08, 0xF7, 0x87, 0x3F, 0xE0, 0xCF, 0x78, 0x1B, 0xFE, 0x00, 0xF7, 0x86, 0x7F, 0xE0, 0xE6, 0x60,
    0x1B, 0xFF, 0x01, 0xFF, 0xC1, 0xFF, 0xE0, 0x7F, 0xF8, 0x36, 0x30, 0x0D, 0xFF, 0x86, 0x7F, 0xE3,
    0x1F, 0xFC, 0x06, 0x00, 0x00, 0x00, 0x00, 0x00, 0x00, 0x30, 0x40, 0x0C, 0x13, 0xF1, 0x8F, 0xFE,
    0x37, 0xEC, 0x00, 0xC3, 0x0C, 0x31, 0xF1, 0xBF, 0xEC, 0x37, 0xFF, 0x07, 0xDF, 0xC3, 0x7F, 0xF0,
    0xDF, 0x7C, 0x73, 0x9B, 0x19, 0xFF, 0xCE, 0xD5, 0xF3, 0x74, 0x6E, 0xD9, 0x31, 0x80, 0x48, 0x60,
    0x00, 0x00, 0x00, 0x20, 0x00, 0x0C, 0x00, 0x03, 0x00, 0x20, 0xC2, 0x1C, 0x30, 0xC3, 0x0C, 0x70,
    0xE3, 0x18, 0x18, 0xC6, 0x02, 0x33, 0x00, 0x1C, 0x00, 0x04, 0x80, 0x03, 0x20, 0x01, 0x8C, 0x00,
    0xC1, 0x80, 0xE0, 0x38, 0xF0, 0x07, 0xB8, 0x00, 0xE0, 0x00, 0x00, 0x02, 0x00, 0x01, 0x80, 0x00,
    0x60, 0x00, 0x19, 0xFF, 0x9E, 0x63, 0x07, 0xF0, 0xC1, 0xF8, 0x30, 0xDC, 0x0C, 0x36, 0x03, 0x05,
    0xC0, 0xC0, 0xD8, 0x30, 0x32, 0x0C, 0x0C, 0xC3, 0x07, 0x18, 0xC1, 0x82, 0x30, 0xE0, 0x7C, 0x30,
    0x1C, 0x00, 0x00, 0x00, 0x00, 0x00, 0x03, 0xFF, 0xF0, 0xFF, 0xF8, 0x30, 0x40, 0x0C, 0x10, 0x03,
    0x44, 0x60, 0xD9, 0x18, 0x32, 0x4C, 0x0C, 0x93, 0x03, 0x2E, 0x80, 0xC3, 0x80, 0x61, 0xF0, 0x18,
    0x66, 0x06, 0x38, 0xC3, 0x1C, 0x18, 0xDC, 0x03, 0x80, 0x00, 0x00, 0x00, 0x00, 0x01, 0x11, 0x80,
    0xC4, 0x60, 0x33, 0x38, 0x19, 0x9C, 0x0C, 0xE6, 0x01, 0xDC, 0xC0, 0x31, 0x18, 0x0C, 0xC6, 0x00,
    0x60, 0x03, 0x18, 0x60, 0x62, 0x30, 0x0D, 0xD8, 0x01, 0xD4, 0x00, 0x36, 0x00, 0x78, 0xF0, 0xFC,
    0x1F, 0xBC, 0x01, 0xE0, 0x00, 0x00, 0x02, 0x00, 0x01, 0x9F, 0xF0, 0x67, 0xFE, 0x18, 0x00, 0x1F,
    0x80, 0x07, 0xEF, 0xF1, 0xF3, 0x0C, 0xD8, 0x83, 0x36, 0x30, 0xC5, 0x8F, 0xF0, 0xF3, 0xFC, 0x36,
    0x80, 0x0C, 0xB0, 0x07, 0x2C, 0x01, 0x86, 0x00, 0xE1, 0x00, 0x30, 0x40, 0x00, 0x00, 0x00, 0x02,
    0x10, 0x01, 0x84, 0x00, 0x61, 0x00, 0x19, 0x7F, 0x1E, 0xFF, 0xE7, 0xA6, 0x19, 0xFB, 0x4C, 0xD8,
    0xDB, 0x36, 0x34, 0x05, 0xC9, 0x80, 0xD8, 0xF0, 0x32, 0x3C, 0x0C, 0xFB, 0x87, 0x14, 0x61, 0x83,
    0x1C, 0xE1, 0x83, 0xB0, 0x40, 0x60, 0x00, 0x00, 0x00, 0x20, 0x01, 0x18, 0x40, 0xC6, 0x30, 0x19,
    0x98, 0x03, 0x7C, 0x00, 0x33, 0x00, 0x38, 0x60, 0x7D, 0x8F, 0x8E, 0x61, 0xC3, 0x18, 0x40, 0x66,
    0x30, 0x0C, 0xD8, 0x01, 0x7C, 0x00, 0x33, 0x00, 0x78, 0x70, 0xFC, 0x0F, 0xBC, 0x00, 0xC0, 0x00,
    0x00, 0x00, 0x20, 0x01, 0x08, 0x20, 0xC2, 0x0C, 0x3F, 0xFF, 0x0F, 0xFF, 0xC0, 0x00, 0x00, 0x00,
    0x00, 0x3F, 0xFF, 0x8F, 0xFF, 0xC3, 0x44, 0x60, 0xD9, 0x98, 0x36, 0x6C, 0x0C, 0x38, 0x07, 0x0B,
    0x01, 0x86, 0x70, 0xFF, 0x0F, 0xB3, 0x81, 0xE0, 0x00, 0x00, 0x00, 0x40, 0x00, 0x10, 0x00, 0x06,
    0x00, 0x01, 0xFE, 0x00, 0x40, 0x00, 0x38, 0x00, 0xFF, 0xF8, 0x30, 0x06, 0x0C, 0x01, 0x83, 0x00,
    0x60, 0xFF, 0xF8, 0x1F, 0xFC, 0x0C, 0x49, 0x83, 0x32, 0x71, 0xC6, 0xEE, 0xE0, 0x99, 0xB0, 0x24,
    0x60, 0x00, 0x00, 0x03, 0x18, 0x00, 0xE6, 0x00, 0x19, 0x80, 0x0B, 0xD0, 0x07, 0xFE, 0x00, 0x19,
    0x80, 0x0C, 0xC0, 0x03, 0xFE, 0x01, 0x81, 0x80, 0xC0, 0xE0, 0x7F, 0xFC, 0x3F, 0xFF, 0x1B, 0x7E,
    0x44, 0xDE, 0xF0, 0x7F, 0xBC, 0x1B, 0x6F, 0x06, 0xD9, 0x80, 0x00, 0x00, 0x00, 0x00, 0x87, 0xFC,
    0x61, 0xFF, 0x58, 0x0C, 0x36, 0x03, 0xCD, 0x81, 0xFB, 0x60, 0x66, 0xD8, 0x3F, 0x36, 0x19, 0xCD,
    0x84, 0x60, 0x60, 0x70, 0x18, 0x78, 0x3C, 0x18, 0x06, 0x01, 0xB3, 0x20, 0xCC, 0xCC, 0x63, 0x31,
    0x10, 0xCC, 0x40, 0x00, 0x00, 0x01, 0x00, 0x00, 0xC0, 0x00, 0x7F, 0xF8, 0x7F, 0xFF, 0x3E, 0xD3,
    0x01, 0x94, 0xC0, 0x65, 0x30, 0xFF, 0xFF, 0x9F, 0xFF, 0xC1, 0x94, 0xC0, 0x6F, 0xB0, 0x7F, 0xFF,
    0x0B, 0x6E, 0x83, 0x24, 0x41, 0xCD, 0x9C, 0xE1, 0x33, 0xB0, 0x48, 0x60, 0x00, 0x00, 0x02, 0x08,
    0x01, 0x86, 0x00, 0x71, 0x80, 0x3F, 0xFF, 0x0F, 0xFF, 0x07, 0xFF, 0xE1, 0xC3, 0x00, 0xF0, 0xC0,
    0x0F, 0xFF, 0x83, 0xFF, 0xC0, 0xC3, 0x00, 0x3F, 0xFF, 0x03, 0x6E, 0x83, 0x24, 0x61, 0xCD, 0x9C,
    0xE1, 0xA3, 0xB0, 0x48, 0x60, 0x00, 0x00, 0x02, 0x04, 0x01, 0x81, 0x80, 0x70, 0x78, 0x1F, 0x9B,
    0x0C, 0x64, 0xC3, 0xBB, 0xB1, 0xBF, 0xFE, 0x76, 0x1C, 0x37, 0x8F, 0x00, 0xE2, 0x60, 0xF1, 0x9C,
    0xF3, 0xC1, 0x90, 0x40, 0x01, 0x24, 0x61, 0xCD, 0x9C, 0xE3, 0x23, 0x30, 0x48, 0xC0, 0x00, 0x00,
    0x02, 0x04, 0x01, 0x81, 0x80, 0x60, 0x60, 0x18, 0xFF, 0x1F, 0x96, 0x07, 0xE7, 0xE1, 0xF1, 0xF8,
    0xD9, 0xFF, 0xB6, 0x7F, 0xC5, 0x86, 0x60, 0xF7, 0xFE, 0x37, 0xFF, 0x8C, 0x9B, 0x07, 0x26, 0xD9,
    0x83, 0x36, 0xE3, 0x8F, 0xB0, 0xC1, 0xE0, 0x00, 0x00, 0x01, 0x04, 0x00, 0x63, 0x00, 0x1D, 0xC0,
    0xFF, 0xFF, 0x8F, 0xE0, 0x07, 0xF8, 0x31, 0xF6, 0x6C, 0x6E, 0x9B, 0x1F, 0x26, 0xC6, 0xE9, 0xB1,
    0x9E, 0x4C, 0x63, 0x8E, 0x00, 0x40, 0x03, 0x24, 0x61, 0xCD, 0x9C, 0xE1, 0x33, 0xB0, 0x48, 0x60,
    0x00, 0x00, 0x0C, 0x00, 0x03, 0x3F, 0xF0, 0xCF, 0xFC, 0x34, 0x48, 0x3F, 0x7F, 0x8F, 0xDF, 0xF3,
    0xE7, 0x3C, 0xF1, 0x4F, 0x3C, 0x7F, 0xC3, 0x1F, 0xE0, 0xE0, 0x80, 0x6C, 0x20, 0x1B, 0x7F, 0x86,
    0x03, 0x03, 0x09, 0xC4, 0xC7, 0xFF, 0x80, 0x00, 0x00, 0x00, 0x00, 0x00, 0x00, 0x07, 0xEF, 0xF1,
    0xFB, 0xFC, 0x62, 0x23, 0x18, 0x98, 0xC7, 0xEC, 0xF1, 0xFA, 0x38, 0x62, 0xFE, 0x18, 0xBF, 0xC6,
    0x2C, 0x31, 0xFB, 0xFC, 0x7E, 0xFF, 0x00, 0x00, 0x03, 0x33, 0x31, 0x86, 0x66, 0xC1, 0x99, 0x80,
    0x00, 0x00, 0x00, 0x00, 0x02, 0x00, 0x01, 0x9F, 0xF8, 0x67, 0xFE, 0x18, 0x20, 0x1F, 0x98, 0x07,
    0xEF, 0xF1, 0xF3, 0x0C, 0xD8, 0xC3, 0x36, 0x3F, 0xC5, 0x8F, 0xF0, 0xF3, 0xFC, 0x36, 0xFF, 0x0C,
    0xA0, 0xC3, 0x2F, 0xF1, 0x83, 0xFC, 0xE3, 0xC7, 0xB0, 0xE0, 0xE0, 0x00, 0x00, 0x00, 0x40, 0x00,
    0x10, 0x80, 0x0E, 0x60, 0x3F, 0xF8, 0x00, 0xCC, 0x00, 0x33, 0x03, 0xFF, 0xFE, 0x03, 0x00, 0x07,
    0xFF, 0x8F, 0xFF, 0xE1, 0xFF, 0xF8, 0x1F, 0xFE, 0x07, 0xFF, 0x80, 0xFF, 0xC0, 0xC4, 0x8C, 0x73,
    0x33, 0x98, 0x48, 0x60, 0x00, 0x00, 0x02, 0x88, 0x01, 0xB6, 0x61, 0xFF, 0xF8, 0xFF, 0xF9, 0x0F,
    0x9F, 0xC7, 0xF1, 0xE1, 0x8C, 0x00, 0x7F, 0x60, 0x1F, 0xDB, 0x87, 0xF7, 0x81, 0xBD, 0xFC, 0x6E,
    0x3E, 0x00, 0x00, 0x03, 0x6C, 0x61, 0x8D, 0x9C, 0xC3, 0x61, 0x00, 0x00, 0x00, 0x00, 0x00, 0x01,
    0x08, 0x0F, 0xFA, 0x03, 0xFE, 0x80, 0x6B, 0x7C, 0x1F, 0xDF, 0x80, 0x03, 0x61, 0xFC, 0x98, 0x3F,
    0x66, 0x07, 0xD9, 0x8F, 0xF7, 0xF9, 0xF3, 0x5E, 0x3D, 0x87, 0x04, 0x40, 0x06, 0x48, 0x81, 0x9B,
    0x38, 0xE2, 0x47, 0x30, 0x00, 0xC0, 0x00, 0x00, 0x01, 0x08, 0x00, 0x43, 0x00, 0x38, 0xC0, 0x7F,
    0x30, 0x0F, 0xDF, 0x8F, 0xFF, 0x60, 0xCC, 0xD8, 0x65, 0xF6, 0x3F, 0xFD, 0x81, 0xF3, 0xF8, 0x3F,
    0xBE, 0xFF, 0xC3, 0x9E, 0x00, 0x41, 0x23, 0x61, 0xC8, 0xDC, 0xE2, 0x33, 0xB0, 0x88, 0x60, 0x00,
    0x00, 0x04, 0x42, 0x03, 0x10, 0xC0, 0xC6, 0x3C, 0x31, 0xED, 0x8D, 0xFB, 0x0F, 0xFF, 0xFB, 0xFF,
    0xB0, 0xF3, 0xCE, 0x3D, 0xE7, 0x87, 0x49, 0xB0, 0xE6, 0xCC, 0x7F, 0x31, 0x9E, 0x00, 0x06, 0xA4,
    0xF3, 0x89, 0xBE, 0xC6, 0x6D, 0xB1, 0x13, 0x60, 0x00, 0x00, 0x0C, 0x00, 0x03, 0x1F, 0xC0, 0xCF,
    0xF8, 0x37, 0xFE, 0x1F, 0x7F, 0x0F, 0xFD, 0xE3, 0xFF, 0x7C, 0xF6, 0x53, 0x3D, 0xB4, 0xC3, 0x7F,
    0xE0, 0xEF, 0xFC, 0x7F, 0xFF, 0x9B, 0x3C, 0x06, 0x5E, 0xE3, 0x3C, 0x8E, 0xC0, 0x20, 0x00, 0x00,
    0x00, 0x00, 0x00, 0x04, 0x7F, 0x83, 0x1F, 0xF0, 0xC7, 0xF8, 0x31, 0xFE, 0x1F, 0x6D, 0xC7, 0xDF,
    0xE3, 0xE7, 0xF8, 0xF1, 0xFE, 0x3C, 0x7F, 0x83, 0x7F, 0xF0, 0xEF, 0x7C, 0x7F, 0xFF, 0x1E, 0x1E,
    0x07, 0x9F, 0xE3, 0x1F, 0x7E, 0xC0, 0x70, 0x00, 0x00, 0x00, 0x00, 0x00, 0x00, 0x3F, 0x81, 0xFF,
    0xE0, 0xFC, 0x60, 0x31, 0x18, 0x0C, 0x46, 0x03, 0x11, 0x80, 0xC4, 0x60, 0x31, 0x0C, 0x0C, 0x43,
    0x03, 0x10, 0xC0, 0xC4, 0x30, 0x71, 0x0E, 0x18, 0x41, 0x86, 0x10, 0x63, 0x84, 0x1C, 0xC1, 0x03,
    0xB0, 0x40, 0x60, 0x00, 0x00, 0x00, 0x0F, 0x83, 0xFF, 0xF1, 0xFF, 0x18, 0x08, 0xC6, 0x03, 0xB3,
    0x07, 0xFF, 0xF1, 0x9C, 0xCC, 0x7F, 0xFF, 0x1F, 0xFF, 0x87, 0xF7, 0xF9, 0xFF, 0xFC, 0x7F, 0xC6,
    0x1F, 0xD9, 0x86, 0x62, 0x61, 0xFC, 0x18, 0xFD, 0xBC, 0x38, 0x4E, 0x00, 0x00, 0x00, 0x00, 0x00,
    0x00, 0x22, 0x00, 0x18, 0xC0, 0x0C, 0x18, 0x06, 0x03, 0x8F, 0x00, 0x73, 0x90, 0x4C, 0x06, 0x38,
    0x00, 0x88, 0x00, 0x36, 0x00, 0x07, 0x00, 0x00, 0xC0, 0x00, 0xF8, 0x01, 0xE3, 0x81, 0xE0, 0x7C,
    0xE0, 0x07, 0x80, 0x00, 0x00, 0x00, 0x00, 0x00, 0x20, 0x00, 0x0C, 0x00, 0x03, 0x00, 0xFF, 0xFF,
    0x99, 0xBC, 0xC3, 0xCD, 0xE0, 0x73, 0x70, 0x3C, 0xDE, 0x39, 0xBC, 0xC7, 0xEF, 0xE0, 0x73, 0x70,
    0x1C, 0xDE, 0x3D, 0xFD, 0xCE, 0x76, 0x30, 0x78, 0xF0, 0xF8, 0x1F, 0xB8, 0x01, 0xE0, 0x00, 0x00,
    0x02, 0x10, 0x00, 0x86, 0x00, 0x21, 0x80, 0x08, 0x60, 0x03, 0x18, 0x00, 0xFF, 0xF0, 0x20, 0x00,
    0x08, 0x00, 0x02, 0x00, 0x00, 0xFF, 0x80, 0x3F, 0xF0, 0x18, 0x0C, 0x0C, 0x03, 0x03, 0x00, 0xC1,
    0xC0, 0x30, 0x60, 0x0C, 0x08, 0x02, 0x00, 0x00, 0x00, 0x01, 0x00, 0x00, 0xC0, 0x01, 0xB3, 0xFE,
    0x6C, 0xC0, 0x1B, 0x20, 0x06, 0xCC, 0x01, 0xFF, 0xFC, 0x60, 0xF3, 0x18, 0x2C, 0xC7, 0xCF, 0x31,
    0xF2, 0x58, 0x64, 0x9E, 0x1B, 0x63, 0x0E, 0xF1, 0xE3, 0x3C, 0xDC, 0xCF, 0x63, 0xB1, 0x50, 0x60,
    0x00, 0x00, 0x00, 0x00, 0x07, 0xFF, 0xE0, 0xFF, 0xF0, 0x18, 0x20, 0x0E, 0x08, 0x03, 0x02, 0x01,
    0x80, 0x80, 0x7F, 0xFF, 0x0F, 0xFF, 0xC0, 0x1A, 0x00, 0x0C, 0x80, 0x06, 0x20, 0x07, 0x08, 0x0F,
    0x82, 0x03, 0x87, 0x80, 0x01, 0xC0, 0x00, 0x00, 0x00, 0x00, 0x00, 0x00, 0x20, 0x00, 0x88, 0x00,
    0x62, 0x00, 0x18, 0x80, 0x06, 0x70, 0x03, 0xFF, 0xE0, 0xC7, 0x00, 0x60, 0x80, 0x08, 0x20, 0x0F,
    0xFF, 0xF9, 0xFF, 0xFC, 0x00, 0x80, 0x00, 0x20, 0x00, 0x08, 0x00, 0x02, 0x00, 0x00, 0x80, 0x00,
    0x20, 0x00, 0x00, 0x00, 0x02, 0x10, 0x00, 0x84, 0x01, 0xA1, 0x00, 0x68, 0x60, 0x1F, 0x1F, 0xE7,
    0xEE, 0x63, 0x62, 0x18, 0xC8, 0x86, 0x02, 0xF1, 0x80, 0xF4, 0xC0, 0x79, 0xB0, 0xF8, 0x38, 0x3A,
    0x04, 0x00, 0x83, 0x80, 0x21, 0xB8, 0x09, 0xC7, 0x82, 0x60, 0xE0, 0x00, 0x00, 0x03, 0x00, 0x02,
    0xCC, 0x00, 0xF3, 0x00, 0x3C, 0xC0, 0x0F, 0x3F, 0xC3, 0xFE, 0xF1, 0xB7, 0xBC, 0x6C, 0x6F, 0x1B,
    0xF6, 0xC4, 0xFD, 0xB0, 0xF6, 0xCC, 0x7F, 0x33, 0x13, 0x18, 0xC0, 0xCE, 0x70, 0x37, 0x18, 0x0D,
    0xBE, 0x03, 0x0F, 0x00, 0x00, 0x00, 0x02, 0x04, 0x02, 0x89, 0x81, 0xA2, 0x60, 0x68, 0x98, 0x1E,
    0x36, 0x07, 0xFF, 0xF3, 0xFB, 0xF8, 0xC9, 0x98, 0x32, 0x46, 0x0C, 0xEF, 0xF3, 0xFB, 0xF8, 0x78,
    0x18, 0x02, 0x06, 0x00, 0x81, 0x80, 0x27, 0xFE, 0x09, 0xFF, 0x82, 0x00, 0x00, 0x00, 0x00, 0x02,
    0x04, 0x03, 0x81, 0x01, 0xE3, 0xF8, 0x78, 0xFE, 0x1F, 0x84, 0x07, 0xFF, 0xF3, 0x67, 0xFC, 0xDA,
    0x04, 0x37, 0xFF, 0xC1, 0xFF, 0xF0, 0xE1, 0x18, 0xF8, 0x44, 0x06, 0x19, 0x01, 0x80, 0x40, 0x60,
    0x70, 0x18, 0x3C, 0x00, 0x00, 0x00, 0x00, 0x00, 0x02, 0x22, 0x02, 0xFF, 0xE1, 0xBF, 0xFC, 0x68,
    0x74, 0x1E, 0x7F, 0x87, 0xE7, 0x43, 0x7F, 0xFE, 0xC8, 0xFE, 0x07, 0x76, 0xC3, 0xD9, 0xA3, 0xFF,
    0xFE, 0x4B, 0xFF, 0x02, 0x3B, 0xC0, 0xFE, 0xE0, 0x2E, 0x3E, 0x1F, 0xBF, 0x82, 0xCC, 0xC0, 0x00,
    0x00, 0x00, 0x20, 0x00, 0x09, 0x00, 0x02, 0x60, 0x00, 0x8C, 0x00, 0x21, 0x80, 0x1C, 0x43, 0xFF,
    0xFE, 0x01, 0x80, 0x00, 0x20, 0x00, 0x1C, 0x00, 0x0D, 0x80, 0x03, 0x20, 0x01, 0x8C, 0x00, 0xC1,
    0x80, 0xE0, 0x38, 0xF0, 0x07, 0xB8, 0x00, 0xE0, 0x00, 0x00, 0x10, 0x80, 0x0C, 0x27, 0xE1, 0x99,
    0xFC, 0x3C, 0x63, 0x06, 0x18, 0xC3, 0x86, 0x33, 0xF1, 0x8C, 0x64, 0x63, 0x03, 0x18, 0xC3, 0xE7,
    0xE3, 0xC9, 0xF0, 0x66, 0x60, 0x00, 0x98, 0x60, 0x26, 0x18, 0x19, 0x86, 0x7C, 0x7F, 0x8E, 0x0F,
    0xC0, 0x00, 0x00, 0x01, 0x09, 0x00, 0xC3, 0x60, 0x30, 0xCC, 0x0C, 0x33, 0x33, 0x0C, 0x06, 0xC7,
    0x00, 0xD7, 0xFE, 0x0C, 0x30, 0x03, 0x0C, 0x01, 0xC3, 0x80, 0xF1, 0xB0, 0x34, 0x4C, 0x1B, 0x19,
    0x8E, 0xCC, 0x63, 0x32, 0x1C, 0x0D, 0x83, 0x81, 0x40, 0x60, 0x00, 0x00, 0x31, 0x00, 0x0E, 0x4F,
    0xF1, 0xB3, 0xFC, 0x78, 0x18, 0x0C, 0x06, 0x07, 0x01, 0x83, 0x60, 0x60, 0x08, 0x18, 0x06, 0x3F,
    0xC3, 0xCF, 0xE3, 0x90, 0x60, 0x64, 0x18, 0x01, 0x06, 0x00, 0x41, 0x80, 0x37, 0xFE, 0x79, 0xFF,
    0x8C, 0x00, 0x00, 0x00, 0x00, 0x11, 0x3F, 0x0E, 0x4F, 0xE1, 0x92, 0x18, 0x3C, 0x86, 0x06, 0x31,
    0x83, 0x8F, 0xE3, 0xE3, 0x18, 0x08, 0x86, 0x07, 0x31, 0x83, 0xCF, 0xE3, 0x93, 0xF8, 0x64, 0x86,
    0x01, 0x31, 0x80, 0x48, 0x60, 0x3F, 0xFE, 0x7B, 0xFF, 0x8C, 0x00, 0x00, 0x00, 0x00, 0x31, 0x04,
    0x0E, 0x41, 0x80, 0xD7, 0xFE, 0x1F, 0xFF, 0x86, 0x40, 0x63, 0x90, 0xDB, 0xE0, 0x30, 0x49, 0xFF,
    0x83, 0x7F, 0xC3, 0xC8, 0xC3, 0xD3, 0xB0, 0x44, 0x7C, 0x01, 0x03, 0x00, 0x40, 0xC0, 0x30, 0x30,
    0x78, 0x78, 0x0C, 0x1C, 0x00, 0x00, 0x00, 0x11, 0x08, 0x0E, 0x42, 0x01, 0xD0, 0x80, 0x1D, 0xFE,
    0x06, 0x7F, 0xC3, 0x93, 0x33, 0xE4, 0x8C, 0x09, 0x23, 0x03, 0xC8, 0xC3, 0xFF, 0xF3, 0xD7, 0xF8,
    0x44, 0x26, 0x01, 0x08, 0xC0, 0x43, 0xF0, 0x37, 0xFE, 0x79, 0xC1, 0x8C, 0x00, 0x60, 0x00, 0x00,
    0x11, 0x08, 0x0E, 0x42, 0x01, 0xD0, 0x80, 0x1D, 0xFE, 0x06, 0x7F, 0xC7, 0x93, 0x43, 0xA6, 0x98,
    0x0C, 0xE6, 0x03, 0x0F, 0x01, 0xFF, 0xFB, 0xDF, 0xFC, 0xE4, 0x70, 0x01, 0x1C, 0x00, 0x4D, 0x80,
    0x36, 0x38, 0x7B, 0x07, 0x8C, 0x80, 0xE0, 0x00, 0x00, 0x32, 0x3F, 0x8E, 0x8F, 0xF1, 0xE0, 0x38,
    0x30, 0x1C, 0x0C, 0x06, 0x07, 0x9F, 0xFB, 0x20, 0x60, 0x08, 0x18, 0x03, 0x1C, 0x03, 0xC6, 0x01,
    0xD3, 0xFC, 0xC4, 0xFF, 0x01, 0x2F, 0xC0, 0xCF, 0xF0, 0x2F, 0xFE, 0x7B, 0xFF, 0x8C, 0x00, 0x00,
    0x00, 0x00, 0x31, 0x11, 0x0E, 0xD6, 0x61, 0xDD, 0x98, 0x1D, 0xBE, 0x06, 0x7F, 0x03, 0x9F, 0xE3,
    0xE4, 0xD8, 0x19, 0x36, 0x07, 0xFF, 0x8F, 0xFF, 0xE1, 0xDC, 0x98, 0x0F, 0xFE, 0x03, 0xFF, 0xE0,
    0xF2, 0x78, 0x7C, 0xDE, 0x7E, 0x37, 0x9C, 0x88, 0x80, 0x00, 0x00, 0x31, 0x11, 0x8E, 0x46, 0x61,
    0xDF, 0xFE, 0x1F, 0xFF, 0x86, 0x19, 0x83, 0x84, 0x63, 0xE0, 0x00, 0x09, 0xFF, 0x87, 0xE6, 0x63,
    0xF1, 0x9B, 0x9F, 0xFE, 0x67, 0xFF, 0x81, 0xC6, 0x60, 0x71, 0x98, 0x37, 0xFE, 0x79, 0xFF, 0x8C,
    0x40, 0x60, 0x00, 0x00, 0x01, 0x02, 0x80, 0x61, 0xE0, 0x18, 0x6C, 0x7F, 0xDB, 0x01, 0x86, 0x00,
    0x61, 0x81, 0xFF, 0xFC, 0x79, 0xD8, 0x13, 0xF6, 0x07, 0xFD, 0xC1, 0xFF, 0xF0, 0x7F, 0xF6, 0x1F,
    0xFD, 0x84, 0x6F, 0x61, 0x1B, 0xCC, 0x67, 0xE3, 0x10, 0xD8, 0x40, 0x00, 0x00, 0x11, 0x21, 0x0C,
    0x4C, 0x61, 0xBB, 0xB0, 0x3F, 0xFF, 0x86, 0x1E, 0x03, 0x87, 0x83, 0xE7, 0xFC, 0x09, 0xFB, 0x03,
    0x5E, 0xC3, 0xFC, 0xF3, 0xDE, 0x3C, 0x47, 0xFF, 0x01, 0xFF, 0xC0, 0x70, 0x30, 0x37, 0xFC, 0x79,
    0xFF, 0x0C, 0x40, 0xC0, 0x00, 0x00, 0x31, 0x04, 0x0E, 0x4F, 0xF1, 0xD3, 0xFC, 0x1D, 0xBB, 0x06,
    0x7F, 0xE3, 0x8F, 0xE3, 0xE3, 0xFC, 0x08, 0xC3, 0x07, 0x30, 0xC3, 0xCF, 0xF3, 0x93, 0xF8, 0x64,
    0x6D, 0x81, 0x7B, 0xE0, 0x5E, 0x60, 0x31, 0xFC, 0x79, 0xF3, 0x8C, 0x60, 0x60, 0x00, 0x00, 0x02,
    0x01, 0x0D, 0xFC, 0x63, 0xBF, 0x1C, 0x7C, 0x27, 0x8D, 0xFD, 0x87, 0x00, 0x63, 0x7F, 0x7E, 0x0B,
    0xCF, 0x0F, 0xF1, 0x8F, 0xBC, 0x61, 0x3F, 0x3C, 0x1F, 0xCF, 0x03, 0x93, 0xC0, 0xE4, 0xF0, 0x7F,
    0x6E, 0xF7, 0xD9, 0xB8, 0x84, 0x60, 0x00, 0x00, 0x32, 0x22, 0xCE, 0xCC, 0xF1, 0x96, 0x36, 0x1B,
    0x8D, 0x9F, 0xE3, 0x07, 0xF8, 0xC1, 0xFF, 0xFE, 0x6D, 0x8C, 0x1F, 0xE3, 0x03, 0xF8, 0xC3, 0xFF,
    0xF8, 0x7F, 0xD6, 0x0F, 0xE7, 0x87, 0xFF, 0x71, 0xFE, 0xCC, 0x7F, 0xE3, 0x88, 0x10, 0x60, 0x00,
    0x00, 0x33, 0x11, 0x0E, 0xDF, 0xF1, 0xF7, 0xFC, 0x38, 0xDC, 0x0E, 0x7F, 0x87, 0xBF, 0xE3, 0x7B,
    0xF8, 0x18, 0xFE, 0x07, 0x3F, 0x83, 0xCF, 0xE1, 0xB3, 0xF8, 0xCC, 0xFE, 0x03, 0x1B, 0x80, 0xC3,
    0xC0, 0xB7, 0xFC, 0x79, 0xE7, 0x80, 0x00, 0x00, 0x00, 0x00, 0x00, 0x20, 0x00, 0x08, 0x00, 0x02,
    0x00, 0x7F, 0xFF, 0x3F, 0xFF, 0xE0, 0x30, 0x00, 0x04, 0x00, 0x3E, 0x18, 0x07, 0x8C, 0x00, 0x66,
    0x00, 0x0F, 0x30, 0x01, 0x8C, 0x00, 0xC3, 0x80, 0x67, 0xE3, 0xFF, 0xFC, 0xFF, 0x83, 0x00, 0x00,
    0xC0, 0x00, 0x00, 0x00, 0x20, 0x00, 0x08, 0x00, 0x07, 0x00, 0xFF, 0xFF, 0x89, 0xD1, 0x06, 0xF4,
    0x60, 0xFF, 0xF0, 0x03, 0x80, 0x06, 0x6B, 0x03, 0x77, 0x63, 0x9F, 0xCC, 0x45, 0x80, 0x3F, 0xFF,
    0xEF, 0xFF, 0xF8, 0x02, 0x00, 0x00, 0x80, 0x00, 0x20, 0x00, 0x00, 0x00, 0x00, 0x00, 0x03, 0xFF,
    0xE1, 0xFF, 0xFC, 0x00, 0x80, 0x00, 0x20, 0x00, 0x08, 0x00, 0x02, 0x00, 0x00, 0x80, 0x0F, 0xFF,
    0x81, 0xFF, 0xC0, 0x02, 0x40, 0x00, 0x98, 0x00, 0x23, 0x80, 0x08, 0x43, 0xFF, 0xFE, 0xFF, 0xFF,
    0x80, 0x00, 0x00, 0x00, 0x00, 0x00, 0x00, 0x03, 0xFF, 0xE0, 0xFF, 0xF8, 0x01, 0x80, 0x00, 0x60,
    0x00, 0x18, 0x00, 0x06, 0x00, 0x01, 0x80, 0x0F, 0xFF, 0x83, 0xFF, 0xC0, 0x06, 0x00, 0x01, 0x80,
    0x00, 0x60, 0x00, 0x18, 0x01, 0xFF, 0xFE, 0x7F, 0xFF, 0x80, 0x00, 0x00, 0x00, 0x00, 0x00, 0x00,
    0x0F, 0xCF, 0xF1, 0xF3, 0xF8, 0x30, 0x00, 0x0C, 0x00, 0x03, 0x00, 0x03, 0xF7, 0xFC, 0xFD, 0xFF,
    0x8C, 0x13, 0x03, 0x06, 0xC0, 0xC1, 0x30, 0x3C, 0xCD, 0x1F, 0x63, 0x6E, 0x10, 0x98, 0x1C, 0x3E,
    0x0E, 0x07, 0x80, 0x00, 0x00, 0x00, 0x00, 0x00, 0x08, 0x00, 0x03, 0x01, 0xF1, 0xE0, 0xFC, 0xCC,
    0x0C, 0x61, 0xC3, 0x30, 0x38, 0xC0, 0x60, 0x30, 0xF0, 0x3F, 0xF1, 0x87, 0x98, 0xC0, 0xC0, 0xE0,
    0x33, 0xF1, 0x8C, 0x70, 0xC3, 0xC0, 0xE3, 0xF0, 0xF0, 0xF3, 0xF0, 0x00, 0x70, 0x00, 0x00, 0x00,
    0x00, 0x04, 0x00, 0x05, 0x81, 0xF1, 0xE0, 0xFC, 0xFE, 0x0C, 0x3F, 0xC3, 0x1D, 0x80, 0xC4, 0x60,
    0x30, 0x18, 0x3F, 0x7F, 0xE7, 0x9F, 0xF0, 0xC0, 0xF8, 0x30, 0x7E, 0x0F, 0x1F, 0xCF, 0xCD, 0xB3,
    0x86, 0x6E, 0x01, 0x19, 0x80, 0x04, 0x00, 0x00, 0x00, 0x00, 0x10, 0x00, 0x06, 0x00, 0x01, 0x80,
    0xFC, 0x7F, 0x8C, 0x59, 0x83, 0x16, 0x60, 0xC5, 0x98, 0x31, 0x66, 0x3F, 0xDF, 0xE7, 0x96, 0xF0,
    0xC3, 0x18, 0x30, 0x86, 0x0F, 0x21, 0x8F, 0x98, 0x61, 0xCC, 0xFE, 0x0E, 0x3F, 0x81, 0x00, 0x00,
    0x00, 0x00, 0x00, 0x7F, 0x0F, 0xFF, 0xE3, 0xFC, 0x18, 0x31, 0xFE, 0x0C, 0x7F, 0x83, 0x10, 0x60,
    0xC4, 0x18, 0xFF, 0xFE, 0x1F, 0x7F, 0x83, 0x10, 0x60, 0xC7, 0xF8, 0x31, 0xFC, 0x0F, 0x36, 0x6F,
    0xC9, 0x99, 0x86, 0x66, 0x0F, 0x1F, 0x01, 0x83, 0x80, 0x00, 0x00, 0x00, 0x0A, 0x00, 0x03, 0xC1,
    0xF0, 0xD8, 0xFC, 0x32, 0x0C, 0x7F, 0x83, 0x3F, 0xE0, 0xC4, 0xC0, 0xFF, 0x32, 0x0C, 0x7D, 0x83,
    0x0B, 0xC0, 0xC0, 0xE0, 0x30, 0x7C, 0x0F, 0x3D, 0x8F, 0xFB, 0x79, 0x8C, 0xCC, 0x00, 0xE0, 0x00,
    0x30, 0x00, 0x00, 0x00, 0x00, 0x00, 0x00, 0x1F, 0xE3, 0xFF, 0xFC, 0xFF, 0x23, 0x0C, 0xFF, 0x83,
    0x3F, 0xE0, 0xCC, 0x8C, 0xFF, 0x23, 0x3F, 0xFF, 0xC3, 0x3F, 0xE0, 0xC0, 0x80, 0x30, 0x70, 0x0C,
    0xFF, 0x87, 0xC6, 0x03, 0x8F, 0xFC, 0x03, 0xFF, 0x80, 0x00, 0x00, 0x00, 0x00, 0x1F, 0xDF, 0x8F,
    0xF7, 0xF0, 0x60, 0x60, 0x7E, 0x7E, 0x06, 0x06, 0x01, 0x81, 0x80, 0x7F, 0xFC, 0xF3, 0xC0, 0x00,
    0xFC, 0x01, 0xE7, 0xC3, 0xFF, 0xFE, 0x63, 0xE3, 0x07, 0xFF, 0x81, 0xFF, 0xE0, 0x00, 0xE0, 0x01,
    0xF0, 0x00, 0x70, 0x00, 0x00, 0x00, 0x00, 0x10, 0x0F, 0xDD, 0xF3, 0xFE, 0x7E, 0x31, 0x2D, 0x8C,
    0x4F, 0x63, 0x17, 0xD8, 0xC7, 0xE6, 0xFF, 0x9B, 0x8D, 0x80, 0x03, 0x3F, 0xF8, 0xC7, 0xFE, 0x31,
    0xFF, 0x8F, 0xFF, 0xEF, 0xF1, 0x9B, 0x87, 0xFE, 0x01, 0xFF, 0x80, 0x40, 0x60, 0x00, 0x00, 0x00,
    0x08, 0x00, 0x06, 0x01, 0xCF, 0xFC, 0xFF, 0xFF, 0x0C, 0x52, 0x83, 0x3F, 0xE0, 0xCD, 0xC8, 0x73,
    0xDE, 0x3E, 0xFF, 0x83, 0x3F, 0xE0, 0xDF, 0xFC, 0x36, 0x7B, 0x0F, 0xB7, 0xCF, 0x7F, 0xF0, 0x18,
    0x3C, 0x06, 0x1E, 0x00, 0x00, 0x00, 0x00, 0x00, 0x00, 0x04, 0x03, 0xF1, 0x01, 0xFF, 0xF8, 0x7F,
    0xFE, 0x1F, 0xDB, 0x07, 0xFF, 0xF1, 0xFF, 0xFE, 0xF1, 0x3E, 0x34, 0xFF, 0x8D, 0xF1, 0x80, 0xFF,
    0xF8, 0x7F, 0xFE, 0x00, 0x70, 0x01, 0xFF, 0xE1, 0xFF, 0xFC, 0xFF, 0xFF, 0x80, 0x00, 0x00, 0x00,
    0x00, 0x00, 0x00, 0x00, 0x1F, 0xE3, 0xFF, 0xFC, 0xFF, 0x53, 0x0C, 0xFF, 0xC3, 0x1F, 0xE0, 0xCF,
    0xFC, 0x7F, 0xFF, 0xBF, 0x7F, 0x03, 0x3F, 0xC0, 0xCE, 0xB0, 0x33, 0xFE, 0x0F, 0x3F, 0x87, 0xBB,
    0xF3, 0x8C, 0x8E, 0x00, 0x20, 0x00, 0x00, 0x00, 0x00, 0x00, 0x00, 0x00, 0x0F, 0xFF, 0xF9, 0xFF,
    0xFC, 0x1C, 0x8C, 0x3F, 0xFF, 0xEF, 0xFF, 0xF8, 0xFF, 0xF8, 0x3F, 0xFE, 0x0F, 0xFF, 0x83, 0x6B,
    0x60, 0xFF, 0xF8, 0x7F, 0xFF, 0x00, 0x74, 0x03, 0xFF, 0xF1, 0xFF, 0xFC, 0xFF, 0xFF, 0x80, 0x00,
    0x00, 0x00, 0x00, 0x00, 0x00, 0x0F, 0xFF, 0xE3, 0xFF, 0xFC, 0x0C, 0x00, 0x03, 0x00, 0x00, 0xFF,
    0x80, 0x30, 0x60, 0x0C, 0x18, 0x03, 0xC6, 0x00, 0xD9, 0x80, 0x72, 0xC0, 0x18, 0xA1, 0x86, 0x0C,
    0x61, 0x8E, 0x1B, 0xFF, 0xFC, 0xFF, 0x1E, 0x00, 0x00, 0x00, 0x00, 0x00, 0x18, 0x80, 0x07, 0x6F,
    0xF0, 0xDB, 0xFE, 0x3C, 0x30, 0x1F, 0xEC, 0x0F, 0xFB, 0x00, 0xD8, 0xF8, 0x32, 0x36, 0x0D, 0x8D,
    0x8F, 0xFF, 0x60, 0xDF, 0xF8, 0x32, 0x56, 0x1D, 0x91, 0xE6, 0x64, 0x79, 0x99, 0x7E, 0xE6, 0xFF,
    0x30, 0xB8, 0x80, 0x00, 0x00, 0x02, 0x02, 0x01, 0x80, 0xC0, 0x60, 0x30, 0x18, 0x0C, 0x06, 0x03,
    0x0F, 0xFF, 0xF8, 0x60, 0x30, 0x18, 0x0C, 0x06, 0x03, 0x01, 0xFF, 0xC0, 0x7F, 0xF0, 0x18, 0x0C,
    0x06, 0x03, 0x01, 0x80, 0xC0, 0x7F, 0xF0, 0x1F, 0xFC, 0x02, 0x02, 0x00, 0x00, 0x00, 0x01, 0x02,
    0x00, 0xC0, 0xC0, 0x38, 0x70, 0x7F, 0xFF, 0x03, 0xFF, 0x00, 0xFF, 0xC0, 0x30, 0x30, 0x0F, 0xFC,
    0x03, 0xFF, 0x0F, 0xFF, 0xF9, 0xFF, 0xFC, 0x33, 0x23, 0x0F, 0x8F, 0x83, 0xC1, 0xC0, 0xFF, 0xFE,
    0x3F, 0xFF, 0x8C, 0x00, 0x00, 0x00, 0x00, 0x00, 0x20, 0x00, 0x8C, 0x00, 0x63, 0x00, 0x18, 0xC0,
    0x07, 0xFF, 0x81, 0xFF, 0xF0, 0xC3, 0x00, 0x30, 0xC0, 0x18, 0x30, 0x0D, 0xFF, 0xE1, 0x3F, 0xF0,
    0x00, 0xC0, 0x00, 0x30, 0x00, 0x0C, 0x03, 0xFF, 0xFE, 0xFF, 0xFF, 0x80, 0x00, 0x00, 0x00, 0x00,
    0x00, 0x10, 0x00, 0x04, 0x00, 0x03, 0x80, 0x7F, 0xFF, 0x81, 0xC7, 0x00, 0x39, 0x81, 0xFF, 0xFE,
    0x30, 0x30, 0x0C, 0x4C, 0x03, 0x1F, 0xF0, 0xCF, 0xF8, 0x66, 0x20, 0x19, 0x7F, 0xC6, 0x1F, 0xE3,
    0x80, 0x80, 0xC7, 0xFF, 0xB1, 0xFF, 0xE0, 0x00, 0x00, 0x07, 0xFF, 0xC1, 0xFF, 0xF0, 0x43, 0x04,
    0x10, 0xC1, 0x04, 0x30, 0x41, 0xFF, 0xF0, 0x7F, 0xFC, 0x10, 0xC1, 0x07, 0xFF, 0xC1, 0xFF, 0xF0,
    0x43, 0x04, 0x10, 0xC1, 0x04, 0x30, 0x41, 0x0C, 0x11, 0xC3, 0x04, 0x60, 0x5F, 0x08, 0x07, 0x80,
    0x00, 0x00, 0x0F, 0xFF, 0xC7, 0xFF, 0xF9, 0x83, 0x06, 0x60, 0xC1, 0x98, 0x30, 0x66, 0x0C, 0x19,
    0x83, 0x06, 0x7F, 0xFF, 0x9F, 0xFF, 0xE6, 0x0C, 0x19, 0x83, 0x06, 0x60, 0xC1, 0x98, 0x30, 0x66,
    0x0C, 0x19, 0xFF, 0xFE, 0x7F, 0xFF, 0x88, 0x00, 0x60, 0x00, 0x00, 0x00, 0x60, 0x00, 0x18, 0x00,
    0x06, 0x00, 0x1F, 0xFC, 0x0F, 0xFF, 0x83, 0x18, 0x60, 0xC6, 0x18, 0x31, 0x86, 0x0C, 0x61, 0x83,
    0xFF, 0xE0, 0xFF, 0xF8, 0x31, 0x82, 0x0C, 0x61, 0x83, 0x18, 0x20, 0xFF, 0xF8, 0x3F, 0xFE, 0x08,
    0x00, 0x80, 0x00, 0x00, 0x0F, 0xFF, 0x83, 0xFF, 0xE0, 0xC6, 0x18, 0x31, 0x86, 0x0C, 0x61, 0x83,
    0xFF, 0xE0, 0xC6, 0x18, 0x31, 0x86, 0x0C, 0x61, 0x83, 0xFF, 0xE0, 0xFF, 0xF8, 0x21, 0x82, 0x00,
    0x60, 0x00, 0x18, 0x00, 0x06, 0x00, 0x01, 0x80, 0x00, 0x60, 0x00, 0x00, 0x00, 0x00, 0x20, 0x00,
    0x0C, 0x00, 0x03, 0x00, 0x7F, 0xFF, 0x18, 0x30, 0xC6, 0x0C, 0x31, 0xFF, 0xFC, 0x60, 0xC3, 0x18,
    0x30, 0xC6, 0x0C, 0x31, 0xFF, 0xFC, 0x7F, 0xFF, 0x08, 0x30, 0x40, 0x0C, 0x00, 0x03, 0x00, 0x00,
    0xC0, 0x00, 0x20, 0x00, 0x00, 0x00, 0x03, 0xFF, 0x80, 0xFF, 0xE0, 0x23, 0x18, 0x0F, 0xFE, 0x03,
    0xFF, 0x80, 0x8C, 0x20, 0x3F, 0xF8, 0x0F, 0xFE, 0x00, 0x30, 0x03, 0xFF, 0xF1, 0xFF, 0xFE, 0x01,
    0x81, 0x80, 0x60, 0x60, 0x30, 0x10, 0x38, 0x06, 0x7C, 0x3F, 0x0C, 0x0F, 0x80, 0x00, 0x00, 0x00,
    0x00, 0x0F, 0xE0, 0x03, 0xFB, 0xFE, 0xF2, 0xFF, 0xBC, 0x83, 0x0F, 0x20, 0xC3, 0xF8, 0x30, 0xFE,
    0x0C, 0x3C, 0x83, 0x0F, 0x20, 0xC3, 0xC8, 0x30, 0xF6, 0x0C, 0x3F, 0x83, 0x0C, 0x00, 0xC3, 0x01,
    0xF0, 0x00, 0x78, 0x00, 0x00, 0x00, 0x00, 0x00, 0x1F, 0xFF, 0xCF, 0xFF, 0xF8, 0x02, 0x00, 0x0F,
    0xF8, 0x07, 0xFF, 0x0D, 0x88, 0xDB, 0x62, 0x36, 0xDF, 0xFD, 0xB7, 0xFF, 0x6D, 0x88, 0xDB, 0x63,
    0x36, 0xDF, 0xFD, 0xB3, 0xFE, 0x6C, 0x00, 0x1B, 0xFF, 0xFE, 0xFF, 0xFF, 0xB0, 0x00, 0x60, 0x00,
    0x00, 0x07, 0xFF, 0x03, 0xFF, 0xE0, 0xC2, 0x18, 0x3F, 0xFE, 0x0F, 0xFF, 0x83, 0x08, 0x60, 0xC7,
    0x18, 0x3F, 0xFC, 0x01, 0x9C, 0x01, 0xE3, 0xC0, 0xF9, 0xB8, 0xE6, 0x63, 0x81, 0x98, 0x00, 0xC6,
    0x00, 0x71, 0x80, 0x38, 0x60, 0x00, 0x00, 0x00, 0x00, 0x00, 0x00, 0x00, 0x03, 0xFF, 0xE0, 0xFF,
    0xF8, 0x3F, 0xFE, 0x0F, 0xFF, 0x83, 0x08, 0x60, 0xFF, 0xF8, 0x1F, 0xFC, 0x1F, 0xFF, 0xCF, 0xFF,
    0xF8, 0x63, 0x00, 0x18, 0x66, 0x06, 0x0F, 0x01, 0xF9, 0xC1, 0xF8, 0x3C, 0xF0, 0x03, 0x80, 0x00,
    0x00, 0x00, 0x00, 0x02, 0x00, 0x01, 0x8F, 0xF8, 0x63, 0xFE, 0x1A, 0xD9, 0x9F, 0xB6, 0x67, 0xED,
    0x99, 0xF3, 0x66, 0xDC, 0xD9, 0xB6, 0x3F, 0xE5, 0x8F, 0xF8, 0xF3, 0x66, 0x34, 0xD9, 0x8D, 0xB6,
    0x66, 0x2D, 0x99, 0x8B, 0xFE, 0xE0, 0xFF, 0xB0, 0x20, 0x60, 0x00, 0x00, 0x00, 0x04, 0x07, 0xCB,
    0x21, 0xFE, 0xC8, 0x7F, 0xB2, 0x1F, 0xBD, 0x87, 0xEF, 0xC1, 0xFB, 0xD0, 0x7E, 0x30, 0x1F, 0xFF,
    0x87, 0xEF, 0xE1, 0xF8, 0x40, 0x7F, 0xFF, 0x1F, 0xFF, 0xC7, 0xE1, 0x01, 0x80, 0xC0, 0x40, 0x30,
    0x00, 0x04, 0x00, 0x00, 0x00, 0x00, 0xC0, 0x03, 0xFF, 0xF0, 0xFB, 0xFC, 0x30, 0x33, 0x0C, 0xCC,
    0xC3, 0x1B, 0x30, 0xDF, 0x8C, 0x7D, 0xFE, 0x1E, 0x33, 0x03, 0xFF, 0xE0, 0xFF, 0xF8, 0x3F, 0xFE,
    0x0F, 0xFF, 0x83, 0x18, 0x60, 0xFF, 0xF8, 0x3F, 0xFE, 0x08, 0x01, 0x80, 0x00, 0x00, 0x00, 0x20,
    0x00, 0x08, 0x00, 0x07, 0x00, 0xFF, 0xFF, 0x83, 0xE4, 0x00, 0xE7, 0x00, 0x19, 0x98, 0x03, 0xC3,
    0x3F, 0xFF, 0xE7, 0xFF, 0xC0, 0xFF, 0xF8, 0x3F, 0xFE, 0x0F, 0xFF, 0x83, 0xFF, 0xE0, 0xFF, 0xF8,
    0x3F, 0xFE, 0x04, 0x01, 0x00, 0x00, 0x00, 0x02, 0x08, 0x01, 0x82, 0x00, 0x60, 0x80, 0x7F, 0xBC,
    0x3F, 0xFF, 0x80, 0x06, 0x60, 0x01, 0x18, 0x7F, 0xC6, 0x1F, 0xE3, 0x07, 0x90, 0x81, 0xFC, 0x70,
    0x7F, 0x1E, 0x1E, 0x4D, 0x87, 0x92, 0x71, 0xFD, 0x8C, 0x7F, 0xC3, 0x98, 0x20, 0x60, 0x00, 0x00,
    0x00, 0x00, 0x03, 0xC6, 0x01, 0xF9, 0x80, 0x7E, 0x7E, 0x1F, 0xB1, 0x87, 0xEE, 0xC1, 0xFE, 0xE0,
    0x7E, 0x38, 0x1F, 0x9B, 0x07, 0xFC, 0x71, 0xFB, 0xFC, 0x7E, 0xFE, 0x1F, 0xB0, 0x87, 0xEC, 0x61,
    0x83, 0xF8, 0x40, 0xFE, 0x00, 0x30, 0x80, 0x00, 0x00, 0x00, 0x07, 0x01, 0xFF, 0xE0, 0xFF, 0x80,
    0x06, 0xDC, 0x01, 0xF6, 0x07, 0xFF, 0xF8, 0x07, 0xC0, 0x06, 0xD0, 0x0F, 0xB7, 0x0F, 0xFF, 0xF9,
    0xFF, 0xFC, 0x1F, 0xFE, 0x07, 0xFF, 0x81, 0x8C, 0x60, 0x7F, 0xF8, 0x1F, 0xFE, 0x02, 0x01, 0x00,
    0x00, 0x00, 0x00, 0x00, 0x03, 0xFF, 0xC0, 0xFF, 0xF0, 0x3F, 0xFC, 0x0F, 0xFF, 0x03, 0x10, 0xC0,
    0xFF, 0xF0, 0x1F, 0xF8, 0x0F, 0xFF, 0x07, 0xFF, 0xE0, 0x30, 0x80, 0x0E, 0x70, 0x3F, 0xFF, 0xE0,
    0xC3, 0x01, 0xF0, 0xF8, 0xF0, 0x0F, 0x00, 0x00, 0x00, 0x00, 0x00, 0x07, 0xFF, 0x03, 0xFF, 0xE0,
    0xC3, 0x18, 0x3F, 0xFE, 0x0F, 0xFF, 0x83, 0xFF, 0xE0, 0x00, 0x00, 0xFF, 0xFF, 0xBF, 0xFF, 0xED,
    0xFF, 0x9B, 0x7F, 0xF6, 0xDF, 0xFD, 0x87, 0x07, 0x01, 0xFF, 0xC0, 0x7F, 0xE0, 0xFF, 0xFF, 0xBF,
    0xFF, 0xE0, 0x00, 0x00, 0x01, 0x21, 0x06, 0xCA, 0xE1, 0xEA, 0xE8, 0x37, 0x9F, 0x07, 0xA7, 0x83,
    0xF9, 0xF1, 0xFE, 0xFE, 0x01, 0x86, 0x3F, 0xFF, 0xE7, 0xFF, 0xF1, 0xFD, 0x0C, 0x7F, 0x66, 0x1F,
    0xCF, 0x07, 0xF3, 0x99, 0xFC, 0xF6, 0x7F, 0x6F, 0x98, 0x11, 0x80, 0x00, 0x00, 0x00, 0x08, 0x0F,
    0xE2, 0x03, 0xFF, 0xFC, 0x07, 0xFF, 0x83, 0x08, 0x01, 0x87, 0x00, 0x67, 0xFC, 0x7B, 0x33, 0x1F,
    0xC8, 0xC7, 0xFF, 0xF1, 0xE7, 0xF8, 0x78, 0xF8, 0x1F, 0xEB, 0x8F, 0xFA, 0x63, 0xEC, 0x8E, 0x02,
    0x21, 0x80, 0x08, 0x00, 0x00, 0x00, 0x08, 0x00, 0x06, 0x37, 0xC1, 0xFD, 0xF8, 0x7C, 0x06, 0x18,
    0x43, 0x06, 0x33, 0x80, 0xF8, 0x30, 0x7C, 0xFF, 0x1F, 0xFF, 0xCF, 0xF5, 0xB3, 0x31, 0xF8, 0xFF,
    0x7C, 0x1F, 0xDE, 0x00, 0xE7, 0x80, 0xEF, 0xFE, 0xF1, 0x8F, 0xB8, 0x20, 0x00, 0x00, 0x00, 0x00,
    0x10, 0x00, 0x06, 0x00, 0x01, 0x80, 0x3F, 0xFF, 0x8C, 0x7C, 0x0F, 0x1F, 0x01, 0xC6, 0x4C, 0x33,
    0x1B, 0x1D, 0x83, 0x8F, 0x60, 0xC3, 0xCF, 0xF0, 0x33, 0xFE, 0x18, 0x63, 0x06, 0x0F, 0x83, 0x83,
    0xE0, 0xC7, 0xDF, 0xB1, 0xC1, 0xE0, 0x00, 0x00, 0x00, 0x08, 0x00, 0x03, 0x00, 0x00, 0xC0, 0x3F,
    0xFF, 0x8C, 0x0C, 0x0F, 0x03, 0x01, 0xCF, 0xFC, 0x32, 0x33, 0x1C, 0x8C, 0xCF, 0x3F, 0xE3, 0xCF,
    0xF8, 0x32, 0xCC, 0x18, 0x9B, 0x06, 0x67, 0x83, 0xB3, 0xE0, 0xDF, 0xCF, 0xB6, 0xC1, 0xE0, 0x00,
    0x00, 0x00, 0x10, 0x00, 0x04, 0x00, 0x01, 0x80, 0x1F, 0xFF, 0x9E, 0x30, 0x07, 0x8C, 0x00, 0xE3,
    0xFC, 0x19, 0xB0, 0x07, 0xC8, 0x07, 0xA3, 0x03, 0xEF, 0xFE, 0x7B, 0xFF, 0x0C, 0x1C, 0x07, 0x0D,
    0x81, 0x86, 0x3C, 0xE7, 0x07, 0xB1, 0x80, 0x60, 0x00, 0x00, 0x00, 0x10, 0x00, 0x04, 0x00, 0x03,
    0x80, 0x3F, 0xFF, 0x8C, 0x00, 0x0F, 0x00, 0x01, 0xDF, 0xFE, 0x30, 0x30, 0x1C, 0x0C, 0x0F, 0x3F,
    0xF3, 0xDF, 0xFC, 0x22, 0x73, 0x18, 0xB7, 0xC6, 0x38, 0xF3, 0x8C, 0x2C, 0xC6, 0x1F, 0x30, 0x87,
    0x00, 0x00, 0x00, 0x00, 0x00, 0x00, 0x0C, 0x00, 0x03, 0x00, 0x1F, 0xFF, 0x06, 0x00, 0x01, 0x80,
    0x01, 0xFF, 0xF8, 0x3B, 0x7C, 0x06, 0x18, 0x03, 0xB6, 0x01, 0xED, 0xF8, 0x5B, 0x7E, 0x0C, 0xD8,
    0x03, 0x36, 0x01, 0xCD, 0x80, 0x6F, 0xFF, 0x13, 0xFF, 0xC0, 0x00, 0x00, 0x00, 0x10, 0x00, 0x06,
    0x00, 0x03, 0x80, 0x3F, 0xFF, 0x8C, 0xFE, 0x0F, 0x3F, 0x81, 0xD8, 0x30, 0x37, 0xFC, 0x1D, 0xFF,
    0x0F, 0x60, 0xC3, 0xDF, 0xF0, 0x37, 0xFB, 0x19, 0x99, 0x86, 0x63, 0xC3, 0x8F, 0x78, 0xDF, 0xCF,
    0xB3, 0x80, 0xE0, 0x00, 0x00, 0x00, 0x10, 0x00, 0x04, 0x00, 0x03, 0x80, 0x0F, 0xFF, 0x83, 0xFF,
    0x87, 0xFF, 0xF0, 0xE0, 0x00, 0x18, 0x00, 0x0E, 0x7F, 0x8F, 0xBF, 0xE1, 0xAC, 0x18, 0x3B, 0xFE,
    0x0C, 0xFF, 0x83, 0x18, 0xC1, 0xC3, 0x60, 0x67, 0xFF, 0x89, 0xFF, 0xC0, 0x00, 0x00, 0x00, 0x10,
    0x00, 0x04, 0x00, 0x03, 0x80, 0x0F, 0xFF, 0x9B, 0xFF, 0x07, 0xFF, 0xC0, 0xE7, 0x30, 0x18, 0x78,
    0x0F, 0xFF, 0xCF, 0xFF, 0xF1, 0x3F, 0xFC, 0x1F, 0xFF, 0x0D, 0xFF, 0xC3, 0x7F, 0xF1, 0xD8, 0x8C,
    0x66, 0x3E, 0x08, 0x8B, 0x00, 0x00, 0x00, 0x00, 0x10, 0x00, 0x04, 0x00, 0x03, 0x80, 0x3F, 0xFF,
    0xBC, 0x30, 0x8F, 0x1C, 0x31, 0xDC, 0x6C, 0x33, 0x1B, 0x0C, 0x46, 0xCF, 0x7D, 0xB3, 0xDF, 0x6C,
    0x73, 0x9B, 0x19, 0xF6, 0xC7, 0xD5, 0xB3, 0xE4, 0x4C, 0xC9, 0x0F, 0x30, 0x43, 0x00, 0x00, 0x00,
    0x00, 0x10, 0x01, 0xFF, 0xF0, 0xFF, 0xFE, 0x30, 0xE0, 0x0D, 0xFF, 0xCF, 0x7F, 0xF1, 0xDF, 0xFC,
    0x34, 0xE3, 0x1D, 0xFF, 0xCF, 0x7F, 0xE3, 0xDF, 0xFC, 0x37, 0xFE, 0x18, 0xE7, 0x06, 0x1F, 0x83,
    0x87, 0xE0, 0xDF, 0x9F, 0xB3, 0x81, 0xE0, 0x00, 0x00, 0x00, 0x08, 0x00, 0x02, 0x00, 0x01, 0xC0,
    0x0F, 0xFF, 0x92, 0x80, 0x0F, 0xE0, 0x70, 0xFD, 0xBE, 0x1B, 0xFD, 0x8F, 0xF3, 0x6F, 0xC8, 0xD9,
    0x3F, 0xF6, 0x1F, 0xED, 0x8C, 0x73, 0x63, 0x16, 0xD9, 0xCC, 0xFE, 0x66, 0x2F, 0x89, 0x02, 0x60,
    0x00, 0x00, 0x00, 0x10, 0x00, 0x06, 0x00, 0x01, 0x80, 0x3F, 0xFF, 0x8C, 0xFF, 0x0F, 0x3F, 0xE1,
    0xD8, 0x18, 0x33, 0xFE, 0x1D, 0xFF, 0x8F, 0x7F, 0xFB, 0xDF, 0xFC, 0x31, 0xFE, 0x19, 0xFF, 0xC6,
    0x7D, 0xB3, 0x9E, 0xCC, 0xC6, 0xEF, 0x30, 0x33, 0x00, 0x00, 0x00, 0x00, 0x10, 0x00, 0x04, 0x00,
    0x3F, 0xFC, 0x1F, 0xFF, 0x86, 0xFF, 0xC7, 0xFF, 0xF8, 0xFB, 0x30, 0x1B, 0xFF, 0x8F, 0xFF, 0xCF,
    0xFF, 0xF8, 0x6C, 0x38, 0x33, 0xFC, 0x0C, 0x5B, 0x03, 0x3E, 0xE1, 0xBF, 0x9E, 0x60, 0xE0, 0x00,
    0x00, 0x00, 0x00, 0x00, 0x00, 0x10, 0x01, 0xFF, 0xF0, 0xFF, 0xFE, 0x30, 0xF8, 0x0C, 0x77, 0x0F,
    0x7F, 0xF9, 0xFF, 0x80, 0x37, 0xFB, 0x1C, 0xFE, 0xCF, 0x3F, 0xB0, 0xCF, 0xFC, 0x76, 0xF3, 0x18,
    0xBB, 0x86, 0x56, 0xF3, 0x3C, 0xA6, 0xDD, 0xFD, 0xB6, 0x3E, 0x60, 0x00, 0x00, 0x00, 0x08, 0x00,
    0x02, 0x00, 0x3F, 0xFC, 0x1F, 0xFF, 0x06, 0xF2, 0x07, 0xFF, 0xF0, 0xF9, 0xFC, 0x1F, 0xD6, 0x1F,
    0xFF, 0xCF, 0xFF, 0xF0, 0x7F, 0x20, 0x37, 0xDC, 0x0D, 0xDF, 0xC3, 0xFD, 0xC1, 0xBF, 0x20, 0x63,
    0x08, 0x00, 0x00, 0x00, 0x00, 0x00, 0x00, 0x02, 0x03, 0xF9, 0x81, 0xFE, 0xC8, 0x01, 0xE7, 0x0E,
    0xDB, 0x80, 0xE3, 0xC0, 0x30, 0x60, 0x38, 0x08, 0x3F, 0xFF, 0xE4, 0xFF, 0x30, 0x08, 0x80, 0x7F,
    0xFF, 0x0F, 0xFF, 0x00, 0x22, 0x20, 0x38, 0x8C, 0xFC, 0x3E, 0x3C, 0x07, 0x00, 0x00, 0x00, 0x07,
    0xE2, 0x01, 0xFD, 0x80, 0x47, 0xCC, 0x33, 0x33, 0x07, 0x87, 0x80, 0xE1, 0xC0, 0xFF, 0xF8, 0xE0,
    0x03, 0x97, 0xFF, 0x81, 0xFF, 0xE0, 0x60, 0x18, 0x1F, 0xFE, 0x03, 0xFF, 0x00, 0x31, 0x00, 0x04,
    0xC0, 0x7F, 0xFF, 0x8F, 0xFF, 0xE0, 0x00, 0x00, 0x00, 0x60, 0x00, 0x18, 0x00, 0x06, 0x00, 0x1F,
    0xFC, 0x0F, 0xFF, 0x83, 0x00, 0x60, 0xC0, 0x18, 0x30, 0x06, 0x0C, 0x01, 0x83, 0xFF, 0xE0, 0xFF,
    0xF8, 0x30, 0x02, 0x0C, 0x01, 0x83, 0x00, 0x20, 0xFF, 0xF8, 0x3F, 0xFE, 0x08, 0x00, 0x80, 0x00,
    0x00, 0x00, 0x00, 0x0F, 0xFF, 0xF9, 0xFF, 0xFC, 0x01, 0x80, 0x0F, 0xFF, 0x03, 0xFF, 0xE0, 0xC0,
    0x18, 0x30, 0x06, 0x0F, 0xFF, 0x83, 0xFF, 0xE0, 0xC0, 0x18, 0x30, 0x06, 0x0C, 0x01, 0x83, 0xFF,
    0xE0, 0xFF, 0xF8, 0x30, 0x06, 0x00, 0x00, 0x00, 0x00, 0x00, 0x00, 0x00, 0x01, 0x8C, 0x00, 0x63,
    0x00, 0x7C, 0xFF, 0x1F, 0xB0, 0xC6, 0x78, 0x11, 0x9E, 0x0C, 0x66, 0x63, 0x1F, 0x98, 0xC6, 0x63,
    0x31, 0x98, 0xCC, 0x66, 0x13, 0x19, 0x80, 0xC7, 0xE0, 0x11, 0xF8, 0x0C, 0x60, 0x3E, 0x10, 0x0F,
    0x00, 0x00, 0x00, 0x04, 0x00, 0x01, 0x86, 0x30, 0x61, 0x9C, 0x1F, 0xFC, 0x06, 0x18, 0x01, 0x86,
    0x30, 0x7F, 0x8C, 0x7B, 0xBF, 0x1C, 0xC7, 0x81, 0xFF, 0xE0, 0x7F, 0xF8, 0x1F, 0xFE, 0x07, 0xFF,
    0x81, 0x80, 0x20, 0x7F, 0xF8, 0x1F, 0xFE, 0x04, 0x00, 0x80, 0x00, 0x00, 0x00, 0x20, 0x00, 0x18,
    0x00, 0x0E, 0x00, 0x3F, 0xFE, 0x0F, 0xFF, 0x83, 0xFF, 0xE0, 0xC0, 0x18, 0x30, 0x06, 0x0F, 0xFF,
    0x81, 0xFF, 0xC1, 0xFF, 0xFC, 0x3F, 0xFE, 0x1F, 0xFF, 0xC7, 0xFF, 0xE0, 0x02, 0x00, 0xFF, 0xFF,
    0xBF, 0xFF, 0xE0, 0x00, 0x00, 0x00, 0x10, 0x00, 0x06, 0x00, 0x03, 0x80, 0x1F, 0xFF, 0x06, 0x18,
    0xC1, 0x86, 0x30, 0x61, 0x80, 0x1F, 0xFE, 0x07, 0xFF, 0x81, 0x90, 0xC0, 0x66, 0x30, 0x38, 0x98,
    0x0C, 0x3C, 0x07, 0x07, 0x01, 0x83, 0x78, 0xE7, 0x8F, 0xB1, 0xC0, 0xE0, 0x00, 0x00, 0x00, 0x00,
    0x00, 0x00, 0x00, 0xFF, 0xF8, 0x36, 0x66, 0x0D, 0x91, 0x83, 0x64, 0x60, 0xD9, 0x18, 0x36, 0x46,
    0x0D, 0x91, 0x83, 0x64, 0x60, 0xD9, 0x18, 0x36, 0x46, 0x0C, 0x91, 0x8F, 0xFF, 0xFB, 0xFF, 0xFE,
    0x00, 0x00, 0x00, 0x00, 0x00, 0x00, 0x00, 0x00, 0x90, 0x00, 0x6E, 0x00, 0x30, 0xC0, 0x18, 0x1C,
    0x1F, 0xFF, 0xCF, 0xFF, 0x30, 0x18, 0xC0, 0x06, 0x10, 0x03, 0x0C, 0x07, 0x9E, 0x00, 0x7F, 0xF0,
    0x3F, 0xFC, 0x0C, 0xD9, 0x03, 0x32, 0x41, 0xFF, 0xFC, 0xFF, 0xFF, 0x00, 0x00, 0x00, 0x00, 0x00,
    0x00, 0x00, 0x00, 0x81, 0x80, 0x30, 0x40, 0x06, 0x20, 0x01, 0xD8, 0x0F, 0xFF, 0xF0, 0x19, 0x80,
    0x06, 0x20, 0x0F, 0x0F, 0x0F, 0x81, 0xF1, 0xFF, 0xF8, 0x3F, 0xF8, 0x0C, 0x93, 0x03, 0x24, 0x83,
    0xFF, 0xFE, 0xFF, 0xFF, 0x80, 0x00, 0x00, 0x00, 0x00, 0x00, 0x20, 0x03, 0x08, 0x01, 0xF3, 0xF8,
    0x0D, 0xFE, 0x00, 0xD9, 0x80, 0x56, 0x40, 0x31, 0x80, 0x38, 0xF8, 0x38, 0x67, 0x80, 0x30, 0x30,
    0x7F, 0xF0, 0x3F, 0xFC, 0x0D, 0x91, 0x03, 0x24, 0x41, 0xFF, 0xFC, 0xFF, 0xFF, 0x00, 0x00, 0x00,
    0x00, 0x00, 0x00, 0x24, 0x00, 0x09, 0x80, 0x7F, 0xF8, 0x3F, 0xFE, 0x0C, 0x11, 0x03, 0xF6, 0xC0,
    0xFC, 0xE4, 0x33, 0x31, 0x18, 0xDF, 0xCC, 0xEC, 0x70, 0x7F, 0xF8, 0x3F, 0xFE, 0x0C, 0xC8, 0x83,
    0x32, 0x21, 0xFF, 0xFC, 0xFF, 0xFF, 0x00, 0x00, 0x00, 0x00, 0x00, 0x00, 0x00, 0x07, 0xE7, 0xF1,
    0xF9, 0xFC, 0x7E, 0x7F, 0x1F, 0x9F, 0xC6, 0x27, 0xF1, 0xF9, 0xFC, 0x7E, 0xC3, 0x18, 0x23, 0xC0,
    0x08, 0xE0, 0x7F, 0xF0, 0x3F, 0xFE, 0x0C, 0x91, 0x83, 0x24, 0x61, 0xFF, 0xFC, 0xFF, 0xFF, 0x80,
    0x00, 0x00, 0x00, 0x00, 0x00, 0x04, 0x03, 0xF9, 0x81, 0xFE, 0x60, 0x6E, 0x1F, 0x1F, 0xE7, 0xE7,
    0xFF, 0x01, 0xFF, 0x80, 0x6C, 0x00, 0x1B, 0x0F, 0xE7, 0xFB, 0xF0, 0xFE, 0x00, 0x3F, 0xFF, 0x0F,
    0xFF, 0xC3, 0x12, 0x33, 0xFF, 0xFE, 0xFF, 0xFF, 0x80, 0x00, 0x00, 0x00, 0x00, 0x01, 0x00, 0x01,
    0xF3, 0xC0, 0xFC, 0xF8, 0x31, 0x36, 0x0D, 0xF9, 0xE3, 0x7E, 0x3B, 0xFF, 0xFC, 0x3F, 0x33, 0x0F,
    0x47, 0x86, 0x31, 0xE1, 0x8D, 0xFE, 0x02, 0x21, 0x07, 0xFF, 0x03, 0xFF, 0xE0, 0xC9, 0x18, 0xFF,
    0xFF, 0xBF, 0xFF, 0xE0, 0x00, 0x00, 0x07, 0xFF, 0x83, 0xFF, 0xE0, 0xC0, 0x18, 0x30, 0x06, 0x0C,
    0x01, 0x83, 0xFF, 0xE0, 0xFF, 0xF8, 0x30, 0x02, 0x0F, 0xFF, 0x83, 0xFF, 0xE0, 0xC0, 0x18, 0x30,
    0x06, 0x0C, 0x01, 0x83, 0x00, 0x60, 0xFF, 0xF8, 0x3F, 0xFE, 0x04, 0x00, 0x80, 0x00, 0x00, 0x00,
    0x20, 0x00, 0x08, 0x00, 0x07, 0x00, 0xFF, 0xFF, 0x86, 0x00, 0x01, 0x80, 0x00, 0x3F, 0xF8, 0x00,
    0x00, 0x07, 0xFF, 0x01, 0xFF, 0xC0, 0x7F, 0xF0, 0x1F, 0xFC, 0x07, 0xFF, 0x01, 0xFF, 0xC0, 0x7F,
    0xF0, 0x1F, 0xFC, 0x02, 0x02, 0x00, 0x00, 0x00, 0x00, 0x20, 0x00, 0x08, 0x00, 0x07, 0x00, 0xFF,
    0xFF, 0x81, 0xFE, 0x00, 0xFF, 0xC1, 0xB0, 0x30, 0x6F, 0xFC, 0x1B, 0xFF, 0x06, 0xFF, 0xC1, 0xBF,
    0xF0, 0x6C, 0x0C, 0x1B, 0xFF, 0x06, 0x7F, 0x81, 0xFF, 0xFE, 0x7F, 0xFF, 0x98, 0x00, 0x00, 0x00,
    0x00, 0x01, 0x00, 0x00, 0xC7, 0xF8, 0x31, 0xFE, 0x04, 0x41, 0x9F, 0xF8, 0x6F, 0xFE, 0x18, 0x79,
    0xFE, 0x1E, 0x61, 0x8F, 0xD8, 0x63, 0x76, 0x19, 0xB7, 0xFE, 0xCC, 0xFF, 0x83, 0x10, 0x60, 0xC6,
    0x18, 0x31, 0xFE, 0x0C, 0x7F, 0x81, 0x10, 0x60, 0x00, 0x00, 0x00, 0x0F, 0x81, 0xFF, 0xF0, 0xFF,
    0x00, 0x30, 0xFF, 0x0F, 0xFF, 0xE3, 0x06, 0x00, 0xC1, 0x80, 0x37, 0xFF, 0x0D, 0xFF, 0xC3, 0x7F,
    0xF0, 0xDF, 0xFC, 0x6F, 0xFF, 0x1B, 0xFF, 0xC6, 0xC0, 0x33, 0xBF, 0xFC, 0xCF, 0xFF, 0x31, 0x00,
    0xC0, 0x00, 0x00, 0x00, 0x30, 0x00, 0x6D, 0x80, 0x3B, 0x78, 0x3E, 0xCF, 0x0E, 0x72, 0xC0, 0x3D,
    0xC0, 0x03, 0xC0, 0x07, 0x80, 0x1F, 0xFF, 0x87, 0xFF, 0xE0, 0x3F, 0xF8, 0x0F, 0xFE, 0x03, 0xFF,
    0x80, 0xFF, 0xE0, 0x3F, 0xF8, 0x0F, 0xFE, 0x02, 0x00, 0x80, 0x00, 0x00, 0x07, 0xFF, 0xC1, 0xFF,
    0xF0, 0x63, 0x0C, 0x1F, 0xFF, 0x07, 0xFF, 0xC1, 0x80, 0x00, 0x60, 0x00, 0x1B, 0xFF, 0x06, 0xFF,
    0xC1, 0xBF, 0xF0, 0x6F, 0xFC, 0x1B, 0xFF, 0x0C, 0xFF, 0xC3, 0x30, 0x30, 0xCF, 0xFC, 0x73, 0xFF,
    0x10, 0xC0, 0x40, 0x00, 0x00, 0x00, 0x03, 0x87, 0xFF, 0xE1, 0xFF, 0xC0, 0x1F, 0xFE, 0x0F, 0xFF,
    0x87, 0xFF, 0xF3, 0xFF, 0xFC, 0x0C, 0x00, 0x17, 0xFF, 0x8F, 0xFF, 0xC0, 0x7F, 0xF0, 0x18, 0x04,
    0x07, 0xFF, 0x01, 0xFF, 0xC0, 0x7F, 0xF0, 0x18, 0x04, 0x00, 0x00, 0x00, 0x00, 0x00, 0x00, 0x00,
    0x00, 0x7F, 0xC0, 0xD8, 0x30, 0x37, 0xFC, 0x0D, 0xFF, 0x03, 0x7F, 0xC0, 0xDF, 0xF0, 0x37, 0xFC,
    0x0C, 0xFF, 0x03, 0xFF, 0xF0, 0xFF, 0xFC, 0x02, 0x48, 0x03, 0xB3, 0x8F, 0xC4, 0x73, 0xC3, 0x04,
    0x00, 0x40, 0x00, 0x00, 0x00, 0x00, 0x00, 0x00, 0x20, 0x03, 0xFF, 0xE1, 0xFF, 0xFC, 0x01, 0xC0,
    0x07, 0xFF, 0x01, 0xFF, 0xC0, 0x7F, 0xF0, 0x18, 0x0C, 0x07, 0xFF, 0x01, 0xFF, 0xC0, 0x7F, 0xF0,
    0x07, 0xF0, 0x3F, 0xFF, 0xEF, 0xFF, 0xF8, 0x38, 0xE0, 0x7C, 0x1F, 0x1C, 0x01, 0x80, 0x00, 0x00,
    0x0E, 0x3F, 0xC7, 0xCF, 0xF1, 0xB3, 0x0C, 0x6C, 0xC3, 0x1B, 0x3F, 0xC7, 0xCF, 0xF1, 0xF3, 0x60,
    0x6C, 0xD8, 0x1F, 0x3F, 0xE7, 0xCF, 0xF9, 0xB3, 0x30, 0x6C, 0xCC, 0x1B, 0x33, 0x67, 0xCC, 0x79,
    0xE3, 0xFE, 0x63, 0xF3, 0x98, 0xE0, 0x40, 0x00, 0x00, 0x00, 0x14, 0x07, 0x87, 0x83, 0xE1, 0xE0,
    0xCA, 0x7A, 0x33, 0x9E, 0xCF, 0xF7, 0xB3, 0xE5, 0xF8, 0xD9, 0x7C, 0x32, 0x1E, 0x0F, 0x8F, 0xC3,
    0xE7, 0xF8, 0xCF, 0x7B, 0x32, 0x36, 0x0F, 0x89, 0x9B, 0xE6, 0x66, 0xC7, 0x1F, 0xB1, 0x83, 0xC0,
    0x00, 0x00, 0x0E, 0x3F, 0x07, 0xCF, 0xE1, 0xB3, 0x18, 0x6C, 0xC6, 0x1B, 0x3F, 0x87, 0xCF, 0xE1,
    0xF3, 0x18, 0x6C, 0xFE, 0x1F, 0x3F, 0xA7, 0xCF, 0x19, 0xB3, 0xCC, 0x6C, 0xDE, 0x1B, 0x33, 0x07,
    0xCC, 0xC1, 0xE3, 0xD8, 0x67, 0xE7, 0x98, 0xC0, 0x60, 0x00, 0x00, 0x01, 0x04, 0x03, 0xFF, 0xE1,
    0xFF, 0xFC, 0x05, 0xD0, 0x0F, 0xFF, 0x81, 0xFF, 0xC3, 0xFF, 0xFE, 0x18, 0x00, 0x06, 0xFF, 0x81,
    0xFF, 0xE0, 0x7F, 0xF8, 0x3F, 0xFE, 0x0D, 0xFF, 0x87, 0x7F, 0xE3, 0x9F, 0xF8, 0xC7, 0xFE, 0x00,
    0x81, 0x00, 0x00, 0x00, 0x00, 0x07, 0x07, 0x9F, 0xC3, 0xE7, 0x80, 0xC8, 0x20, 0x33, 0xFF, 0xCD,
    0xFF, 0xFB, 0xEC, 0x98, 0xDB, 0x26, 0x33, 0xFF, 0xCF, 0xBF, 0xE3, 0xEC, 0x98, 0xCF, 0xFF, 0x32,
    0xFF, 0x8F, 0x82, 0x03, 0xFF, 0xFE, 0xC7, 0xFF, 0x30, 0x00, 0x00, 0x00, 0x00, 0x01, 0x00, 0x00,
    0xFB, 0xE0, 0x1E, 0xFC, 0x7E, 0x03, 0x3F, 0xEC, 0xC0, 0xD1, 0xE1, 0xB4, 0x30, 0xF9, 0xFF, 0x8F,
    0xFF, 0x83, 0xFF, 0xE0, 0xFF, 0xF8, 0x3F, 0xFE, 0x0F, 0xFF, 0x83, 0xFF, 0xE0, 0xFF, 0xF8, 0x3F,
    0xFE, 0x0C, 0x01, 0x80, 0x00, 0x00, 0x00, 0x08, 0x07, 0x83, 0x03, 0xE1, 0xC0, 0xD9, 0xFF, 0x32,
    0x0C, 0x0D, 0x83, 0x03, 0xFF, 0xFE, 0xD8, 0x6C, 0x32, 0x33, 0x6F, 0xFB, 0x7B, 0xEC, 0xDC, 0xC9,
    0xFF, 0x32, 0x7F, 0x8F, 0x83, 0x03, 0xE0, 0xC0, 0xC3, 0xFF, 0xB0, 0xFF, 0xE0, 0x00, 0x00, 0x00,
    0x0F, 0xC7, 0xBF, 0xF3, 0xFF, 0x98, 0xC9, 0x36, 0x32, 0xFF, 0xCD, 0xFF, 0xFB, 0xFC, 0x06, 0xDF,
    0x07, 0xB6, 0xFF, 0xCF, 0xFF, 0xE3, 0xFD, 0x58, 0xCF, 0xDE, 0x33, 0x3F, 0xEF, 0x8B, 0xFB, 0xE6,
    0x18, 0xC7, 0x06, 0x01, 0x81, 0x80, 0x00, 0x00, 0x00, 0x08, 0x07, 0x02, 0x03, 0xE1, 0xC0, 0xDF,
    0xFF, 0xB2, 0x3E, 0x0D, 0xFD, 0xF3, 0xEF, 0xF8, 0xDF, 0x07, 0x33, 0xFF, 0xEF, 0xDF, 0xE3, 0xE7,
    0xF8, 0xC9, 0xFC, 0x32, 0x49, 0x8F, 0xB2, 0x73, 0xF8, 0x8E, 0xC4, 0xE1, 0xB0, 0x30, 0x00, 0x00,
    0x00, 0x00, 0x08, 0x07, 0x9F, 0xE1, 0xFF, 0xF8, 0x6D, 0x8C, 0x1B, 0x37, 0x06, 0xFF, 0xF1, 0xF0,
    0x00, 0x6F, 0xFE, 0x1B, 0xFF, 0x87, 0xFF, 0xE1, 0xFF, 0xF8, 0x6F, 0xFE, 0x1B, 0x1C, 0x07, 0xFF,
    0xE1, 0xE7, 0xF8, 0x67, 0xFF, 0x11, 0xFF, 0xC0, 0x00, 0x00, 0x00, 0x00, 0x03, 0xFF, 0x00, 0x7F,
    0xE0, 0x06, 0x30, 0x01, 0xD8, 0x00, 0x1C, 0x03, 0xFF, 0xFE, 0xFF, 0xFF, 0x80, 0xE1, 0xC0, 0x68,
    0xE0, 0x32, 0x30, 0x38, 0x80, 0x1C, 0x20, 0x0C, 0x08, 0x00, 0x1E, 0x00, 0x07, 0x00, 0x00, 0x00,
    0x00, 0x00, 0x00, 0x01, 0x00, 0x00, 0xC0, 0x00, 0x30, 0x00, 0x0F, 0xFC, 0x07, 0xFF, 0x81, 0x88,
    0x00, 0xC2, 0x00, 0x60, 0x80, 0x08, 0x20, 0x0F, 0xFF, 0xF9, 0xFF, 0xFC, 0x01, 0xC0, 0x00, 0xD8,
    0x00, 0x63, 0x80, 0xF0, 0x78, 0xF8, 0x07, 0xB8, 0x00, 0xE0, 0x00, 0x00, 0x08, 0x00, 0x03, 0x00,
    0x00, 0xC0, 0x00, 0x30, 0x7F, 0x1F, 0xF8, 0xC6, 0xC6, 0x31, 0x31, 0x8C, 0x0C, 0x63, 0x1F, 0xF8,
    0xC7, 0xF6, 0x30, 0x39, 0x8C, 0x1F, 0x63, 0x06, 0xD8, 0xC3, 0x1F, 0xF0, 0xC7, 0xFC, 0x61, 0x21,
    0x10, 0x00, 0x00, 0x00, 0x00, 0x08, 0x00, 0x06, 0x1F, 0xF1, 0x87, 0xFE, 0x7C, 0x00, 0x1F, 0x9F,
    0x87, 0x9F, 0xF3, 0x66, 0x0C, 0xD9, 0x83, 0x06, 0x60, 0xCF, 0xFF, 0xF1, 0xFB, 0xF8, 0x3C, 0x43,
    0x0F, 0x31, 0x87, 0x66, 0x61, 0x98, 0xF0, 0xE3, 0xFF, 0xB0, 0x7F, 0xE0, 0x00, 0x00, 0x08, 0x07,
    0x06, 0x0F, 0xE1, 0x83, 0xC0, 0x79, 0xFF, 0x3F, 0x7F, 0xEF, 0x0F, 0xE3, 0xC3, 0xFC, 0x31, 0xE7,
    0xBF, 0x1F, 0x87, 0xC7, 0xC1, 0xE7, 0xFE, 0x79, 0xFF, 0x9B, 0x5F, 0x6E, 0xDF, 0xFB, 0x15, 0xFE,
    0xC1, 0x7F, 0x80, 0x41, 0xC0, 0x00, 0x00, 0x00, 0x00, 0x07, 0xFF, 0xF0, 0xFF, 0xFC, 0x03, 0x00,
    0x01, 0x80, 0x00, 0xE0, 0x00, 0x3F, 0xF0, 0x0F, 0xFC, 0x0F, 0x01, 0x03, 0xC0, 0x43, 0xB0, 0x10,
    0xCC, 0x04, 0x03, 0xFF, 0x00, 0xFF, 0xC0, 0x30, 0x10, 0x00, 0x00, 0x00, 0x00, 0x00, 0x00, 0x00,
    0x00, 0x04, 0x00, 0x01, 0x81, 0xF8, 0x60, 0xFE, 0x18, 0x06, 0x37, 0x81, 0x8D, 0xB0, 0xC3, 0x6C,
    0x31, 0x99, 0x9F, 0xC6, 0x07, 0xF1, 0xB3, 0xC9, 0xD8, 0xF2, 0x66, 0x0C, 0x83, 0x03, 0xE1, 0x80,
    0xF8, 0xC0, 0x30, 0xE0, 0x0C, 0x30, 0x00, 0x00, 0x00, 0x00, 0x00, 0x0F, 0xDF, 0xF9, 0xF7, 0xFC,
    0x30, 0x66, 0x0C, 0x19, 0x87, 0xC6, 0x61, 0xF7, 0xFE, 0xED, 0xFF, 0xBB, 0x19, 0x8E, 0xC6, 0x61,
    0xB1, 0x98, 0x6C, 0x66, 0x1F, 0x19, 0x86, 0x0C, 0x61, 0x86, 0x18, 0x01, 0x86, 0x00, 0x00, 0x00,
    0x00, 0x00, 0x00, 0x10, 0x07, 0xC6, 0x03, 0xF7, 0xE0, 0x31, 0xFC, 0x0C, 0x1B, 0x03, 0x0E, 0xD9,
    0x83, 0x36, 0x7C, 0x8D, 0xBB, 0xE1, 0xCE, 0xC2, 0x01, 0xB0, 0xC0, 0x6D, 0xFF, 0x9B, 0x7F, 0xC7,
    0xC2, 0x01, 0xF0, 0xC0, 0x60, 0x30, 0x18, 0x08, 0x00, 0x00, 0x00, 0x00, 0x10, 0x07, 0xE4, 0x03,
    0xF9, 0x80, 0x30, 0xFF, 0x0C, 0x60, 0xC6, 0x18, 0x31, 0x87, 0xEC, 0x7F, 0xFB, 0x3F, 0x46, 0xCE,
    0xC1, 0xB1, 0xB3, 0xEC, 0x6D, 0xFE, 0x1B, 0x63, 0x67, 0xD8, 0x19, 0xF6, 0x06, 0x60, 0xFF, 0x98,
    0x1F, 0x80, 0x00, 0x00, 0x00, 0x04, 0x00, 0x03, 0x00, 0xFB, 0xF8, 0x7E, 0xFE, 0x06, 0x2C, 0x81,
    0x89, 0x20, 0x62, 0xC0, 0x30, 0xFE, 0x0F, 0xB9, 0x87, 0x6E, 0x43, 0xDB, 0xB0, 0x36, 0xB8, 0x0D,
    0xEF, 0x03, 0xF6, 0x40, 0xCD, 0x9C, 0x06, 0x47, 0x00, 0x00, 0x00, 0x00, 0x00, 0x00, 0x02, 0x07,
    0xE5, 0x91, 0xFF, 0x6C, 0x18, 0xDB, 0x06, 0x1F, 0x81, 0x85, 0xA0, 0xFB, 0xFC, 0x36, 0xC3, 0x1D,
    0xB0, 0xC7, 0x6F, 0xF1, 0xDB, 0xFC, 0x36, 0xFF, 0x0D, 0xBF, 0xC3, 0xEC, 0x30, 0xFB, 0x0C, 0x30,
    0xCF, 0x08, 0x31, 0x80, 0x00, 0x00, 0x00, 0x04, 0x07, 0x81, 0x83, 0xF0, 0x60, 0x31, 0xFF, 0x8C,
    0x1D, 0x03, 0x06, 0x61, 0x81, 0x8C, 0x7C, 0xDF, 0x3F, 0x7F, 0xEE, 0xDE, 0x61, 0xB2, 0xD8, 0x6C,
    0xF6, 0x1B, 0x3D, 0x87, 0xDB, 0x79, 0xF4, 0xDE, 0x63, 0x37, 0x98, 0x88, 0xE0, 0x00, 0x00, 0x00,
    0x00, 0x07, 0xFF, 0xF8, 0xFF, 0xFC, 0x18, 0xFE, 0x06, 0x3F, 0xC3, 0x8F, 0xF0, 0xFB, 0xFC, 0x3E,
    0xD3, 0x1C, 0xBF, 0xCF, 0x2F, 0xF0, 0xCA, 0x60, 0x3E, 0xF0, 0x0F, 0x98, 0x03, 0x0F, 0x80, 0xCF,
    0x7C, 0x03, 0x87, 0x80, 0x00, 0x00, 0x00, 0x00, 0x02, 0x02, 0x03, 0xFF, 0xF1, 0xFF, 0xFC, 0x1C,
    0x0C, 0x07, 0xFF, 0x01, 0xFF, 0xC0, 0x7F, 0xF0, 0x18, 0x0C, 0x3F, 0xFF, 0xE7, 0xFF, 0xF0, 0x7F,
    0xF0, 0xFF, 0xE7, 0x9F, 0xFF, 0xEF, 0xFF, 0xC3, 0xFF, 0xF0, 0x1F, 0xFC, 0x02, 0x03, 0x00, 0x00,
    0x00, 0x00, 0x08, 0x00, 0x06, 0x00, 0xFB, 0xF8, 0x7E, 0xFE, 0x06, 0x24, 0x81, 0x8F, 0xE0, 0x63,
    0xF8, 0x34, 0x92, 0x0F, 0xBF, 0x87, 0x6F, 0xE3, 0xDB, 0x10, 0x37, 0xCE, 0x0D, 0xFF, 0xC3, 0xE0,
    0x60, 0xC0, 0x10, 0x30, 0x04, 0x00, 0x00, 0x00, 0x00, 0x00, 0x00, 0x04, 0x07, 0x81, 0x03, 0xF0,
    0xE0, 0x33, 0xFF, 0x8C, 0xDE, 0x66, 0x3E, 0x81, 0x87, 0x60, 0x7C, 0xFF, 0xBB, 0xFF, 0xCE, 0xFF,
    0xF1, 0xBB, 0xF8, 0x6C, 0xFF, 0x1B, 0x3F, 0x87, 0xC9, 0x01, 0xF3, 0xFE, 0x60, 0xFF, 0x98, 0x20,
    0x00, 0x00, 0x00, 0x00, 0x21, 0x80, 0x08, 0x61, 0xF3, 0x38, 0xFF, 0xFD, 0x0D, 0xFF, 0xE3, 0x0C,
    0x60, 0xC6, 0x18, 0x67, 0x3D, 0x9F, 0xCF, 0x6F, 0xDE, 0xF1, 0xB3, 0x18, 0x6D, 0x8C, 0x1B, 0x53,
    0xC7, 0xF7, 0xB1, 0xFF, 0xFE, 0x63, 0xBD, 0x98, 0x08, 0x40, 0x00, 0x00, 0x00, 0x10, 0x01, 0xFF,
    0xF8, 0x7F, 0xFE, 0x11, 0x08, 0x06, 0xE7, 0x01, 0xFF, 0xF8, 0x5F, 0xF8, 0x1F, 0x7F, 0x07, 0x4A,
    0x61, 0x92, 0x98, 0x7F, 0xFE, 0x7F, 0xFF, 0x18, 0xFF, 0xC6, 0x7F, 0xF3, 0xF8, 0x0C, 0xDB, 0xFF,
    0x30, 0xFF, 0xC0, 0x00, 0x00, 0x00, 0x12, 0x00, 0x04, 0xC1, 0xFB, 0x60, 0xFF, 0xFF, 0x06, 0x7F,
    0xE1, 0x8F, 0xE0, 0xC3, 0xFC, 0x30, 0xD8, 0x0F, 0xBF, 0xC7, 0xEF, 0xE3, 0xCB, 0x40, 0x32, 0xFF,
    0x8C, 0x9F, 0x43, 0xEE, 0xB0, 0xFB, 0xFE, 0x31, 0xFD, 0x8C, 0x4A, 0x60, 0x00, 0x00, 0x00, 0x22,
    0x0F, 0xD8, 0xC3, 0xFF, 0xFC, 0x33, 0xFF, 0x8C, 0x73, 0x83, 0x3F, 0xF1, 0x9F, 0xF6, 0x7D, 0x8C,
    0x3B, 0x00, 0x0E, 0xFF, 0xF9, 0xB7, 0xFE, 0x6C, 0x91, 0x1B, 0x67, 0xC7, 0xD9, 0xF1, 0xFF, 0xC0,
    0x63, 0x7F, 0x98, 0x87, 0xE0, 0x00, 0x00, 0x00, 0x00, 0x00, 0xFF, 0x80, 0x3F, 0xE0, 0x00, 0x00,
    0x00, 0x00, 0x07, 0xFF, 0xF3, 0xFF, 0xFE, 0x00, 0x80, 0x01, 0x22, 0x00, 0xC8, 0xC0, 0x62, 0x18,
    0x30, 0x83, 0x18, 0x20, 0x60, 0x78, 0x00, 0x3E, 0x00, 0x00, 0x00, 0x00, 0x00, 0x00, 0x00, 0x00,
    0x01, 0x00, 0x00, 0xC2, 0x00, 0x10, 0x80, 0x3F, 0x20, 0x1F, 0xC8, 0x00, 0x32, 0x00, 0x18, 0x80,
    0x0C, 0x20, 0x07, 0x88, 0x03, 0xF2, 0x03, 0x94, 0x80, 0x6C, 0x20, 0x03, 0x08, 0x60, 0xC2, 0x18,
    0x30, 0x86, 0x0C, 0x3F, 0x81, 0x07, 0xC0, 0x00, 0x00, 0x02, 0x08, 0x01, 0x83, 0x00, 0x20, 0xC0,
    0x7E, 0x30, 0x3F, 0x8C, 0x00, 0x63, 0x00, 0x30, 0xC0, 0x09, 0xFF, 0x07, 0x0C, 0x03, 0xF3, 0x03,
    0xEC, 0xC0, 0x48, 0x30, 0x02, 0x0C, 0x00, 0x83, 0x00, 0x3F, 0xFE, 0x0B, 0xFF, 0x82, 0x00, 0x00,
    0x00, 0x00, 0x04, 0x03, 0x83, 0x0F, 0xF0, 0xC3, 0xC0, 0x78, 0x80, 0x3F, 0x20, 0x00, 0xCC, 0x00,
    0x33, 0xFE, 0x18, 0x8C, 0x06, 0x23, 0x07, 0xC8, 0xC3, 0xDA, 0x30, 0xF3, 0x8C, 0x0C, 0x43, 0x03,
    0x10, 0xC0, 0xCC, 0x30, 0x36, 0x0C, 0x0C, 0x82, 0x00, 0x00, 0x00, 0x02, 0x04, 0x01, 0x81, 0x80,
    0x20, 0x60, 0x3E, 0x18, 0x1F, 0x86, 0x00, 0x69, 0x80, 0x12, 0x60, 0x0C, 0x98, 0x03, 0x27, 0xC3,
    0xE9, 0xE1, 0xFA, 0x60, 0xC8, 0x98, 0x02, 0x26, 0x00, 0x89, 0x80, 0x3F, 0xFE, 0x0B, 0xFF, 0x82,
    0x00, 0x00, 0x00, 0x00, 0x04, 0x3F, 0x03, 0x0F, 0xC0, 0xC2, 0x10, 0x7C, 0x84, 0x3F, 0x3F, 0x00,
    0xCF, 0xC0, 0x32, 0x10, 0x18, 0x84, 0x0E, 0x33, 0x07, 0xCF, 0xC3, 0xDA, 0x10, 0x30, 0x84, 0x0C,
    0x21, 0x03, 0x1C, 0xE0, 0xDF, 0xFC, 0x30, 0x00, 0x00, 0x00, 0x00, 0x00, 0x00, 0x02, 0x00, 0x01,
    0x8F, 0xE0, 0x23, 0xFC, 0x7C, 0x83, 0x3F, 0xE0, 0xC0, 0x68, 0x30, 0x32, 0x0C, 0x08, 0xC3, 0x03,
    0x3F, 0xC3, 0xEF, 0xE1, 0xE8, 0xF0, 0xE8, 0x3C, 0x32, 0x1B, 0x60, 0x84, 0xD8, 0x23, 0x36, 0x1F,
    0x8F, 0x82, 0xC1, 0x80, 0x00, 0x00, 0x02, 0x04, 0x01, 0x81, 0x80, 0x20, 0x60, 0x7E, 0x7F, 0x3F,
    0xBF, 0xE0, 0x6D, 0x98, 0x33, 0x66, 0x0C, 0xFF, 0x83, 0x3F, 0xE1, 0xED, 0x99, 0xEB, 0x66, 0xC8,
    0xFF, 0x82, 0x1F, 0xC0, 0x81, 0x80, 0x20, 0x60, 0x08, 0x18, 0x02, 0x04, 0x00, 0x00, 0x00, 0x04,
    0x11, 0x83, 0x06, 0x60, 0xC1, 0x98, 0x7D, 0xFF, 0x3F, 0x7F, 0xE0, 0xC1, 0x80, 0x30, 0x60, 0x18,
    0xFF, 0x0E, 0x3F, 0x87, 0xC1, 0x83, 0xD7, 0xFE, 0x35, 0xFF, 0x0C, 0x06, 0x03, 0x01, 0x80, 0xC0,
    0x60, 0x30, 0x18, 0x0C, 0x04, 0x00, 0x00, 0x00, 0x1F, 0xFF, 0xCF, 0xFF, 0xF8, 0x08, 0x80, 0x3F,
    0xFE, 0x1F, 0xFF, 0xC6, 0x63, 0x31, 0x98, 0xCC, 0x7F, 0xFF, 0x0F, 0xFF, 0x83, 0xFF, 0xE0, 0x7F,
    0xF0, 0xFF, 0xFF, 0x9F, 0xFF, 0xC0, 0x49, 0x00, 0xF2, 0x78, 0xFB, 0x8F, 0xB8, 0xE0, 0xE0, 0x00,
    0x00, 0x01, 0x00, 0x00, 0xFB, 0xC0, 0x7E, 0xF8, 0x3D, 0xC6, 0x3D, 0xDB, 0x03, 0x63, 0xC0, 0x70,
    0x60, 0x38, 0x0E, 0x3B, 0xFE, 0xE6, 0x7F, 0x11, 0xFF, 0xFC, 0x3F, 0xFE, 0x01, 0x24, 0x00, 0xC9,
    0xE1, 0xE2, 0x3E, 0x33, 0x83, 0x80, 0xE0, 0x00, 0x00, 0x00, 0x01, 0x04, 0x00, 0xC1, 0x80, 0x38,
    0x60, 0xFF, 0xFF, 0x87, 0x9F, 0x03, 0xE7, 0xE1, 0xBD, 0xEC, 0xCD, 0xD9, 0x81, 0x24, 0x03, 0xFF,
    0xE0, 0x7F, 0xF0, 0xFF, 0xFF, 0x9F, 0xFF, 0xC0, 0x89, 0x00, 0xE2, 0x78, 0xF3, 0x8F, 0x38, 0xC0,
    0xC0, 0x00, 0x00, 0x00, 0x00, 0x03, 0x09, 0x98, 0xC3, 0x6C, 0x30, 0x7B, 0x3F, 0x15, 0x80, 0xCF,
    0xF0, 0x33, 0x6C, 0x18, 0xFF, 0x0E, 0x36, 0xC7, 0xCD, 0xB3, 0xD3, 0xFC, 0x30, 0x7E, 0x0C, 0x7F,
    0xE3, 0x1F, 0xF8, 0xC0, 0x60, 0x30, 0x18, 0x0C, 0x04, 0x00, 0x00, 0x00, 0x04, 0x00, 0x03, 0x0F,
    0xC0, 0xC7, 0xF8, 0x7D, 0x86, 0x3F, 0x6F, 0x00, 0xDF, 0xC0, 0x66, 0x90, 0x19, 0xFF, 0x0E, 0xFF,
    0xE7, 0xF7, 0x9B, 0xFD, 0xE6, 0x33, 0x49, 0x8C, 0xD2, 0x63, 0x37, 0x98, 0xCC, 0x3E, 0x33, 0x0F,
    0x00, 0x00, 0x00, 0x00, 0x00, 0x02, 0x00, 0x01, 0x8F, 0xF0, 0x23, 0xFE, 0x3E, 0x00, 0x1F, 0x9F,
    0xC0, 0x64, 0x30, 0x19, 0x0C, 0x0C, 0x7F, 0x03, 0x1F, 0x81, 0xEF, 0xF9, 0xFF, 0xFE, 0xC9, 0xFF,
    0x82, 0x3F, 0xE0, 0x89, 0x98, 0x23, 0xFE, 0x08, 0xFF, 0x82, 0x20, 0x60, 0x00, 0x00, 0x00, 0x0F,
    0x01, 0xFF, 0xE0, 0xFF, 0x00, 0x00, 0x80, 0x00, 0x70, 0x07, 0xFF, 0xF8, 0x0F, 0x80, 0x07, 0xF8,
    0x0F, 0xAF, 0x0F, 0xFF, 0xF9, 0xBF, 0xFC, 0x02, 0x3E, 0x01, 0x8F, 0x80, 0xC0, 0x60, 0x30, 0x18,
    0x78, 0x7E, 0x0C, 0x1E, 0x00, 0x00, 0x00, 0x01, 0x88, 0x0F, 0xE3, 0x03, 0xE0, 0xC0, 0x18, 0x30,
    0x06, 0x0C, 0x01, 0xC3, 0x03, 0xF9, 0x80, 0x3C, 0x60, 0x1F, 0x19, 0x87, 0xE6, 0x63, 0x61, 0x8C,
    0xD8, 0xC3, 0x06, 0x23, 0xC1, 0x8B, 0xF8, 0x6F, 0xC6, 0x1B, 0xC1, 0x82, 0x00, 0x00, 0x00, 0x00,
    0x01, 0x84, 0x0F, 0xE1, 0x83, 0xE0, 0x40, 0x18, 0x90, 0x06, 0x66, 0x61, 0x99, 0x9B, 0xFE, 0x6C,
    0x7C, 0xDB, 0x1F, 0x1F, 0x86, 0xE5, 0xC3, 0x60, 0xE0, 0xD8, 0x3C, 0x06, 0x1B, 0x81, 0x84, 0x60,
    0x63, 0x1C, 0x19, 0x83, 0x82, 0x40, 0x60, 0x00, 0x00, 0x01, 0x81, 0x00, 0xE4, 0x43, 0xE1, 0x90,
    0xF8, 0x34, 0x06, 0x05, 0x07, 0xE8, 0x43, 0xFB, 0x10, 0x18, 0x64, 0x0F, 0x09, 0xC3, 0xE0, 0xF1,
    0xE0, 0xF0, 0x78, 0xE4, 0x36, 0x01, 0x01, 0x80, 0x40, 0x60, 0x10, 0x18, 0x04, 0x00, 0x00, 0x00,
    0x00, 0x00, 0x01, 0x84, 0x0F, 0xE1, 0x83, 0xE0, 0x60, 0x18, 0x98, 0x06, 0x67, 0x81, 0x99, 0xB3,
    0xFE, 0x6C, 0x3B, 0x19, 0x9F, 0xC6, 0x07, 0xF1, 0xB3, 0x69, 0xD8, 0xD8, 0x66, 0x36, 0x03, 0x01,
    0x81, 0x80, 0x61, 0xC0, 0x1F, 0xE0, 0x02, 0xE0, 0x00, 0x00, 0x00, 0x02, 0x10, 0x01, 0xC6, 0x03,
    0xC0, 0xD8, 0x30, 0x16, 0x0C, 0x01, 0x87, 0xD6, 0xE3, 0xFD, 0xBC, 0x39, 0x7B, 0x1F, 0xDE, 0x67,
    0x77, 0x9B, 0xC9, 0xE6, 0xF6, 0x71, 0x3D, 0x18, 0xC7, 0x0C, 0x30, 0xC7, 0x8C, 0x33, 0x7E, 0x04,
    0x8F, 0x80, 0x00, 0x00, 0x01, 0xBF, 0x0F, 0xFF, 0xC3, 0xE6, 0x10, 0x19, 0x84, 0x06, 0x7F, 0x07,
    0xFF, 0xC3, 0xFE, 0x10, 0x39, 0x84, 0x1F, 0xFF, 0x07, 0xFF, 0xC3, 0x66, 0x10, 0xD9, 0x84, 0x06,
    0x61, 0x01, 0x98, 0xE0, 0x7F, 0xFC, 0x18, 0x00, 0x00, 0x00, 0x00, 0x00, 0x00, 0x01, 0x84, 0x0F,
    0xE9, 0x83, 0xE3, 0x60, 0x08, 0x98, 0x02, 0x3F, 0x81, 0xDF, 0xF3, 0xFE, 0x60, 0x39, 0x18, 0x1F,
    0x06, 0x06, 0xFF, 0xFB, 0x20, 0xF4, 0xC8, 0x3C, 0x02, 0x19, 0x80, 0x86, 0x60, 0x23, 0x1C, 0x09,
    0x83, 0x82, 0x40, 0x60, 0x00, 0x00, 0x01, 0x90, 0x0F, 0xE6, 0x03, 0xE1, 0x80, 0x18, 0x7E, 0x06,
    0x3F, 0xC1, 0xCD, 0x83, 0xFF, 0x60, 0x3B, 0x98, 0x1F, 0x1F, 0x87, 0xE7, 0xB3, 0x6B, 0x6C, 0xD8,
    0xDB, 0xB6, 0x66, 0x61, 0x91, 0x98, 0x60, 0x60, 0x18, 0xF0, 0x02, 0x38, 0x00, 0x00, 0x00, 0x01,
    0x88, 0x07, 0xE2, 0x03, 0xE0, 0xC0, 0x18, 0x7F, 0x06, 0x38, 0xC1, 0xBB, 0x63, 0xF8, 0x70, 0x7C,
    0x30, 0x1F, 0x3C, 0x06, 0xFF, 0xFB, 0xED, 0xFE, 0xD9, 0xF3, 0x36, 0x67, 0x81, 0x80, 0xC0, 0x61,
    0xE0, 0x19, 0xF0, 0x02, 0x60, 0x00, 0x00, 0x00, 0x01, 0xBF, 0x8F, 0xFF, 0xF3, 0xE6, 0x0C, 0x19,
    0x83, 0x06, 0x7F, 0xC1, 0xDF, 0xF3, 0xF8, 0x00, 0x38, 0x00, 0x1F, 0x3F, 0xC7, 0xEF, 0xE3, 0x68,
    0x60, 0xD8, 0xFF, 0x06, 0x3F, 0x81, 0x81, 0x80, 0x67, 0xFE, 0x19, 0xFF, 0x82, 0x00, 0x00, 0x00,
    0x00, 0x01, 0xA0, 0xCF, 0xFC, 0x73, 0xE1, 0x38, 0x18, 0xBC, 0x06, 0x7F, 0xC1, 0xD8, 0x33, 0xFE,
    0x0C, 0x39, 0x83, 0x0F, 0x60, 0xC7, 0xFF, 0xF1, 0xE1, 0xF8, 0xD8, 0x3C, 0x06, 0x1B, 0x61, 0x84,
    0xD8, 0x63, 0x36, 0x1B, 0x8F, 0x82, 0xC1, 0xE0, 0x00, 0x00, 0x01, 0x92, 0x0F, 0xE4, 0xC3, 0xE3,
    0x60, 0x19, 0xFF, 0x06, 0x7F, 0xE1, 0xB9, 0x83, 0xFE, 0x60, 0x5D, 0xFF, 0x0F, 0x7F, 0x87, 0xF9,
    0x81, 0xAF, 0xFC, 0xF9, 0xFE, 0x36, 0x66, 0x0D, 0x99, 0x80, 0x67, 0xFE, 0x19, 0xFF, 0x02, 0x20,
    0x00, 0x00, 0x00, 0x01, 0x83, 0x8F, 0xEF, 0xE3, 0xE3, 0xC0, 0x19, 0xFF, 0x06, 0xFF, 0xC7, 0xEF,
    0xE3, 0xFB, 0xF8, 0x38, 0xFE, 0x1F, 0xBF, 0x87, 0xE9, 0x23, 0x63, 0xF8, 0xD8, 0xFE, 0x06, 0x0E,
    0x01, 0x8F, 0xE0, 0x67, 0xFC, 0x1B, 0xFF, 0x00, 0x00, 0x00, 0x00, 0x00, 0x01, 0x83, 0xEF, 0xFF,
    0xFB, 0xE7, 0xE0, 0x18, 0x21, 0x86, 0x6C, 0x61, 0xD9, 0xB3, 0xFE, 0x6C, 0x38, 0x06, 0x1F, 0x6F,
    0xE7, 0xFB, 0x1B, 0x6E, 0x86, 0xD9, 0xBF, 0x86, 0x6F, 0xE1, 0x9A, 0x18, 0x66, 0xFE, 0x19, 0xBF,
    0x82, 0x28, 0x60, 0x00, 0x00, 0x03, 0x04, 0x07, 0xC1, 0x83, 0xC0, 0x60, 0x33, 0xFF, 0x8C, 0xC0,
    0x63, 0x30, 0x1B, 0xF7, 0xFC, 0x30, 0xFC, 0x1E, 0xEF, 0x67, 0xCB, 0xF3, 0xC7, 0xF8, 0xF3, 0x1E,
    0x3C, 0x0E, 0xC3, 0x0F, 0xB0, 0xCF, 0x6E, 0x33, 0x71, 0x84, 0x18, 0x00, 0x00, 0x00, 0x01, 0x8A,
    0x0F, 0xFF, 0xE3, 0xE7, 0xFC, 0x18, 0x71, 0x97, 0x37, 0xCF, 0xFD, 0xE0, 0x67, 0xF0, 0x38, 0xC1,
    0x8F, 0x3F, 0xC7, 0xE7, 0xE1, 0xEB, 0xFC, 0xD8, 0xFF, 0x36, 0x3F, 0xC1, 0x8F, 0xF0, 0x63, 0xFC,
    0x18, 0xFF, 0x02, 0x20, 0x80, 0x00, 0x00, 0x01, 0x84, 0x07, 0xE1, 0x03, 0xE7, 0xFC, 0x1B, 0xFF,
    0x06, 0x1F, 0x07, 0xE7, 0xC3, 0xFB, 0xF0, 0x38, 0x7C, 0x1F, 0xBF, 0x87, 0xFF, 0xF3, 0x6D, 0xF4,
    0xDB, 0x7F, 0x06, 0xFB, 0xC1, 0xB7, 0xD0, 0x6C, 0x1C, 0x1B, 0x07, 0x00, 0x00, 0x00, 0x00, 0x00,
    0x01, 0x00, 0x00, 0x43, 0xC0, 0x38, 0xF8, 0xFF, 0xB6, 0x0F, 0xC9, 0x87, 0xF2, 0x78, 0x01, 0x9E,
    0xFF, 0xC3, 0xBF, 0xE0, 0x4D, 0xEF, 0xE3, 0x73, 0xFC, 0xFF, 0xA6, 0x1F, 0xED, 0x81, 0xF1, 0xC3,
    0xD4, 0xF8, 0xEC, 0xE7, 0x81, 0x30, 0x60, 0x00, 0x00, 0x01, 0x84, 0x0F, 0xFF, 0xF3, 0xE7, 0xFE,
    0x18, 0x38, 0x06, 0x7F, 0xC1, 0xDF, 0xF3, 0xFF, 0xFC, 0x3D, 0x9B, 0x1F, 0x66, 0xC7, 0xFF, 0xF3,
    0x61, 0xE8, 0xD9, 0x4B, 0x06, 0x72, 0x61, 0xB4, 0x58, 0x79, 0x1C, 0x1A, 0x7C, 0x02, 0x0E, 0x00,
    0x00, 0x00, 0x01, 0x84, 0x0F, 0xEF, 0xF3, 0xE3, 0xFC, 0x18, 0x18, 0x06, 0x1F, 0x81, 0x87, 0xE3,
    0xF7, 0xFE, 0x38, 0x00, 0x1F, 0x3F, 0xC7, 0xEF, 0xF3, 0x6B, 0xFC, 0xD8, 0xFF, 0x06, 0x3D, 0xC1,
    0x8F, 0xF0, 0x63, 0xF8, 0x18, 0xE7, 0x82, 0x30, 0xE0, 0x00, 0x00, 0x03, 0x07, 0x8F, 0xDF, 0xF3,
    0xE7, 0x98, 0x19, 0x3E, 0x06, 0x4B, 0x01, 0x92, 0x83, 0xFF, 0xFC, 0x38, 0x03, 0x1F, 0x3F, 0xC7,
    0xCF, 0xF3, 0x67, 0xFC, 0xD9, 0xFE, 0x07, 0xAC, 0xC1, 0xF9, 0xF8, 0x7A, 0x5E, 0x1C, 0xFD, 0x82,
    0x1E, 0x00, 0x00, 0x00, 0x03, 0x11, 0x0F, 0xDF, 0xF3, 0xCF, 0xFE, 0x30, 0xDC, 0x0C, 0x7F, 0x83,
    0x1F, 0xF3, 0xFF, 0xE8, 0x37, 0xFE, 0x1E, 0x7F, 0x87, 0xCF, 0xE3, 0xC1, 0xB8, 0xF1, 0xFE, 0x3C,
    0x3F, 0x83, 0x06, 0xC0, 0xC0, 0xE0, 0x33, 0xFF, 0x84, 0x71, 0xC0, 0x00, 0x00, 0x00, 0x20, 0x00,
    0x0C, 0x00, 0x03, 0x00, 0x7F, 0xFF, 0x18, 0x00, 0xC6, 0x00, 0x31, 0x80, 0x0C, 0x02, 0x20, 0x00,
    0x88, 0x00, 0x22, 0x00, 0x18, 0xC0, 0x04, 0x10, 0x07, 0x06, 0x03, 0x80, 0xE1, 0xC0, 0x1C, 0xE0,
    0x03, 0xB0, 0x00, 0x60, 0x00, 0x00, 0x00, 0x40, 0x00, 0x18, 0x00, 0x06, 0x00, 0x7F, 0xFF, 0x18,
    0x00, 0xC4, 0x36, 0x30, 0x39, 0x98, 0x79, 0xBC, 0x1C, 0x66, 0x03, 0xFF, 0x80, 0xFF, 0xE0, 0x03,
    0x18, 0x01, 0x8E, 0xC0, 0x63, 0x30, 0x70, 0xCC, 0x78, 0x3F, 0x18, 0x07, 0x80, 0x00, 0x00, 0x00,
    0x20, 0x00, 0x08, 0x00, 0x07, 0x00, 0x7F, 0xFF, 0x18, 0x88, 0xC6, 0x23, 0x30, 0x18, 0xC0, 0x0C,
    0x33, 0x1E, 0x07, 0xC3, 0x81, 0xE0, 0xFF, 0xF8, 0x1F, 0xFC, 0x00, 0x20, 0x00, 0x08, 0x03, 0xFF,
    0xFE, 0xFF, 0xFF, 0x80, 0x00, 0x00, 0x00, 0x00, 0x00, 0x20, 0x00, 0x08, 0x00, 0x07, 0x00, 0x7F,
    0xFF, 0x98, 0x4C, 0x66, 0x33, 0x18, 0x38, 0xCC, 0x7C, 0x1F, 0x0E, 0x27, 0x80, 0x08, 0x03, 0xFF,
    0xFE, 0x7F, 0xFF, 0x00, 0xF0, 0x00, 0x67, 0x00, 0xF0, 0xF0, 0xF8, 0x0F, 0xB8, 0x01, 0xE0, 0x00,
    0x00, 0x00, 0x20, 0x00, 0x0C, 0x00, 0x03, 0x00, 0x7F, 0xFF, 0x98, 0xEC, 0x66, 0x63, 0x18, 0xF0,
    0x7C, 0x30, 0x00, 0x0C, 0x3F, 0xC3, 0xFF, 0xF3, 0xFC, 0x8C, 0x70, 0x23, 0x0C, 0x58, 0xC3, 0x1C,
    0x30, 0x7F, 0x0C, 0x0E, 0xDF, 0x00, 0x27, 0x00, 0x00, 0x00, 0x00, 0x20, 0x07, 0xFF, 0xF3, 0xFF,
    0xFE, 0xC2, 0x61, 0xB1, 0x98, 0xC1, 0xC3, 0xF9, 0xE0, 0x00, 0x3F, 0xFE, 0x07, 0xFF, 0x00, 0x61,
    0xC0, 0x7F, 0xF8, 0x1B, 0xF0, 0x07, 0xFF, 0x81, 0xFF, 0xE0, 0x03, 0x00, 0xFF, 0xFF, 0xBF, 0xFF,
    0xE0, 0x00, 0x00, 0x00, 0x00, 0x00, 0x18, 0x00, 0x06, 0x00, 0x7F, 0xFF, 0x18, 0xD8, 0x46, 0x66,
    0x30, 0xF6, 0xF8, 0x1B, 0x3C, 0x01, 0x86, 0x03, 0xFF, 0xE0, 0xFF, 0xD8, 0x2D, 0x82, 0x0F, 0x70,
    0x86, 0xCD, 0xB1, 0xB1, 0x64, 0x4F, 0xF9, 0x01, 0xFC, 0x00, 0x00, 0x00, 0x00, 0x10, 0x07, 0xFF,
    0xF1, 0xFF, 0xFC, 0x63, 0x63, 0x1F, 0x9F, 0x83, 0xE7, 0xC0, 0x7F, 0xF8, 0x18, 0x06, 0x07, 0xFF,
    0x81, 0xFF, 0xE0, 0x79, 0x98, 0x37, 0xFE, 0x0F, 0xFF, 0xC3, 0xC6, 0x11, 0xBF, 0xFC, 0x6F, 0xFF,
    0x13, 0x00, 0x40, 0x00, 0x00, 0x00, 0x20, 0x03, 0xFF, 0xF1, 0xFF, 0xFE, 0x63, 0x31, 0x8F, 0x87,
    0xC1, 0xE1, 0xE0, 0xFE, 0xFC, 0x31, 0x83, 0x0F, 0xE0, 0xC3, 0xFB, 0xF0, 0xC3, 0xF8, 0x3F, 0xFF,
    0x9F, 0xEF, 0xE3, 0xF8, 0x1B, 0xFA, 0x06, 0xF3, 0x9F, 0x00, 0xC7, 0x80, 0x00, 0x00, 0x00, 0x00,
    0x00, 0x18, 0x00, 0x06, 0x00, 0x7F, 0xFF, 0x18, 0xDB, 0xC6, 0xE7, 0xE0, 0xF8, 0xC0, 0x03, 0x60,
    0x0F, 0xFF, 0x81, 0xFF, 0xE0, 0x7F, 0xF0, 0x0F, 0xFC, 0x1F, 0xFF, 0xC7, 0xFF, 0xF0, 0xCD, 0x88,
    0x73, 0x72, 0x10, 0xC4, 0x80, 0x00, 0x00, 0x00, 0x20, 0x00, 0x08, 0x00, 0x02, 0x00, 0x3F, 0xFE,
    0x1F, 0xFF, 0xC0, 0x00, 0x00, 0x00, 0x30, 0x18, 0x0C, 0x06, 0x03, 0x00, 0xC1, 0x80, 0x30, 0x60,
    0x06, 0x30, 0x01, 0x88, 0x00, 0x26, 0x03, 0xFF, 0xFE, 0xFF, 0xFF, 0x80, 0x00, 0x00, 0x00, 0x00,
    0x00, 0x20, 0x03, 0xFF, 0xE1, 0xFF, 0xFC, 0x04, 0x10, 0x01, 0xDC, 0x0F, 0xFF, 0xF8, 0x00, 0x00,
    0x3F, 0xFE, 0x0F, 0xFF, 0x83, 0xFF, 0xE0, 0xFF, 0xF8, 0x30, 0x86, 0x0F, 0xFF, 0xE3, 0xFF, 0xD8,
    0xC2, 0x06, 0x00, 0xFF, 0x80, 0x1F, 0x80, 0x00, 0x00, 0x00, 0x20, 0x03, 0xFF, 0xE1, 0xFF, 0xFC,
    0x04, 0x10, 0x01, 0xDC, 0x0F, 0xFF, 0xF8, 0x00, 0x00, 0x3F, 0xFE, 0x0F, 0xFF, 0x83, 0xFF, 0xE0,
    0xFF, 0xF8, 0x3F, 0xFE, 0x01, 0x74, 0x0F, 0xFF, 0xFB, 0xFF, 0xFC, 0x00, 0x80, 0x00, 0x20, 0x00,
    0x00, 0x00, 0x00, 0x20, 0x03, 0xFF, 0xE1, 0xFF, 0xFC, 0x04, 0x10, 0x01, 0xDC, 0x0F, 0xFF, 0xF8,
    0x00, 0x00, 0x3F, 0xFE, 0x0F, 0xFF, 0x83, 0xFF, 0xE0, 0xFF, 0xF8, 0x3F, 0xFE, 0x01, 0x74, 0x07,
    0xFF, 0xF0, 0xFF, 0xF8, 0xFF, 0xFF, 0xBF, 0xFF, 0xE0, 0x00, 0x00, 0x04, 0x08, 0x03, 0x13, 0x20,
    0xC4, 0xCC, 0x79, 0x23, 0x3F, 0xFD, 0xC0, 0x1F, 0xF1, 0xB0, 0x00, 0x6F, 0xFF, 0x9B, 0xFB, 0xC6,
    0xDF, 0xF9, 0xB7, 0xFE, 0x39, 0x49, 0x87, 0xDB, 0x6F, 0xF6, 0xDB, 0xC5, 0xB6, 0x01, 0x4F, 0x00,
    0x41, 0x80, 0x00, 0x00, 0x02, 0x04, 0x01, 0x81, 0x80, 0x70, 0x60, 0xFF, 0x7F, 0x8D, 0x8F, 0x83,
    0xE3, 0xE3, 0xFD, 0xFE, 0x00, 0x00, 0x1F, 0xDF, 0xC7, 0xF7, 0xF1, 0xFD, 0xFC, 0x3F, 0x7E, 0x0F,
    0x4F, 0x03, 0xF6, 0xD9, 0xF9, 0xB6, 0xE5, 0xCF, 0xB0, 0x61, 0xE0, 0x00, 0x00, 0x01, 0x04, 0x00,
    0xC1, 0x80, 0x30, 0xC0, 0x18, 0x20, 0x07, 0x6F, 0xC3, 0xFF, 0xF8, 0xD9, 0x98, 0x62, 0x46, 0x18,
    0xB1, 0x8C, 0x2C, 0x61, 0x0A, 0x18, 0x02, 0x06, 0x00, 0x81, 0x80, 0x20, 0x60, 0x08, 0x18, 0x02,
    0x3C, 0x00, 0x8E, 0x00, 0x00, 0x00, 0x02, 0x08, 0x01, 0x82, 0x00, 0x60, 0xC0, 0x3F, 0xFF, 0x8F,
    0x9B, 0x06, 0x64, 0x63, 0x0B, 0x0C, 0x00, 0xFE, 0x0F, 0xF0, 0x01, 0xF8, 0x03, 0xFF, 0xFE, 0x7F,
    0xFF, 0x00, 0xF0, 0x00, 0x67, 0x00, 0xF0, 0xF8, 0xF8, 0x0F, 0xB8, 0x00, 0xE0, 0x00, 0x00, 0x02,
    0x08, 0x00, 0x82, 0x00, 0x30, 0xC0, 0x1F, 0xFF, 0x8F, 0xBB, 0x0E, 0x6C, 0x60, 0x03, 0x00, 0x00,
    0xC0, 0x0F, 0xFF, 0xC3, 0xFF, 0xF0, 0xC3, 0x0C, 0x3F, 0xFF, 0x0F, 0xFF, 0xC3, 0x0C, 0x30, 0xFF,
    0xFC, 0x3F, 0xFF, 0x04, 0x00, 0xC0, 0x00, 0x00, 0x02, 0x08, 0x01, 0x82, 0x00, 0x7E, 0xFC, 0x1F,
    0xFF, 0x8D, 0xF3, 0x06, 0xF8, 0x60, 0x30, 0x30, 0x18, 0x0C, 0x0F, 0xFF, 0xE3, 0x89, 0xD1, 0xE2,
    0x20, 0xD8, 0xCC, 0x16, 0x13, 0x01, 0x84, 0xC0, 0x60, 0x30, 0x18, 0x78, 0x02, 0x1C, 0x00, 0x00,
    0x00, 0x02, 0x08, 0x00, 0xFB, 0xF0, 0x7F, 0xFE, 0x76, 0x4C, 0x38, 0xB1, 0x80, 0x28, 0x40, 0xFF,
    0xF8, 0x00, 0xC6, 0x0F, 0xFF, 0x87, 0xFF, 0xC1, 0xFF, 0xFC, 0x3F, 0xFF, 0x00, 0xF0, 0xC0, 0xEC,
    0x33, 0xF3, 0x78, 0xF0, 0xDC, 0x00, 0x20, 0x00, 0x00, 0x00, 0x02, 0x08, 0x01, 0xFB, 0xF0, 0x7F,
    0xFE, 0x7E, 0xCC, 0x39, 0xF3, 0x81, 0xFF, 0xC0, 0x07, 0x30, 0xFF, 0xFF, 0x9F, 0xFF, 0xC0, 0xFF,
    0xC0, 0x3F, 0xE0, 0x3F, 0xFE, 0x01, 0x74, 0x0F, 0xFF, 0xFB, 0xFF, 0xFC, 0x00, 0x80, 0x00, 0x20,
    0x00, 0x00, 0x00, 0x02, 0x08, 0x01, 0xFB, 0xF0, 0x7F, 0xFE, 0x76, 0xCC, 0x39, 0xA1, 0x80, 0x3C,
    0x40, 0xFF, 0xF8, 0x01, 0x80, 0x00, 0x20, 0x0F, 0xFF, 0xF9, 0xFF, 0xFC, 0x7F, 0xFF, 0x0F, 0xFF,
    0x80, 0xC1, 0x00, 0x38, 0x60, 0x02, 0xF0, 0x00, 0x38, 0x00, 0x00, 0x00, 0x00, 0x08, 0x01, 0x86,
    0x00, 0x65, 0x80, 0x3F, 0xFF, 0x0D, 0xF7, 0x06, 0x38, 0xC0, 0x00, 0xC0, 0x3F, 0x30, 0x0F, 0xFF,
    0x83, 0xF7, 0xE0, 0xFC, 0xC8, 0x3F, 0x36, 0x0F, 0xDD, 0x83, 0x36, 0x61, 0x8F, 0x98, 0x7F, 0xDE,
    0x17, 0xA3, 0x00, 0x00, 0x00, 0x04, 0x08, 0x01, 0x86, 0x00, 0x7D, 0xFC, 0x1F, 0xFF, 0x0D, 0xB6,
    0x06, 0x6C, 0x80, 0xFF, 0xF8, 0x30, 0x06, 0x0F, 0xFF, 0x83, 0x7F, 0x60, 0xDF, 0xD8, 0x37, 0xF6,
    0x0D, 0x8D, 0x83, 0x7F, 0x60, 0xDF, 0xD8, 0x30, 0x1E, 0x0C, 0x03, 0x00, 0x00, 0x00, 0x02, 0x08,
    0x00, 0xFB, 0xF0, 0x7F, 0xFE, 0x76, 0x6C, 0x38, 0x99, 0x80, 0x1C, 0x00, 0x07, 0x80, 0x03, 0x60,
    0x03, 0x8E, 0x0F, 0xFF, 0xF9, 0xDF, 0xDC, 0x1F, 0xFC, 0x0F, 0xFF, 0x83, 0x00, 0x60, 0xFF, 0xF8,
    0x3F, 0xFE, 0x04, 0x01, 0x00, 0x00, 0x00, 0x02, 0x08, 0x00, 0xFB, 0xF8, 0x7F, 0xFE, 0x76, 0xCC,
    0x38, 0xB1, 0x82, 0x2C, 0x61, 0xFF, 0xFC, 0x00, 0xC0, 0x00, 0x30, 0x03, 0xFF, 0xF0, 0xFF, 0xFC,
    0x30, 0xCE, 0x04, 0xFF, 0x00, 0xFF, 0xE3, 0xF3, 0x3E, 0xF0, 0xC3, 0x80, 0x20, 0x00, 0x00, 0x00,
    0x02, 0x08, 0x00, 0xFB, 0xF0, 0x7F, 0xFE, 0x3E, 0xCC, 0x3D, 0xF3, 0x83, 0xFF, 0xF0, 0xC3, 0x0C,
    0x30, 0xC3, 0x0F, 0xFE, 0xC3, 0x7F, 0xB0, 0xCF, 0xCC, 0x33, 0x7B, 0x0C, 0xFE, 0xC3, 0x3F, 0x30,
    0xFF, 0xFC, 0x3F, 0xFF, 0x04, 0x00, 0xC0, 0x00, 0x00, 0x02, 0x08, 0x01, 0x82, 0x00, 0x7E, 0xFC,
    0x3F, 0xFF, 0x99, 0x9B, 0x00, 0x3F, 0xE0, 0x0F, 0xFC, 0x7F, 0x3C, 0x00, 0xFC, 0xC0, 0x7F, 0xF3,
    0xFF, 0xF8, 0x7F, 0x7F, 0x1F, 0xFF, 0x87, 0xFB, 0x80, 0x0F, 0x86, 0xFF, 0xFF, 0xBF, 0x07, 0xE0,
    0x00, 0x00, 0x02, 0x08, 0x01, 0xFB, 0xF0, 0x7F, 0xFE, 0x3E, 0xCC, 0x3D, 0xF3, 0x83, 0xFF, 0xE0,
    0xC0, 0x18, 0x3F, 0xFE, 0x0F, 0xFF, 0x83, 0xFF, 0xE0, 0xFF, 0xF8, 0x3F, 0xFE, 0x01, 0xDC, 0x0F,
    0xFF, 0xF9, 0xFF, 0xFC, 0x1C, 0x20, 0x06, 0x08, 0x00, 0x00, 0x00, 0x04, 0x08, 0x03, 0xFB, 0xF0,
    0xFF, 0xFE, 0x6E, 0xCC, 0x31, 0xF3, 0x8F, 0xFF, 0xFB, 0x00, 0x06, 0xDF, 0xF9, 0x97, 0xFF, 0x01,
    0xFF, 0xC0, 0x7F, 0xE0, 0x1F, 0xFE, 0x07, 0xFF, 0x81, 0x80, 0x60, 0x7F, 0xF8, 0x1F, 0xFE, 0x02,
    0x01, 0x00, 0x00, 0x00, 0x04, 0x08, 0x03, 0x02, 0x00, 0xFE, 0xFC, 0x3F, 0xFF, 0x9B, 0xB3, 0x0C,
    0x6C, 0xE0, 0x31, 0xFC, 0x0C, 0x63, 0x3F, 0xF8, 0xC7, 0xFF, 0xF0, 0xF9, 0xFC, 0x37, 0x7F, 0x1B,
    0x7F, 0xC6, 0xCC, 0x33, 0xB1, 0xFC, 0xCC, 0x7F, 0x01, 0x10, 0xC0, 0x00, 0x00, 0x02, 0x08, 0x01,
    0xFB, 0xF8, 0x7F, 0xFE, 0x76, 0x4C, 0x38, 0xA1, 0x80, 0x3C, 0x00, 0x7F, 0xF8, 0x01, 0xCC, 0x1F,
    0xFF, 0xE3, 0xFF, 0xF0, 0x3F, 0xFE, 0xFE, 0x7E, 0x1D, 0xFF, 0x80, 0xFF, 0xE0, 0x1F, 0xF8, 0x0F,
    0xFE, 0x01, 0x01, 0x80, 0x00, 0x00, 0x02, 0x08, 0x00, 0xFB, 0xF8, 0x7F, 0xFE, 0x76, 0xCC, 0x38,
    0xA1, 0x82, 0x20, 0x61, 0xFC, 0xFC, 0x63, 0x33, 0x1F, 0xCC, 0xC7, 0xF3, 0x31, 0x84, 0xCC, 0x7F,
    0x33, 0x1F, 0x4C, 0xC6, 0x23, 0xE1, 0xBC, 0xF0, 0xFD, 0xB0, 0x3C, 0x28, 0x00, 0x00, 0x00, 0x02,
    0x08, 0x00, 0xFB, 0xF0, 0x7F, 0xFE, 0x76, 0x4C, 0x39, 0xB1, 0x82, 0xE0, 0x61, 0xFF, 0xFC, 0x0E,
    0x63, 0x1F, 0xF0, 0xC7, 0xFC, 0x31, 0xFF, 0x0C, 0x7F, 0xFE, 0x1F, 0xF3, 0x03, 0xF4, 0x19, 0xFD,
    0x06, 0x3F, 0x7F, 0x81, 0x0F, 0x80, 0x00, 0x00, 0x02, 0x08, 0x01, 0xFB, 0xF0, 0x7F, 0xFE, 0x3E,
    0xCC, 0x3D, 0xB3, 0x87, 0xEF, 0xC0, 0x63, 0x30, 0x1F, 0xCD, 0xBF, 0xFF, 0x67, 0x3A, 0x70, 0x0E,
    0x18, 0xFF, 0xFF, 0x9F, 0xFF, 0xC0, 0x7F, 0x03, 0xFA, 0xFE, 0xF8, 0x8F, 0x80, 0x20, 0x00, 0x00,
    0x00, 0x02, 0x08, 0x01, 0x82, 0x00, 0x7D, 0xFC, 0x3F, 0x7F, 0x0D, 0x93, 0x06, 0xFF, 0xE0, 0x7F,
    0xF8, 0x18, 0xE0, 0x07, 0xFF, 0x01, 0xFF, 0xC0, 0x7F, 0xF0, 0x18, 0xC0, 0x07, 0xFF, 0xC0, 0xD9,
    0x11, 0xB6, 0x44, 0xCD, 0x97, 0x00, 0x00, 0x00, 0x00, 0x00, 0x02, 0x08, 0x00, 0xFB, 0xF0, 0x7F,
    0xFE, 0x3E, 0xCC, 0x3D, 0xF3, 0x83, 0xFB, 0xF0, 0xFC, 0xEC, 0x3F, 0x3F, 0x0E, 0xCC, 0xC3, 0xFB,
    0xF0, 0xFF, 0xEC, 0x33, 0xF3, 0x0C, 0xFE, 0xC3, 0x3F, 0xB0, 0xCF, 0xCC, 0x33, 0xFF, 0x04, 0x07,
    0x00, 0x00, 0x00, 0x04, 0x10, 0x03, 0xF7, 0xF0, 0xFF, 0xFE, 0x66, 0xC8, 0x38, 0xFE, 0xC7, 0x3F,
    0xF8, 0x60, 0xC6, 0x03, 0xFF, 0x1C, 0xFF, 0xC3, 0xFF, 0xF0, 0x2F, 0xFC, 0x0F, 0xFF, 0x06, 0x77,
    0x03, 0x7F, 0xF9, 0xDF, 0xFC, 0xE1, 0xF8, 0x30, 0x3E, 0x00, 0x00, 0x00, 0x02, 0x08, 0x01, 0xFB,
    0xF0, 0x7F, 0xFE, 0x73, 0xCC, 0x3E, 0x61, 0xC7, 0xCF, 0x63, 0xFB, 0xFE, 0x18, 0x36, 0x1F, 0x89,
    0x83, 0xEF, 0xFB, 0xFF, 0xFC, 0x7F, 0x7F, 0x1F, 0x9F, 0xC7, 0xA7, 0xF3, 0xE1, 0xFC, 0xD8, 0x7F,
    0x02, 0x1F, 0x80, 0x00, 0x00, 0x02, 0x08, 0x01, 0xFB, 0xF0, 0x7F, 0xFE, 0x73, 0xCC, 0x38, 0x71,
    0x83, 0x96, 0x61, 0xFD, 0xFC, 0x36, 0x60, 0x3F, 0xDF, 0xC7, 0xF7, 0xF1, 0xFD, 0xFC, 0x7F, 0x7E,
    0x1F, 0xDF, 0xC7, 0xF7, 0xF9, 0x85, 0x06, 0x6F, 0x7F, 0x99, 0x8F, 0x80, 0x00, 0x00, 0x00, 0x20,
    0x00, 0x08, 0x00, 0x42, 0x20, 0x38, 0x8C, 0x07, 0x23, 0x00, 0xC9, 0x80, 0x12, 0xC0, 0x00, 0x80,
    0x3F, 0xFF, 0xE7, 0xFF, 0xF0, 0x0F, 0x80, 0x06, 0xB0, 0x03, 0x26, 0x07, 0x88, 0xE3, 0xC2, 0x1E,
    0xC0, 0x83, 0x80, 0x20, 0x00, 0x00, 0x00, 0x02, 0x00, 0x01, 0x82, 0x41, 0x68, 0x90, 0xDE, 0x66,
    0x1F, 0x98, 0xC6, 0xC6, 0x30, 0x77, 0x06, 0xFF, 0x01, 0x8F, 0x1F, 0xC7, 0xC7, 0xF1, 0xB8, 0x8C,
    0xFA, 0x23, 0x36, 0x18, 0xCD, 0x86, 0x30, 0x63, 0x0C, 0x19, 0x8E, 0x02, 0x43, 0x00, 0x00, 0x00,
    0x04, 0x10, 0x0F, 0x46, 0x03, 0xF7, 0xE0, 0xFD, 0xFC, 0x1F, 0x1B, 0x07, 0x84, 0xD8, 0xC3, 0x36,
    0xFC, 0x8D, 0x9E, 0x61, 0xC7, 0x92, 0x21, 0xF0, 0xC0, 0xF7, 0xFF, 0xBC, 0xFF, 0xCF, 0x02, 0x01,
    0xC0, 0xC0, 0x30, 0x30, 0x04, 0x08, 0x00, 0x00, 0x00, 0x01, 0x04, 0x00, 0xC1, 0x80, 0xB4, 0x60,
    0x6D, 0x7F, 0x0F, 0xDF, 0xE3, 0x60, 0x00, 0x30, 0x0C, 0xFF, 0x63, 0x1F, 0xD8, 0xC3, 0xE6, 0x61,
    0xDD, 0xD8, 0x6D, 0x36, 0x33, 0x0F, 0x00, 0xC0, 0xC0, 0x33, 0xFE, 0x0C, 0xFF, 0x81, 0x00, 0x00,
    0x00, 0x00, 0x01, 0x00, 0x00, 0xC7, 0xE0, 0xB5, 0xFC, 0x6D, 0x63, 0x0F, 0xD8, 0xC3, 0x66, 0x30,
    0x31, 0xFC, 0xFF, 0x6B, 0x1F, 0xD0, 0xC3, 0xF6, 0x31, 0x9D, 0xFC, 0x6D, 0x7F, 0x3B, 0x10, 0xCC,
    0xC6, 0x30, 0x31, 0x8C, 0x0D, 0xFF, 0x81, 0x7F, 0xE0, 0x00, 0x00, 0x01, 0x04, 0x00, 0xC1, 0x80,
    0x30, 0x60, 0x6D, 0x18, 0x0F, 0xC7, 0xE3, 0x61, 0x80, 0x30, 0x60, 0xFF, 0x98, 0x1F, 0xE6, 0x03,
    0xE7, 0xF1, 0xDD, 0xFC, 0x6D, 0xC3, 0x3B, 0x58, 0xCC, 0xC4, 0x30, 0x31, 0xFC, 0x0C, 0x7F, 0x01,
    0x10, 0xC0, 0x00, 0x00, 0x00, 0x20, 0x01, 0xFF, 0xC0, 0x7F, 0xF8, 0x61, 0xC7, 0x3F, 0xFF, 0xE1,
    0xFF, 0xE0, 0xFF, 0xF8, 0x00, 0xC0, 0x19, 0x26, 0xC6, 0x6B, 0x31, 0x8B, 0x8C, 0x6F, 0xFF, 0x1B,
    0xFE, 0xC6, 0x3E, 0x33, 0xBA, 0xEC, 0xCC, 0x9B, 0x30, 0x20, 0xC0, 0x00, 0x00, 0x02, 0x04, 0x01,
    0x81, 0x01, 0x6B, 0xFC, 0xDF, 0xFF, 0x9F, 0xE2, 0x07, 0xD8, 0xC0, 0x66, 0x30, 0xFF, 0x8C, 0x1F,
    0xE3, 0x07, 0xDB, 0xF9, 0xBE, 0xFC, 0xFB, 0x8C, 0x36, 0x63, 0x0D, 0x98, 0xC0, 0x65, 0xFE, 0x1B,
    0x7F, 0x82, 0x80, 0x00, 0x00, 0x00, 0x04, 0x04, 0x0F, 0x5F, 0xFB, 0xF7, 0xFE, 0xFC, 0x18, 0x1F,
    0x3F, 0xC7, 0x8F, 0xF0, 0xC7, 0xFE, 0xFC, 0x00, 0x0E, 0x3F, 0xC7, 0x8F, 0xF1, 0xF3, 0xFC, 0xF4,
    0xFF, 0x3C, 0x3F, 0xCF, 0x0F, 0xF0, 0xC2, 0x0C, 0x30, 0xDF, 0x04, 0x27, 0x00, 0x00, 0x00, 0x04,
    0x04, 0x03, 0x41, 0x83, 0xF7, 0xFC, 0xFF, 0xFF, 0x9F, 0xCF, 0x87, 0x97, 0xF0, 0xC4, 0x6C, 0xFF,
    0xFF, 0x9E, 0x7F, 0xC7, 0x97, 0xF1, 0xFD, 0xF8, 0xF1, 0x7F, 0x3C, 0x5F, 0xCF, 0x34, 0x31, 0xD9,
    0xFC, 0x36, 0x7F, 0x04, 0x90, 0xC0, 0x00, 0x00, 0x02, 0x3F, 0x81, 0x8F, 0xF0, 0x63, 0x0C, 0xDF,
    0xFF, 0x1F, 0xFF, 0xC7, 0xCF, 0xF0, 0x60, 0x00, 0xFF, 0xFF, 0x9F, 0xFF, 0xC7, 0xCF, 0xF1, 0xBB,
    0xFC, 0xDA, 0xFF, 0x36, 0x3F, 0x85, 0x8F, 0xF0, 0x63, 0xF8, 0x19, 0xFF, 0x82, 0x7F, 0xE0, 0x00,
    0x00, 0x00, 0x20, 0x00, 0x0C, 0x00, 0x03, 0x00, 0x03, 0x80, 0x0D, 0xC4, 0x01, 0xE3, 0x00, 0x19,
    0x80, 0x03, 0xCC, 0x00, 0xE3, 0x87, 0xFF, 0xE0, 0xFF, 0xFC, 0x02, 0xD2, 0x01, 0xB6, 0x01, 0xCC,
    0xE3, 0xE3, 0x1E, 0xE0, 0xC3, 0x80, 0x20, 0x00, 0x00, 0x00, 0x00, 0x06, 0x01, 0xFF, 0x80, 0xFF,
    0x80, 0x01, 0x00, 0x00, 0xC0, 0x00, 0xE2, 0x00, 0x38, 0x80, 0x02, 0x6C, 0x00, 0xF3, 0x80, 0x1F,
    0xE1, 0xFF, 0xFC, 0x3F, 0xC0, 0x01, 0x24, 0x01, 0xC9, 0xE3, 0xE2, 0x3E, 0xE0, 0x83, 0x80, 0x20,
    0x00, 0x00, 0x00, 0x06, 0x01, 0x01, 0x80, 0x43, 0x69, 0x10, 0xF6, 0xC4, 0x19, 0x91, 0x03, 0xCC,
    0x40, 0x63, 0x10, 0x36, 0xC4, 0x19, 0x91, 0x8F, 0xFE, 0xF0, 0x63, 0xF0, 0x7E, 0x04, 0x1E, 0xC1,
    0x0D, 0xB0, 0x43, 0x60, 0x10, 0x18, 0x04, 0x00, 0x00, 0x00, 0x00, 0x00, 0x02, 0x00, 0x01, 0x87,
    0xE0, 0x61, 0xFC, 0xF6, 0x03, 0x19, 0x80, 0xC3, 0xC0, 0x30, 0x60, 0x0C, 0x32, 0x03, 0x19, 0x9F,
    0xCF, 0xF7, 0xE1, 0xF5, 0x00, 0x7A, 0x60, 0x1F, 0x98, 0x6D, 0xE6, 0x1B, 0x69, 0x86, 0xD8, 0x7F,
    0x82, 0x0F, 0x80, 0x00, 0x00, 0x03, 0x08, 0x00, 0xC6, 0x01, 0x35, 0xFC, 0x7B, 0x7F, 0x0D, 0xB0,
    0xC1, 0xEC, 0x10, 0x36, 0x04, 0x1B, 0x31, 0x0C, 0xCC, 0x47, 0xF9, 0x90, 0xBC, 0x64, 0x3F, 0x01,
    0x0F, 0x60, 0x46, 0xD8, 0x11, 0xB2, 0x0C, 0x6C, 0x3E, 0x03, 0x07, 0x00, 0x00, 0x00, 0x02, 0x00,
    0x01, 0x80, 0x00, 0x60, 0x00, 0xF6, 0xFF, 0x19, 0x86, 0x03, 0xC1, 0x80, 0x60, 0x60, 0x32, 0x18,
    0x19, 0x86, 0x0F, 0xF1, 0x81, 0xFC, 0x60, 0x7B, 0x18, 0x1E, 0x46, 0x0F, 0x91, 0x83, 0x67, 0xFE,
    0xD9, 0xFF, 0x82, 0x00, 0x00, 0x00, 0x00, 0x04, 0x04, 0x03, 0x01, 0x81, 0xD0, 0x60, 0xED, 0xFF,
    0x1B, 0x7F, 0xE3, 0x86, 0x30, 0xC1, 0x8C, 0x64, 0x63, 0x1B, 0x0D, 0x8F, 0xE3, 0x61, 0xE8, 0xF0,
    0x7A, 0x38, 0x1F, 0x86, 0x0F, 0xE3, 0xC3, 0x69, 0xB8, 0xD9, 0xC7, 0x82, 0x60, 0xE0, 0x00, 0x00,
    0x06, 0x04, 0x01, 0x83, 0x03, 0x60, 0x40, 0xF4, 0xFF, 0x1B, 0x3F, 0xE3, 0xC9, 0x18, 0x72, 0x46,
    0x3C, 0xB9, 0x9B, 0xBB, 0x6F, 0xEE, 0x58, 0x63, 0x1E, 0x7E, 0x83, 0x9F, 0xA0, 0x6D, 0xE8, 0x1B,
    0x62, 0x1E, 0x18, 0x8F, 0x00, 0x00, 0x00, 0x00, 0x00, 0x02, 0x04, 0x81, 0x81, 0xF0, 0xC0, 0xF8,
    0xF1, 0xF8, 0x19, 0x26, 0x03, 0xCD, 0xB0, 0x73, 0x6C, 0x3C, 0xDB, 0x1B, 0x36, 0xCF, 0xEF, 0xF1,
    0xEB, 0xF8, 0x7A, 0xD8, 0x1F, 0xA6, 0x6D, 0xE1, 0x9B, 0x68, 0x66, 0xD8, 0x1F, 0x82, 0x03, 0x80,
    0x00, 0x00, 0x02, 0x03, 0xC1, 0x8F, 0xF3, 0x6F, 0xE0, 0xF7, 0x98, 0x19, 0xE6, 0x03, 0xD9, 0x80,
    0x66, 0x60, 0x33, 0xFF, 0x9D, 0xFF, 0xCF, 0xF8, 0xC1, 0xF6, 0x30, 0x7B, 0x8C, 0x1F, 0xE3, 0x6D,
    0xFE, 0xFB, 0x6F, 0x9E, 0xD9, 0x87, 0x02, 0x00, 0xC0, 0x00, 0x00, 0x02, 0x00, 0x01, 0x9F, 0xC0,
    0x6F, 0xF0, 0xF5, 0x8C, 0x1B, 0x62, 0x03, 0xD9, 0x80, 0x76, 0x78, 0x3D, 0x9E, 0x1F, 0xF1, 0x8F,
    0xFC, 0x41, 0xE7, 0xB0, 0x7F, 0xF8, 0x1F, 0xCE, 0x0D, 0xB7, 0xC3, 0x7B, 0x18, 0x1F, 0x83, 0x00,
    0x00, 0x00, 0x00, 0x00, 0x02, 0x00, 0x01, 0x84, 0x00, 0x61, 0x90, 0xF6, 0x66, 0x19, 0x98, 0xC3,
    0xCC, 0x30, 0x66, 0x06, 0x33, 0x81, 0x99, 0xFF, 0xCF, 0xFF, 0xF1, 0xF4, 0x8C, 0x7A, 0x23, 0x1F,
    0x98, 0xCF, 0xE6, 0x33, 0x6B, 0x0C, 0xD9, 0x8E, 0x02, 0x43, 0x00, 0x00, 0x00, 0x00, 0x20, 0x00,
    0x08, 0x00, 0x07, 0x00, 0x7F, 0xFF, 0x07, 0xFF, 0x03, 0xFF, 0xE0, 0x07, 0x00, 0xFF, 0xFF, 0x9F,
    0xFF, 0xC0, 0xF7, 0x00, 0x3F, 0x98, 0xFF, 0xFF, 0x1F, 0xFE, 0x00, 0x49, 0x80, 0xF2, 0x78, 0xF8,
    0x87, 0xB8, 0x20, 0xE0, 0x00, 0x00, 0x02, 0x04, 0x01, 0x81, 0x00, 0x60, 0x40, 0xF7, 0x38, 0x19,
    0xFF, 0xE3, 0xC6, 0x00, 0x61, 0x80, 0x32, 0x60, 0x1D, 0x9F, 0xCF, 0xF7, 0xF1, 0xF5, 0x0C, 0x7A,
    0x63, 0x1E, 0xD8, 0xCF, 0x9C, 0x33, 0x66, 0x0C, 0xD9, 0x9E, 0x02, 0x47, 0x00, 0x00, 0x00, 0x00,
    0x20, 0x00, 0x0C, 0x00, 0x03, 0x00, 0x7F, 0xFF, 0x80, 0x30, 0x00, 0x0C, 0x01, 0xFF, 0xFE, 0x63,
    0x81, 0x98, 0xC6, 0x62, 0xE7, 0x00, 0x3F, 0x98, 0x7F, 0xFF, 0x0F, 0xFE, 0xC0, 0x4D, 0x00, 0xF3,
    0x78, 0xF8, 0xCF, 0xB8, 0x20, 0xE0, 0x00, 0x00, 0x01, 0x10, 0x02, 0xC4, 0x61, 0xBD, 0xF8, 0x6F,
    0xF9, 0x1B, 0x10, 0x46, 0xF7, 0xF1, 0xBC, 0xF8, 0xF9, 0x80, 0x02, 0xC0, 0x00, 0xF7, 0x61, 0xFF,
    0xFC, 0xFF, 0xFF, 0x01, 0x24, 0x40, 0xEF, 0xC3, 0xE2, 0x1C, 0x00, 0x80, 0x00, 0x00, 0x00, 0x00,
    0x00, 0x07, 0xFF, 0x03, 0xFF, 0xC0, 0xFF, 0xF0, 0x3F, 0xFC, 0x0C, 0x61, 0x03, 0xFF, 0xC0, 0xFF,
    0xF0, 0x01, 0x80, 0x07, 0xC6, 0x00, 0x77, 0x00, 0x07, 0x98, 0x7F, 0xFF, 0x01, 0x66, 0x40, 0xD9,
    0xC1, 0xE6, 0x1C, 0xE1, 0x81, 0x00, 0x00, 0x00, 0x00, 0x00, 0x02, 0x00, 0x01, 0x8F, 0xF3, 0x67,
    0xFE, 0xF5, 0x99, 0x9B, 0x66, 0x63, 0xD9, 0x98, 0x66, 0x66, 0x3D, 0x99, 0x99, 0xFF, 0xEF, 0xFF,
    0xF9, 0xF6, 0x66, 0x7B, 0x99, 0x9F, 0xE6, 0x6F, 0xF9, 0x9B, 0x6F, 0xFE, 0xD9, 0xFF, 0x82, 0x20,
    0x60, 0x00, 0x00, 0x02, 0x04, 0x01, 0x81, 0x83, 0x68, 0x60, 0xF6, 0xFF, 0x19, 0xFF, 0xE3, 0xC9,
    0x98, 0x62, 0x66, 0x32, 0xFF, 0x9D, 0xFF, 0xEF, 0xF9, 0x99, 0xF6, 0x66, 0x7A, 0xFF, 0x9E, 0xFF,
    0xCF, 0x91, 0x83, 0x64, 0x60, 0xD8, 0x18, 0x02, 0x04, 0x00, 0x00, 0x00, 0x02, 0x00, 0x01, 0x8F,
    0xF3, 0x6B, 0xFE, 0xF2, 0x19, 0x99, 0x86, 0x63, 0xC3, 0x18, 0x60, 0xC6, 0x32, 0x63, 0x19, 0xB3,
    0x8F, 0xF8, 0xC1, 0xFD, 0xFE, 0x7E, 0x7F, 0x9E, 0xD0, 0x6F, 0x96, 0x1B, 0x65, 0xFE, 0xD8, 0x7F,
    0x82, 0x10, 0x60, 0x00, 0x00, 0x02, 0x10, 0x81, 0x86, 0x30, 0x61, 0x8C, 0xF6, 0x63, 0x19, 0x98,
    0xC3, 0xCF, 0xF8, 0x61, 0x8C, 0x32, 0x63, 0x19, 0x98, 0xCF, 0xF7, 0xF1, 0xF5, 0xFC, 0x7A, 0x43,
    0x1F, 0x98, 0xCF, 0xB6, 0x33, 0x65, 0xFC, 0xD9, 0x7F, 0x02, 0x10, 0xC0, 0x00, 0x00, 0x02, 0x10,
    0x01, 0x8C, 0x03, 0x69, 0xF0, 0xF6, 0xFE, 0x19, 0xF1, 0x83, 0xFC, 0xC0, 0x61, 0x30, 0x32, 0x78,
    0x19, 0x9B, 0x0F, 0xFC, 0xF9, 0xF6, 0xCC, 0x7A, 0x3C, 0x1E, 0xC2, 0x0F, 0xB6, 0x03, 0x65, 0xF0,
    0xD8, 0x1E, 0x02, 0x01, 0x80, 0x00, 0x00, 0x02, 0x00, 0x01, 0x87, 0xE3, 0x69, 0xFC, 0xF6, 0x43,
    0x19, 0x98, 0xC3, 0xC6, 0x30, 0x61, 0xFC, 0x32, 0x6B, 0x19, 0x90, 0xCF, 0xF6, 0x31, 0xF5, 0xFC,
    0x7A, 0x7F, 0x1F, 0x90, 0xCF, 0xE6, 0x33, 0x69, 0x8C, 0xD9, 0xFF, 0x82, 0x7F, 0xE0, 0x00, 0x00,
    0x02, 0x00, 0x01, 0x8F, 0xE0, 0x63, 0xFC, 0xF2, 0x67, 0x19, 0x89, 0x83, 0xC3, 0xC0, 0x60, 0xF0,
    0x32, 0x36, 0x19, 0xB8, 0xEF, 0xFD, 0x11, 0xF4, 0x60, 0x7A, 0xFF, 0x1F, 0xBF, 0x8D, 0xE1, 0x03,
    0x6F, 0xFE, 0xD9, 0xFF, 0x82, 0x00, 0x00, 0x00, 0x00, 0x02, 0x04, 0x01, 0x81, 0x80, 0x60, 0x60,
    0xF7, 0xFF, 0x99, 0x86, 0x03, 0xC1, 0x80, 0x60, 0x60, 0x32, 0x7F, 0x1D, 0x9F, 0x8F, 0xF0, 0x01,
    0xF5, 0xFC, 0x7A, 0x7F, 0x1E, 0xD0, 0xCF, 0x96, 0x33, 0x65, 0xFC, 0xD8, 0x7F, 0x02, 0x10, 0xC0,
    0x00, 0x00, 0x02, 0x04, 0x01, 0x81, 0x00, 0x60, 0xE0, 0xF6, 0xFF, 0x99, 0x91, 0x03, 0xCC, 0x60,
    0x62, 0x0C, 0x33, 0x81, 0x9D, 0xD1, 0x8F, 0xFE, 0x61, 0x65, 0xF0, 0x7A, 0x3C, 0x1F, 0x8E, 0x0F,
    0xE3, 0x83, 0x69, 0xB8, 0xD9, 0xC7, 0x82, 0x60, 0xE0, 0x00, 0x00, 0x02, 0x10, 0x01, 0x8C, 0x00,
    0x63, 0xF0, 0xF6, 0xFC, 0x19, 0xE3, 0x03, 0xDF, 0x80, 0x6D, 0xC0, 0x36, 0x70, 0x19, 0xB3, 0x0F,
    0xF8, 0xF0, 0x67, 0xF8, 0x7F, 0x8C, 0x1F, 0xE1, 0x0D, 0xF8, 0xC3, 0x67, 0xF0, 0x19, 0x8C, 0x00,
    0x00, 0x00, 0x00, 0x00, 0x02, 0x04, 0x01, 0x81, 0x03, 0x68, 0xE0, 0xF6, 0x3C, 0x19, 0x99, 0x83,
    0xCE, 0x30, 0x6E, 0x06, 0x32, 0xFF, 0x1D, 0x9F, 0x8F, 0xF0, 0x01, 0xF5, 0xFC, 0x7A, 0x7F, 0x1E,
    0xD0, 0xCF, 0xBC, 0x33, 0x65, 0xFC, 0xD8, 0x7F, 0x02, 0x10, 0xC0, 0x00, 0x00, 0x02, 0x02, 0x01,
    0x80, 0x80, 0x60, 0x70, 0xF7, 0xFF, 0x99, 0x8C, 0x03, 0xC2, 0x30, 0x61, 0x9C, 0x32, 0xFD, 0x99,
    0x80, 0x6F, 0xF2, 0x61, 0xF4, 0xD8, 0x7A, 0x36, 0x1E, 0xCD, 0x8D, 0x96, 0x7B, 0x65, 0x9E, 0xD8,
    0xC7, 0x82, 0x20, 0xE0, 0x00, 0x00, 0x00, 0x00, 0x01, 0x83, 0x80, 0x61, 0xB0, 0xF0, 0x4C, 0x19,
    0x31, 0x83, 0xCC, 0x70, 0x67, 0xFE, 0x3C, 0x00, 0x1B, 0x00, 0x0F, 0xFF, 0xF9, 0xEF, 0xFC, 0x7A,
    0x44, 0x1F, 0xB1, 0xCF, 0xE9, 0xF3, 0x6F, 0xFE, 0xD9, 0xE1, 0x82, 0x00, 0x60, 0x00, 0x00, 0x02,
    0x08, 0x01, 0x82, 0x03, 0x69, 0xF0, 0xF6, 0x7E, 0x19, 0xB1, 0x83, 0xDC, 0xC0, 0x67, 0xFC, 0x33,
    0xFB, 0x19, 0xE4, 0xCF, 0xF9, 0xB1, 0xF7, 0xFC, 0x7B, 0xFE, 0x1F, 0xE0, 0x0F, 0xF8, 0x1B, 0x7E,
    0x06, 0xDA, 0xFF, 0x82, 0x1F, 0x80, 0x00, 0x00, 0x03, 0x00, 0x00, 0xC7, 0xE1, 0x33, 0xF8, 0x7B,
    0xC2, 0x0C, 0xF1, 0x81, 0xEF, 0xE0, 0x30, 0x00, 0x1B, 0xFF, 0x0C, 0xFF, 0xC7, 0xFC, 0x11, 0xF3,
    0xFC, 0x3F, 0xFF, 0x0F, 0xFF, 0xC6, 0xFF, 0xF1, 0xBF, 0x04, 0x6C, 0xC7, 0x03, 0x31, 0x80, 0x00,
    0x00, 0x02, 0x22, 0x01, 0x8C, 0xDB, 0x63, 0xB6, 0xF4, 0xFD, 0x9B, 0x3A, 0xC3, 0xCF, 0xD0, 0x63,
    0xFE, 0x3C, 0xDE, 0x1B, 0xBF, 0xCF, 0xEF, 0xB1, 0xEB, 0xEC, 0x7A, 0xED, 0x9F, 0xB3, 0x4D, 0xEC,
    0x03, 0x6B, 0xFE, 0xD8, 0xFF, 0x82, 0x20, 0x00, 0x00, 0x00, 0x02, 0x04, 0x01, 0x81, 0x83, 0x67,
    0xFC, 0xF1, 0xFF, 0x9B, 0x06, 0x03, 0xC1, 0x80, 0x63, 0xFC, 0x3C, 0xFE, 0x1B, 0x7F, 0xCF, 0xFF,
    0xF1, 0xED, 0x2C, 0x7B, 0x6C, 0x1F, 0x9B, 0x0F, 0xE6, 0xDB, 0x6B, 0x36, 0xDB, 0x8F, 0x82, 0xC1,
    0xC0, 0x00, 0x00, 0x02, 0x12, 0x01, 0x84, 0xC3, 0x63, 0x60, 0xF1, 0xFF, 0x1B, 0x7F, 0xE3, 0xF9,
    0x80, 0x7E, 0x60, 0x31, 0xFF, 0x1B, 0x66, 0x0F, 0xF9, 0x81, 0xFF, 0xFC, 0x7B, 0xFE, 0x1F, 0xE6,
    0x0F, 0xF9, 0x83, 0x6F, 0xFE, 0xD9, 0xFF, 0x02, 0x20, 0x00, 0x00, 0x00, 0x04, 0x00, 0x03, 0x1F,
    0xF9, 0xD7, 0xFE, 0xEF, 0x01, 0x9B, 0xDB, 0x63, 0x93, 0xD8, 0xC4, 0x66, 0x67, 0x7F, 0x9B, 0xDF,
    0x6F, 0xF5, 0xF9, 0xED, 0xFE, 0xF5, 0x7F, 0xBF, 0xDF, 0xEF, 0x77, 0xDB, 0xD4, 0x06, 0xF1, 0x07,
    0x8C, 0x41, 0x80, 0x00, 0x00, 0x02, 0x00, 0x01, 0x9F, 0xF0, 0x6F, 0xFE, 0xF3, 0x45, 0x9B, 0xD9,
    0xE3, 0xF2, 0xD8, 0x6F, 0xFE, 0x3F, 0xFF, 0x9B, 0xCE, 0xEF, 0xFF, 0xF9, 0xEF, 0x06, 0x7F, 0x41,
    0x9F, 0xD1, 0xED, 0xB7, 0x9B, 0x6C, 0x3E, 0x1B, 0x0F, 0x00, 0x00, 0x00, 0x00, 0x00, 0x02, 0x04,
    0x01, 0x81, 0x80, 0x60, 0x60, 0xF1, 0xFF, 0x99, 0xC0, 0x63, 0xF8, 0x18, 0x73, 0xFC, 0x3C, 0x18,
    0x1B, 0x06, 0x0F, 0xE9, 0xF1, 0xEA, 0x78, 0x3A, 0x98, 0x1F, 0xE6, 0x0F, 0xFF, 0x83, 0x6D, 0xFE,
    0xD9, 0x1F, 0x82, 0x40, 0x00, 0x00, 0x00, 0x02, 0x04, 0x01, 0x83, 0x00, 0x63, 0xF8, 0xF4, 0xFE,
    0x1B, 0x3F, 0x83, 0xCF, 0xE0, 0x62, 0x08, 0x3C, 0xC6, 0x1B, 0x3F, 0x8F, 0xEF, 0xF1, 0xE3, 0xFC,
    0x7E, 0xB1, 0x1F, 0xAC, 0x4D, 0xEB, 0x13, 0x62, 0xDC, 0x18, 0x30, 0x00, 0x00, 0x00, 0x00, 0x00,
    0x1F, 0xC0, 0x07, 0xFF, 0xE1, 0xB3, 0xF8, 0x7F, 0xC6, 0x1F, 0xFB, 0x07, 0xFB, 0x81, 0xB0, 0x70,
    0x7F, 0xF7, 0x1F, 0xC8, 0xC0, 0xEF, 0x80, 0x3F, 0x30, 0x7F, 0xFE, 0x1F, 0xFF, 0xC0, 0xDB, 0x91,
    0xF6, 0xFC, 0x71, 0x87, 0x00, 0x60, 0x00, 0x00, 0x00, 0x02, 0x11, 0x81, 0x86, 0x63, 0x63, 0x18,
    0xF1, 0x83, 0x1B, 0x6C, 0xC3, 0xD3, 0x18, 0x61, 0x98, 0x3C, 0x7E, 0x1B, 0x7C, 0xCF, 0xFE, 0x01,
    0xE8, 0x60, 0x7A, 0xFF, 0x1F, 0xBA, 0xCF, 0xFE, 0x7B, 0x6F, 0x9E, 0xD9, 0x7F, 0x82, 0x0E, 0x00,
    0x00, 0x00, 0x02, 0x00, 0x01, 0x8F, 0xE3, 0x63, 0xFC, 0xF0, 0x03, 0x1B, 0x1F, 0xC3, 0xC0, 0x30,
    0x60, 0x0C, 0x3D, 0xFF, 0x9F, 0x7F, 0xCF, 0xE9, 0xD9, 0xEB, 0xFC, 0x7A, 0x5E, 0x1F, 0x97, 0x8F,
    0xED, 0xF3, 0x6E, 0x6E, 0xD9, 0x71, 0x82, 0x18, 0x00, 0x00, 0x00, 0x00, 0x00, 0x01, 0x83, 0x00,
    0x60, 0xCC, 0xF0, 0xFF, 0x1D, 0x0F, 0x83, 0xC3, 0xC0, 0x67, 0xFE, 0x3C, 0x18, 0x1B, 0x0C, 0x0F,
    0xEF, 0xF1, 0xEF, 0xFC, 0x7B, 0x7F, 0x1F, 0x9F, 0xCD, 0xE4, 0x33, 0x69, 0xFC, 0xD8, 0x7F, 0x02,
    0x10, 0xC0, 0x00, 0x00, 0x02, 0x04, 0x01, 0x83, 0x00, 0x63, 0xF8, 0xF4, 0xFE, 0x1B, 0x3F, 0x83,
    0xCF, 0xE0, 0x62, 0x08, 0x3C, 0xD6, 0x1B, 0x3F, 0x8F, 0xFF, 0x30, 0x6F, 0xCC, 0x7E, 0x7C, 0x1F,
    0xBD, 0x8D, 0xF9, 0x33, 0x7C, 0xC4, 0x18, 0x60, 0x00, 0x00, 0x00, 0x00, 0x00, 0x02, 0x04, 0x01,
    0x81, 0x83, 0x67, 0xFC, 0xF1, 0xFF, 0x9B, 0x31, 0x83, 0xC6, 0x60, 0x61, 0xB0, 0x3D, 0xFF, 0x9B,
    0xE6, 0x6F, 0xF1, 0x99, 0xEF, 0xFC, 0x7A, 0xFF, 0x1F, 0xE6, 0xCF, 0xF9, 0xB3, 0x6A, 0x7C, 0xD8,
    0x9E, 0x02, 0x04, 0x00, 0x00, 0x00, 0x02, 0x00, 0x01, 0x9F, 0xFB, 0x67, 0xFE, 0xF4, 0x00, 0x1B,
    0x3F, 0xC3, 0xCC, 0x30, 0x63, 0x0C, 0x30, 0xFF, 0x19, 0x3F, 0x8F, 0xEF, 0xF9, 0xEB, 0xFE, 0xF4,
    0xFF, 0xBF, 0x7F, 0xEF, 0x57, 0xFB, 0xD7, 0xFE, 0xF1, 0xF7, 0x8C, 0x51, 0xC0, 0x00, 0x00, 0x02,
    0x03, 0x81, 0x9F, 0xF3, 0x67, 0xCC, 0xF1, 0xB3, 0x1B, 0x27, 0x83, 0xDD, 0xE0, 0x67, 0xFC, 0x3C,
    0xFE, 0x1B, 0x7F, 0xEF, 0xFF, 0xF1, 0xEB, 0xFC, 0x7A, 0xFF, 0x1F, 0xF9, 0x8D, 0xF3, 0xC3, 0x78,
    0xF8, 0xDB, 0xE7, 0x82, 0x70, 0xE0, 0x00, 0x00, 0x02, 0x04, 0x01, 0x81, 0x83, 0x63, 0xF0, 0xF4,
    0xFE, 0x1B, 0x3F, 0xC3, 0xDF, 0xF8, 0x60, 0x00, 0x3C, 0xFF, 0x1B, 0x3F, 0xCF, 0xEF, 0xF1, 0xEB,
    0xF8, 0x7A, 0xFF, 0x1F, 0xBF, 0x8D, 0xFF, 0xFB, 0x7F, 0xFE, 0xDA, 0x18, 0x02, 0x04, 0x00, 0x00,
    0x00, 0x02, 0x04, 0x01, 0x81, 0x83, 0x67, 0xFC, 0xF1, 0xFF, 0x9B, 0x3F, 0x83, 0xCF, 0xF0, 0x63,
    0x6C, 0x3C, 0xFF, 0x1B, 0x36, 0xCF, 0xE9, 0xB1, 0xEB, 0xFC, 0x7A, 0xFE, 0x1F, 0x9F, 0x8F, 0xED,
    0xF3, 0x6E, 0x6E, 0xD9, 0x19, 0x82, 0x04, 0x00, 0x00, 0x00, 0x04, 0x02, 0x03, 0x3C, 0xC0, 0xCF,
    0x30, 0x63, 0x0C, 0x36, 0x47, 0xE7, 0xB7, 0xB0, 0xDD, 0xEC, 0x7F, 0xFB, 0x36, 0x6E, 0xCF, 0xCD,
    0xF1, 0xDF, 0xB8, 0xF7, 0xE6, 0x3D, 0x21, 0x8F, 0x4E, 0xF3, 0xDF, 0xBC, 0xF3, 0x1B, 0x8C, 0x04,
    0x60, 0x00, 0x00, 0x02, 0x00, 0x01, 0x8F, 0xE3, 0x63, 0xFC, 0xF4, 0x03, 0x1B, 0x3F, 0xC3, 0xCF,
    0xF0, 0x67, 0xFE, 0x3C, 0x3E, 0x1B, 0x1F, 0xEF, 0xFD, 0xF1, 0xEE, 0xFC, 0x7A, 0xEF, 0x1F, 0xB7,
    0xCF, 0xE7, 0xFB, 0x6F, 0xB6, 0xD9, 0xB9, 0x82, 0x0C, 0x00, 0x00, 0x00, 0x04, 0x00, 0x03, 0x1F,
    0xC0, 0xC7, 0xF8, 0xE1, 0xFE, 0x1E, 0x7F, 0x87, 0x9F, 0xE0, 0xC7, 0xF8, 0x78, 0x30, 0x36, 0x7F,
    0xCF, 0xFF, 0xF1, 0xD7, 0xFC, 0xF7, 0xFF, 0x3D, 0xFF, 0xCF, 0x7F, 0xFB, 0xD4, 0x86, 0xF0, 0x3F,
    0x8C, 0x07, 0xC0, 0x00, 0x00, 0x04, 0x09, 0x03, 0x02, 0x60, 0xCF, 0xFC, 0x63, 0xFF, 0xB6, 0x7F,
    0x87, 0x9F, 0xF0, 0xC4, 0xCC, 0x79, 0xFF, 0x36, 0x7F, 0xCF, 0xFF, 0xF1, 0xD7, 0xF8, 0xF7, 0xFF,
    0xBD, 0xFF, 0xCF, 0x48, 0x63, 0xD3, 0x18, 0xF0, 0x7C, 0x0C, 0x06, 0x00, 0x00, 0x00, 0x04, 0x28,
    0x03, 0x0F, 0x30, 0xC6, 0x6C, 0x61, 0x16, 0x36, 0xC5, 0x87, 0xBB, 0xF8, 0xC2, 0x30, 0x79, 0x8C,
    0x36, 0x4F, 0x0F, 0xF3, 0xF9, 0xDC, 0xFC, 0xF5, 0x3C, 0x3D, 0xCF, 0x0F, 0x77, 0xC3, 0xD5, 0xF0,
    0xF1, 0x7F, 0x8C, 0x51, 0xE0, 0x00, 0x00, 0x04, 0x04, 0x03, 0x21, 0xE0, 0xCC, 0x7C, 0x63, 0x33,
    0x36, 0x5F, 0x87, 0x87, 0xE0, 0xC1, 0xFE, 0x78, 0x3F, 0x36, 0xE7, 0x8F, 0xFF, 0xF1, 0xD2, 0xF8,
    0xF4, 0xFF, 0xBD, 0x3F, 0xCF, 0x48, 0x83, 0xD7, 0xFE, 0xF7, 0x7F, 0x8D, 0x80, 0x00, 0x00, 0x00,
    0x02, 0x04, 0x01, 0x81, 0x80, 0x60, 0xE0, 0xF1, 0xFF, 0x99, 0xD0, 0x63, 0xF6, 0x18, 0x73, 0xFE,
    0x3C, 0xCC, 0x1B, 0xEF, 0xEF, 0xFF, 0xF9, 0xEB, 0xC6, 0x7F, 0xFF, 0x9F, 0xFF, 0xED, 0xFE, 0x1B,
    0x6B, 0xFE, 0xD8, 0xFF, 0x82, 0x28, 0x60, 0x00, 0x00, 0x02, 0x04, 0x01, 0x8F, 0xE0, 0x63, 0xFC,
    0xF0, 0x7C, 0x19, 0x1F, 0x83, 0xC7, 0xE0, 0x67, 0xFE, 0x3C, 0x00, 0x1B, 0xBF, 0xCF, 0xEF, 0xF1,
    0xEB, 0xFC, 0x7A, 0xFF, 0x1F, 0xBC, 0xCF, 0xEF, 0xF3, 0x6B, 0xF8, 0xD9, 0xE7, 0x82, 0x70, 0xE0,
    0x00, 0x00, 0x08, 0x08, 0x07, 0xFA, 0x01, 0xFE, 0xFC, 0xC0, 0x7F, 0x9F, 0xF9, 0xC7, 0xFB, 0xE3,
    0xFE, 0x70, 0x7B, 0x1E, 0x3F, 0xDD, 0xE7, 0xF6, 0x10, 0x7D, 0x80, 0x0F, 0xE8, 0x1F, 0xFF, 0x03,
    0xFF, 0x40, 0x3A, 0xF0, 0xFC, 0x9F, 0xBC, 0x20, 0xC0, 0x00, 0x00, 0x00, 0x00, 0x03, 0x08, 0xF0,
    0xC7, 0x36, 0x63, 0xFD, 0xB6, 0x33, 0x07, 0x9C, 0xC0, 0xFF, 0xFE, 0x7B, 0xEC, 0x36, 0x5F, 0xCF,
    0xF7, 0xF1, 0xDD, 0xFC, 0xF7, 0x66, 0x3D, 0xD1, 0xEF, 0x56, 0xFB, 0xDF, 0xFE, 0xF3, 0xB7, 0x8C,
    0x08, 0xC0, 0x00, 0x00, 0x02, 0x22, 0x01, 0x88, 0xE3, 0x6F, 0xEC, 0xF7, 0xFB, 0x1B, 0xCF, 0x63,
    0xF3, 0xD8, 0x67, 0xB0, 0x3F, 0xFF, 0x9B, 0xFF, 0xCF, 0xFF, 0xD9, 0xEF, 0xFC, 0x7D, 0xFB, 0x1F,
    0xFF, 0x8D, 0xFF, 0xFB, 0x7F, 0xFE, 0xD9, 0x77, 0x82, 0x18, 0xE0, 0x00, 0x00, 0x02, 0x21, 0x01,
    0x8C, 0x60, 0x63, 0xB0, 0xF1, 0xFF, 0x99, 0x3F, 0x83, 0xCF, 0xF0, 0x73, 0xF8, 0x3D, 0xFF, 0x9B,
    0x7F, 0xCF, 0xFF, 0xF9, 0xEF, 0xFC, 0x7A, 0xFF, 0x1F, 0xBF, 0xCF, 0xE8, 0x33, 0x6B, 0xFC, 0xD8,
    0xFF, 0x02, 0x20, 0xC0, 0x00, 0x00, 0x00, 0x84, 0x0F, 0xFF, 0xF3, 0xFF, 0xFE, 0x02, 0x10, 0x00,
    0x00, 0x07, 0xFF, 0xF1, 0x87, 0x0C, 0x64, 0x9B, 0x1F, 0x3F, 0xC7, 0xFF, 0xF1, 0xBF, 0xFC, 0x7F,
    0xFB, 0x1F, 0xE7, 0xC6, 0xEF, 0xF1, 0xFF, 0xFC, 0x7D, 0x8F, 0x19, 0x23, 0x80, 0x00, 0x00, 0x04,
    0x00, 0x03, 0x0F, 0xC0, 0xC3, 0xF8, 0x60, 0xC6, 0x36, 0x3F, 0x87, 0x8C, 0xE0, 0xC7, 0xFC, 0x79,
    0xFB, 0x36, 0x5E, 0xCF, 0xDF, 0xF1, 0xD7, 0xFC, 0xF5, 0xFF, 0xBD, 0x7F, 0xCF, 0x4F, 0xE3, 0xDE,
    0xFE, 0xF3, 0x33, 0x8C, 0x08, 0x00, 0x00, 0x00, 0x01, 0x00, 0x00, 0x40, 0x00, 0x38, 0x00, 0x1F,
    0xFF, 0x06, 0x30, 0x07, 0x08, 0x00, 0x02, 0x00, 0x00, 0x80, 0x3F, 0xFF, 0xE7, 0xFF, 0xF0, 0xC2,
    0x0C, 0x30, 0x83, 0x0C, 0x20, 0xC3, 0x08, 0x30, 0xFF, 0xFC, 0x3F, 0xFF, 0x04, 0x00, 0xC0, 0x00,
    0x00, 0x00, 0x00, 0x07, 0xFF, 0xE1, 0xFF, 0xF8, 0x62, 0x46, 0x1F, 0xFF, 0x87, 0xFF, 0xE0, 0x09,
    0x00, 0xFE, 0x7F, 0x3F, 0x9F, 0xC3, 0xE7, 0xC1, 0xF9, 0xF8, 0x06, 0x60, 0x07, 0x9F, 0xEF, 0x66,
    0x00, 0x31, 0x80, 0x18, 0x60, 0x00, 0x00, 0x00, 0x00, 0x00, 0x00, 0x00, 0x07, 0xFF, 0xF1, 0xFF,
    0xFC, 0x7F, 0xFF, 0x0F, 0xFF, 0x8F, 0xFF, 0xFB, 0xFF, 0xFE, 0x27, 0xFC, 0x1B, 0xFF, 0x86, 0xFF,
    0xE1, 0xBF, 0xF8, 0x6C, 0x06, 0x1B, 0xFF, 0x87, 0xFF, 0xF1, 0xFF, 0xFE, 0x60, 0x00, 0x00, 0x00,
    0x00, 0x00, 0x00, 0x0F, 0xFF, 0xC3, 0xFF, 0xF0, 0x8C, 0xCC, 0x3F, 0xFF, 0x0F, 0xFF, 0xC0, 0x00,
    0x01, 0xFF, 0x8C, 0x1F, 0x9B, 0x0F, 0xF6, 0xC3, 0xF9, 0xB0, 0xFF, 0x6C, 0x3F, 0x9B, 0x0F, 0xF6,
    0xC3, 0xFC, 0xB0, 0xFF, 0x0C, 0x3F, 0xCF, 0x08, 0x01, 0x80, 0x00, 0x00, 0x0F, 0xFF, 0x87, 0xFF,
    0xF1, 0x88, 0x8C, 0x7F, 0xFF, 0x1F, 0xFF, 0xC0, 0xFE, 0x60, 0x7F, 0xF0, 0x01, 0xD8, 0x3F, 0xFF,
    0xE7, 0xFF, 0xF0, 0x7F, 0xF8, 0xFE, 0xFE, 0x3D, 0xFF, 0x80, 0xFF, 0xE0, 0x3F, 0xF8, 0x0F, 0xFE,
    0x01, 0x01, 0x00, 0x00, 0x00, 0x00, 0x00, 0x03, 0xFF, 0xE0, 0xCD, 0xD8, 0x3F, 0xFE, 0x07, 0xFF,
    0x81, 0xFF, 0xE0, 0x7F, 0xF8, 0x1F, 0xFC, 0x07, 0xFF, 0x01, 0xFF, 0xC0, 0x7F, 0xF0, 0x1F, 0xFF,
    0x07, 0xFF, 0xC6, 0x49, 0x13, 0xB6, 0xDC, 0xC4, 0x96, 0x00, 0x00, 0x00, 0x00, 0x00, 0x0F, 0xFF,
    0x87, 0xFF, 0xF1, 0x88, 0x8C, 0x7F, 0xFF, 0x1F, 0xFF, 0xC3, 0x03, 0x00, 0xC8, 0x9E, 0x67, 0x3D,
    0x3F, 0xCC, 0x67, 0xD3, 0xF1, 0xFC, 0x78, 0x7F, 0x20, 0x1F, 0xC9, 0xE7, 0xF3, 0xF9, 0x84, 0xE6,
    0x6F, 0x3F, 0x99, 0x87, 0x80, 0x00, 0x00, 0x0F, 0xFF, 0x87, 0xFF, 0xF1, 0x88, 0x8C, 0x7F, 0xFF,
    0x1F, 0xFF, 0xC3, 0x46, 0xE0, 0xF1, 0xB0, 0xEC, 0xFF, 0x8E, 0x33, 0x03, 0x3F, 0xFB, 0xFD, 0xFC,
    0x78, 0x7F, 0x9E, 0x9F, 0xC7, 0xE4, 0x83, 0xED, 0xFE, 0xD9, 0x7F, 0x82, 0x10, 0x00, 0x00, 0x00,
    0x02, 0x02, 0x01, 0xC1, 0xC0, 0x18, 0xC0, 0x3F, 0xFE, 0x1F, 0xFF, 0xC0, 0x08, 0x00, 0x02, 0x00,
    0x3F, 0xFE, 0x07, 0xFF, 0x00, 0x08, 0x00, 0x02, 0x00, 0xFF, 0xFF, 0x9F, 0xFF, 0xC0, 0x08, 0x00,
    0x02, 0x00, 0x00, 0x80, 0x00, 0x20, 0x00, 0x00, 0x00, 0x01, 0x02, 0x00, 0x61, 0x80, 0x1C, 0xE0,
    0x7F, 0xFF, 0x00, 0x20, 0x00, 0x1C, 0x00, 0xFF, 0xF8, 0x01, 0x80, 0x00, 0x20, 0x0F, 0xFF, 0xF9,
    0xFF, 0xFC, 0x7F, 0xFF, 0x0F, 0xFF, 0x80, 0x1E, 0x00, 0x1C, 0xE0, 0xFE, 0x1F, 0xBE, 0x01, 0xE0,
    0x00, 0x00, 0x01, 0x04, 0x00, 0x63, 0x00, 0x1D, 0xC0, 0x7F, 0xFF, 0x07, 0xFF, 0x03, 0xFF, 0xE0,
    0x07, 0x00, 0x00, 0x80, 0x3F, 0xFF, 0xE7, 0xFF, 0xF0, 0x7F, 0xC0, 0x37, 0xF8, 0x0F, 0xFF, 0xC7,
    0xFF, 0xE3, 0x88, 0x80, 0xFF, 0xFF, 0x8F, 0xFF, 0xE0, 0x00, 0x00, 0x00, 0x08, 0xC3, 0xF3, 0x31,
    0xFC, 0xCC, 0x19, 0x7F, 0x06, 0xFF, 0xEF, 0xFC, 0xC0, 0x6C, 0x30, 0x19, 0x3F, 0x9F, 0xC3, 0x43,
    0xF0, 0xC1, 0xFC, 0x30, 0xFF, 0x7F, 0x8C, 0x5F, 0xC3, 0x10, 0xC0, 0xFC, 0x30, 0x3F, 0x0C, 0x0C,
    0x02, 0x00, 0x00, 0x00, 0x01, 0x04, 0x00, 0x63, 0x00, 0x1D, 0xC0, 0x7F, 0xFF, 0x07, 0xFF, 0x03,
    0xFF, 0xE0, 0x07, 0x00, 0x00, 0x80, 0x3F, 0xFF, 0xE7, 0xFF, 0xF1, 0xB3, 0xFC, 0x35, 0xFF, 0x04,
    0xC9, 0x80, 0x97, 0x40, 0xE3, 0x78, 0xF3, 0x8F, 0xB8, 0xC0, 0xE0, 0x00, 0x00, 0x00, 0x88, 0x03,
    0xFF, 0xE1, 0xFF, 0xFC, 0x01, 0xC0, 0x0F, 0xFF, 0x81, 0xFF, 0xC3, 0xFF, 0xFE, 0x03, 0xFC, 0x0F,
    0x89, 0x81, 0xE3, 0x43, 0xFF, 0xFE, 0x7F, 0xFF, 0x01, 0xE5, 0xCF, 0xF9, 0xE3, 0xE8, 0xF6, 0x3E,
    0xEF, 0x8F, 0x31, 0x80, 0x00, 0x00, 0x0F, 0xCF, 0xC7, 0xFF, 0xF0, 0x06, 0x04, 0x01, 0x81, 0x18,
    0x78, 0x43, 0x1B, 0x10, 0x66, 0x64, 0x09, 0x99, 0x01, 0x61, 0x40, 0xF8, 0xD0, 0x76, 0x64, 0x31,
    0xB1, 0x18, 0x78, 0x42, 0x1A, 0x10, 0x06, 0x04, 0x0F, 0x1F, 0x03, 0x87, 0x80, 0x00, 0x00, 0x00,
    0x88, 0x00, 0x63, 0x00, 0x30, 0x60, 0x38, 0xCE, 0x38, 0xE0, 0xE0, 0x61, 0x80, 0x19, 0xF0, 0x3F,
    0xC6, 0x07, 0xE1, 0x0F, 0xF7, 0xF1, 0xFF, 0xFC, 0x15, 0xAB, 0x07, 0x4E, 0xCF, 0x9F, 0x31, 0x87,
    0x0C, 0x0F, 0x1F, 0x03, 0x87, 0x00, 0x00, 0x00, 0x1F, 0xDF, 0x8F, 0xFF, 0xF0, 0x06, 0x0C, 0x79,
    0xF3, 0x0E, 0xEE, 0xC1, 0xF9, 0xF0, 0xFE, 0x7C, 0xE1, 0xF3, 0x03, 0xC3, 0x80, 0xEC, 0xC1, 0xFF,
    0xFC, 0x3F, 0xFE, 0x03, 0x06, 0x00, 0x63, 0x03, 0xFF, 0xFE, 0xFF, 0xFF, 0x80, 0x00, 0x00, 0x00,
    0x00, 0x1F, 0xEF, 0xE7, 0xFB, 0xF8, 0xC6, 0xC6, 0x1D, 0x9D, 0x82, 0x66, 0xE1, 0xF8, 0xF9, 0xFA,
    0xFE, 0x73, 0xB3, 0x83, 0xFF, 0xC1, 0xFF, 0xF0, 0x7F, 0xFC, 0x1F, 0xFF, 0x06, 0x00, 0xC1, 0x80,
    0x30, 0x7F, 0xFC, 0x1F, 0xFF, 0x06, 0x00, 0x40, 0x00, 0x00, 0x00, 0x20, 0x03, 0xFF, 0xF0, 0xFD,
    0xFC, 0x36, 0xDB, 0x0F, 0xE6, 0xC7, 0xFF, 0xF0, 0x3C, 0xFC, 0x1F, 0x9B, 0x0D, 0xB6, 0xC7, 0xFF,
    0xF1, 0xFF, 0xFC, 0x3F, 0xFF, 0x0F, 0xF6, 0xC2, 0x6D, 0xB0, 0xFF, 0x6C, 0x3F, 0xFF, 0x08, 0x1D,
    0x80, 0x00, 0x00, 0x1F, 0xDF, 0x8F, 0xF7, 0xF0, 0xDC, 0xDC, 0x1F, 0x3B, 0x3F, 0xFE, 0xC3, 0xFF,
    0xF0, 0xCE, 0x30, 0x3F, 0xFC, 0x0F, 0xFF, 0x03, 0xFF, 0xC0, 0x7F, 0xE0, 0x7F, 0xFF, 0x03, 0x9E,
    0x0F, 0xFF, 0xFB, 0xFF, 0xFC, 0xFC, 0x1F, 0x3C, 0x01, 0xC0, 0x00, 0x00, 0x00, 0x20, 0x00, 0x18,
    0x00, 0x7F, 0xE8, 0x3F, 0xFE, 0x00, 0x63, 0x00, 0x18, 0x80, 0x06, 0xE0, 0x7F, 0xFF, 0x80, 0x70,
    0x00, 0x38, 0x01, 0xF9, 0xF8, 0xF6, 0xF0, 0x01, 0xE0, 0x00, 0x60, 0x18, 0x19, 0xFE, 0x03, 0xFF,
    0x00, 0x00, 0x00, 0x00, 0x00, 0x00, 0x20, 0x00, 0x08, 0x30, 0x3F, 0xDC, 0x1F, 0xFE, 0x00, 0x23,
    0x00, 0x1D, 0x81, 0xFF, 0xFE, 0x01, 0x8E, 0x00, 0xC7, 0xC0, 0xFF, 0xE3, 0xFF, 0x80, 0x77, 0xFE,
    0x01, 0xFF, 0x80, 0xC0, 0x60, 0x10, 0x30, 0x00, 0xF8, 0x00, 0x3C, 0x00, 0x00, 0x00, 0x00, 0x20,
    0x00, 0x08, 0x20, 0x3F, 0xDC, 0x1F, 0xFE, 0x00, 0x27, 0x00, 0x1D, 0x83, 0xFF, 0xFE, 0x01, 0xE0,
    0x00, 0xE0, 0x07, 0xFF, 0xE0, 0xFF, 0xF8, 0x07, 0xFE, 0x03, 0xFF, 0x80, 0xC0, 0x60, 0x3F, 0xF8,
    0x0F, 0xFE, 0x01, 0x01, 0x00, 0x00, 0x00, 0x00, 0x00, 0x87, 0xF8, 0x61, 0xFF, 0x18, 0x0C, 0x06,
    0x03, 0x01, 0x81, 0x87, 0xF1, 0xFF, 0x18, 0x6F, 0xC6, 0x13, 0xF1, 0x84, 0xFF, 0x61, 0x3F, 0x78,
    0x4F, 0xC6, 0x13, 0xF1, 0x84, 0xFC, 0x61, 0x3B, 0x18, 0x4B, 0xDE, 0x10, 0xE7, 0x00, 0x00, 0x00,
    0x02, 0x09, 0x81, 0x83, 0x60, 0x70, 0xD8, 0xFE, 0x36, 0x06, 0x0D, 0x81, 0x8F, 0xF9, 0xF8, 0xD8,
    0x18, 0x36, 0x06, 0x0D, 0x8F, 0xEF, 0xF9, 0xFB, 0xFC, 0x7E, 0x36, 0x1F, 0x8D, 0x8F, 0xA6, 0x63,
    0x61, 0x98, 0x18, 0xC6, 0x02, 0x21, 0x80, 0x00, 0x00, 0x02, 0x07, 0x81, 0x8F, 0xF0, 0x73, 0x80,
    0xFE, 0x20, 0x06, 0x08, 0x01, 0x83, 0x03, 0xF8, 0xFC, 0x5C, 0xFE, 0x06, 0x38, 0x0F, 0xE3, 0x01,
    0xF8, 0xFE, 0x7E, 0xFF, 0x1F, 0xB8, 0x0F, 0xA2, 0x1B, 0x60, 0x86, 0xD8, 0x3F, 0x02, 0x07, 0x80,
    0x00, 0x00, 0x00, 0x00, 0x0F, 0xFF, 0xF3, 0xFF, 0xFE, 0x04, 0x18, 0x03, 0x86, 0x00, 0xFF, 0x80,
    0x30, 0x60, 0x0C, 0x18, 0x03, 0xFE, 0x00, 0xFF, 0x80, 0x30, 0x7E, 0x05, 0xFF, 0x3F, 0xFE, 0x0F,
    0xE1, 0x80, 0x00, 0x60, 0x00, 0x10, 0x00, 0x00, 0x00, 0x00, 0x00, 0x00, 0x00, 0x0F, 0xF8, 0x01,
    0xFE, 0xFC, 0x3F, 0x3F, 0x0F, 0xC8, 0xC3, 0xF2, 0x30, 0xFC, 0x8C, 0x37, 0x3F, 0x1F, 0xCF, 0xCF,
    0x90, 0x00, 0xFF, 0xF8, 0x7F, 0xFF, 0x00, 0x70, 0x03, 0xFF, 0xE1, 0xFF, 0xFC, 0xFF, 0xFF, 0x80,
    0x00, 0x00, 0x00, 0x00, 0x1F, 0xCF, 0xC7, 0xF7, 0xF1, 0x8D, 0x8C, 0x7F, 0x7F, 0x1F, 0xDF, 0xC7,
    0xF7, 0xF1, 0x80, 0x0C, 0x7F, 0xFF, 0x1B, 0xFF, 0x46, 0x7F, 0x11, 0x9F, 0xC4, 0x67, 0xF1, 0x19,
    0xFC, 0x46, 0x7F, 0x11, 0xFF, 0xC4, 0x7E, 0x37, 0x10, 0x05, 0x80, 0x00, 0x00, 0x00, 0x04, 0x07,
    0xE1, 0x83, 0xFC, 0x60, 0x6F, 0xFF, 0x9B, 0x06, 0x07, 0xC1, 0x81, 0xBF, 0xFC, 0x6F, 0xEF, 0x1F,
    0xDB, 0xC7, 0xFF, 0xF1, 0xB7, 0xF8, 0x6D, 0x32, 0x1F, 0xD4, 0xEF, 0xF6, 0x79, 0x99, 0x9C, 0x0E,
    0x7E, 0x01, 0x0E, 0x00, 0x00, 0x00, 0x00, 0x22, 0x07, 0xEC, 0xC3, 0xFF, 0xFC, 0x6F, 0xFF, 0x1B,
    0xEF, 0x67, 0xFB, 0xD9, 0xB3, 0xB0, 0x6F, 0xFF, 0x9F, 0xFF, 0xC7, 0xDE, 0xD9, 0x9F, 0xFC, 0x6F,
    0xFF, 0x3F, 0xFD, 0x86, 0x7F, 0xF8, 0x3F, 0xFE, 0x0D, 0x77, 0x81, 0x18, 0xC0, 0x00, 0x00, 0x00,
    0x20, 0x00, 0x08, 0x00, 0x02, 0x00, 0x01, 0xC0, 0x1F, 0xFF, 0xC6, 0x1C, 0x31, 0x85, 0x8C, 0x63,
    0x73, 0x1B, 0xAE, 0xC6, 0xCC, 0xB1, 0x87, 0x8C, 0x63, 0x73, 0x1B, 0x8E, 0xC6, 0xC0, 0xB1, 0x80,
    0x0C, 0x60, 0x1E, 0x08, 0x07, 0x00, 0x00, 0x00, 0x00, 0x00, 0x07, 0xE7, 0xE1, 0xF9, 0xF8, 0x62,
    0x46, 0x18, 0x99, 0x87, 0xE6, 0x61, 0xF9, 0x98, 0x62, 0x66, 0x1F, 0x99, 0x87, 0xE6, 0x61, 0x89,
    0x98, 0x62, 0x66, 0x18, 0xB1, 0xE6, 0x38, 0x7B, 0x1E, 0x1E, 0xCF, 0x03, 0x00, 0x00, 0x00, 0x00,
    0x00, 0x00, 0x20, 0x01, 0x18, 0x40, 0xE6, 0x38, 0x1D, 0x98, 0x01, 0x24, 0x00, 0x5D, 0x00, 0xFF,
    0xF8, 0x30, 0x06, 0x0C, 0x01, 0x83, 0xFF, 0xE0, 0xFF, 0xF8, 0x30, 0x06, 0x0F, 0xFF, 0x83, 0xFF,
    0xE0, 0xC0, 0x18, 0x30, 0x3C, 0x0C, 0x0E, 0x00, 0x00, 0x00, 0x00, 0x02, 0x03, 0xC0, 0xC1, 0xF0,
    0x30, 0x64, 0x0C, 0x19, 0x23, 0x47, 0xFF, 0xF9, 0xF0, 0x30, 0x64, 0x8C, 0x19, 0x33, 0x07, 0xC6,
    0xC1, 0xF1, 0xB0, 0x64, 0x4C, 0x19, 0x03, 0x0E, 0x40, 0xC3, 0x10, 0x30, 0xDC, 0x7C, 0x36, 0x1C,
    0x00, 0x00, 0x00, 0x00, 0x00, 0x07, 0xEF, 0xF1, 0xFB, 0xF8, 0x62, 0x18, 0x18, 0x86, 0x07, 0xE1,
    0x81, 0xFF, 0xFC, 0x63, 0xFF, 0x9F, 0x86, 0x07, 0xE1, 0x81, 0x88, 0x60, 0x62, 0x18, 0x18, 0x86,
    0x0C, 0x21, 0x83, 0x38, 0x60, 0xCC, 0x18, 0x00, 0x00, 0x00, 0x00, 0x00, 0x00, 0x00, 0x07, 0xDF,
    0x81, 0xF7, 0xE0, 0x65, 0x88, 0x19, 0x62, 0x47, 0xD8, 0x91, 0xF6, 0x3C, 0x67, 0x06, 0x1F, 0xFF,
    0x07, 0xDF, 0xC1, 0x96, 0x30, 0x6C, 0xD8, 0x3B, 0x1C, 0x0C, 0x4F, 0xC3, 0x7F, 0x3C, 0xDF, 0x03,
    0x00, 0x00, 0x00, 0x00, 0x00, 0x00, 0x04, 0x03, 0xC1, 0x81, 0xF0, 0x40, 0x64, 0xFF, 0x19, 0x3F,
    0xE7, 0xC1, 0x81, 0xF0, 0x40, 0x64, 0x18, 0x19, 0x3F, 0xC7, 0xCF, 0xF1, 0xF1, 0x18, 0x64, 0x66,
    0x19, 0x0F, 0x0E, 0x41, 0x83, 0x11, 0xF8, 0xDD, 0xE7, 0xB6, 0x60, 0xE0, 0x00, 0x00, 0x00, 0x00,
    0x07, 0xEF, 0xF1, 0xFB, 0xFC, 0x62, 0xDB, 0x18, 0xB6, 0xC7, 0xED, 0xB1, 0xFB, 0x6C, 0x62, 0xFF,
    0x1F, 0xBF, 0xC7, 0xEC, 0x01, 0x8B, 0x00, 0x62, 0xC0, 0x18, 0xB0, 0x66, 0x2C, 0x1B, 0x3B, 0xFE,
    0xCC, 0x7F, 0x00, 0x00, 0x00, 0x00, 0x00, 0x0F, 0xFF, 0xC3, 0xFF, 0xF0, 0x00, 0x00, 0x1F, 0xFE,
    0x06, 0x01, 0x81, 0x80, 0x60, 0x7F, 0xF8, 0x18, 0x00, 0x07, 0xFF, 0x81, 0xFF, 0xE0, 0x7F, 0xF8,
    0x37, 0xFE, 0x0D, 0xFF, 0x83, 0x7F, 0xE1, 0xD8, 0x18, 0x66, 0x3E, 0x11, 0x8F, 0x00, 0x00, 0x00,
    0x00, 0x04, 0x03, 0xE1, 0x01, 0xF8, 0x40, 0x63, 0xFF, 0x18, 0xFF, 0xE6, 0x66, 0x01, 0xF9, 0x80,
    0x62, 0x60, 0x18, 0x9F, 0xC7, 0xE7, 0xF1, 0xF9, 0x0C, 0x62, 0x63, 0x18, 0x98, 0xCE, 0x2C, 0x33,
    0x0A, 0x0C, 0xCF, 0x9E, 0x33, 0x47, 0x00, 0x00, 0x00, 0x00, 0x20, 0x00, 0x88, 0x00, 0x63, 0x00,
    0x18, 0xFE, 0x06, 0x20, 0x01, 0xDC, 0x03, 0xFF, 0xFE, 0x00, 0x00, 0x07, 0xFF, 0x01, 0xFF, 0xC0,
    0x7F, 0xF0, 0x1F, 0xFC, 0x07, 0xFF, 0x01, 0xFF, 0xC0, 0x60, 0x30, 0x18, 0x78, 0x02, 0x1C, 0x00,
    0x00, 0x00, 0x00, 0x20, 0x00, 0x08, 0x00, 0x07, 0x00, 0xFF, 0xFF, 0x83, 0x06, 0x01, 0xC1, 0xC1,
    0xFF, 0xF8, 0x00, 0x00, 0x0F, 0xFF, 0x83, 0xFF, 0xE0, 0xFF, 0xF8, 0x3F, 0xFE, 0x0F, 0xFF, 0x83,
    0xFF, 0xE0, 0xC0, 0x18, 0x30, 0x3C, 0x04, 0x0E, 0x00, 0x00, 0x00, 0x00, 0x04, 0x03, 0xC1, 0x81,
    0xF0, 0x60, 0x67, 0xFF, 0x99, 0x04, 0x06, 0xC1, 0x81, 0xF0, 0x60, 0x7C, 0xFF, 0x19, 0x3F, 0xC7,
    0xC9, 0xB1, 0xF2, 0x6C, 0x64, 0x9B, 0x19, 0x26, 0xCE, 0x49, 0xF3, 0x12, 0x70, 0xDC, 0x18, 0x36,
    0x04, 0x00, 0x00, 0x00, 0x07, 0xFF, 0x83, 0xFF, 0xF0, 0xC6, 0x0C, 0x3F, 0xFF, 0x0F, 0xFF, 0xC3,
    0xFF, 0xF0, 0xFF, 0xFC, 0x0F, 0xFC, 0x07, 0xFF, 0x81, 0xFF, 0xE0, 0x7F, 0xF8, 0x18, 0x06, 0x07,
    0xFF, 0x81, 0xFF, 0xE0, 0x60, 0x18, 0x18, 0x7C, 0x06, 0x1E, 0x00, 0x00, 0x00, 0x0F, 0x80, 0x07,
    0xE7, 0xE1, 0x89, 0xFC, 0x62, 0x63, 0x1F, 0x98, 0xC7, 0xE6, 0x31, 0x89, 0xFC, 0x62, 0x63, 0x18,
    0x98, 0xC7, 0xE6, 0x31, 0xF9, 0x8C, 0x62, 0x7F, 0x18, 0x9F, 0x86, 0x20, 0x03, 0x8B, 0xFE, 0xCE,
    0xFF, 0xB3, 0x00, 0x00, 0x00, 0x00, 0x00, 0x90, 0x00, 0x6C, 0x61, 0xFB, 0xF8, 0xFE, 0xF9, 0x03,
    0xB0, 0x47, 0xEF, 0xF3, 0xD8, 0xF8, 0x09, 0xC0, 0x0F, 0xFF, 0x03, 0xFF, 0xC0, 0xFF, 0xF0, 0x30,
    0x0C, 0x0F, 0xFF, 0x03, 0x00, 0xC0, 0xC0, 0x30, 0x30, 0xF8, 0x00, 0x00, 0x00, 0x00, 0x00, 0x00,
    0x08, 0x03, 0xE3, 0x01, 0xF8, 0xC0, 0x62, 0x36, 0x18, 0x99, 0x86, 0x24, 0x31, 0xF9, 0xBC, 0x77,
    0xFD, 0x98, 0xBC, 0x07, 0xE0, 0x01, 0xF9, 0xFC, 0x62, 0x7F, 0x18, 0x90, 0xC6, 0x24, 0x33, 0x89,
    0xFC, 0xCE, 0x7F, 0x33, 0x10, 0xC0, 0x00, 0x00, 0x00, 0x10, 0x03, 0xE6, 0x01, 0xF9, 0x80, 0x62,
    0x7F, 0x18, 0xB0, 0xC6, 0x2C, 0x31, 0xFB, 0xEC, 0x77, 0xFB, 0x18, 0xC6, 0xC7, 0xE1, 0xB1, 0xFB,
    0xEC, 0x62, 0xFE, 0x18, 0xB3, 0x66, 0x2C, 0x1B, 0x8B, 0x06, 0xCE, 0xFF, 0xB3, 0x1F, 0x80, 0x00,
    0x00, 0x07, 0x3F, 0xC3, 0xFF, 0xF8, 0xDE, 0x06, 0x37, 0x81, 0x8D, 0xEF, 0xE3, 0xFB, 0xD8, 0xFE,
    0x06, 0x33, 0xBF, 0x8F, 0xEF, 0xE3, 0xFB, 0x78, 0xDE, 0xFE, 0x37, 0xBF, 0x8D, 0xE0, 0x66, 0x78,
    0x19, 0x9E, 0x06, 0x7F, 0x8F, 0x93, 0x23, 0xC0, 0x00, 0x00, 0x00, 0x00, 0x01, 0xCC, 0x00, 0xFB,
    0x00, 0x36, 0xFF, 0x0D, 0xE0, 0xC3, 0x70, 0x30, 0xFB, 0xCC, 0x37, 0xF7, 0x0D, 0xFB, 0xC3, 0xFF,
    0xF0, 0xFF, 0xFC, 0x37, 0x87, 0x0D, 0xFF, 0xC6, 0x7F, 0xF1, 0x9E, 0x0C, 0x7E, 0x0E, 0x17, 0x03,
    0x00, 0x00, 0x00, 0x04, 0x08, 0x03, 0x26, 0x60, 0xD9, 0xF8, 0x67, 0x78, 0x1F, 0xD8, 0x4F, 0xB6,
    0x10, 0x01, 0x8C, 0x7F, 0x3F, 0x1F, 0xC0, 0x07, 0xF6, 0x01, 0xFD, 0xF8, 0x7F, 0x78, 0x18, 0xD8,
    0x06, 0x36, 0x11, 0x9D, 0xFC, 0x6E, 0x3F, 0x00, 0x00, 0x00, 0x00, 0x00, 0x00, 0x20, 0x03, 0xC8,
    0xE1, 0xF3, 0xF8, 0x64, 0xF1, 0x19, 0x20, 0x67, 0xCF, 0xF1, 0xF1, 0xF8, 0x64, 0x00, 0x1B, 0x3F,
    0x87, 0xC8, 0x21, 0xB3, 0xF8, 0x64, 0xFE, 0x19, 0x20, 0xCC, 0x4C, 0x23, 0x33, 0xF8, 0xD8, 0xC2,
    0x00, 0x00, 0x00, 0x00, 0x00, 0x00, 0x30, 0x01, 0xFF, 0xC0, 0x7F, 0xF0, 0x03, 0xAC, 0x07, 0x9F,
    0x01, 0xC3, 0xC1, 0xFF, 0xFC, 0x0D, 0x9B, 0x06, 0x6C, 0xC7, 0x7E, 0xF1, 0xBF, 0xF8, 0x0D, 0xBC,
    0x03, 0xFF, 0x00, 0xFF, 0xC0, 0x30, 0x30, 0x0C, 0x7C, 0x03, 0x1E, 0x00, 0x00, 0x00, 0x00, 0x08,
    0x03, 0x82, 0x01, 0xF3, 0xF8, 0x6D, 0xFE, 0x19, 0x18, 0x87, 0xCC, 0xE1, 0xF6, 0x38, 0x64, 0x00,
    0x1B, 0x63, 0x87, 0xFF, 0xF1, 0xB7, 0x9C, 0x65, 0xE7, 0x19, 0x79, 0xCC, 0x5F, 0x93, 0x3D, 0xE4,
    0xDB, 0x7F, 0x00, 0x00, 0x00, 0x00, 0x00, 0x00, 0x01, 0x83, 0xC1, 0xE1, 0xF3, 0xE0, 0x6D, 0xE0,
    0x19, 0x61, 0xC7, 0xDF, 0xF1, 0xF7, 0xE0, 0x65, 0xE8, 0x1B, 0x7B, 0x47, 0xDE, 0x71, 0xB7, 0x98,
    0x65, 0xE4, 0x19, 0x79, 0x86, 0x5E, 0x33, 0x3D, 0x8C, 0xDB, 0x61, 0x00, 0x00, 0x00, 0x00, 0x00,
    0x00, 0x20, 0x00, 0x18, 0x00, 0x06, 0x00, 0x7C, 0x9F, 0x0E, 0x67, 0x87, 0xFF, 0xF0, 0x18, 0xE0,
    0x0C, 0x1C, 0x07, 0xFF, 0x8F, 0xFF, 0xF9, 0xBF, 0xF4, 0x0F, 0xFC, 0x03, 0xFF, 0x00, 0xFF, 0xC0,
    0x30, 0x30, 0x0C, 0x78, 0x01, 0x1C, 0x00, 0x00, 0x00, 0x00, 0x20, 0x03, 0xC8, 0xF1, 0xF2, 0x3E,
    0x67, 0xED, 0x99, 0xFF, 0x66, 0xC8, 0xD9, 0xF2, 0x36, 0x64, 0x8D, 0x99, 0xFF, 0x67, 0xFD, 0xD9,
    0xF2, 0x36, 0x67, 0xB9, 0x99, 0xCF, 0xCE, 0x76, 0xE3, 0x1F, 0xE0, 0xDF, 0x9C, 0x36, 0x02, 0x00,
    0x00, 0x00, 0x00, 0x20, 0xC3, 0xEC, 0x71, 0xF9, 0x38, 0x62, 0xBC, 0x18, 0xFF, 0xC6, 0x7C, 0x31,
    0xFE, 0x0C, 0x63, 0x83, 0x18, 0xE0, 0xC7, 0xFF, 0xF1, 0xFB, 0xF8, 0x62, 0x38, 0x18, 0x9B, 0x66,
    0x24, 0xDB, 0x8B, 0x26, 0xCF, 0x8F, 0xB3, 0x41, 0xE0, 0x00, 0x00, 0x00, 0x10, 0x83, 0x86, 0x31,
    0xFC, 0xCC, 0x67, 0x36, 0x19, 0x7D, 0x87, 0xC8, 0xC1, 0xF2, 0x20, 0x67, 0xCD, 0x99, 0xFB, 0x67,
    0xF3, 0x99, 0xFC, 0xC6, 0x67, 0x79, 0x99, 0xF3, 0xEE, 0x78, 0x5B, 0x1F, 0xFE, 0xDF, 0xFF, 0xB6,
    0x40, 0x60, 0x00, 0x00, 0x1F, 0xE0, 0x07, 0xFF, 0xE1, 0xB3, 0xF8, 0x7F, 0x86, 0x1F, 0xFB, 0x07,
    0xFB, 0x81, 0xB0, 0x70, 0x7F, 0xF7, 0x0F, 0xEC, 0xC1, 0xFF, 0xC0, 0x7F, 0xF0, 0x1F, 0xFC, 0x06,
    0x8B, 0x01, 0xFF, 0xC0, 0x7F, 0xF0, 0x18, 0x7C, 0x06, 0x1E, 0x00, 0x00, 0x00, 0x00, 0x20, 0x03,
    0xFF, 0xF9, 0xFF, 0xFE, 0x61, 0x0C, 0x19, 0x83, 0x06, 0xEF, 0xF9, 0xF9, 0xB0, 0x72, 0x7C, 0x18,
    0xAF, 0x06, 0xFF, 0xF1, 0xBF, 0xFC, 0x6F, 0xFB, 0x1B, 0xEE, 0xCE, 0x9E, 0x33, 0x3D, 0xEC, 0xCE,
    0x1F, 0x32, 0x03, 0x80, 0x00, 0x00, 0x00, 0x04, 0x03, 0xC1, 0x01, 0xF7, 0xFC, 0x6F, 0xFF, 0x19,
    0xE0, 0x47, 0xF8, 0x11, 0xFF, 0xBC, 0x65, 0xFE, 0x1F, 0x7F, 0x87, 0xDF, 0xE1, 0xBF, 0xF8, 0x67,
    0x4C, 0x19, 0x32, 0x4C, 0x58, 0x93, 0x36, 0x24, 0xDB, 0x07, 0x00, 0x00, 0x00, 0x00, 0x00, 0x00,
    0x03, 0xC3, 0xCF, 0xF1, 0xF3, 0xE0, 0x65, 0x1F, 0x19, 0xFF, 0xE7, 0xCF, 0xE1, 0xF3, 0xFC, 0x64,
    0xDB, 0x19, 0x3F, 0xC7, 0xCF, 0xF1, 0xF2, 0x6C, 0x64, 0xFF, 0x19, 0x06, 0x06, 0x4F, 0xF3, 0x93,
    0xF8, 0xDD, 0xFF, 0xB6, 0x7F, 0xE0, 0x00, 0x00, 0x0F, 0xFF, 0xC7, 0xFF, 0xF9, 0x91, 0x20, 0x64,
    0xFC, 0x1B, 0xFF, 0xC7, 0xFC, 0xF1, 0xBD, 0x2C, 0x67, 0xCF, 0x19, 0xFF, 0xC7, 0xDF, 0xE1, 0xFF,
    0xFE, 0x67, 0xFF, 0x19, 0x73, 0x0E, 0x5F, 0x83, 0x11, 0xF8, 0xDF, 0xEF, 0xB6, 0xF0, 0xE0, 0x00,
    0x00, 0x00, 0x00, 0x07, 0xFF, 0xE1, 0xFF, 0xF8, 0x67, 0xFE, 0x19, 0xFF, 0x87, 0xFF, 0xE1, 0xF7,
    0xF0, 0x67, 0xFF, 0x9F, 0xFF, 0xE7, 0xDF, 0xE1, 0x9F, 0xFC, 0x67, 0x6F, 0x19, 0xB6, 0xCC, 0x59,
    0xB3, 0x3D, 0xCC, 0xD8, 0x6E, 0x00, 0x00, 0x00, 0x00, 0x00, 0x00, 0x20, 0x03, 0xCF, 0xF1, 0xF7,
    0xFC, 0x67, 0x80, 0x19, 0xFF, 0x87, 0xCF, 0xE1, 0xF3, 0xF8, 0x64, 0xC6, 0x19, 0x3F, 0x87, 0xCF,
    0xC1, 0xF3, 0xF8, 0x64, 0xFE, 0x19, 0xF3, 0x0E, 0x77, 0x83, 0x13, 0xF0, 0xDF, 0xCF, 0xB6, 0xC1,
    0xE0, 0x00, 0x00, 0x00, 0x04, 0x03, 0xC3, 0x01, 0xF3, 0xF8, 0x6D, 0xFE, 0x19, 0x7F, 0x87, 0xDF,
    0xE1, 0xF6, 0x08, 0x65, 0xD6, 0x1B, 0x7F, 0x87, 0xCB, 0x21, 0xBF, 0xFC, 0x64, 0xFC, 0x19, 0x3D,
    0x86, 0x59, 0x33, 0x3C, 0xC4, 0xD8, 0x60, 0x00, 0x00, 0x00, 0x00, 0x00, 0x00, 0x3E, 0x00, 0x0F,
    0x80, 0x07, 0x00, 0x3F, 0xFF, 0x8D, 0xFF, 0x63, 0x7C, 0x60, 0xC1, 0xF0, 0x37, 0xFF, 0x0D, 0xFF,
    0xC3, 0x7F, 0xF1, 0xFF, 0xFC, 0x6F, 0xFF, 0x19, 0xC3, 0x86, 0x3F, 0xE3, 0x8F, 0xF8, 0xC6, 0x1C,
    0x30, 0x86, 0x00, 0x00, 0x00, 0x00, 0x11, 0x03, 0xC6, 0x61, 0xF3, 0x98, 0x67, 0xFF, 0x99, 0x3F,
    0x86, 0x4F, 0xF1, 0xF3, 0x0C, 0x7C, 0xFF, 0x19, 0x3F, 0xC7, 0xCF, 0xF1, 0xF3, 0xFC, 0x67, 0xFF,
    0x99, 0x7F, 0xCE, 0x43, 0xC3, 0x11, 0xB8, 0xDD, 0xC7, 0xB6, 0x60, 0xE0, 0x00, 0x00, 0x00, 0x04,
    0x03, 0xC1, 0x01, 0xF7, 0xFC, 0x67, 0xFF, 0x19, 0x1F, 0x07, 0xDF, 0x71, 0xFE, 0x4C, 0x64, 0x38,
    0x1B, 0x1F, 0x07, 0xDF, 0x61, 0xBE, 0xDC, 0x64, 0xF4, 0x19, 0x0C, 0x06, 0x4F, 0x63, 0x3E, 0xCC,
    0xD8, 0xE0, 0x00, 0x00, 0x00, 0x00, 0x00, 0x00, 0x20, 0xC3, 0xC8, 0x31, 0xFF, 0xDC, 0x67, 0xFE,
    0x19, 0x7B, 0x06, 0xFF, 0x19, 0xF0, 0x06, 0x7D, 0xE3, 0x19, 0xFD, 0x87, 0xFF, 0xC1, 0xF7, 0xA6,
    0x65, 0x21, 0x99, 0xD8, 0xCE, 0x5F, 0x73, 0x1F, 0xF8, 0xDF, 0x98, 0x36, 0x84, 0x00, 0x00, 0x00,
    0x00, 0x11, 0x03, 0xC6, 0x61, 0xF0, 0xF0, 0x67, 0xFF, 0x99, 0x3F, 0x86, 0x4F, 0xF1, 0xF0, 0x60,
    0x7F, 0xFF, 0x99, 0x7F, 0xC7, 0xFF, 0xF9, 0xF7, 0xFC, 0x64, 0xFF, 0x19, 0x3F, 0xCE, 0x48, 0x33,
    0x13, 0xFC, 0xDC, 0xFF, 0x36, 0x20, 0xC0, 0x00, 0x00, 0x00, 0x04, 0x03, 0xDF, 0xF1, 0xF7, 0xFC,
    0x64, 0x66, 0x19, 0x0F, 0x06, 0x7F, 0xF9, 0xF0, 0x00, 0x7C, 0xFE, 0x19, 0x3F, 0x87, 0xCF, 0xE1,
    0xF3, 0xF8, 0x64, 0xFE, 0x19, 0x1F, 0x06, 0x5B, 0x33, 0x96, 0x5E, 0xDF, 0xFF, 0xB6, 0x9F, 0x80,
    0x00, 0x00, 0x00, 0x00, 0x01, 0x04, 0x61, 0xE7, 0xF8, 0x7F, 0xFF, 0x9A, 0x15, 0x87, 0x87, 0xF1,
    0xE7, 0xFE, 0x79, 0x98, 0x1E, 0x7E, 0xC7, 0x9F, 0xB1, 0xE7, 0xEC, 0x69, 0xFE, 0x1E, 0xFD, 0xEF,
    0xEF, 0x7B, 0x2B, 0xFE, 0xDE, 0xFB, 0xB7, 0x04, 0x60, 0x00, 0x00, 0x0F, 0xFF, 0xC7, 0xFF, 0xF1,
    0x83, 0x00, 0x60, 0xC0, 0x18, 0x30, 0x07, 0xFF, 0xE1, 0xFF, 0xF8, 0x60, 0x06, 0x18, 0x01, 0x87,
    0xFF, 0xE1, 0xFF, 0xF8, 0x60, 0xC0, 0x18, 0x30, 0x06, 0x0C, 0x01, 0xFF, 0xFE, 0x7F, 0xFF, 0x90,
    0x00, 0x00, 0x00, 0x00, 0x00, 0x08, 0x03, 0xE6, 0x01, 0xFD, 0x80, 0x6C, 0x7F, 0x1B, 0x3F, 0x86,
    0xCF, 0xE1, 0xFD, 0x98, 0x63, 0x62, 0x18, 0xDF, 0x87, 0xF3, 0xE1, 0xFB, 0xDC, 0x6C, 0xF7, 0x1B,
    0x3D, 0x46, 0xCF, 0x71, 0xFF, 0xDC, 0x7F, 0xF7, 0x10, 0x31, 0x40, 0x00, 0x00, 0x00, 0x20, 0x00,
    0x18, 0x00, 0x0E, 0x00, 0x3F, 0xFC, 0x0C, 0x01, 0x03, 0x00, 0x40, 0xC0, 0x10, 0x3F, 0xFC, 0x0F,
    0xFF, 0x03, 0x00, 0x40, 0xFF, 0xF0, 0x3F, 0xFC, 0x0C, 0x01, 0x03, 0x00, 0x40, 0xFF, 0xF0, 0x3F,
    0xFC, 0x0C, 0x01, 0x00, 0x00, 0x00, 0x00, 0x20, 0x00, 0x18, 0x00, 0x0E, 0x00, 0x1F, 0xFC, 0x07,
    0xFF, 0x01, 0xFF, 0xC0, 0x60, 0x30, 0x1F, 0xFC, 0x07, 0xFF, 0x01, 0x80, 0xC0, 0x7F, 0xF0, 0x07,
    0xF0, 0x3F, 0xFF, 0xEF, 0xFF, 0xF8, 0x1D, 0xE0, 0xFE, 0x1F, 0xBE, 0x01, 0xE0, 0x00, 0x00, 0x00,
    0x00, 0x07, 0xFF, 0xF1, 0xFF, 0xFC, 0x06, 0x10, 0x03, 0x06, 0x00, 0xC7, 0xC0, 0xFF, 0xF0, 0x7F,
    0x86, 0x00, 0x20, 0x01, 0xFF, 0xC0, 0xFF, 0xF8, 0x00, 0x80, 0x00, 0x20, 0x07, 0xFF, 0xF3, 0xFF,
    0xFE, 0x00, 0x00, 0x00, 0x00, 0x00, 0x00, 0x00, 0x00, 0x04, 0x0F, 0xF9, 0x83, 0xFE, 0x60, 0x19,
    0x10, 0x0C, 0x4F, 0xC3, 0x3B, 0xF9, 0xDE, 0xCC, 0xFC, 0xE3, 0x03, 0x1C, 0xC0, 0xC7, 0xE3, 0xFF,
    0x70, 0x7F, 0x88, 0x01, 0x07, 0x80, 0x79, 0xE3, 0xFE, 0xDC, 0xF8, 0x63, 0x80, 0x10, 0x60, 0x00,
    0x00, 0x00, 0x40, 0x00, 0x70, 0x00, 0x38, 0x00, 0x78, 0x7F, 0x18, 0x00, 0xC6, 0x00, 0x31, 0x80,
    0x0C, 0x60, 0x03, 0x1F, 0x9F, 0xC7, 0xE7, 0xF1, 0x80, 0x0C, 0x60, 0x03, 0x18, 0x00, 0xC7, 0xFF,
    0xF1, 0xFF, 0xFC, 0x60, 0x03, 0x08, 0x00, 0xC0, 0x00, 0x00, 0x01, 0x00, 0x03, 0xFE, 0xE1, 0xEF,
    0xFC, 0x66, 0x63, 0x1D, 0xBD, 0xC7, 0xEF, 0xF1, 0x9F, 0x8C, 0x67, 0xF3, 0x1F, 0xEF, 0xC7, 0x7E,
    0xF1, 0x9B, 0xCC, 0xFF, 0xFF, 0x9F, 0xFF, 0xC0, 0x41, 0x00, 0xF0, 0x78, 0xF8, 0x0F, 0xB8, 0x00,
    0xE0, 0x00, 0x00, 0x00, 0x3E, 0x01, 0xFF, 0xC0, 0xFE, 0x00, 0x00, 0x80, 0x00, 0x20, 0x00, 0x1C,
    0x03, 0xFF, 0xFE, 0x01, 0x80, 0x00, 0x20, 0x00, 0x08, 0x00, 0xFF, 0xF8, 0x3F, 0xFE, 0x0C, 0x01,
    0x83, 0x00, 0x60, 0xFF, 0xF8, 0x3F, 0xFE, 0x0C, 0x01, 0x00, 0x00, 0x00, 0x00, 0x20, 0x00, 0x1C,
    0x00, 0x0D, 0xC0, 0x0E, 0x3F, 0x17, 0x63, 0xEF, 0xDC, 0x80, 0x7F, 0xF0, 0x01, 0x80, 0x00, 0x60,
    0x07, 0xFF, 0xF0, 0xFF, 0xF8, 0x0F, 0xF8, 0x07, 0xFF, 0x01, 0x80, 0xC0, 0x7F, 0xF0, 0x1F, 0xFC,
    0x02, 0x02, 0x00, 0x00, 0x00, 0x02, 0x05, 0x81, 0xC1, 0xE0, 0xDF, 0xFC, 0x33, 0xFF, 0x98, 0x86,
    0x07, 0x81, 0x83, 0x63, 0xFC, 0x7E, 0xDB, 0x0F, 0xB6, 0xCF, 0xFF, 0xF1, 0xFF, 0xFC, 0x3E, 0x9B,
    0x1F, 0xBF, 0xC6, 0x2F, 0xF1, 0xFB, 0x6C, 0x7E, 0xDF, 0x08, 0x27, 0x00, 0x00, 0x00, 0x02, 0x00,
    0x01, 0xFF, 0xE0, 0xFF, 0xFC, 0x79, 0x36, 0x16, 0xCD, 0x8F, 0xFF, 0xF8, 0x6C, 0xD8, 0x19, 0x36,
    0x1F, 0xFF, 0xE3, 0xFF, 0xF0, 0x7D, 0xFC, 0x3F, 0x7E, 0x1E, 0xD3, 0x06, 0xEF, 0xF8, 0x73, 0xFC,
    0xF8, 0x0C, 0x38, 0x02, 0x00, 0x00, 0x00, 0x00, 0x20, 0x00, 0x18, 0x00, 0x0E, 0x00, 0x1F, 0xFC,
    0x06, 0x43, 0x01, 0x90, 0xC0, 0x66, 0x30, 0x18, 0xCC, 0x06, 0x13, 0x0F, 0xFF, 0xF9, 0xFF, 0xFC,
    0x18, 0x8C, 0x06, 0x23, 0x03, 0x88, 0xC0, 0xC2, 0x30, 0x70, 0x78, 0x18, 0x1C, 0x00, 0x00, 0x00,
    0x02, 0x04, 0x01, 0x81, 0x80, 0x60, 0x60, 0x3E, 0xFF, 0x1F, 0xBF, 0xE6, 0xA0, 0x01, 0xE8, 0x00,
    0x7B, 0x7E, 0x18, 0xF9, 0x8F, 0xF6, 0x61, 0xF9, 0x98, 0x7A, 0x66, 0x1E, 0x99, 0xEC, 0xAC, 0x7B,
    0x0B, 0x1E, 0xDF, 0x87, 0xB3, 0x40, 0xC0, 0x00, 0x00, 0x01, 0x00, 0x00, 0xC3, 0xC0, 0x60, 0xF8,
    0x3F, 0x36, 0x0E, 0xCD, 0x83, 0x93, 0x78, 0xFD, 0x9E, 0x35, 0xC3, 0x8F, 0xF0, 0x4F, 0xF7, 0xF1,
    0xD5, 0xFC, 0x37, 0x26, 0x0D, 0xCD, 0x87, 0x51, 0xC1, 0x84, 0xFC, 0xE7, 0x67, 0xB1, 0x90, 0x60,
    0x00, 0x00, 0x03, 0x02, 0x00, 0xC1, 0x80, 0xF8, 0x60, 0x3F, 0x36, 0x0C, 0xDF, 0xC3, 0xB6, 0x30,
    0xFD, 0x8C, 0x33, 0x63, 0x0F, 0xF8, 0xC7, 0xF7, 0xF1, 0xFD, 0xFC, 0x3F, 0x63, 0x0E, 0xD8, 0xC3,
    0x36, 0x31, 0x8D, 0xFC, 0x7F, 0x7F, 0x17, 0x98, 0x40, 0x00, 0x00, 0x02, 0x02, 0x01, 0x80, 0xC0,
    0xC0, 0x20, 0x7E, 0x0C, 0x1C, 0xBF, 0xE7, 0x23, 0x81, 0xE8, 0xC0, 0x6B, 0xE3, 0x1F, 0xF9, 0x8F,
    0xF3, 0xC1, 0xE8, 0x60, 0x7A, 0x1E, 0x18, 0x8C, 0xC6, 0x26, 0xF3, 0x8F, 0xFE, 0xDE, 0xF1, 0xB7,
    0x00, 0x60, 0x00, 0x00, 0x02, 0x00, 0x01, 0x80, 0x00, 0xE0, 0x98, 0x7E, 0x26, 0x1C, 0x89, 0x87,
    0x26, 0x31, 0xE9, 0x0C, 0x6B, 0xC1, 0x9F, 0xE0, 0x0F, 0xF7, 0xF1, 0xE9, 0xFC, 0x7A, 0x43, 0x1A,
    0x90, 0xC6, 0x24, 0x33, 0x89, 0xFC, 0xDE, 0x7F, 0x37, 0x10, 0xC0, 0x00, 0x00, 0x02, 0x00, 0xC1,
    0x9D, 0xF0, 0xFF, 0xF0, 0x7E, 0x44, 0x19, 0x91, 0x07, 0x6C, 0x41, 0xFB, 0x38, 0x67, 0xFF, 0x1F,
    0xD9, 0x8F, 0xE6, 0x41, 0xFB, 0x90, 0x7E, 0xC6, 0x19, 0xBF, 0xC6, 0x6F, 0xF3, 0x3E, 0xFC, 0xDF,
    0x00, 0x00, 0x00, 0x00, 0x00, 0x00, 0x02, 0x00, 0x01, 0x8F, 0x40, 0xC3, 0xD8, 0x7E, 0xF6, 0x1C,
    0xBD, 0x87, 0x2F, 0xF9, 0xEB, 0x70, 0x63, 0xF8, 0x1F, 0xFF, 0xEF, 0xFF, 0x71, 0xEB, 0xC0, 0x7A,
    0xF0, 0x1A, 0xBF, 0xC6, 0x3F, 0xF3, 0x8A, 0xBC, 0xDF, 0xFF, 0xB7, 0x7F, 0xE0, 0x00, 0x00, 0x00,
    0x40, 0x00, 0x30, 0x00, 0x7F, 0xC0, 0x3F, 0xF8, 0x0C, 0x06, 0x03, 0xFF, 0x80, 0xFF, 0xE0, 0x30,
    0x18, 0x0F, 0xFE, 0x03, 0xFF, 0x80, 0xCC, 0x18, 0x31, 0x8C, 0x0C, 0x36, 0x03, 0x07, 0x81, 0xFC,
    0x78, 0xF8, 0x07, 0x00, 0x00, 0x00, 0x00, 0x00, 0x00, 0x80, 0x00, 0x60, 0x00, 0x1F, 0xC0, 0x0F,
    0xF0, 0x06, 0x18, 0x0F, 0xFF, 0xC3, 0xFF, 0xF0, 0x31, 0x8C, 0x0C, 0x63, 0x03, 0x5E, 0xC0, 0xFF,
    0xF0, 0x30, 0x00, 0x0C, 0x00, 0xC3, 0x00, 0x10, 0xFF, 0xFC, 0x1F, 0xFE, 0x00, 0x00, 0x00, 0x00,
    0x00, 0x05, 0x08, 0x07, 0xF3, 0x03, 0xFC, 0xF0, 0xFF, 0x7E, 0x3F, 0xD9, 0x8F, 0xFE, 0xC3, 0xFF,
    0xFC, 0x01, 0xFB, 0x3F, 0xFE, 0xC7, 0xF7, 0xF1, 0xF9, 0xF8, 0x7E, 0x40, 0x1F, 0x98, 0x67, 0xE6,
    0x18, 0xFD, 0x86, 0xFF, 0x7F, 0x3C, 0x0F, 0x80, 0x00, 0x00, 0x01, 0x08, 0x00, 0xC2, 0x00, 0x39,
    0xC0, 0xFF, 0xFF, 0x83, 0x0C, 0x00, 0x42, 0x00, 0xFF, 0xF8, 0x01, 0x80, 0x00, 0x20, 0x0F, 0xFF,
    0xF9, 0xFF, 0xFC, 0x00, 0x80, 0x00, 0x20, 0x00, 0x08, 0x00, 0x02, 0x00, 0x0F, 0x80, 0x01, 0xC0,
    0x00, 0x00, 0x00, 0x01, 0x04, 0x00, 0x41, 0x81, 0xFF, 0xFC, 0xFF, 0xFF, 0x83, 0x26, 0x00, 0xC9,
    0x80, 0x02, 0x00, 0x00, 0x80, 0x1F, 0xFF, 0x83, 0xFF, 0xC0, 0x00, 0x60, 0x30, 0x30, 0x0C, 0x38,
    0x03, 0xBC, 0x01, 0xFC, 0x00, 0xE7, 0xFF, 0xB0, 0x7F, 0xE0, 0x00, 0x00, 0x00, 0x84, 0x00, 0x21,
    0x81, 0xFF, 0xFC, 0xFF, 0xFF, 0x81, 0x86, 0x00, 0x61, 0x80, 0x00, 0x00, 0x00, 0x80, 0x00, 0x30,
    0x03, 0x64, 0x30, 0xD8, 0x0C, 0x36, 0x0D, 0x99, 0x83, 0x66, 0x60, 0xD8, 0x8F, 0xE4, 0x01, 0xF0,
    0x00, 0x00, 0x00, 0x00, 0x00, 0x00, 0x84, 0x00, 0x21, 0x80, 0x1C, 0xE0, 0xFF, 0xFF, 0x81, 0x86,
    0x00, 0x20, 0x00, 0x19, 0x00, 0x0C, 0x40, 0x06, 0x10, 0xC3, 0x86, 0xE3, 0xE1, 0xF0, 0x58, 0x70,
    0x06, 0x10, 0x01, 0x84, 0x18, 0x61, 0x06, 0x18, 0x7F, 0x82, 0x0F, 0x80, 0x00, 0x00, 0x01, 0x04,
    0x00, 0xC1, 0x81, 0xFF, 0xFC, 0xFF, 0xFF, 0x83, 0x06, 0x00, 0xC1, 0x80, 0x02, 0x00, 0x00, 0x80,
    0x3F, 0xFF, 0xE7, 0xFF, 0xF0, 0x08, 0x00, 0x03, 0xFC, 0x01, 0xFF, 0x00, 0xC0, 0xC0, 0xE0, 0x30,
    0xF0, 0xF8, 0x38, 0x3C, 0x00, 0x00, 0x00, 0x01, 0x04, 0x00, 0xC1, 0x80, 0x38, 0xE0, 0xFF, 0xFF,
    0x83, 0x06, 0x00, 0x41, 0x01, 0xFF, 0xF8, 0x00, 0x00, 0x00, 0x00, 0x0F, 0xFF, 0xF9, 0xFF, 0xFC,
    0x06, 0x10, 0x07, 0x06, 0x01, 0x8F, 0xC3, 0xFF, 0xFC, 0xFF, 0x03, 0x00, 0x00, 0xC0, 0x00, 0x00,
    0x00, 0x84, 0x00, 0x21, 0x80, 0x1C, 0xE0, 0xFF, 0xFF, 0x81, 0x86, 0x00, 0x21, 0x00, 0xFF, 0xF8,
    0x0C, 0x30, 0x03, 0x08, 0x0F, 0xFF, 0xF9, 0xFF, 0xFC, 0x01, 0xA0, 0x01, 0xCC, 0x01, 0xE2, 0x03,
    0xE0, 0xC0, 0xE1, 0xE0, 0x00, 0x70, 0x00, 0x00, 0x00, 0x00, 0x84, 0x00, 0x21, 0x81, 0xFF, 0xFC,
    0xFF, 0xFF, 0x81, 0x86, 0x00, 0x21, 0x80, 0x00, 0x00, 0x3F, 0xFE, 0x0F, 0xFF, 0x83, 0x08, 0x60,
    0xFF, 0xF8, 0x3F, 0xFE, 0x0C, 0x21, 0x83, 0x08, 0x60, 0xFF, 0xF8, 0x3F, 0xFE, 0x04, 0x01, 0x80,
    0x00, 0x00, 0x00, 0x88, 0x00, 0x22, 0x01, 0xFF, 0xFC, 0xFF, 0xFF, 0x81, 0x8C, 0x00, 0x22, 0x00,
    0x00, 0x00, 0xFF, 0xFF, 0x9F, 0xFF, 0xC3, 0xF8, 0xC0, 0xFE, 0x30, 0x30, 0x8C, 0x0C, 0x23, 0x03,
    0xF8, 0xC0, 0xFE, 0x30, 0x30, 0x78, 0x00, 0x1C, 0x00, 0x00, 0x00, 0x01, 0x04, 0x00, 0x41, 0x80,
    0x38, 0xE0, 0xFF, 0xFF, 0x83, 0x06, 0x00, 0xD1, 0x80, 0x04, 0x00, 0xFF, 0xFF, 0x9F, 0xFF, 0xC0,
    0xE0, 0x00, 0x7F, 0xF8, 0x1F, 0xFE, 0x3E, 0x01, 0x8F, 0x80, 0x60, 0x7F, 0xF8, 0x1F, 0xFE, 0x02,
    0x01, 0x00, 0x00, 0x00, 0x01, 0x04, 0x00, 0xC1, 0x81, 0xFF, 0xFC, 0xFF, 0xFF, 0x83, 0x26, 0x00,
    0xC9, 0x80, 0x02, 0x00, 0xFF, 0xFF, 0x9F, 0xFF, 0xC0, 0x08, 0x00, 0xFF, 0xF8, 0x3F, 0xFE, 0x0C,
    0x01, 0x83, 0x00, 0x60, 0xFF, 0xF8, 0x3F, 0xFE, 0x04, 0x01, 0x80, 0x00, 0x00, 0x01, 0x04, 0x00,
    0xC1, 0x81, 0xFF, 0xFC, 0xFF, 0xFF, 0x83, 0x26, 0x00, 0xC9, 0x80, 0x02, 0x00, 0x3F, 0xFE, 0x0F,
    0xFF, 0x83, 0x08, 0x63, 0xFF, 0xFE, 0x7F, 0xFF, 0x00, 0xF0, 0x00, 0x66, 0x00, 0xF0, 0xE0, 0xF8,
    0x1F, 0xB8, 0x01, 0xE0, 0x00, 0x00, 0x00, 0x84, 0x00, 0x21, 0x80, 0x1C, 0xE0, 0xFF, 0xFF, 0x81,
    0x86, 0x00, 0x08, 0xC0, 0x02, 0x18, 0x3F, 0xFF, 0x8F, 0xFF, 0xC3, 0x0C, 0x30, 0xC1, 0x18, 0x30,
    0x6C, 0x0C, 0x0E, 0x07, 0x07, 0x19, 0x87, 0x76, 0xEF, 0x8F, 0xB1, 0x81, 0x80, 0x00, 0x00, 0x00,
    0x84, 0x00, 0x21, 0x80, 0x1C, 0xE0, 0xFF, 0xFF, 0x87, 0xFE, 0x03, 0xFF, 0xC0, 0x30, 0x30, 0x06,
    0x18, 0x00, 0xFC, 0x07, 0xFF, 0xF8, 0xFA, 0x7C, 0x3F, 0xFE, 0x07, 0xFF, 0x00, 0x08, 0x03, 0xFF,
    0xFE, 0xFF, 0xFF, 0x80, 0x00, 0x00, 0x00, 0x00, 0x01, 0x04, 0x00, 0xC1, 0x80, 0x38, 0xE0, 0xFF,
    0xFF, 0x83, 0x26, 0x00, 0x08, 0x00, 0x02, 0x00, 0xF8, 0xFF, 0x1E, 0x7F, 0xC0, 0x32, 0x60, 0x68,
    0x90, 0x18, 0x70, 0x0E, 0x16, 0x03, 0x0D, 0x81, 0xC6, 0x38, 0xEF, 0x07, 0xB1, 0x80, 0xE0, 0x00,
    0x00, 0x01, 0x04, 0x00, 0xC1, 0x80, 0x38, 0xE0, 0xFF, 0xFF, 0x83, 0x26, 0x00, 0xDD, 0x80, 0x0F,
    0x80, 0x06, 0x38, 0x07, 0x23, 0x8F, 0xC8, 0xF9, 0xFF, 0xFC, 0x1F, 0xFC, 0x01, 0x24, 0x00, 0xC9,
    0xC3, 0xE2, 0x3E, 0xF0, 0x83, 0x80, 0x20, 0x00, 0x00, 0x00, 0x01, 0x04, 0x0F, 0xFF, 0xF3, 0xFF,
    0xFE, 0x04, 0x18, 0x03, 0x06, 0x03, 0xFF, 0xE0, 0xC0, 0x18, 0x3F, 0xFE, 0x0F, 0xFF, 0x83, 0x00,
    0x60, 0xFF, 0xF8, 0x0F, 0xF8, 0x3F, 0xFF, 0xEF, 0xFF, 0xF8, 0x02, 0x00, 0x00, 0x80, 0x00, 0x20,
    0x00, 0x00, 0x00, 0x00, 0x84, 0x00, 0x21, 0x80, 0x1C, 0xE0, 0xFF, 0xFF, 0x81, 0xE6, 0x00, 0x3D,
    0x03, 0xFF, 0xFC, 0x18, 0x00, 0x06, 0x00, 0x00, 0xFF, 0xE0, 0x1F, 0xF0, 0x18, 0x90, 0x06, 0x26,
    0x01, 0x89, 0x98, 0xE2, 0x66, 0xF0, 0x9F, 0xB8, 0x23, 0xE0, 0x00, 0x00, 0x00, 0x84, 0x00, 0x21,
    0x80, 0x1C, 0xE0, 0xFF, 0xFF, 0x81, 0x86, 0x00, 0x01, 0x00, 0x30, 0x60, 0x0C, 0x18, 0x1B, 0x06,
    0x03, 0xDF, 0xF8, 0x77, 0xFC, 0x0C, 0x18, 0x0F, 0x06, 0x0F, 0x41, 0x83, 0xB3, 0xFC, 0x0C, 0xFF,
    0x01, 0x00, 0x00, 0x00, 0x00, 0x00, 0x84, 0x00, 0x21, 0x00, 0x1C, 0xE0, 0xFF, 0xFF, 0x80, 0x86,
    0x00, 0x61, 0x00, 0x38, 0x40, 0x1F, 0xFF, 0x8E, 0x79, 0x87, 0x9E, 0x63, 0x27, 0x98, 0x49, 0x26,
    0x02, 0x79, 0x80, 0x9E, 0x60, 0x20, 0x18, 0x08, 0x3C, 0x02, 0x0E, 0x00, 0x00, 0x00, 0x00, 0x84,
    0x00, 0x21, 0x80, 0x1C, 0xE0, 0xFF, 0xFF, 0x81, 0x86, 0x03, 0x21, 0x00, 0xFF, 0xFC, 0x63, 0x03,
    0x36, 0x48, 0xC0, 0xFE, 0x31, 0xFF, 0xEC, 0x3F, 0xF3, 0x01, 0xF0, 0xC0, 0xD7, 0x31, 0xE4, 0xD8,
    0x71, 0x3C, 0x00, 0x4E, 0x00, 0x00, 0x00, 0x01, 0x04, 0x00, 0x41, 0x80, 0x38, 0xE0, 0xFF, 0xFF,
    0x8F, 0xFF, 0x87, 0xFF, 0xF1, 0x81, 0xCC, 0x67, 0xC3, 0x19, 0xE0, 0xC6, 0xFF, 0xB1, 0xBF, 0xEC,
    0x63, 0xB3, 0x1B, 0xA7, 0xC6, 0xC8, 0xB1, 0xFF, 0xFC, 0x7F, 0xFF, 0x18, 0x00, 0xC0, 0x00, 0x00,
    0x01, 0x04, 0x00, 0xC1, 0x80, 0x38, 0xE0, 0xFF, 0xFF, 0x87, 0xFF, 0x03, 0xFF, 0xE0, 0xC7, 0x18,
    0x3F, 0xFE, 0x0F, 0xFF, 0x83, 0xFF, 0xE0, 0x7F, 0xF0, 0xFF, 0xFF, 0x9F, 0xFF, 0xC0, 0xEB, 0x83,
    0xF2, 0x7E, 0xF0, 0x87, 0x80, 0x20, 0x00, 0x00, 0x00, 0x00, 0x84, 0x00, 0x21, 0x80, 0x1C, 0xE0,
    0xFF, 0xFF, 0x81, 0x8E, 0x80, 0x23, 0xF1, 0xFF, 0x98, 0x19, 0xC6, 0x03, 0x33, 0x00, 0x4C, 0x83,
    0xFF, 0xFE, 0x7F, 0xFF, 0x01, 0xB8, 0x03, 0xCB, 0x83, 0xE2, 0x7E, 0xE0, 0x87, 0x80, 0x20, 0x00,
    0x00, 0x00, 0x01, 0x04, 0x0F, 0xFF, 0xF3, 0xFF, 0xFE, 0x04, 0x10, 0x00, 0x00, 0x07, 0xFF, 0xF0,
    0x67, 0x30, 0x18, 0x8C, 0x3F, 0xFF, 0xE7, 0xFF, 0xF0, 0x62, 0x30, 0x7F, 0xFF, 0x00, 0x70, 0x0F,
    0xFF, 0xFB, 0xFF, 0xFC, 0x00, 0x80, 0x00, 0x20, 0x00, 0x00, 0x00, 0x01, 0x0C, 0x07, 0xFF, 0xF1,
    0xFF, 0xFC, 0x06, 0x38, 0x00, 0x1F, 0x03, 0xFC, 0x00, 0x06, 0x00, 0x7F, 0xFF, 0x1F, 0xFF, 0xC7,
    0xDB, 0xF1, 0xEE, 0xFC, 0x7F, 0xFF, 0x1F, 0xFF, 0x80, 0xF6, 0x00, 0x3F, 0xC0, 0x7F, 0xFF, 0x1F,
    0x87, 0xC0, 0x00, 0x00, 0x01, 0x04, 0x00, 0xC1, 0x80, 0x38, 0xE0, 0xFF, 0xFF, 0x83, 0x26, 0x06,
    0x0D, 0x00, 0xE7, 0xF0, 0x03, 0x0C, 0x19, 0xE6, 0x03, 0x8F, 0x00, 0x63, 0xF0, 0x1B, 0x8F, 0x87,
    0xFF, 0xC3, 0xDF, 0xE1, 0xC7, 0xF8, 0xE1, 0xFE, 0x30, 0x41, 0x00, 0x00, 0x00, 0x00, 0x88, 0x00,
    0x23, 0x00, 0x1D, 0xC0, 0xFF, 0xFF, 0x83, 0xCC, 0x01, 0xBB, 0x83, 0xFF, 0xFE, 0x1B, 0x98, 0x06,
    0x7E, 0x01, 0x9F, 0x00, 0x7F, 0xF8, 0x07, 0xFC, 0x3F, 0xFF, 0xCF, 0xFF, 0xE0, 0x3A, 0xE0, 0xFC,
    0x9F, 0xBC, 0x21, 0xE0, 0x00, 0x00, 0x01, 0x04, 0x00, 0xC1, 0x80, 0x38, 0xE0, 0xFF, 0xFF, 0x83,
    0x26, 0x00, 0xDD, 0x60, 0x7F, 0xF0, 0x01, 0xD8, 0x3F, 0xFF, 0xE7, 0xFF, 0xF0, 0x7F, 0xF8, 0xFE,
    0xFE, 0x3F, 0xFF, 0x81, 0xFF, 0xE0, 0x7F, 0xF8, 0x1F, 0xFE, 0x02, 0x01, 0x00, 0x00, 0x00, 0x01,
    0x04, 0x0F, 0xFF, 0xF3, 0xFF, 0xFE, 0x0E, 0x38, 0x0F, 0xFF, 0x83, 0xFF, 0xE0, 0xFF, 0xF8, 0x30,
    0x06, 0x0F, 0xFF, 0x81, 0xFF, 0xC0, 0xFF, 0xFE, 0x7F, 0xFF, 0xBC, 0x70, 0x6B, 0x36, 0x18, 0xFF,
    0xC6, 0x3F, 0xFF, 0x8C, 0x03, 0x80, 0x00, 0x00, 0x00, 0x84, 0x00, 0x21, 0x80, 0x1C, 0xE0, 0xFF,
    0xFF, 0x8F, 0xFF, 0x87, 0xFF, 0xF0, 0x30, 0xC0, 0x1F, 0xB6, 0x1F, 0xEF, 0x63, 0xF3, 0x99, 0xF8,
    0xFC, 0x32, 0x1E, 0x3F, 0xFF, 0xEF, 0xFF, 0xF8, 0x38, 0x60, 0x7C, 0x18, 0x1C, 0x04, 0x00, 0x00,
    0x00, 0x00, 0x88, 0x00, 0x22, 0x00, 0x1D, 0xC0, 0xFF, 0xFF, 0x83, 0xFE, 0x01, 0xFF, 0xC0, 0x01,
    0xE0, 0x7C, 0xE6, 0x03, 0x3F, 0x01, 0xCB, 0x80, 0xEE, 0x7E, 0xE3, 0x07, 0x3F, 0xFF, 0x01, 0xFF,
    0xC1, 0x89, 0x18, 0xE6, 0x67, 0x30, 0x90, 0xC0, 0x00, 0x00, 0x01, 0x04, 0x0F, 0xFF, 0xF3, 0xFF,
    0xFE, 0x0D, 0xF8, 0x3F, 0xFF, 0xE0, 0xF7, 0x80, 0x7D, 0xD8, 0x03, 0xC3, 0x3F, 0xFF, 0xE7, 0xFF,
    0xC0, 0xFF, 0xF8, 0x3F, 0xFE, 0x0F, 0xFF, 0x83, 0xFF, 0xE0, 0xFF, 0xF8, 0x3F, 0xFE, 0x0C, 0x01,
    0x00, 0x00, 0x00, 0x01, 0x04, 0x0F, 0xFF, 0xF3, 0xFF, 0xFE, 0x04, 0x10, 0x00, 0x70, 0x03, 0xFF,
    0xE0, 0x07, 0x00, 0xFF, 0xFF, 0x9F, 0xFF, 0xC0, 0x61, 0x81, 0xFF, 0xF8, 0x3B, 0xE0, 0x07, 0xFF,
    0x83, 0xFF, 0xE0, 0xC9, 0x18, 0xFF, 0xFF, 0xBF, 0xFF, 0xE0, 0x00, 0x00, 0x00, 0x84, 0x0F, 0xFF,
    0xF3, 0xFF, 0xFE, 0x07, 0x38, 0x1F, 0xFF, 0xC6, 0x63, 0x31, 0x98, 0xCC, 0x7F, 0xFF, 0x0F, 0xFF,
    0x80, 0x09, 0xC0, 0xFF, 0xFC, 0x3F, 0xFE, 0x0D, 0x19, 0x87, 0x63, 0xC1, 0x89, 0xF6, 0xEF, 0xEF,
    0xB1, 0xE1, 0xE0, 0x00, 0x00, 0x00, 0x84, 0x00, 0x21, 0x80, 0x1C, 0xE0, 0xFF, 0xFF, 0x81, 0x8F,
    0x80, 0x27, 0x70, 0xFF, 0xFE, 0x30, 0x30, 0x0D, 0xFE, 0x03, 0xFD, 0xB0, 0xFF, 0x78, 0x3F, 0xDC,
    0x1B, 0xF3, 0x06, 0xFD, 0xF9, 0xBF, 0xDE, 0xE7, 0xE7, 0xB0, 0x10, 0xE0, 0x00, 0x00, 0x01, 0x04,
    0x0F, 0xFF, 0xF3, 0xFF, 0xFE, 0x04, 0x10, 0x00, 0x00, 0x03, 0xF9, 0x81, 0xB2, 0x60, 0xCC, 0xFF,
    0x9F, 0xFF, 0xC7, 0xFF, 0x31, 0x93, 0xF8, 0x6E, 0x9E, 0x1F, 0xE7, 0x07, 0x59, 0xC1, 0xB2, 0xFC,
    0x65, 0xE3, 0x98, 0x70, 0x60, 0x00, 0x00, 0x00, 0x84, 0x0F, 0xFF, 0xF3, 0xFF, 0xFE, 0x02, 0x16,
    0x08, 0xFF, 0xC7, 0x3F, 0xF8, 0x6F, 0xCC, 0x01, 0xFF, 0x1C, 0x7C, 0xC3, 0x92, 0x30, 0x27, 0xFC,
    0x19, 0xDC, 0x06, 0xFF, 0xE3, 0xBF, 0xF9, 0xC6, 0x30, 0xE0, 0xBC, 0x30, 0x0E, 0x00, 0x00, 0x00,
    0x01, 0x04, 0x0F, 0xFF, 0xF3, 0xFF, 0xFE, 0x04, 0x10, 0x00, 0x70, 0x07, 0xFF, 0xF1, 0x98, 0xC0,
    0x7F, 0xFE, 0x1F, 0xFF, 0x87, 0xFF, 0xE1, 0xFF, 0xFE, 0x66, 0x03, 0x1B, 0xFF, 0x8E, 0xFF, 0xF3,
    0x15, 0x4C, 0xDF, 0xFF, 0x36, 0x57, 0x00, 0x00, 0x00, 0x00, 0x84, 0x0F, 0xFF, 0xF3, 0xFF, 0xFE,
    0x02, 0x18, 0x01, 0x84, 0x80, 0xE1, 0x71, 0xFE, 0xF0, 0x1B, 0x30, 0x07, 0x8C, 0x07, 0xFB, 0xF8,
    0xFE, 0xFC, 0x7F, 0xB6, 0x0F, 0xF9, 0x81, 0xF4, 0x61, 0xD5, 0x98, 0x2C, 0x66, 0x01, 0x11, 0x80,
    0x00, 0x00, 0x01, 0x04, 0x0F, 0xFF, 0xF3, 0xFF, 0xFE, 0x0E, 0x38, 0x1F, 0xFF, 0x87, 0xFF, 0xC3,
    0xFF, 0xFE, 0x3F, 0xFE, 0x0C, 0x71, 0x83, 0xFF, 0xE0, 0x7F, 0xF0, 0x7F, 0xFF, 0x05, 0x7C, 0x0F,
    0xFF, 0xFB, 0xFF, 0xFC, 0x71, 0x23, 0x98, 0x48, 0x60, 0x00, 0x00, 0x01, 0x04, 0x0F, 0xFF, 0xF3,
    0xFF, 0xFE, 0x05, 0x90, 0x18, 0xE0, 0x03, 0x3F, 0x30, 0x78, 0xF8, 0x03, 0xF4, 0x0F, 0xFF, 0x8F,
    0xBF, 0xF9, 0x8F, 0x8C, 0xFF, 0xFF, 0x1F, 0xFF, 0x80, 0x7F, 0x00, 0xFA, 0xF8, 0xF8, 0x8F, 0xB8,
    0x20, 0xE0, 0x00, 0x00, 0x00, 0x84, 0x0F, 0xFF, 0xF3, 0xFF, 0xFE, 0x07, 0x18, 0x1F, 0xE7, 0x07,
    0xF9, 0x81, 0xFE, 0x7E, 0x61, 0xB0, 0x1F, 0xE0, 0x07, 0xFB, 0xF1, 0xFE, 0xF8, 0x3B, 0x80, 0x07,
    0xFF, 0x83, 0xFF, 0xE0, 0xC8, 0x98, 0xFF, 0xFF, 0xBF, 0xFF, 0xE0, 0x00, 0x00, 0x00, 0x88, 0x0F,
    0xFF, 0xF3, 0xFF, 0xFE, 0x02, 0x20, 0x0F, 0x49, 0x07, 0xFB, 0x61, 0xB7, 0xF0, 0x6D, 0xFF, 0x1F,
    0x1E, 0x07, 0xFF, 0xF9, 0xBF, 0xFC, 0x7F, 0xAF, 0x9F, 0xAE, 0x4E, 0xCB, 0xC3, 0x36, 0xF8, 0xDF,
    0xE7, 0x36, 0xB0, 0xC0, 0x00, 0x00, 0x00, 0x84, 0x0F, 0xFF, 0xF3, 0xFF, 0xFE, 0x02, 0x18, 0x18,
    0xF7, 0xC3, 0x3F, 0xB0, 0x6F, 0xD8, 0x63, 0xFF, 0x8C, 0x7F, 0xC1, 0x9F, 0x78, 0x3F, 0xFC, 0x0F,
    0xFB, 0x0E, 0x7F, 0xC3, 0x1F, 0xF1, 0xC7, 0xFC, 0xE1, 0xFF, 0x30, 0x40, 0xC0, 0x00, 0x00, 0x01,
    0x04, 0x0F, 0xFF, 0xF3, 0xFF, 0xFE, 0x04, 0xF8, 0x18, 0x3F, 0x03, 0x0D, 0xC0, 0x63, 0xF0, 0xC3,
    0xFF, 0x19, 0xF7, 0xC3, 0x7F, 0xF0, 0x4F, 0xF8, 0x37, 0xFF, 0x8D, 0xFE, 0xC7, 0x0F, 0xC1, 0xBE,
    0xBE, 0xE7, 0x33, 0xB0, 0x08, 0x00, 0x00, 0x00, 0x00, 0x20, 0x00, 0x0F, 0xE0, 0x03, 0xF8, 0x1F,
    0xC0, 0x0F, 0xFF, 0xC3, 0x0D, 0xB0, 0xC3, 0xF0, 0x37, 0xDB, 0x0D, 0xF0, 0xC3, 0x0F, 0xE0, 0xC1,
    0xF0, 0x61, 0x10, 0x18, 0x66, 0x06, 0x19, 0x9B, 0x8C, 0x66, 0xDE, 0x1F, 0xB3, 0x03, 0xC0, 0x00,
    0x00, 0x00, 0x30, 0x00, 0x0F, 0xE0, 0x03, 0xF8, 0x0F, 0xC0, 0x07, 0xFF, 0xC1, 0xBF, 0xB0, 0x7F,
    0xF0, 0x18, 0xC3, 0x06, 0x1F, 0xC1, 0x83, 0xF0, 0x6F, 0xFC, 0x33, 0xFF, 0x0C, 0xFF, 0x83, 0x3F,
    0xE1, 0xCF, 0xFC, 0x63, 0xFF, 0x10, 0xC0, 0x00, 0x00, 0x00, 0x00, 0x20, 0x00, 0x0F, 0xC0, 0x03,
    0xF0, 0x1F, 0xFE, 0x0F, 0xFF, 0x83, 0x0F, 0xA0, 0xC7, 0xE0, 0x3F, 0x80, 0x0C, 0x33, 0x03, 0x0F,
    0x80, 0xC2, 0xC0, 0x6C, 0x92, 0x19, 0xA5, 0x86, 0x69, 0x43, 0x3F, 0xFC, 0xDF, 0xFF, 0x00, 0x00,
    0x00, 0x00, 0x00, 0x00, 0x3F, 0x00, 0x0F, 0xE0, 0x07, 0x00, 0x3F, 0xFF, 0x8D, 0xFF, 0x63, 0x7F,
    0xE0, 0xDF, 0xF0, 0x37, 0xFE, 0x0D, 0x19, 0x83, 0x7F, 0xE1, 0xFF, 0xF8, 0x6F, 0xFE, 0x18, 0x3A,
    0x07, 0xFF, 0xF3, 0xBF, 0xFC, 0xDF, 0x9F, 0x33, 0xC7, 0xC0, 0x00, 0x00, 0x00, 0x3F, 0x00, 0x0F,
    0xC0, 0x07, 0x00, 0x3F, 0xFF, 0x8D, 0x7F, 0x63, 0x7C, 0x60, 0xC3, 0xF8, 0x31, 0xFC, 0x0C, 0x7E,
    0x03, 0x7F, 0xC1, 0xF7, 0xE0, 0x6F, 0xFE, 0x18, 0x67, 0x87, 0xFF, 0xFB, 0xFF, 0xFC, 0xCF, 0x9F,
    0xB7, 0x81, 0xE0, 0x00, 0x00, 0x00, 0x60, 0x00, 0x18, 0x00, 0x06, 0x00, 0x1F, 0xF8, 0x0F, 0xFF,
    0x03, 0x18, 0xC0, 0xC6, 0x10, 0x31, 0x84, 0x0C, 0x61, 0x03, 0xFF, 0xC0, 0xFF, 0xF0, 0x01, 0x84,
    0x00, 0x61, 0x80, 0x1F, 0xE1, 0xFF, 0xFC, 0x7F, 0x03, 0x00, 0x00, 0x40, 0x00, 0x00, 0x02, 0x00,
    0x00, 0x80, 0x00, 0x20, 0x00, 0x08, 0xFF, 0x07, 0x06, 0x0F, 0xF1, 0x83, 0x6C, 0x60, 0xC9, 0x18,
    0x32, 0x46, 0x0F, 0xF1, 0x81, 0xFC, 0x60, 0x09, 0x18, 0x02, 0x46, 0x00, 0xF1, 0x83, 0xFF, 0xFE,
    0xF8, 0xFF, 0x80, 0x20, 0x00, 0x00, 0x00, 0x02, 0x04, 0x01, 0x81, 0x80, 0x20, 0x60, 0x7E, 0xFF,
    0x3F, 0xBF, 0xED, 0xE6, 0x33, 0x39, 0x8C, 0xCE, 0x63, 0x37, 0x8D, 0x8F, 0xE3, 0x61, 0xF0, 0xF0,
    0x0A, 0x38, 0x07, 0x86, 0x00, 0xF3, 0xC3, 0xFD, 0xB8, 0xF9, 0xC7, 0x80, 0x20, 0xE0, 0x00, 0x00,
    0x00, 0x00, 0x0F, 0xFF, 0xF9, 0xFF, 0xFC, 0x00, 0x80, 0x1F, 0xFF, 0xC7, 0xFF, 0xF0, 0x3E, 0xE0,
    0x7C, 0x9F, 0x3F, 0xFF, 0xE3, 0xFF, 0xE0, 0xFF, 0xF8, 0x3F, 0xFE, 0x00, 0x23, 0x07, 0xFF, 0x63,
    0xFF, 0xFC, 0x00, 0x01, 0x80, 0x00, 0x00, 0x00, 0x00, 0x04, 0x04, 0x03, 0x01, 0x80, 0xC7, 0xFC,
    0x79, 0xFF, 0xBF, 0xC0, 0x6F, 0xF0, 0x1B, 0xDC, 0x06, 0xF4, 0x60, 0x3F, 0x18, 0xCF, 0xC6, 0xE1,
    0xF1, 0xF0, 0x30, 0x70, 0x0D, 0x10, 0x63, 0xC6, 0x1B, 0xF9, 0x86, 0xF2, 0x7F, 0x80, 0x0F, 0x80,
    0x00, 0x00, 0x00, 0x00, 0x03, 0x10, 0x60, 0xC6, 0x30, 0x18, 0x8C, 0x06, 0x76, 0x0F, 0xFF, 0xFB,
    0x07, 0x06, 0xC0, 0x81, 0x8F, 0xFF, 0x83, 0xFF, 0xE0, 0xC2, 0x18, 0x3F, 0xFE, 0x07, 0xFF, 0xC0,
    0x08, 0x33, 0xFF, 0xFE, 0xFF, 0xFF, 0x80, 0x00, 0x60, 0x00, 0x00, 0x00, 0x20, 0x00, 0x08, 0x00,
    0x07, 0x00, 0xFF, 0xFF, 0x82, 0xCE, 0x01, 0x93, 0xC0, 0xCC, 0xDC, 0xE6, 0x31, 0x97, 0x38, 0x00,
    0xCC, 0x00, 0xFF, 0xF8, 0x3F, 0xFE, 0x0F, 0xFF, 0x81, 0xFF, 0xE0, 0x03, 0xFC, 0xFF, 0xFF, 0x3F,
    0xC0, 0xC0, 0x00, 0x00, 0x04, 0x10, 0x03, 0x0C, 0x00, 0xC3, 0xF0, 0x31, 0xFE, 0x1E, 0x73, 0x8F,
    0xFF, 0xC3, 0xF1, 0xC0, 0xFD, 0xDF, 0x3F, 0xEF, 0xCF, 0xDF, 0xE0, 0xD3, 0xF8, 0x3D, 0xFE, 0x0F,
    0x0C, 0x03, 0xFF, 0xF3, 0xD8, 0xC0, 0x00, 0x30, 0x00, 0x00, 0x00, 0x00, 0x00, 0x00, 0x20, 0x03,
    0xFF, 0xF1, 0xFF, 0xFE, 0x61, 0x91, 0x98, 0x24, 0x63, 0xC3, 0x31, 0xB3, 0x36, 0x0F, 0x8C, 0x3E,
    0xFE, 0x07, 0x9F, 0x00, 0xFF, 0xFC, 0x3F, 0xFF, 0x0F, 0xFF, 0xC1, 0xFF, 0xF0, 0x03, 0xFE, 0x7F,
    0xFF, 0x9F, 0xC0, 0x60, 0x00, 0x00, 0x00, 0x02, 0x0F, 0xF8, 0xC3, 0xFE, 0x20, 0x00, 0x3E, 0x1F,
    0xCF, 0xC6, 0x33, 0xF1, 0x84, 0xEC, 0x7F, 0x3B, 0x0F, 0xCE, 0xCF, 0xFB, 0xF3, 0xFE, 0xF8, 0xFB,
    0x8B, 0x3F, 0xE2, 0xCD, 0xE8, 0xF3, 0x62, 0xFE, 0xCB, 0xB9, 0xB0, 0xC0, 0x60, 0x00, 0x00, 0x00,
    0x40, 0x00, 0x10, 0x00, 0x0C, 0x00, 0x1F, 0xFC, 0x0F, 0xFF, 0x83, 0x66, 0x60, 0xD9, 0x18, 0x36,
    0x46, 0x0D, 0x91, 0x83, 0x64, 0x60, 0xD9, 0x18, 0x36, 0x46, 0x0D, 0x91, 0x83, 0x24, 0x63, 0xFF,
    0xFE, 0xFF, 0xFF, 0x80, 0x00, 0x00, 0x00, 0x00, 0x00, 0x20, 0x00, 0x18, 0x00, 0x0E, 0x00, 0x3F,
    0xFE, 0x0D, 0x99, 0x83, 0x24, 0x60, 0xC9, 0x98, 0xFF, 0xFF, 0x9F, 0xFF, 0xC3, 0xD8, 0x63, 0xFF,
    0x30, 0x44, 0xF8, 0x00, 0xAC, 0x00, 0xE9, 0x83, 0xF2, 0x3E, 0xF0, 0x87, 0x80, 0x20, 0x00, 0x00,
    0x00, 0x01, 0x00, 0x00, 0xCF, 0xE0, 0x63, 0xF8, 0x18, 0x00, 0x1C, 0x80, 0x0E, 0x7F, 0xF0, 0x37,
    0xFC, 0x18, 0x08, 0x0E, 0x02, 0x0F, 0x80, 0x80, 0x60, 0x20, 0x18, 0x08, 0x06, 0x02, 0x01, 0x80,
    0x80, 0x61, 0xE0, 0x18, 0x78, 0x00, 0x00, 0x00, 0x00, 0x00, 0x02, 0x20, 0x01, 0x8E, 0x70, 0xC3,
    0xDE, 0x30, 0xD8, 0x18, 0xF0, 0x0D, 0xFE, 0x50, 0x63, 0x3E, 0x30, 0xC3, 0x1C, 0xB8, 0xCF, 0x2F,
    0x30, 0xDB, 0xEC, 0x32, 0xDB, 0x0D, 0xB4, 0xC3, 0xCC, 0x30, 0xD3, 0x0C, 0x30, 0xCE, 0x0C, 0x23,
    0x80, 0x00, 0x00, 0x02, 0x20, 0x01, 0x88, 0xF0, 0xC2, 0x3E, 0x33, 0xE0, 0x18, 0xFC, 0x0D, 0x88,
    0x00, 0xC7, 0x3E, 0x37, 0xFB, 0x1C, 0x70, 0xCF, 0x08, 0x30, 0xCF, 0x8C, 0x33, 0xE3, 0x0C, 0x20,
    0xC3, 0x0F, 0xB0, 0xDF, 0xCC, 0x37, 0x0F, 0x0C, 0x03, 0x00, 0x00, 0x00, 0x02, 0x20, 0x01, 0x88,
    0xF0, 0x6F, 0xBE, 0x33, 0xE0, 0x0C, 0xFC, 0x06, 0xFF, 0x83, 0x60, 0x3E, 0x1B, 0xE3, 0x0D, 0xFC,
    0xCF, 0x3F, 0x31, 0xCF, 0x8C, 0x37, 0xFB, 0x0D, 0xF0, 0xC3, 0x7F, 0x30, 0xDF, 0xCC, 0x30, 0x8E,
    0x0C, 0x23, 0x00, 0x00, 0x00, 0x02, 0x18, 0x01, 0xBE, 0xF8, 0xCE, 0x3E, 0x33, 0xE0, 0x18, 0xFC,
    0x0D, 0xBE, 0x50, 0x7F, 0xBE, 0x37, 0xF3, 0x1C, 0xFC, 0xCF, 0x7F, 0x30, 0xDF, 0xCC, 0x31, 0xC3,
    0x0C, 0xF8, 0xC3, 0x3E, 0x30, 0xC3, 0x8C, 0x37, 0xEF, 0x0D, 0xC3, 0x80, 0x00, 0x00, 0x04, 0x40,
    0x03, 0x1C, 0xF0, 0xCF, 0xBE, 0x62, 0x40, 0x1B, 0xF8, 0x0D, 0xFF, 0x50, 0x7F, 0xFE, 0x33, 0xF3,
    0x1D, 0xFC, 0xCF, 0x3F, 0x30, 0xCF, 0x8C, 0x37, 0xFB, 0x0D, 0xFC, 0xC3, 0x1C, 0x30, 0xCD, 0x8C,
    0x36, 0x3F, 0x0D, 0x05, 0x80, 0x00, 0x00, 0x00, 0x20, 0x00, 0x08, 0x00, 0x02, 0x00, 0x01, 0xC0,
    0x1F, 0xFF, 0xE0, 0x1C, 0x00, 0x0D, 0x00, 0x06, 0x63, 0x03, 0x8D, 0x83, 0xC3, 0xC3, 0xF0, 0xE0,
    0xE4, 0x1C, 0x03, 0x03, 0x00, 0xCC, 0xE0, 0x3F, 0x1C, 0x7F, 0x03, 0x8E, 0x00, 0x60, 0x00, 0x00,
    0x00, 0x20, 0x00, 0x08, 0x00, 0x07, 0x00, 0x7F, 0xFF, 0x07, 0xFF, 0x03, 0xFF, 0xE0, 0x07, 0x00,
    0x00, 0x80, 0x3F, 0xFF, 0xE7, 0xFF, 0xF0, 0x0D, 0x18, 0x0E, 0x6C, 0x3F, 0x8E, 0x0F, 0x21, 0x80,
    0x0F, 0x38, 0x3F, 0xC7, 0x87, 0x00, 0xE0, 0x00, 0x00, 0x00, 0x20, 0x00, 0x08, 0x00, 0x07, 0x00,
    0xFF, 0xFF, 0x87, 0xFF, 0x03, 0xFF, 0xE0, 0xC0, 0x18, 0xFF, 0xFF, 0x9F, 0xFF, 0xC3, 0xFF, 0xE0,
    0x7F, 0xF0, 0x0E, 0xC3, 0x3F, 0x19, 0x8F, 0x43, 0xC0, 0x1E, 0x78, 0xFF, 0x87, 0xBE, 0x00, 0xE0,
    0x00, 0x00, 0x00, 0x20, 0x00, 0x18, 0x03, 0xFF, 0xFC, 0xFF, 0xFF, 0x00, 0x60, 0x01, 0xFF, 0xC0,
    0xFF, 0xF0, 0x31, 0x84, 0x0F, 0xFF, 0x03, 0xFF, 0xC0, 0x3E, 0x00, 0x1C, 0xC2, 0x3F, 0x19, 0x80,
    0xC3, 0xC0, 0x3E, 0x1C, 0xF8, 0x07, 0x00, 0x00, 0x00, 0x00, 0x00, 0x01, 0x24, 0x00, 0xD9, 0x80,
    0x62, 0xF8, 0x1B, 0xFF, 0x0F, 0xF0, 0x07, 0x8E, 0x03, 0x60, 0x8C, 0x18, 0x3F, 0x02, 0x67, 0x87,
    0xFF, 0xF0, 0xFF, 0xF8, 0x0F, 0x88, 0x3F, 0xB6, 0x0F, 0x47, 0x00, 0x3E, 0xE0, 0x7F, 0x9F, 0x9E,
    0x01, 0xE0, 0x00, 0x00, 0x02, 0x04, 0x01, 0x81, 0x80, 0x20, 0x60, 0x3E, 0x18, 0x1F, 0x8E, 0xC0,
    0x6F, 0xF8, 0x33, 0x66, 0x18, 0xD9, 0x8F, 0xB6, 0x6F, 0xEF, 0xF9, 0x3B, 0xFE, 0x0A, 0xD9, 0x82,
    0x36, 0x60, 0x8D, 0x98, 0x23, 0xFE, 0x08, 0xFF, 0x82, 0x20, 0x60, 0x00, 0x00, 0x02, 0x04, 0x01,
    0x81, 0x00, 0x63, 0xF8, 0x3E, 0xFE, 0x1F, 0xA4, 0x80, 0x69, 0x20, 0x33, 0xC0, 0x18, 0xFE, 0x1F,
    0xB9, 0x8F, 0xEE, 0x40, 0x7B, 0xB0, 0x18, 0xB8, 0x06, 0x6F, 0x01, 0x96, 0x40, 0x6F, 0x9C, 0x1F,
    0xC7, 0x00, 0x00, 0x00, 0x00, 0x00, 0x01, 0x10, 0x00, 0xC4, 0x80, 0x39, 0x30, 0x7F, 0x46, 0x03,
    0x10, 0x00, 0xCE, 0x03, 0xFF, 0xFC, 0x00, 0x30, 0x03, 0x08, 0xCF, 0xFB, 0x31, 0xFE, 0xD8, 0x3A,
    0xBC, 0x3C, 0xE6, 0x6F, 0x5B, 0x99, 0xF3, 0xBE, 0x78, 0xC7, 0x80, 0x00, 0x80, 0x00, 0x00, 0x00,
    0x00, 0x83, 0xFC, 0x31, 0xFF, 0x0C, 0x07, 0x9B, 0x03, 0xE6, 0xC1, 0xD9, 0xB1, 0xFC, 0x6C, 0x07,
    0x03, 0x1F, 0xE3, 0x83, 0xC8, 0xC3, 0xFF, 0xFE, 0x7F, 0xFF, 0x03, 0xD9, 0xCF, 0xE3, 0xF3, 0xCF,
    0x78, 0x7F, 0xC7, 0x9F, 0x00, 0xE0, 0x00, 0x00, 0x00, 0x84, 0x00, 0x21, 0x81, 0x88, 0x60, 0x32,
    0x18, 0x01, 0xBF, 0xE0, 0xE1, 0x80, 0xF8, 0x60, 0xE2, 0x7F, 0x18, 0xBF, 0x87, 0xFF, 0xF8, 0xFF,
    0xFC, 0x07, 0xE6, 0x3F, 0xCF, 0x0F, 0xA3, 0x80, 0x0F, 0xF8, 0x3F, 0xCF, 0x87, 0x00, 0xE0, 0x00,
    0x00, 0x00, 0x20, 0x0F, 0xFF, 0xF3, 0xFF, 0xFE, 0x31, 0xC6, 0x0F, 0xFF, 0x83, 0xFF, 0xE0, 0xFF,
    0xF8, 0x01, 0xC0, 0x0F, 0xFF, 0x81, 0xFF, 0xC3, 0xFF, 0xFE, 0x7F, 0xFF, 0x03, 0xDB, 0x8F, 0xC3,
    0xC3, 0xDE, 0xE0, 0x3F, 0x9F, 0x87, 0x01, 0xE0, 0x00, 0x00, 0x02, 0x0A, 0x00, 0x87, 0xC0, 0x21,
    0x18, 0x3E, 0xC3, 0x1F, 0xB0, 0x60, 0x63, 0x80, 0x30, 0xF0, 0x18, 0x66, 0x0F, 0xB0, 0xCF, 0xF8,
    0x39, 0x3D, 0xFC, 0x0A, 0x7F, 0x02, 0x10, 0xC0, 0x84, 0x30, 0x21, 0xFC, 0x08, 0x7F, 0x02, 0x10,
    0xC0, 0x00, 0x00, 0x0C, 0x09, 0x03, 0x06, 0x60, 0xCF, 0xFC, 0x7F, 0xFF, 0x3F, 0x18, 0x00, 0xDF,
    0xE0, 0x3F, 0xFC, 0x1F, 0x63, 0x0F, 0xD8, 0xC7, 0xBF, 0xF3, 0xFD, 0x8C, 0x3F, 0x63, 0x0C, 0xFF,
    0xC3, 0x36, 0x30, 0xCD, 0x9C, 0x33, 0x6E, 0x00, 0x00, 0x00, 0x00, 0x00, 0x04, 0x3F, 0x83, 0x0F,
    0xF0, 0xC2, 0x6C, 0x78, 0xFF, 0x3F, 0x3F, 0xC0, 0xCD, 0xB0, 0x62, 0x6C, 0x30, 0xFF, 0x1D, 0x3F,
    0x8F, 0xDF, 0xFB, 0xF7, 0xFC, 0x34, 0x7E, 0x0C, 0x1F, 0x83, 0x0D, 0xF0, 0xC6, 0x6E, 0x31, 0x19,
    0x8C, 0x04, 0x00, 0x00, 0x00, 0x04, 0x80, 0x83, 0xF9, 0x30, 0xFE, 0x6C, 0x67, 0x5B, 0x3F, 0xF6,
    0xC3, 0xFD, 0xB1, 0xFF, 0x6C, 0x66, 0x43, 0x18, 0xB3, 0x82, 0x2C, 0xC1, 0xFF, 0xFC, 0x3F, 0xFE,
    0x03, 0xD9, 0xCF, 0xE3, 0xF3, 0xCF, 0x70, 0x7F, 0xC7, 0x9F, 0x00, 0xE0, 0x00, 0x00, 0x04, 0x00,
    0x03, 0x1F, 0xE0, 0xC7, 0xFC, 0x79, 0x03, 0x3F, 0xE0, 0xC0, 0xFF, 0xF0, 0x3C, 0x60, 0x19, 0x18,
    0x0F, 0xFF, 0xE7, 0xDF, 0xF3, 0xFC, 0x60, 0x37, 0xFF, 0x0C, 0xBF, 0xC3, 0x78, 0x30, 0xDB, 0xFC,
    0x3C, 0xFF, 0x0D, 0x20, 0xC0, 0x00, 0x00, 0x04, 0x20, 0x03, 0x0F, 0xE0, 0xC7, 0xFC, 0x79, 0x80,
    0x3F, 0x3F, 0x80, 0xCF, 0xE0, 0x33, 0xF8, 0x18, 0xC6, 0x0F, 0x3F, 0x87, 0xCF, 0xC3, 0xF3, 0xF8,
    0x34, 0xFE, 0x0C, 0x73, 0x03, 0x17, 0x80, 0xC1, 0xE0, 0x33, 0xCF, 0x8C, 0xE1, 0xE0, 0x00, 0x00,
    0x06, 0x00, 0x01, 0x9F, 0xE0, 0x67, 0xF8, 0x7D, 0x86, 0x1F, 0xFF, 0x80, 0x78, 0x60, 0x1F, 0xF8,
    0x0C, 0xFE, 0x07, 0xBF, 0xC3, 0xFF, 0xF1, 0xFE, 0xFC, 0x59, 0xFB, 0x06, 0x63, 0xC1, 0x9F, 0xF0,
    0x63, 0xEC, 0x18, 0x1F, 0x06, 0x07, 0x80, 0x00, 0x00, 0x00, 0x10, 0x00, 0x04, 0x01, 0xFF, 0xFC,
    0xFF, 0xFF, 0x07, 0xFF, 0x03, 0x7F, 0xC1, 0xC1, 0x80, 0xFF, 0xFF, 0x0D, 0xFF, 0x83, 0x7A, 0x60,
    0x3F, 0x18, 0x1E, 0xC6, 0x3F, 0x1E, 0x00, 0xC3, 0x80, 0x3E, 0x7C, 0x78, 0x07, 0x00, 0x00, 0x00,
    0x00, 0x00, 0x04, 0x11, 0x03, 0x04, 0x40, 0xC7, 0xFC, 0x7B, 0xFF, 0x3F, 0x7B, 0x80, 0xF7, 0xF0,
    0x79, 0x5E, 0x18, 0xEE, 0x0F, 0x7F, 0x87, 0x9F, 0xF3, 0xFF, 0xFE, 0x30, 0x30, 0x0C, 0x65, 0x83,
    0x31, 0x30, 0xD9, 0xC6, 0x30, 0x60, 0x00, 0x00, 0x00, 0x00, 0x00, 0x01, 0x10, 0x0F, 0xF7, 0xE3,
    0xFD, 0xFC, 0x37, 0xE0, 0x3F, 0xFF, 0x87, 0xF7, 0xE1, 0xFD, 0xFE, 0x63, 0x61, 0x99, 0x8F, 0xC2,
    0x6B, 0xE3, 0xFF, 0xFE, 0x7F, 0xFF, 0x03, 0xD9, 0xCF, 0xE3, 0xF3, 0xCF, 0x70, 0x7F, 0xC7, 0x9F,
    0x00, 0xE0, 0x00, 0x00, 0x1F, 0xFF, 0xC7, 0xFF, 0xF8, 0x0C, 0xC0, 0x03, 0x30, 0x00, 0xCC, 0x03,
    0xFF, 0xF0, 0xFF, 0xFC, 0x33, 0x33, 0x0C, 0xCC, 0xC3, 0x33, 0xF0, 0xD8, 0x7C, 0x3C, 0x03, 0x0E,
    0x00, 0xC3, 0x00, 0x30, 0xFF, 0xFC, 0x3F, 0xFF, 0x08, 0x00, 0xC0, 0x00, 0x00, 0x1F, 0xFF, 0xCF,
    0xFF, 0xF8, 0x08, 0x80, 0x3F, 0xFE, 0x1F, 0xFF, 0xC6, 0x63, 0x31, 0x98, 0x8C, 0x7F, 0xFF, 0x0F,
    0xFF, 0x80, 0x10, 0x03, 0xFF, 0xFE, 0x7F, 0xFF, 0x07, 0x8E, 0x01, 0xFF, 0x00, 0x1F, 0xE0, 0xFE,
    0x3F, 0x3E, 0x01, 0x80, 0x00, 0x00, 0x00, 0x00, 0x0F, 0xFF, 0xF9, 0xFF, 0xFC, 0x1F, 0xFC, 0x0F,
    0xFF, 0x83, 0xFF, 0xE0, 0x7F, 0xF0, 0x18, 0xFE, 0x1D, 0x7F, 0xCE, 0xFF, 0xE0, 0x7F, 0xF8, 0x30,
    0xC6, 0x3C, 0x7F, 0x83, 0x3F, 0xC0, 0xCF, 0xFC, 0x37, 0x87, 0x80, 0x00, 0x00, 0x00, 0x00, 0x00,
    0x00, 0x0F, 0xFF, 0xF9, 0xFF, 0xFC, 0x7F, 0xFE, 0x1F, 0xFF, 0xC7, 0xFF, 0xF0, 0xFF, 0xF8, 0xFF,
    0xBE, 0x3F, 0xEF, 0xC3, 0xFB, 0xF1, 0xFE, 0xFC, 0x6D, 0xF7, 0x1F, 0xEF, 0xC7, 0xFF, 0x33, 0xFF,
    0xBC, 0x0C, 0x4E, 0x00, 0x00, 0x00, 0x00, 0x00, 0x03, 0xFE, 0x01, 0xFF, 0xC0, 0x60, 0x30, 0x1F,
    0xFC, 0x07, 0xFF, 0x01, 0x80, 0xC0, 0x60, 0x30, 0x1F, 0xFC, 0x07, 0xFF, 0x01, 0x80, 0xC0, 0x60,
    0x30, 0x1F, 0xFC, 0x03, 0xFE, 0x60, 0x62, 0x18, 0x38, 0x86, 0xFC, 0x3F, 0x3C, 0x07, 0x80, 0x00,
    0x00, 0x02, 0x3F, 0x81, 0x8F, 0xF0, 0x62, 0x0C, 0x3E, 0xFF, 0x1F, 0xFF, 0xC1, 0x8C, 0x30, 0x63,
    0x0C, 0x18, 0xFF, 0x3F, 0xF0, 0xC7, 0xF8, 0x30, 0x63, 0xFC, 0x3C, 0xFE, 0x0D, 0x8E, 0x67, 0x36,
    0xD9, 0x87, 0x36, 0xE1, 0x8F, 0xB0, 0x41, 0xC0, 0x00, 0x00, 0x02, 0x00, 0x01, 0x8F, 0xE0, 0x23,
    0xFC, 0x7E, 0xC3, 0x3F, 0xBF, 0xC0, 0x6F, 0xF0, 0x33, 0xFC, 0x08, 0xFF, 0x07, 0x30, 0xC3, 0xEC,
    0x33, 0xEB, 0xFC, 0x48, 0xFE, 0x02, 0x1A, 0x60, 0x84, 0xD8, 0x23, 0x36, 0x09, 0x8F, 0x82, 0x41,
    0xC0, 0x00, 0x00, 0x02, 0x41, 0x01, 0xB0, 0xE0, 0x26, 0x60, 0x3F, 0xFE, 0x1F, 0xFF, 0xC6, 0xFF,
    0xB1, 0xFF, 0xEC, 0x18, 0x0C, 0x07, 0xFF, 0x01, 0xFF, 0xC0, 0x7F, 0xF0, 0x1F, 0xFC, 0x07, 0xFF,
    0x00, 0xFF, 0x98, 0x18, 0x86, 0xFC, 0x3F, 0x3E, 0x07, 0x80, 0x00, 0x00, 0x00, 0x04, 0x03, 0xF9,
    0x81, 0xFE, 0x7C, 0x6E, 0x1F, 0x9F, 0xFC, 0x07, 0xFE, 0x01, 0xFE, 0x7E, 0x6C, 0x00, 0x1F, 0xFF,
    0x03, 0xFF, 0xC0, 0x7F, 0xF0, 0x1F, 0xFC, 0x06, 0x03, 0x01, 0xFF, 0xD8, 0x3F, 0xE6, 0xFF, 0x7F,
    0x3F, 0x8F, 0x80, 0x00, 0x00, 0x02, 0x00, 0x01, 0x87, 0xE1, 0xFD, 0xFC, 0xFF, 0x63, 0x19, 0x9F,
    0xC3, 0x46, 0x30, 0xF1, 0x8C, 0xFF, 0x7F, 0x1F, 0xDF, 0xCF, 0xF6, 0x31, 0xFD, 0xFC, 0x7C, 0x7E,
    0x1F, 0x8E, 0x0F, 0xB3, 0xDB, 0x65, 0xB6, 0xD8, 0xCF, 0x02, 0x21, 0x80, 0x00, 0x00, 0x04, 0x00,
    0x03, 0x03, 0xE0, 0xFC, 0xFC, 0x7F, 0x23, 0x32, 0x0F, 0xC5, 0xC3, 0xF3, 0xFF, 0xCC, 0x37, 0x3F,
    0x1F, 0xEC, 0xCF, 0xFB, 0x31, 0xFC, 0xFC, 0x7F, 0x3E, 0x1F, 0xC5, 0x87, 0xF3, 0x79, 0xFE, 0xDE,
    0x7F, 0xE7, 0x88, 0x10, 0xE0, 0x00, 0x00, 0x00, 0x80, 0x00, 0x3F, 0x80, 0x1F, 0xF0, 0x0C, 0x18,
    0x07, 0x0C, 0x03, 0xFF, 0xF1, 0xE1, 0x8C, 0x08, 0x63, 0x03, 0xFF, 0xC0, 0xFF, 0xF0, 0x21, 0x8C,
    0x0F, 0xFF, 0x03, 0xFF, 0xC1, 0x80, 0x30, 0xC0, 0x0C, 0x70, 0x3F, 0x18, 0x0F, 0x00, 0x00, 0x00,
    0x02, 0x00, 0x01, 0xF7, 0xE0, 0x7D, 0xFC, 0x36, 0x13, 0x1F, 0xEC, 0xCF, 0xFF, 0x71, 0xB3, 0x38,
    0x6D, 0x8C, 0x1F, 0xEF, 0x06, 0xDF, 0xF9, 0xB3, 0xB0, 0x7F, 0xCC, 0x1F, 0xFF, 0xE6, 0x0F, 0xF3,
    0x82, 0x20, 0xC7, 0x8C, 0x31, 0xC2, 0x00, 0x00, 0x00, 0x04, 0x04, 0x03, 0xE1, 0x80, 0xF8, 0x60,
    0x36, 0x18, 0x1F, 0x8E, 0x8F, 0xF7, 0xF1, 0xBD, 0xEC, 0x6F, 0x7B, 0x1F, 0xDE, 0xC6, 0xF7, 0xB1,
    0xBD, 0xFC, 0x7F, 0x3E, 0x1F, 0xC6, 0xC6, 0x11, 0xB3, 0x84, 0x7E, 0xC7, 0xFF, 0xB1, 0xB8, 0x60,
    0x00, 0x00, 0x00, 0x00, 0x03, 0xFF, 0xE0, 0x7F, 0xF0, 0xFF, 0xFF, 0xBF, 0xFF, 0xE1, 0xFF, 0xC0,
    0x7F, 0xF0, 0x1F, 0xFC, 0x0F, 0xFF, 0x81, 0xFF, 0xC0, 0xFF, 0xF8, 0x30, 0x06, 0x0C, 0x01, 0x83,
    0xFF, 0xE0, 0xFF, 0xF8, 0x30, 0x06, 0x00, 0x00, 0x00, 0x00, 0x00, 0x00, 0x00, 0x07, 0xE0, 0x01,
    0xFB, 0xFE, 0x00, 0xFF, 0xBF, 0xC3, 0x0F, 0xF0, 0xC0, 0xF8, 0x30, 0x7E, 0x0C, 0x0F, 0x83, 0x07,
    0xE0, 0xC0, 0xF8, 0x30, 0x7E, 0x0C, 0x18, 0x83, 0x07, 0xE0, 0xC1, 0xF9, 0xF0, 0x60, 0x78, 0x00,
    0x00, 0x00, 0x00, 0x00, 0x00, 0x08, 0x03, 0xF2, 0x01, 0xFC, 0x80, 0x00, 0x20, 0x00, 0x08, 0x0F,
    0xFB, 0x00, 0x00, 0xC0, 0x7F, 0x3C, 0x0F, 0xCB, 0x87, 0xF2, 0x78, 0xFC, 0x8C, 0x7F, 0x20, 0x1F,
    0xC8, 0x06, 0x12, 0x01, 0xFC, 0x80, 0x7F, 0x20, 0x18, 0x08, 0x00, 0x00, 0x00, 0x00, 0x04, 0x03,
    0xE1, 0x81, 0xF8, 0x60, 0x00, 0x18, 0x00, 0x06, 0x0F, 0xF1, 0x80, 0x00, 0x60, 0x7E, 0xFF, 0x8F,
    0xBF, 0xC7, 0xE1, 0x80, 0xF8, 0x60, 0x7E, 0x18, 0x1F, 0x86, 0x06, 0x21, 0x81, 0xF8, 0x60, 0x7E,
    0x18, 0x18, 0x04, 0x00, 0x00, 0x00, 0x00, 0x02, 0x03, 0xE0, 0xC1, 0xF8, 0x30, 0x00, 0x0C, 0x00,
    0x03, 0x0F, 0xFF, 0xF8, 0x00, 0x30, 0x7E, 0x8C, 0x0F, 0x23, 0x07, 0xEC, 0xC0, 0xF9, 0x30, 0x7E,
    0x4C, 0x1F, 0x83, 0x06, 0x20, 0xC1, 0xF8, 0x30, 0x7E, 0x78, 0x18, 0x1C, 0x00, 0x00, 0x00, 0x07,
    0x90, 0x23, 0xE6, 0x18, 0x01, 0xB6, 0x00, 0x6D, 0x9F, 0xDB, 0x67, 0xF6, 0xD8, 0xF9, 0xB6, 0x3E,
    0x6D, 0x8F, 0x9B, 0x63, 0xE6, 0xD8, 0x71, 0xB6, 0x3E, 0x6D, 0x8D, 0x9B, 0x63, 0x66, 0xD8, 0xFB,
    0x36, 0x3E, 0x8D, 0x8C, 0x20, 0x60, 0x00, 0x00, 0x00, 0x00, 0x07, 0xE0, 0xE0, 0xFF, 0xF8, 0x00,
    0xF0, 0x3F, 0x98, 0x0F, 0xE6, 0x00, 0xF9, 0x80, 0x7E, 0x7F, 0x1F, 0xBF, 0xC7, 0xFE, 0x00, 0xF9,
    0x80, 0x7E, 0x61, 0x19, 0x98, 0x67, 0xE6, 0x19, 0xF8, 0xFC, 0x60, 0x1E, 0x00, 0x00, 0x00, 0x00,
    0x00, 0x00, 0x00, 0x07, 0xE7, 0xF0, 0xF9, 0xFC, 0x00, 0x03, 0x3F, 0xC0, 0xCF, 0xF0, 0x30, 0xF8,
    0x0C, 0x7E, 0x7F, 0x0F, 0x9F, 0xC7, 0xE6, 0x00, 0xF1, 0x80, 0x7E, 0x60, 0x18, 0x98, 0x67, 0xE4,
    0x19, 0xF9, 0xFE, 0x60, 0x3F, 0x00, 0x00, 0x00, 0x00, 0x00, 0x00, 0x09, 0x83, 0xE3, 0x61, 0xF8,
    0xD8, 0x00, 0x26, 0x00, 0x18, 0xCF, 0xE6, 0x30, 0x03, 0x66, 0x7E, 0x99, 0x8F, 0xA6, 0x47, 0xE1,
    0xE0, 0xF8, 0xD8, 0x7E, 0x37, 0x1F, 0x98, 0xC6, 0x24, 0xF1, 0xFB, 0xFE, 0x7E, 0xF1, 0x98, 0x00,
    0x40, 0x00, 0x00, 0x00, 0x04, 0x03, 0xE1, 0x81, 0xF8, 0x60, 0x00, 0xFF, 0x00, 0x7F, 0xEF, 0xF3,
    0x00, 0x00, 0xC0, 0x7E, 0x30, 0x0F, 0x8F, 0xC7, 0xE3, 0xF0, 0xF8, 0xCC, 0x7E, 0x63, 0x1F, 0x90,
    0xC6, 0x26, 0x31, 0xF9, 0x8C, 0x7E, 0x6F, 0x18, 0x13, 0x00, 0x00, 0x00, 0x00, 0x00, 0x07, 0xE7,
    0x80, 0xF3, 0xE0, 0x00, 0xC8, 0x3F, 0xD2, 0x4F, 0xF4, 0x90, 0xFB, 0x3C, 0x7F, 0x86, 0x1F, 0xFF,
    0x07, 0xEF, 0xC0, 0xF9, 0x10, 0x7E, 0x6C, 0x19, 0x8E, 0x07, 0xE3, 0xC1, 0xFB, 0xBC, 0x60, 0xC3,
    0x00, 0x00, 0x00, 0x00, 0x00, 0x00, 0x10, 0x03, 0xE4, 0x01, 0xF9, 0x00, 0x00, 0x7E, 0x00, 0x3F,
    0xCF, 0xF9, 0x80, 0x06, 0x60, 0x7E, 0x18, 0x0F, 0x86, 0x07, 0xFF, 0xF8, 0xFB, 0xFC, 0x7E, 0x18,
    0x1F, 0x86, 0x06, 0x21, 0x81, 0xF8, 0x60, 0x7E, 0x18, 0x18, 0x04, 0x00, 0x00, 0x00, 0x00, 0x00,
    0x07, 0xE7, 0xF0, 0xF1, 0xFC, 0xFF, 0x43, 0x3F, 0xD8, 0xC0, 0x04, 0x30, 0xF9, 0xFC, 0x7E, 0x7F,
    0x0F, 0x9E, 0x07, 0xE7, 0x80, 0xF1, 0xB0, 0x7E, 0x6C, 0x19, 0xB1, 0x86, 0x78, 0x61, 0xFE, 0x0C,
    0x60, 0x81, 0x80, 0x00, 0x00, 0x00, 0x00, 0x00, 0x03, 0x83, 0xCF, 0xF1, 0xF7, 0xC0, 0x01, 0x80,
    0x00, 0x60, 0x0F, 0xF8, 0x00, 0x07, 0xFE, 0x7D, 0xDD, 0x0F, 0x62, 0x07, 0xDE, 0xC0, 0xF7, 0xF8,
    0x7D, 0x9F, 0x9F, 0x62, 0x46, 0xD8, 0xC1, 0xFC, 0x30, 0x7F, 0x0C, 0x18, 0x42, 0x00, 0x00, 0x00,
    0x00, 0x04, 0x03, 0xC1, 0x01, 0xF0, 0xE0, 0x00, 0x6C, 0x1F, 0xB1, 0xCF, 0xF8, 0x38, 0xE0, 0x30,
    0x7C, 0x38, 0x0F, 0x38, 0x07, 0xCC, 0x60, 0xF0, 0x70, 0x7C, 0xF9, 0x9F, 0x38, 0xC6, 0x40, 0xE1,
    0xF0, 0x70, 0x7C, 0xF0, 0x18, 0x38, 0x00, 0x00, 0x00, 0x00, 0x00, 0x07, 0xCF, 0xF0, 0xF3, 0xF8,
    0x00, 0x18, 0x3F, 0x86, 0x0F, 0xE1, 0x80, 0xF2, 0x60, 0x7D, 0x9E, 0x0F, 0x67, 0xC7, 0xD9, 0x80,
    0xF6, 0x60, 0x7D, 0x98, 0x19, 0x26, 0x07, 0xDF, 0xF1, 0xFF, 0xFE, 0x60, 0x00, 0x00, 0x00, 0x00,
    0x00, 0x00, 0x00, 0x10, 0x03, 0xC6, 0x01, 0xF1, 0x00, 0x00, 0xFF, 0x00, 0x3F, 0xEF, 0xFE, 0x00,
    0x0F, 0x80, 0x7F, 0x60, 0x0F, 0x5F, 0xC7, 0xC7, 0xE0, 0xF1, 0x80, 0x7C, 0x7F, 0x1F, 0x1F, 0x86,
    0x44, 0x01, 0xF1, 0x80, 0x7C, 0x60, 0x18, 0x10, 0x00, 0x00, 0x00, 0x0F, 0xBF, 0xC7, 0xEF, 0xF8,
    0x00, 0x66, 0x7F, 0x39, 0xBF, 0xCC, 0x60, 0x03, 0x18, 0x01, 0x86, 0x7E, 0xCF, 0x0F, 0xA3, 0x87,
    0xE7, 0xF8, 0xF9, 0xFE, 0x7E, 0x41, 0x9F, 0x98, 0x66, 0x24, 0x19, 0xF9, 0xFE, 0x7E, 0x7F, 0x98,
    0x10, 0x60, 0x00, 0x00, 0x00, 0x00, 0x07, 0xCF, 0xE0, 0xE1, 0xF0, 0x00, 0x92, 0x3F, 0xA4, 0x8F,
    0xED, 0x30, 0xF9, 0xF8, 0x7E, 0x54, 0x1F, 0xFF, 0xC7, 0xFF, 0xF1, 0xF8, 0x40, 0x7E, 0x10, 0x19,
    0x84, 0x07, 0xE1, 0x01, 0xF8, 0x40, 0x60, 0x10, 0x00, 0x00, 0x00, 0x00, 0x00, 0x07, 0xDF, 0xC3,
    0xF7, 0xF8, 0x00, 0x06, 0x00, 0x01, 0x9F, 0xDF, 0xE7, 0xF7, 0xF8, 0xFC, 0x06, 0x3F, 0x7D, 0x87,
    0xDF, 0x63, 0xF6, 0xD8, 0xFD, 0xF6, 0x3F, 0x7D, 0x8C, 0xC0, 0x63, 0x30, 0x18, 0xFC, 0x06, 0x3F,
    0x0F, 0x8C, 0x03, 0xC0, 0x00, 0x00, 0x00, 0x18, 0x03, 0xC7, 0x81, 0xF0, 0x70, 0x00, 0x00, 0x00,
    0x00, 0x0F, 0xFF, 0x80, 0x00, 0x66, 0x7C, 0x19, 0x8F, 0x77, 0xC7, 0xDD, 0xE0, 0xF1, 0x58, 0x7C,
    0xDE, 0x1F, 0x27, 0xC6, 0x59, 0xB1, 0xFC, 0x6E, 0x7E, 0x71, 0x98, 0x18, 0x00, 0x00, 0x00, 0x00,
    0x10, 0x03, 0xEC, 0xE1, 0xF9, 0xF8, 0x00, 0x71, 0x1F, 0xF0, 0x6F, 0xF7, 0xF8, 0x00, 0xF8, 0x7E,
    0x3E, 0x0F, 0x9F, 0x87, 0xEC, 0x20, 0xF9, 0xF8, 0x7E, 0x7E, 0x19, 0xB0, 0x86, 0x64, 0x21, 0xF9,
    0xF8, 0x60, 0x42, 0x00, 0x00, 0x00, 0x00, 0x00, 0x00, 0x02, 0x03, 0xC0, 0xC1, 0xF0, 0x2C, 0x00,
    0x1D, 0x80, 0x7F, 0xEF, 0xC0, 0xC0, 0x00, 0x30, 0x7C, 0x0C, 0x0E, 0x7F, 0x07, 0xDE, 0xC0, 0xF1,
    0xB8, 0x7C, 0x66, 0x1F, 0x1D, 0xE6, 0x5F, 0x79, 0xF6, 0x1E, 0x7C, 0x07, 0x98, 0x00, 0x80, 0x00,
    0x00, 0x00, 0x04, 0x03, 0xE1, 0x81, 0xF8, 0x60, 0x00, 0x7F, 0x00, 0x06, 0x0F, 0xF1, 0x80, 0x07,
    0xFE, 0x7E, 0x46, 0x0F, 0x81, 0x87, 0xEF, 0xF8, 0xFB, 0xFC, 0x7E, 0x46, 0x1F, 0x9D, 0x86, 0x22,
    0x61, 0xF8, 0x18, 0x7E, 0x3E, 0x18, 0x0E, 0x00, 0x00, 0x00, 0x00, 0x3C, 0x03, 0xEF, 0x01, 0xF8,
    0x60, 0x00, 0x7C, 0x00, 0x39, 0x8F, 0xF8, 0x30, 0x0C, 0x06, 0x7F, 0xFF, 0x0F, 0xBF, 0x87, 0xE1,
    0x00, 0xFB, 0xFC, 0x7E, 0xFE, 0x1F, 0x84, 0x06, 0x21, 0x01, 0xFB, 0xFE, 0x7E, 0xFF, 0x98, 0x00,
    0x00, 0x00, 0x00, 0x00, 0x00, 0x03, 0x81, 0x81, 0xF0, 0x60, 0x00, 0xFF, 0x80, 0x06, 0x0F, 0xE1,
    0x80, 0x00, 0x60, 0x7E, 0x7F, 0x0F, 0x9F, 0x87, 0xE0, 0x00, 0xF9, 0xFC, 0x7E, 0x7F, 0x1F, 0x98,
    0xC6, 0x26, 0x31, 0xF9, 0xFC, 0x7E, 0x7F, 0x18, 0x10, 0xC0, 0x00, 0x00, 0x00, 0x01, 0xC3, 0xE7,
    0xF1, 0xF9, 0xF0, 0x00, 0x18, 0x00, 0x06, 0x0F, 0xE1, 0x80, 0x03, 0xFE, 0x7E, 0x7B, 0x0F, 0x86,
    0x07, 0xE1, 0x80, 0xF9, 0xFC, 0x7E, 0x6F, 0x1F, 0x98, 0xC6, 0x26, 0x31, 0xF9, 0xFC, 0x7E, 0x7F,
    0x18, 0x10, 0xC0, 0x00, 0x00, 0x00, 0x04, 0x03, 0xC1, 0x81, 0xF0, 0x60, 0x01, 0xFF, 0x1E, 0xFF,
    0xEF, 0xC7, 0x00, 0xE3, 0x80, 0x7F, 0x86, 0x0E, 0x33, 0x07, 0xC7, 0x98, 0xF0, 0xCC, 0x7C, 0x66,
    0x1F, 0xF3, 0x06, 0x59, 0xE1, 0xF1, 0xDC, 0x7F, 0xE3, 0x98, 0x60, 0x60, 0x00, 0x00, 0x00, 0x11,
    0x07, 0xC4, 0x61, 0xF1, 0xB0, 0x01, 0xFF, 0x1F, 0xFF, 0xCF, 0xE1, 0x00, 0x00, 0xE0, 0x7C, 0xFE,
    0x0E, 0x06, 0x07, 0xC3, 0x80, 0xFF, 0xFC, 0x7C, 0x10, 0x1B, 0x04, 0x06, 0xC1, 0x01, 0xF0, 0x40,
    0x60, 0x10, 0x00, 0x00, 0x00, 0x00, 0x00, 0x00, 0x08, 0x03, 0xC2, 0x01, 0xF1, 0xC0, 0x3B, 0xFF,
    0xBF, 0xB3, 0x00, 0x1C, 0xE0, 0x0F, 0xFE, 0x7E, 0x29, 0x0F, 0x00, 0x07, 0xFF, 0xF8, 0xF7, 0xFC,
    0x7C, 0xFF, 0x1F, 0x7F, 0xC6, 0x58, 0x31, 0xF4, 0x0C, 0x7C, 0x3E, 0x18, 0x0F, 0x00, 0x00, 0x00,
    0x04, 0x42, 0x03, 0x18, 0xC0, 0x67, 0x60, 0xFF, 0xFF, 0x87, 0xFF, 0x03, 0xFF, 0xE3, 0x80, 0x0E,
    0x7F, 0xFF, 0x07, 0xFF, 0x03, 0xFF, 0xE0, 0x7F, 0xF0, 0x3F, 0xFE, 0x00, 0x00, 0x07, 0xFF, 0xF1,
    0xFF, 0xFC, 0x7F, 0xFF, 0x0F, 0xFF, 0xC0, 0x00, 0x00, 0x00, 0x04, 0x07, 0xC1, 0x01, 0xF0, 0x40,
    0x01, 0xFF, 0x1F, 0xFF, 0xCF, 0xE1, 0x00, 0xE0, 0x40, 0x7C, 0xBE, 0x0E, 0x3F, 0x87, 0xC3, 0x00,
    0xE0, 0x60, 0x7F, 0xCB, 0x1B, 0xF0, 0x66, 0xE4, 0x79, 0xF9, 0xF0, 0x60, 0x7C, 0x00, 0x00, 0x00,
    0x00, 0x00, 0x00, 0x00, 0x07, 0xFF, 0xF0, 0xF7, 0xFC, 0x00, 0x23, 0x3F, 0xF8, 0xCF, 0xEF, 0x30,
    0xF1, 0xEC, 0x7C, 0xD3, 0x0F, 0x63, 0xC7, 0xD2, 0xC0, 0xF5, 0xC8, 0x7F, 0xDB, 0x1B, 0xFE, 0x67,
    0xFC, 0x79, 0xF9, 0xFE, 0x60, 0x3C, 0x00, 0x00, 0x00, 0x00, 0x00, 0x02, 0x03, 0x8F, 0xF7, 0xE3,
    0xFD, 0xC0, 0x1F, 0x7F, 0x1F, 0xDF, 0xCF, 0x8C, 0x80, 0x66, 0x20, 0x79, 0x98, 0x1F, 0xFF, 0x0F,
    0xFF, 0xF8, 0xFF, 0xF0, 0x3F, 0xFC, 0x00, 0x00, 0x03, 0xFF, 0xC0, 0xFF, 0xF0, 0x3F, 0xFC, 0x00,
    0x00, 0x00, 0x00, 0x00, 0x00, 0x00, 0xC7, 0xDD, 0xF1, 0xFF, 0xF0, 0x00, 0xC4, 0x1F, 0x61, 0x0F,
    0xD8, 0x40, 0x0C, 0xD8, 0x7F, 0xF7, 0x0E, 0x3D, 0x87, 0xCF, 0x40, 0xF1, 0xD0, 0x7F, 0xFF, 0x1B,
    0x6F, 0xC6, 0xDC, 0x01, 0xFF, 0xC0, 0x66, 0x3F, 0x00, 0x00, 0x00, 0x00, 0x00, 0x00, 0x01, 0x83,
    0xCF, 0xF1, 0xF3, 0xE0, 0x00, 0x10, 0x00, 0x0E, 0x0F, 0xFF, 0xF8, 0x00, 0xF0, 0x7C, 0x7E, 0x0F,
    0xF7, 0xE7, 0xDF, 0xF0, 0xF3, 0xFC, 0x7C, 0x27, 0x9F, 0x19, 0xE6, 0x44, 0x19, 0xF3, 0x06, 0x7F,
    0x8F, 0x18, 0x43, 0x80, 0x00, 0x00, 0x00, 0x00, 0x07, 0xCF, 0xF8, 0xF3, 0xFC, 0x00, 0x10, 0x3F,
    0xDF, 0xCF, 0xF7, 0xF0, 0xF8, 0x8C, 0x7E, 0xFF, 0x0F, 0xBF, 0xE7, 0xE7, 0xE0, 0xF9, 0xFC, 0x7E,
    0x63, 0x18, 0x90, 0xC7, 0xE7, 0xF1, 0xF9, 0xFC, 0x60, 0x63, 0x00, 0x00, 0x00, 0x00, 0x00, 0x00,
    0x02, 0x03, 0xC0, 0xC1, 0xF0, 0x3C, 0x00, 0x1D, 0x80, 0x3F, 0xEF, 0xCC, 0xC0, 0x02, 0x30, 0x7C,
    0xCF, 0x0F, 0x3F, 0xC7, 0xCF, 0xF0, 0xF2, 0xF8, 0x7C, 0xF6, 0x1F, 0x2D, 0xE6, 0x5E, 0xF9, 0xFD,
    0x7E, 0x7F, 0x37, 0x98, 0x48, 0x80, 0x00, 0x00, 0x00, 0x0F, 0x83, 0xC3, 0xF1, 0xF0, 0x8C, 0x00,
    0x23, 0x00, 0x6C, 0xCF, 0xFB, 0xF0, 0x06, 0x00, 0x7D, 0x80, 0x0F, 0x7F, 0xC7, 0xCF, 0xF0, 0xF0,
    0x0C, 0x7F, 0xFF, 0x9F, 0x7F, 0xC6, 0x42, 0x61, 0xF1, 0x9C, 0x7D, 0xC3, 0x98, 0x60, 0x60, 0x00,
    0x00, 0x00, 0x20, 0xC3, 0xFC, 0x71, 0xF9, 0x38, 0x00, 0xBC, 0x00, 0x7F, 0xCF, 0xF8, 0x30, 0x06,
    0x0C, 0x7F, 0x83, 0x0F, 0xE0, 0xC7, 0xFF, 0xF0, 0xFB, 0xF8, 0x7E, 0x28, 0x1F, 0x9B, 0x66, 0x24,
    0xD9, 0xFF, 0x36, 0x7F, 0x8F, 0x98, 0x41, 0xE0, 0x00, 0x00, 0x00, 0x04, 0x03, 0xC1, 0x01, 0xF7,
    0xFC, 0x03, 0xFF, 0x1F, 0x84, 0x0F, 0xEF, 0xE0, 0x03, 0xF8, 0x7C, 0xFE, 0x0E, 0xFF, 0xC7, 0xF4,
    0x98, 0xED, 0x26, 0x7C, 0x48, 0x1B, 0x12, 0x06, 0xCC, 0x99, 0xFE, 0x3E, 0x67, 0x07, 0x00, 0x00,
    0x00, 0x00, 0x00, 0x00, 0x12, 0x03, 0xC4, 0xC1, 0xF3, 0x60, 0x01, 0xFF, 0x00, 0x7F, 0xEF, 0xF9,
    0x80, 0x1E, 0x60, 0x7C, 0xFF, 0x0F, 0x7F, 0x87, 0xD9, 0x80, 0xF7, 0xFC, 0x7D, 0xFE, 0x1F, 0x66,
    0x06, 0x59, 0x81, 0xF3, 0xFE, 0x7D, 0xFF, 0x18, 0x20, 0x00, 0x00, 0x00, 0x0F, 0x3F, 0x87, 0xCF,
    0xF0, 0x02, 0x6C, 0x7C, 0xFF, 0x3F, 0x3F, 0xC0, 0x0D, 0xB0, 0x02, 0x6C, 0x7C, 0xFF, 0x0F, 0x3F,
    0x87, 0xDF, 0xF8, 0xF7, 0xFC, 0x7C, 0x7E, 0x1F, 0x1F, 0x86, 0x4D, 0xF1, 0xF6, 0x6E, 0x7D, 0x19,
    0x98, 0x04, 0x00, 0x00, 0x00, 0x0F, 0xBF, 0xC3, 0xEF, 0xF8, 0x02, 0x66, 0x00, 0x99, 0x9F, 0xBF,
    0xE7, 0xCF, 0xF8, 0xFB, 0xFE, 0x3E, 0xFF, 0x8F, 0xAF, 0x63, 0xEF, 0xF8, 0x73, 0x9E, 0x3E, 0xFF,
    0x8D, 0xBF, 0xE3, 0xF8, 0x18, 0xFC, 0x1E, 0x33, 0x07, 0x00, 0x00, 0x00, 0x00, 0x00, 0x00, 0x08,
    0x03, 0xD2, 0x21, 0xFE, 0x8C, 0x01, 0xA7, 0x00, 0x7D, 0x8F, 0xEF, 0x80, 0x06, 0x20, 0x7D, 0x87,
    0x8F, 0x49, 0xC7, 0xD2, 0x30, 0xE6, 0x8C, 0x7D, 0xA6, 0x1F, 0x3D, 0x06, 0x45, 0x81, 0xF3, 0x38,
    0x7F, 0x87, 0x98, 0xC0, 0xE0, 0x00, 0x00, 0x00, 0x04, 0x07, 0xDF, 0xF1, 0xFF, 0xFC, 0x00, 0xFE,
    0x1F, 0xBF, 0x8F, 0xFF, 0xF0, 0xEF, 0xFC, 0x7C, 0x00, 0x0E, 0x3F, 0x87, 0xCF, 0xE0, 0xE3, 0xF8,
    0x7C, 0xC2, 0x1B, 0x3F, 0x86, 0xCC, 0x21, 0xF2, 0x18, 0x60, 0x9E, 0x00, 0x00, 0x00, 0x00, 0x00,
    0x00, 0x08, 0x07, 0xC3, 0x01, 0xF1, 0xE0, 0x00, 0x48, 0x1F, 0x33, 0x0F, 0xDF, 0xF0, 0x0D, 0xEC,
    0x7C, 0x00, 0x0E, 0x00, 0x07, 0xFF, 0xE0, 0xEF, 0xC8, 0x7F, 0xF2, 0x1B, 0xFF, 0x86, 0xFF, 0x21,
    0xFD, 0xD8, 0x63, 0x76, 0x00, 0x00, 0x00, 0x00, 0x00, 0x00, 0x04, 0x03, 0x81, 0x81, 0xF0, 0xE0,
    0x01, 0xFF, 0x80, 0x71, 0x8F, 0xEC, 0x60, 0x01, 0x30, 0x7D, 0xFF, 0x8F, 0xFF, 0xE7, 0xF1, 0x98,
    0xF7, 0xFC, 0x7C, 0xFF, 0x1F, 0x66, 0xC6, 0x59, 0xB1, 0xF6, 0x78, 0x7C, 0x9E, 0x18, 0x04, 0x00,
    0x00, 0x00, 0x00, 0x22, 0x03, 0xC8, 0x91, 0xF3, 0x3E, 0x00, 0xFE, 0x00, 0x23, 0x0F, 0xF8, 0xD8,
    0x03, 0xF6, 0x7D, 0xFF, 0x0F, 0x6D, 0x87, 0xCF, 0xF0, 0xF3, 0xFC, 0x7C, 0xFF, 0x1F, 0x3F, 0xC6,
    0x48, 0x31, 0xF3, 0xFC, 0x7C, 0xFF, 0x18, 0x20, 0xC0, 0x00, 0x00, 0x00, 0x0C, 0x03, 0xC3, 0x81,
    0xF1, 0xE0, 0x00, 0xCC, 0x00, 0xF3, 0xCF, 0xFF, 0xF8, 0xA1, 0x00, 0x7D, 0xE3, 0x0E, 0xFF, 0xC7,
    0xFF, 0xF0, 0xFF, 0xFC, 0x7F, 0xFF, 0x1F, 0xFF, 0xC6, 0xF3, 0xF1, 0xFC, 0xCC, 0x7F, 0x7E, 0x18,
    0x5B, 0x00, 0x00, 0x00, 0x00, 0x04, 0x03, 0x81, 0x01, 0xFE, 0x60, 0x01, 0xBF, 0x80, 0x0E, 0x6F,
    0xE3, 0xB0, 0x06, 0x30, 0x7D, 0x9C, 0x0F, 0x6F, 0x87, 0xF6, 0x78, 0xF5, 0x0C, 0x7C, 0xFF, 0x1F,
    0x7F, 0xC6, 0x58, 0x31, 0xF3, 0xFC, 0x7D, 0xFF, 0x18, 0x20, 0xC0, 0x00, 0x00, 0x00, 0x08, 0x03,
    0xC2, 0x21, 0xF3, 0xF8, 0x01, 0xFE, 0x1F, 0x0B, 0x0F, 0xFF, 0xF0, 0x0F, 0xFC, 0x7C, 0x30, 0x0E,
    0x1C, 0x07, 0xDF, 0xE0, 0xFF, 0xF8, 0x7C, 0x7E, 0x1B, 0x30, 0x86, 0xCC, 0x61, 0xF1, 0xF8, 0x60,
    0x46, 0x00, 0x00, 0x00, 0x00, 0x00, 0x00, 0x11, 0x03, 0xC4, 0x41, 0xF7, 0xFC, 0x03, 0xFF, 0x1F,
    0xB1, 0x0F, 0xE6, 0x40, 0x00, 0x80, 0x7C, 0x70, 0x0E, 0xFF, 0xC7, 0xCC, 0x00, 0xE3, 0x00, 0x7D,
    0xFE, 0x1B, 0xF0, 0x86, 0xC4, 0x21, 0xF1, 0xF8, 0x60, 0x46, 0x00, 0x00, 0x00, 0x00, 0x00, 0x00,
    0x11, 0x03, 0xC4, 0x61, 0xF3, 0x98, 0x01, 0xFF, 0x80, 0x3F, 0x8F, 0xE7, 0xE0, 0x01, 0x98, 0x7C,
    0x66, 0x0F, 0x1F, 0x87, 0xC7, 0xC0, 0xF7, 0xFE, 0x7D, 0xFF, 0x1F, 0x1F, 0x86, 0x4D, 0xE1, 0xF6,
    0x6E, 0x7D, 0x19, 0x98, 0x04, 0x00, 0x00, 0x00, 0x0F, 0x3F, 0x83, 0xFF, 0xF0, 0x06, 0x0C, 0x01,
    0xFF, 0x1F, 0xFF, 0xC7, 0xFF, 0xF0, 0xFB, 0xF8, 0x3E, 0x7F, 0x8F, 0xFF, 0xE3, 0xF9, 0xD8, 0x17,
    0xFE, 0x3F, 0xF1, 0x8D, 0xF1, 0xE3, 0x6F, 0xD8, 0xF9, 0xE6, 0x3E, 0x0F, 0x88, 0x03, 0xC0, 0x00,
    0x00, 0x00, 0x08, 0x03, 0xD2, 0x21, 0xF6, 0x98, 0x65, 0xFE, 0x19, 0x7F, 0x87, 0xFF, 0xF1, 0xFF,
    0xFC, 0x64, 0xFC, 0x1B, 0x7F, 0x87, 0xFF, 0xF1, 0xBB, 0xF4, 0x64, 0xFC, 0x19, 0x00, 0x0C, 0x5F,
    0xC3, 0x77, 0xF0, 0xD9, 0xFC, 0x00, 0x00, 0x00, 0x00, 0x00, 0x00, 0x42, 0x03, 0xDA, 0xD1, 0xF3,
    0xF6, 0x01, 0xBD, 0x80, 0x66, 0xCF, 0xC9, 0xC0, 0x03, 0xFE, 0x7C, 0x1E, 0x0F, 0xE7, 0xC7, 0xFF,
    0xB0, 0xF3, 0xF6, 0x7C, 0xED, 0x9F, 0x33, 0x06, 0x48, 0x01, 0xF7, 0x00, 0x7F, 0x7F, 0x98, 0x8F,
    0xE0, 0x00, 0x00, 0x00, 0x22, 0x03, 0xCD, 0xC1, 0xF3, 0xE0, 0x01, 0xFF, 0x00, 0x7F, 0x0F, 0xFF,
    0xE0, 0x01, 0xF8, 0x7D, 0xFF, 0x8F, 0x7F, 0xC7, 0xC7, 0x60, 0xF7, 0xF8, 0x7D, 0xFC, 0x1F, 0x37,
    0x86, 0x5F, 0xE1, 0xFD, 0xEE, 0x7E, 0x79, 0x98, 0x14, 0x00, 0x00, 0x00, 0x00, 0x0A, 0x03, 0xDF,
    0xF1, 0xF7, 0xFE, 0x00, 0x7C, 0x1F, 0x3F, 0xCF, 0xFF, 0xF0, 0xEF, 0xFE, 0x7C, 0x18, 0x0F, 0x3F,
    0xC7, 0xDF, 0xF0, 0xF7, 0xFC, 0x7C, 0xFF, 0x1F, 0x7F, 0xE6, 0x5F, 0xF9, 0xF2, 0x0C, 0x7D, 0x9F,
    0x18, 0x27, 0x00, 0x00, 0x00, 0x00, 0x10, 0x83, 0xCC, 0x31, 0xF7, 0x8C, 0x01, 0xE3, 0x00, 0x79,
    0xCF, 0xFF, 0xF8, 0x27, 0xCC, 0x7F, 0xFF, 0x0E, 0x6F, 0xC7, 0xF3, 0xF0, 0xFF, 0xEC, 0x7F, 0xF3,
    0x1F, 0xD8, 0xC6, 0x4E, 0x31, 0xF6, 0x8C, 0x7F, 0x7E, 0x18, 0x9B, 0x00, 0x00, 0x00, 0x00, 0x03,
    0x87, 0xCF, 0xE1, 0xF3, 0xC8, 0x00, 0x83, 0x1F, 0xB5, 0x8F, 0xE5, 0x40, 0x00, 0x00, 0x7C, 0xFE,
    0x0E, 0x3F, 0x87, 0xFF, 0xF0, 0xF2, 0x68, 0x7C, 0x92, 0x1B, 0x24, 0x86, 0xCF, 0xA1, 0xF3, 0xF8,
    0x60, 0xC2, 0x00, 0x00, 0x00, 0x00, 0x00, 0x00, 0x11, 0x07, 0xDF, 0xF1, 0xF7, 0xFC, 0x7E, 0x44,
    0x3F, 0xBF, 0x83, 0xCF, 0xE1, 0xF2, 0x48, 0x00, 0xFF, 0x1F, 0x3F, 0x80, 0x1F, 0xF0, 0x0F, 0xFC,
    0x7C, 0x38, 0x1B, 0x3F, 0x86, 0xC1, 0x81, 0xFC, 0xE4, 0x67, 0xFF, 0x00, 0x00, 0x00, 0x00, 0x00,
    0x00, 0x22, 0x03, 0x08, 0xC1, 0xE7, 0x6C, 0x03, 0xFB, 0x00, 0xCF, 0x6F, 0xD3, 0xD8, 0x07, 0xB0,
    0x7B, 0xFF, 0x8E, 0xFF, 0xC7, 0x9F, 0xD8, 0xE7, 0xFC, 0x79, 0xFB, 0x1E, 0x7F, 0x87, 0x9F, 0xF9,
    0xE7, 0xFE, 0x79, 0x77, 0x98, 0x18, 0xE0, 0x00, 0x00, 0x00, 0x21, 0x03, 0xCC, 0xE1, 0xF1, 0xB0,
    0x01, 0xFF, 0x00, 0x5B, 0x0F, 0xFC, 0xF0, 0xE3, 0x38, 0x7C, 0x6C, 0x0F, 0xFF, 0xE7, 0xFF, 0xF0,
    0xF3, 0xF8, 0x7C, 0xFE, 0x1F, 0x3F, 0x86, 0x4F, 0xE1, 0xF3, 0xF8, 0x7C, 0xFE, 0x18, 0x21, 0x00,
    0x00, 0x00, 0x02, 0x44, 0x07, 0xFD, 0x83, 0xFF, 0xFC, 0x7F, 0xBF, 0x9F, 0xFD, 0x8F, 0xFF, 0x60,
    0xFF, 0x70, 0x07, 0xFF, 0x87, 0xFF, 0x00, 0xFF, 0x83, 0xFF, 0xFE, 0x7F, 0xFF, 0x03, 0xFE, 0x01,
    0xFF, 0xC0, 0x7F, 0xF0, 0x1F, 0xFC, 0x03, 0xFE, 0x00, 0x00, 0x00, 0x00, 0x12, 0x03, 0xDF, 0xF1,
    0xF7, 0xFC, 0x00, 0x70, 0x1E, 0x3F, 0x8F, 0xEF, 0xC0, 0xDF, 0xFE, 0x7C, 0x7E, 0x0E, 0x7E, 0xC7,
    0xDE, 0xC0, 0xF7, 0xFE, 0x7D, 0xFF, 0x1F, 0x1B, 0xC6, 0x5E, 0xF1, 0xF7, 0x3E, 0x7D, 0xFF, 0x98,
    0x6C, 0xE0, 0x00, 0x00, 0x00, 0x04, 0x03, 0xDF, 0xF9, 0xF7, 0xFE, 0x01, 0xCF, 0x00, 0x70, 0xEF,
    0xCE, 0xC0, 0x07, 0xFC, 0x7C, 0xFE, 0x0F, 0x3F, 0xC7, 0xCF, 0xE0, 0xF7, 0xFE, 0x7D, 0xFF, 0x1F,
    0x32, 0xC6, 0x7C, 0xF1, 0xFD, 0xB8, 0x7D, 0xE7, 0x98, 0x60, 0xE0, 0x00, 0x00, 0x00, 0x11, 0x03,
    0xDF, 0xF1, 0xFF, 0xFE, 0x7C, 0xDC, 0x3F, 0x6E, 0x00, 0x9F, 0xF1, 0xFE, 0x60, 0x3F, 0xFE, 0x1F,
    0xBF, 0x83, 0xDF, 0xE1, 0xF3, 0xF8, 0x7C, 0xFE, 0x1B, 0x3F, 0x86, 0xC6, 0xC1, 0xF0, 0xE0, 0x7F,
    0xFF, 0x98, 0x71, 0xC0, 0x00, 0x00, 0x00, 0x88, 0x00, 0x63, 0x00, 0x30, 0x60, 0x38, 0x8E, 0x1C,
    0x31, 0xC0, 0x3E, 0x00, 0x18, 0xC0, 0x04, 0x18, 0x0F, 0x07, 0x8F, 0x80, 0xF9, 0x3F, 0xE4, 0x0F,
    0xFC, 0x02, 0x03, 0x00, 0x80, 0xC0, 0x3F, 0xF0, 0x0F, 0xFC, 0x02, 0x02, 0x00, 0x00, 0x00, 0x00,
    0x00, 0x0F, 0xFF, 0xF1, 0xFF, 0xF8, 0x00, 0x00, 0x0F, 0xFE, 0x03, 0xFF, 0xC0, 0xC0, 0x30, 0x30,
    0x0C, 0x0C, 0x03, 0x03, 0xFF, 0xC0, 0xFF, 0xF0, 0x0C, 0x20, 0x03, 0x98, 0x00, 0x64, 0x01, 0xFF,
    0xFC, 0xFF, 0xFF, 0x80, 0x00, 0x00, 0x00, 0x00, 0x00, 0x90, 0x00, 0x24, 0x00, 0x1F, 0x80, 0x3F,
    0xFE, 0x0F, 0xFF, 0x83, 0xFF, 0xE0, 0xDB, 0x98, 0x3F, 0xFE, 0x07, 0xFF, 0x07, 0xFF, 0xF0, 0xFF,
    0xF8, 0x0F, 0xF8, 0x07, 0xDF, 0x01, 0xFF, 0xC0, 0x3F, 0xE0, 0xFF, 0xFF, 0xBF, 0xFF, 0xE0, 0x00,
    0x00, 0x00, 0x00, 0x07, 0xFF, 0xF1, 0xF7, 0xF8, 0x64, 0x6C, 0x19, 0x13, 0xC7, 0xFE, 0xF1, 0xFE,
    0xFC, 0x64, 0x7E, 0x1F, 0xF7, 0x87, 0xFB, 0xE1, 0x91, 0xEC, 0x65, 0xDB, 0x19, 0xE6, 0x66, 0x41,
    0x83, 0x30, 0x60, 0xDD, 0xF0, 0x00, 0x00, 0x00, 0x00, 0x00, 0x01, 0x00, 0x00, 0xFC, 0x00, 0x3F,
    0x00, 0x1C, 0xFC, 0x0F, 0xFF, 0x8F, 0x08, 0x60, 0xC2, 0x18, 0x3F, 0xFE, 0x07, 0xFF, 0x00, 0x78,
    0x71, 0xFF, 0x78, 0x3F, 0xF8, 0x1F, 0xFC, 0x03, 0xF5, 0xC3, 0xF9, 0x3E, 0xFB, 0xC3, 0x80, 0xE0,
    0x00, 0x00, 0x00, 0x00, 0x20, 0x0F, 0xFF, 0xF3, 0xFF, 0xFE, 0x1F, 0xFC, 0x06, 0x03, 0x01, 0xFF,
    0xC0, 0x00, 0x00, 0xFF, 0xFF, 0x3F, 0xFF, 0xCF, 0xFF, 0xB0, 0x7F, 0xE8, 0x7F, 0xF6, 0x0F, 0xFF,
    0x07, 0xFF, 0xC0, 0xFF, 0xB8, 0xFF, 0xC7, 0xBF, 0x60, 0xE0, 0x00, 0x00, 0x01, 0x04, 0x00, 0xC3,
    0x00, 0x61, 0xC0, 0xFE, 0xFF, 0x1D, 0xB0, 0xC7, 0xCC, 0x33, 0xE3, 0xFC, 0x18, 0xC3, 0x0F, 0x30,
    0xCF, 0xCF, 0xF1, 0x33, 0xF8, 0x1C, 0x38, 0x3D, 0x1B, 0x66, 0x44, 0xD8, 0x33, 0x36, 0x79, 0x8F,
    0x8C, 0x41, 0xC0, 0x00, 0x00, 0x03, 0xFF, 0x01, 0xFF, 0xE0, 0x60, 0x18, 0x18, 0x06, 0x07, 0xFF,
    0x81, 0xFF, 0xE0, 0x60, 0x18, 0x1F, 0xFE, 0x07, 0xFF, 0x81, 0x80, 0x60, 0x60, 0x18, 0x18, 0x06,
    0x07, 0xFF, 0x80, 0xFF, 0xC0, 0x78, 0x78, 0x7C, 0x0F, 0x98, 0x00, 0xE0, 0x00, 0x00, 0x00, 0x40,
    0x00, 0x1F, 0xC0, 0x07, 0xF0, 0x01, 0x80, 0x00, 0x60, 0x01, 0xFF, 0xC0, 0x60, 0x30, 0x18, 0x0C,
    0x07, 0xFF, 0x01, 0xFF, 0xC0, 0x7F, 0xF0, 0x1F, 0xFC, 0x04, 0x03, 0x01, 0xFF, 0xC0, 0x7F, 0xF0,
    0x78, 0x0F, 0x1C, 0x01, 0xC0, 0x00, 0x00, 0x01, 0x00, 0x00, 0x60, 0x00, 0x18, 0x00, 0x0F, 0xE0,
    0x03, 0x18, 0x01, 0x8C, 0x01, 0xFF, 0xF0, 0x3F, 0x6C, 0x07, 0xFF, 0x01, 0xFF, 0xC0, 0x7F, 0xF0,
    0x1F, 0xFC, 0x06, 0x03, 0x01, 0xFF, 0xC0, 0x7F, 0xF0, 0x7C, 0x3F, 0x1C, 0x01, 0xC0, 0x00, 0x00,
    0x00, 0x02, 0x03, 0xE0, 0xC1, 0xF8, 0x30, 0x62, 0x0C, 0x19, 0x83, 0x07, 0xEF, 0xF9, 0x98, 0x70,
    0x66, 0x1C, 0x1F, 0x8F, 0x07, 0xE3, 0xC1, 0x89, 0xB0, 0x7E, 0x4C, 0x0F, 0xB3, 0x06, 0x68, 0xC1,
    0x88, 0x30, 0xE2, 0x78, 0x30, 0x1C, 0x00, 0x00, 0x00, 0x00, 0x00, 0x03, 0xFF, 0xE0, 0x7F, 0xF0,
    0x00, 0x80, 0x3F, 0xFF, 0xEF, 0xFF, 0xF8, 0x3F, 0xE0, 0x1F, 0xFC, 0x07, 0xFF, 0x01, 0xFF, 0xC0,
    0x7F, 0xF0, 0x1F, 0xFC, 0x07, 0x03, 0x01, 0xFF, 0x80, 0xFC, 0xF8, 0x7C, 0x0F, 0x00, 0x00, 0x00,
    0x00, 0x00, 0x01, 0x08, 0x00, 0xC3, 0x00, 0x60, 0x70, 0x77, 0xEF, 0x3F, 0xFF, 0xE0, 0x70, 0xC0,
    0x18, 0x30, 0x7C, 0x7C, 0x0E, 0x1E, 0x01, 0xFF, 0xC0, 0xFF, 0xF0, 0x3F, 0xFC, 0x0F, 0x8F, 0x03,
    0xFF, 0xC0, 0x7F, 0xE0, 0xFE, 0x3F, 0x3E, 0x03, 0xC0, 0x00, 0x00, 0x01, 0x20, 0x00, 0xCD, 0x80,
    0x63, 0xE0, 0x38, 0xF3, 0x3E, 0x38, 0xC1, 0x87, 0xE0, 0x00, 0x00, 0x1F, 0xF8, 0x07, 0xFF, 0x01,
    0xFF, 0xC0, 0x7F, 0xF0, 0x1F, 0xFC, 0x07, 0x07, 0x01, 0xFF, 0xC0, 0x3F, 0xE0, 0xFC, 0x1F, 0xBE,
    0x03, 0xE0, 0x00, 0x00, 0x00, 0x00, 0x07, 0xCF, 0xF9, 0xF3, 0xFC, 0x64, 0x80, 0x1F, 0x20, 0x07,
    0xCF, 0xF1, 0x93, 0xFC, 0x7C, 0xB3, 0x1F, 0x3C, 0xC6, 0x4F, 0x71, 0x92, 0x58, 0x7D, 0x9E, 0x1F,
    0xC7, 0x03, 0xD3, 0xE1, 0x9C, 0xCC, 0xC7, 0x61, 0x80, 0x00, 0x00, 0x00, 0x00, 0x00, 0x20, 0x00,
    0x1C, 0x00, 0x1D, 0xC0, 0x1F, 0xFC, 0x1E, 0xFF, 0xCE, 0xBE, 0xB8, 0x3F, 0xF0, 0x00, 0x18, 0x0F,
    0xFF, 0x83, 0xFF, 0xE0, 0xFF, 0xF8, 0x3F, 0xFE, 0x0F, 0x03, 0x83, 0xFF, 0xE0, 0x7F, 0xF0, 0x7C,
    0x0F, 0x8E, 0x01, 0xE0, 0x00, 0x00, 0x00, 0x00, 0x00, 0xFF, 0xE0, 0x3F, 0xF8, 0xFF, 0xFF, 0xBF,
    0xFF, 0xE1, 0xFF, 0xC0, 0x3F, 0xE0, 0x0F, 0xFC, 0x07, 0xFF, 0x81, 0xFF, 0xE0, 0x7F, 0xF8, 0x1F,
    0xFE, 0x06, 0x01, 0x80, 0xFF, 0xE0, 0xF0, 0x3C, 0x78, 0x07, 0x80, 0x00, 0x00, 0x00, 0x00, 0x00,
    0x20, 0x01, 0xFF, 0xE0, 0xFF, 0xFC, 0x01, 0xC0, 0x07, 0xFF, 0x80, 0xFF, 0xC3, 0xFF, 0xFE, 0x1F,
    0xFE, 0x06, 0x01, 0x81, 0xFF, 0xE0, 0x7F, 0xF8, 0x1F, 0xFE, 0x07, 0x03, 0x81, 0xFF, 0xE0, 0x3F,
    0xF0, 0x7C, 0x0F, 0x9E, 0x01, 0xE0, 0x00, 0x00, 0x00, 0x04, 0x03, 0xC1, 0x81, 0xF8, 0xE0, 0x67,
    0xFF, 0x99, 0xF0, 0x67, 0xF8, 0x19, 0x98, 0x00, 0x66, 0xFF, 0x9F, 0x83, 0x47, 0xE0, 0xC1, 0x88,
    0x30, 0x62, 0x0C, 0x1F, 0x83, 0x03, 0xE0, 0xC1, 0xD8, 0x30, 0xE3, 0x78, 0x30, 0x5C, 0x00, 0x00,
    0x00, 0x00, 0x20, 0x00, 0x08, 0x00, 0x07, 0x00, 0x1F, 0xFC, 0x07, 0xFF, 0x01, 0xFF, 0xC0, 0x07,
    0x00, 0xFF, 0xFF, 0x9F, 0xFF, 0xC1, 0xFF, 0xC0, 0x7F, 0xF0, 0x1F, 0xFC, 0x07, 0x8F, 0x01, 0xFF,
    0xC0, 0x3F, 0xE0, 0x7E, 0x3F, 0x1E, 0x03, 0xC0, 0x00, 0x00, 0x0F, 0xFF, 0xC7, 0xFF, 0xF9, 0x8C,
    0xC6, 0x63, 0x31, 0x9F, 0xFF, 0xE3, 0xFF, 0xF0, 0x3F, 0xF0, 0x1F, 0xFC, 0x07, 0xFF, 0x01, 0xFF,
    0xC0, 0x7F, 0xF0, 0x1F, 0xFC, 0x06, 0x03, 0x01, 0xFF, 0xC0, 0x3F, 0xF0, 0x7F, 0x1F, 0x1F, 0x01,
    0xC0, 0x00, 0x00, 0x01, 0x22, 0x00, 0xC8, 0xC0, 0x33, 0x3C, 0x19, 0xFF, 0x1E, 0xFC, 0x4F, 0x83,
    0x90, 0x60, 0x7C, 0x1F, 0xFE, 0x07, 0xFE, 0x01, 0xFF, 0x80, 0x7F, 0xE0, 0x18, 0x18, 0x06, 0x06,
    0x01, 0xFF, 0x80, 0xF9, 0xF8, 0x78, 0x1E, 0x00, 0x00, 0x00, 0x00, 0x00, 0x00, 0x48, 0x03, 0xFF,
    0xE1, 0xFF, 0xFC, 0x03, 0xF3, 0x0F, 0xFF, 0xC3, 0xFF, 0xF1, 0xFF, 0xFE, 0x0E, 0x31, 0x8F, 0x0D,
    0xEF, 0xFF, 0xF1, 0xFF, 0xF8, 0x1F, 0xFE, 0x07, 0xCD, 0x81, 0xFF, 0xE0, 0x3F, 0xF0, 0x7F, 0x3F,
    0x0F, 0x03, 0xC0, 0x00, 0x00, 0x00, 0x08, 0x03, 0xE2, 0x01, 0xF8, 0x80, 0x62, 0x3F, 0x19, 0x8F,
    0xE7, 0xE3, 0x01, 0x98, 0x80, 0x62, 0x20, 0x1F, 0x88, 0x07, 0xEF, 0xF1, 0x8B, 0xFC, 0x62, 0xC3,
    0x1F, 0xB0, 0xC3, 0xEC, 0x31, 0xDB, 0xFC, 0xE2, 0xFF, 0x30, 0xA0, 0xC0, 0x00, 0x00, 0x01, 0x80,
    0x03, 0xEF, 0xE1, 0xEB, 0xFC, 0x63, 0x23, 0x19, 0xC8, 0xC7, 0xFE, 0xE3, 0x87, 0x00, 0x3F, 0xFE,
    0x0F, 0xFF, 0x83, 0xFF, 0xE0, 0xFF, 0xF8, 0x3F, 0xFE, 0x0F, 0x07, 0x83, 0xFF, 0xE0, 0x7F, 0xF0,
    0xFC, 0x1F, 0xBC, 0x01, 0xE0, 0x00, 0x00, 0x02, 0x00, 0x07, 0xF9, 0xF1, 0xFE, 0xFC, 0x0D, 0xB1,
    0x06, 0x6C, 0xC7, 0x73, 0xF0, 0x00, 0x00, 0x1F, 0xFC, 0x07, 0xFF, 0x01, 0xFF, 0xC0, 0x7F, 0xF0,
    0x1F, 0xFC, 0x07, 0xCF, 0x01, 0xFF, 0xC0, 0x7F, 0xF0, 0x3E, 0x1F, 0x0E, 0x01, 0xC0, 0x00, 0x00,
    0x00, 0x08, 0x03, 0xC2, 0x01, 0xF8, 0xC0, 0x66, 0x7F, 0x19, 0x98, 0xC7, 0xE7, 0x61, 0x9B, 0x70,
    0x66, 0x1C, 0x1F, 0x8D, 0x87, 0xEE, 0x79, 0x8B, 0xFC, 0x62, 0x7F, 0x1F, 0x90, 0xC3, 0xE6, 0x31,
    0xD9, 0xFC, 0xE2, 0x7F, 0x30, 0x90, 0xC0, 0x00, 0x00, 0x01, 0x03, 0xC0, 0xDF, 0xF0, 0x77, 0xC0,
    0x7A, 0x7F, 0x3F, 0xFF, 0xE1, 0x9F, 0xE0, 0x67, 0xFC, 0x00, 0x00, 0x07, 0xFF, 0x81, 0xFF, 0xE0,
    0x7F, 0xF8, 0x1F, 0xFE, 0x07, 0x03, 0x81, 0xFF, 0xE0, 0x3F, 0xF0, 0x7C, 0x0F, 0x8E, 0x01, 0xE0,
    0x00, 0x00, 0x00, 0x00, 0x03, 0xE2, 0x01, 0xF9, 0xC0, 0x62, 0xFF, 0x9F, 0x98, 0x07, 0xE6, 0x01,
    0x99, 0xFC, 0x66, 0xE3, 0x1F, 0xB8, 0xC7, 0xEF, 0xF1, 0x89, 0xFC, 0x7E, 0x7F, 0x0F, 0x9F, 0xC3,
    0x46, 0x31, 0xD9, 0x8C, 0xE2, 0x7E, 0x30, 0x9F, 0x00, 0x00, 0x00, 0x0C, 0x20, 0x07, 0xCF, 0xE0,
    0x77, 0xFC, 0x05, 0x37, 0x03, 0xCD, 0x83, 0x8F, 0xC3, 0x87, 0x38, 0x07, 0x03, 0x8F, 0xFF, 0x43,
    0xFF, 0xC0, 0xFF, 0xF0, 0x3F, 0xFC, 0x0E, 0x07, 0x03, 0xFF, 0xC0, 0x7F, 0xE0, 0xF8, 0x1F, 0x3C,
    0x03, 0xC0, 0x00, 0x00, 0x00, 0x04, 0x03, 0xC1, 0xC1, 0xF0, 0x58, 0x64, 0xBB, 0x19, 0xFF, 0xE6,
    0x41, 0x81, 0xF2, 0x4C, 0x6C, 0x9B, 0x19, 0x27, 0x87, 0xDD, 0xE1, 0xF7, 0x70, 0x64, 0x88, 0x1F,
    0x27, 0x63, 0xCB, 0xD9, 0xF1, 0xBE, 0xE6, 0x47, 0xB0, 0x80, 0x80, 0x00, 0x00, 0x00, 0x00, 0x00,
    0x0C, 0x00, 0x03, 0x00, 0x3F, 0xFF, 0x0D, 0xFF, 0xC3, 0xFF, 0xF0, 0x1B, 0x60, 0x1C, 0xDE, 0x02,
    0xFF, 0x87, 0xFF, 0xC1, 0xFF, 0xF0, 0x0F, 0xFC, 0x03, 0xCF, 0x00, 0xFF, 0xC0, 0x1F, 0xF0, 0x3F,
    0x1F, 0x0F, 0x01, 0xC0, 0x00, 0x00, 0x01, 0x02, 0x03, 0xF7, 0xF1, 0xFD, 0xFC, 0x4E, 0x8D, 0x3F,
    0xFF, 0xE5, 0xF1, 0xF3, 0xCC, 0xCE, 0x3F, 0xFF, 0x0F, 0xFF, 0x83, 0xFF, 0xE0, 0xFF, 0xF8, 0x3F,
    0xFE, 0x0E, 0x03, 0x83, 0xFF, 0xE0, 0x7F, 0xF0, 0xF8, 0x0F, 0xBC, 0x01, 0xE0, 0x00, 0x00, 0x00,
    0x00, 0x07, 0xDF, 0xE1, 0xF7, 0x18, 0x6D, 0xFE, 0x1F, 0x7F, 0x87, 0xD8, 0x21, 0xB7, 0xF8, 0x7C,
    0xFE, 0x1F, 0x1F, 0xC6, 0xCF, 0xF1, 0xB6, 0xD4, 0x7F, 0x2D, 0x0F, 0x1A, 0x43, 0x6D, 0x93, 0x9E,
    0xDC, 0xC2, 0x26, 0x00, 0x00, 0x00, 0x00, 0x00, 0x02, 0x22, 0x01, 0xD8, 0xC0, 0x37, 0x60, 0xFF,
    0xFF, 0xB3, 0xFE, 0x6D, 0xFF, 0xD8, 0x60, 0x30, 0x3F, 0xFE, 0x0F, 0xFF, 0x83, 0xFF, 0xE0, 0xFF,
    0xF8, 0x3F, 0xFE, 0x0F, 0xFF, 0x83, 0xFF, 0xE0, 0x7F, 0xF8, 0xF8, 0x0F, 0xBC, 0x01, 0xE0, 0x00,
    0x00, 0x00, 0x04, 0x03, 0x81, 0x81, 0xF0, 0x60, 0x6F, 0xFF, 0x99, 0x19, 0x86, 0xC6, 0x61, 0xF0,
    0xF0, 0x6C, 0x3C, 0x19, 0xFF, 0xE7, 0xDF, 0xF1, 0xF3, 0xFC, 0x64, 0xFF, 0x1F, 0x20, 0xC3, 0xC8,
    0x31, 0xB3, 0xFC, 0xE4, 0xFF, 0x31, 0x20, 0xC0, 0x00, 0x00, 0x1F, 0xC0, 0x07, 0xFF, 0xE1, 0xB3,
    0xF8, 0x7F, 0xC6, 0x1F, 0xFB, 0x07, 0xFB, 0x81, 0xB0, 0x70, 0x7F, 0xF7, 0x1F, 0xC8, 0xC1, 0xFF,
    0xC0, 0x7F, 0xF0, 0x1F, 0xFC, 0x07, 0x8F, 0x01, 0xFF, 0xC0, 0x7F, 0xF0, 0x7C, 0x1F, 0x1E, 0x03,
    0xC0, 0x00, 0x00, 0x00, 0x02, 0x83, 0xC0, 0xF1, 0xF0, 0x36, 0x64, 0xFD, 0x9B, 0x02, 0x07, 0xE1,
    0xC1, 0x9F, 0xFE, 0x64, 0x6C, 0x1F, 0x12, 0x07, 0xF4, 0xC1, 0x9D, 0xF8, 0x67, 0x76, 0x1F, 0xD1,
    0xE3, 0xD7, 0x79, 0xFF, 0xDE, 0xE7, 0x87, 0xB1, 0x00, 0x80, 0x00, 0x00, 0x00, 0xE1, 0x83, 0xFF,
    0xF1, 0xF1, 0xE0, 0x63, 0xE7, 0x1F, 0xFF, 0xE6, 0x6C, 0x63, 0x1E, 0x18, 0x3F, 0xFE, 0x0F, 0xFF,
    0x83, 0xFF, 0xE0, 0xFF, 0xF8, 0x3F, 0xFE, 0x0F, 0x07, 0x83, 0xFF, 0xE0, 0x7F, 0xF0, 0xFC, 0x1F,
    0xBC, 0x01, 0xE0, 0x00, 0x00, 0x00, 0x08, 0x00, 0x03, 0x01, 0xF8, 0xCC, 0x66, 0xFF, 0x19, 0x8F,
    0x87, 0xF3, 0xC1, 0x9F, 0xFE, 0x66, 0x1B, 0x1F, 0x8C, 0x67, 0xEF, 0xF1, 0x8F, 0xFC, 0x63, 0x7F,
    0x1F, 0x9F, 0xC3, 0xE4, 0x31, 0xD9, 0xFC, 0xE3, 0x7F, 0x30, 0x50, 0xC0, 0x00, 0x00, 0x00, 0x12,
    0x03, 0xFF, 0xF9, 0xFF, 0xFE, 0x64, 0xEC, 0x1F, 0x7F, 0xC7, 0xFF, 0xF1, 0xFF, 0xFE, 0x7C, 0x30,
    0x1F, 0x7F, 0xC6, 0x7F, 0xF1, 0x9F, 0xFC, 0x7F, 0xFF, 0x0F, 0xFF, 0xE7, 0xFF, 0xF9, 0x94, 0x0C,
    0xE5, 0x1F, 0x30, 0x47, 0x00, 0x00, 0x00, 0x00, 0x10, 0xC3, 0xC6, 0x31, 0xF1, 0xD8, 0x67, 0xFF,
    0x9B, 0xFF, 0xE7, 0xDF, 0xF9, 0x9E, 0x66, 0x67, 0xFF, 0x9F, 0x7F, 0xC7, 0xCF, 0xF1, 0x93, 0xFC,
    0x64, 0xFF, 0x1F, 0x3F, 0xC3, 0xCC, 0x31, 0xF3, 0xFC, 0xE6, 0xFF, 0x30, 0xA0, 0xC0, 0x00, 0x00,
    0x00, 0x20, 0x00, 0x08, 0x00, 0x07, 0x00, 0x3F, 0xFE, 0x00, 0x60, 0x00, 0x08, 0x00, 0x02, 0x00,
    0xFF, 0xFF, 0x9F, 0xFF, 0xC3, 0x22, 0x60, 0xD8, 0xDC, 0x72, 0x23, 0x19, 0x88, 0xEE, 0xC2, 0x1B,
    0x70, 0xC4, 0x39, 0xE0, 0x0C, 0x70, 0x00, 0x00, 0x00, 0x01, 0x04, 0x00, 0xC1, 0x80, 0x30, 0x60,
    0x2E, 0x10, 0x1F, 0xE6, 0x00, 0xC3, 0xF8, 0x30, 0xCC, 0xFF, 0xA3, 0x1F, 0xFC, 0xC7, 0xEF, 0xE1,
    0xFF, 0x78, 0xFF, 0x9C, 0x37, 0xE7, 0x83, 0x69, 0xE1, 0xD8, 0xDC, 0xEE, 0x63, 0xB3, 0x10, 0x60,
    0x00, 0x00, 0x00, 0x20, 0x00, 0x08, 0x00, 0x07, 0x00, 0x3F, 0xFE, 0x00, 0x60, 0x00, 0x08, 0x00,
    0x02, 0x00, 0xFF, 0xFF, 0x9F, 0xFF, 0xC1, 0x88, 0x00, 0x62, 0x00, 0x18, 0xFE, 0x0E, 0x3F, 0x03,
    0xC8, 0x01, 0xDE, 0x00, 0xE3, 0xFF, 0xB0, 0x3F, 0xE0, 0x00, 0x00, 0x01, 0x04, 0x00, 0xC1, 0x80,
    0x10, 0x60, 0x3F, 0x98, 0x1F, 0xE6, 0x00, 0xC1, 0x80, 0x30, 0x70, 0xFF, 0xDE, 0x1B, 0x86, 0xC6,
    0x41, 0x99, 0xBE, 0x60, 0x6F, 0x98, 0x1D, 0x06, 0x0F, 0xC1, 0x83, 0x3C, 0x40, 0xC7, 0xFF, 0xB0,
    0x3F, 0xC0, 0x00, 0x00, 0x01, 0x00, 0x00, 0xC7, 0xC0, 0x39, 0xF8, 0x7F, 0x06, 0x03, 0x01, 0x80,
    0xC0, 0x60, 0x31, 0xF8, 0xFF, 0xEC, 0x1F, 0xF0, 0x06, 0x46, 0x31, 0xBD, 0x8C, 0x6F, 0x7E, 0x1F,
    0x0F, 0x07, 0xC0, 0x03, 0xBF, 0xFE, 0xC3, 0xFF, 0xB0, 0x00, 0x00, 0x00, 0x00, 0x02, 0x00, 0x01,
    0x8F, 0xE0, 0x63, 0xFC, 0x3E, 0x23, 0x1F, 0x88, 0xC1, 0x86, 0x30, 0x61, 0x0C, 0xFF, 0xDE, 0x1F,
    0xA7, 0x07, 0x8F, 0xF1, 0xFF, 0xFC, 0x7F, 0x83, 0x1E, 0x7F, 0xC7, 0xCF, 0xE3, 0xBF, 0xFE, 0xC3,
    0xFF, 0xB0, 0x00, 0x00, 0x00, 0x00, 0x02, 0x05, 0x01, 0x81, 0xE0, 0x20, 0x4C, 0x3C, 0xFD, 0x1F,
    0xFF, 0xE1, 0x99, 0x80, 0x26, 0x40, 0xFF, 0x93, 0x1F, 0xE6, 0xC6, 0x98, 0xE1, 0xBE, 0x38, 0x6D,
    0xED, 0x9A, 0x7F, 0x6F, 0x9B, 0x7B, 0x7C, 0x8C, 0xC7, 0xFF, 0xB0, 0x3F, 0xE0, 0x00, 0x00, 0x02,
    0x00, 0x01, 0x9F, 0x00, 0x67, 0xE0, 0x19, 0xBF, 0x1F, 0xF8, 0xC1, 0x9F, 0xB0, 0x66, 0xEC, 0xFF,
    0xBB, 0x1F, 0xFF, 0xC6, 0xFE, 0x61, 0xFE, 0x98, 0x78, 0xEF, 0x1E, 0x7E, 0xE7, 0xD3, 0x1B, 0xBF,
    0xFE, 0xC3, 0xFF, 0xB0, 0x00, 0x00, 0x00, 0x00, 0x00, 0x00, 0x03, 0xFF, 0xC0, 0xFF, 0xF0, 0x30,
    0x04, 0x0C, 0x01, 0x03, 0xFF, 0xC0, 0x7F, 0xF0, 0x00, 0x80, 0x0C, 0x20, 0x03, 0x0F, 0xE0, 0xC3,
    0xF8, 0x38, 0x80, 0x1F, 0x20, 0x06, 0x78, 0x03, 0x8F, 0xFC, 0xC0, 0x7F, 0x00, 0x00, 0x00, 0x00,
    0x00, 0x00, 0x00, 0x07, 0xEF, 0xE1, 0xFB, 0xF0, 0x66, 0x80, 0x19, 0xA0, 0x07, 0xEF, 0xE0, 0xFB,
    0xF8, 0x18, 0x82, 0x1F, 0xA0, 0x87, 0xEF, 0xE1, 0xE3, 0xF8, 0x78, 0x80, 0x1B, 0xA0, 0x0F, 0xEF,
    0xF3, 0xC3, 0xFC, 0x00, 0x80, 0x00, 0x00, 0x00, 0x00, 0x00, 0x00, 0x04, 0x03, 0xC1, 0x81, 0xF0,
    0x60, 0x65, 0xFF, 0x19, 0xFF, 0xE6, 0xC6, 0xC1, 0xF1, 0xB0, 0x18, 0x6C, 0x02, 0x3B, 0x86, 0xFE,
    0xF1, 0xBF, 0xB6, 0x69, 0x6D, 0x9A, 0x1B, 0x06, 0xEC, 0xC3, 0xFB, 0x30, 0xF1, 0xB8, 0x00, 0x4C,
    0x00, 0x00, 0x00, 0x00, 0x10, 0x03, 0xE4, 0x01, 0xF9, 0xF0, 0x66, 0xFC, 0x19, 0xB3, 0x07, 0xFF,
    0x81, 0xFC, 0xC0, 0x18, 0x78, 0x07, 0x33, 0x46, 0xFD, 0xF1, 0xE3, 0xF0, 0x78, 0x84, 0x1A, 0x21,
    0x07, 0xEC, 0xC3, 0xC3, 0xF0, 0x00, 0xCC, 0x00, 0x00, 0x00, 0x00, 0x00, 0x00, 0x14, 0x03, 0xC7,
    0x81, 0xF1, 0xE0, 0x64, 0x7A, 0x19, 0x9E, 0xC7, 0xF7, 0xB1, 0xFF, 0xF8, 0x19, 0xFC, 0x02, 0x1E,
    0x06, 0xCF, 0xC1, 0xB7, 0xF8, 0x6B, 0x7B, 0x1A, 0xB6, 0x06, 0xCD, 0x9B, 0xF6, 0x66, 0xF3, 0x1F,
    0x80, 0x83, 0xC0, 0x00, 0x00, 0x00, 0x14, 0x03, 0xE7, 0x81, 0xF9, 0xF0, 0x63, 0xFE, 0x18, 0xF8,
    0x06, 0x66, 0x01, 0xF9, 0xF8, 0x1F, 0xF4, 0x02, 0x7C, 0x06, 0xE3, 0xF1, 0xBF, 0xF8, 0x69, 0xF6,
    0x1A, 0x07, 0x06, 0xE1, 0x9B, 0xF9, 0xFE, 0xF1, 0xE7, 0x80, 0x60, 0xE0, 0x00, 0x00, 0x00, 0x00,
    0x07, 0xCF, 0xE1, 0xF2, 0x38, 0x6C, 0x6C, 0x1B, 0x1E, 0x07, 0xCF, 0xF0, 0xF3, 0xFE, 0x18, 0x91,
    0x9F, 0xBF, 0xE6, 0xEF, 0xF9, 0xE3, 0xFE, 0x7A, 0xFF, 0x9B, 0xA4, 0x6F, 0xC9, 0x1B, 0xC2, 0x7C,
    0x00, 0x96, 0x00, 0x00, 0x00, 0x00, 0x00, 0x00, 0x04, 0x03, 0x81, 0x81, 0xF0, 0x60, 0x6F, 0xF9,
    0x99, 0x1F, 0xC6, 0xC7, 0xE1, 0xF7, 0x78, 0x19, 0x1B, 0x1A, 0x1C, 0x66, 0xE6, 0x01, 0xBB, 0xFC,
    0x68, 0xFF, 0x1A, 0x3F, 0xC6, 0xFF, 0xF1, 0xFB, 0xFC, 0xF8, 0xFF, 0x30, 0x20, 0xC0, 0x00, 0x00,
    0x00, 0x04, 0x03, 0xE1, 0x81, 0xF8, 0x60, 0x62, 0xFF, 0x98, 0xB0, 0x66, 0x6C, 0x19, 0xFB, 0xFE,
    0x18, 0x00, 0x02, 0x00, 0x06, 0xEF, 0xF9, 0xBB, 0xFC, 0x68, 0x9B, 0x1A, 0x36, 0xC6, 0xED, 0xB3,
    0xFE, 0x6E, 0xF9, 0x71, 0x80, 0x18, 0x00, 0x00, 0x00, 0x00, 0x22, 0x03, 0xC8, 0xC1, 0xFF, 0xB8,
    0x67, 0xFB, 0x19, 0x73, 0x66, 0xFC, 0xD1, 0xFF, 0xFE, 0x19, 0xCC, 0x1A, 0x73, 0x06, 0xDD, 0xE1,
    0xB2, 0x58, 0x69, 0xDE, 0x1B, 0xFF, 0xE6, 0xEB, 0xFB, 0xF2, 0xDE, 0xF3, 0xA7, 0x80, 0xC8, 0x80,
    0x00, 0x00, 0x00, 0x3B, 0xC3, 0xEF, 0xF9, 0xF9, 0x86, 0x62, 0xFF, 0x98, 0xBB, 0xE6, 0x6F, 0xF9,
    0xFB, 0x38, 0x18, 0xCC, 0x02, 0x7F, 0xE6, 0xFF, 0xF1, 0xBB, 0xFE, 0x68, 0xFF, 0x1A, 0x3F, 0xE6,
    0xEF, 0xFB, 0xFB, 0xFE, 0xF0, 0xFF, 0x80, 0x20, 0x00, 0x00, 0x00, 0x00, 0x20, 0x00, 0x18, 0x00,
    0x0E, 0x00, 0x1F, 0xFC, 0x07, 0xFF, 0x01, 0xFF, 0xC0, 0x60, 0x30, 0x1F, 0xFC, 0x07, 0xFF, 0x01,
    0x87, 0xF8, 0x7F, 0xFC, 0x3F, 0xBC, 0x06, 0x3E, 0x00, 0x7C, 0xC3, 0xFC, 0x30, 0xF8, 0x78, 0x00,
    0x1C, 0x00, 0x00, 0x00, 0x00, 0x20, 0x00, 0x08, 0x00, 0x07, 0x00, 0x7F, 0xFF, 0x07, 0xFF, 0x03,
    0xFF, 0xE0, 0xC7, 0x18, 0x3F, 0xFE, 0x0F, 0xFF, 0x83, 0x08, 0x60, 0xFF, 0xF8, 0x0F, 0xF8, 0x3F,
    0xFF, 0xEF, 0xFF, 0xF8, 0x02, 0x00, 0x00, 0x80, 0x00, 0x20, 0x00, 0x00, 0x00, 0x02, 0x08, 0x01,
    0x83, 0x00, 0x70, 0xC0, 0xFF, 0x30, 0x0F, 0x8C, 0x07, 0xEF, 0xE1, 0xF8, 0xD8, 0x7E, 0x36, 0x1F,
    0x8D, 0x87, 0xE3, 0x61, 0xF8, 0xD8, 0x1C, 0x67, 0xBF, 0xD1, 0xEF, 0xF6, 0x78, 0x63, 0x1E, 0x18,
    0x87, 0x82, 0x20, 0xC0, 0x00, 0x00, 0x0F, 0xFF, 0x87, 0xFF, 0xF1, 0x82, 0x0C, 0x6F, 0xFB, 0x1F,
    0xFE, 0xC0, 0xFF, 0x80, 0xFF, 0xF8, 0x31, 0xC6, 0x0F, 0xFF, 0x83, 0xFF, 0xE0, 0xFF, 0xF8, 0x0F,
    0xF8, 0x3F, 0xFF, 0xEF, 0xFF, 0xF8, 0x02, 0x00, 0x00, 0x80, 0x00, 0x20, 0x00, 0x00, 0x00, 0x02,
    0x00, 0x01, 0x80, 0x00, 0x70, 0x00, 0xFF, 0x7F, 0x0F, 0x86, 0x07, 0xE1, 0x81, 0xF8, 0x60, 0x7E,
    0x18, 0x1F, 0xBF, 0xE7, 0xEF, 0xF1, 0xF8, 0x60, 0x1C, 0x18, 0x3F, 0xE6, 0x0F, 0xF9, 0x80, 0x60,
    0x60, 0x18, 0x18, 0x02, 0x04, 0x00, 0x00, 0x00, 0x02, 0x08, 0x01, 0x82, 0x01, 0xFE, 0x80, 0xFF,
    0xBE, 0x0F, 0xDF, 0xC7, 0xF6, 0x31, 0xED, 0xF8, 0x7F, 0xFE, 0x1E, 0xF4, 0x07, 0x99, 0x81, 0xFC,
    0x60, 0x1E, 0x3C, 0x3F, 0xEB, 0x8F, 0xFA, 0x60, 0x61, 0x9C, 0x18, 0xC3, 0x82, 0x20, 0x60, 0x00,
    0x00, 0x02, 0x00, 0x01, 0x80, 0x00, 0x70, 0x00, 0xFF, 0xBF, 0x0F, 0xC0, 0x07, 0xF0, 0x01, 0xEC,
    0x00, 0x7F, 0x00, 0x1E, 0xDF, 0xE7, 0x97, 0xF1, 0xFC, 0x78, 0x1E, 0x37, 0x3F, 0xE8, 0xCF, 0xFE,
    0xF8, 0x63, 0xFE, 0x18, 0xF1, 0x82, 0x00, 0x60, 0x00, 0x00, 0x02, 0x02, 0x01, 0x80, 0xC0, 0x70,
    0x30, 0xFF, 0x08, 0x0F, 0xC3, 0x07, 0xF7, 0xF9, 0xED, 0xB6, 0x7F, 0x49, 0x9F, 0xDB, 0x67, 0x97,
    0xF9, 0xFD, 0xFE, 0x1E, 0x49, 0xBF, 0xDB, 0x6F, 0xF4, 0x98, 0x61, 0xFE, 0x18, 0x7F, 0x82, 0x10,
    0x60, 0x00, 0x00, 0x02, 0x00, 0x01, 0x8F, 0xE0, 0x77, 0xFC, 0xFF, 0xE3, 0x0F, 0x89, 0x87, 0xE3,
    0xC1, 0xF8, 0xF0, 0x7E, 0x36, 0x1F, 0xB8, 0xE7, 0xED, 0x11, 0xF8, 0x60, 0x1C, 0xFF, 0x3F, 0xFF,
    0x8F, 0xF1, 0x00, 0x67, 0xFE, 0x19, 0xFF, 0x82, 0x00, 0x00, 0x00, 0x00, 0x02, 0x04, 0x01, 0x81,
    0x80, 0x70, 0x60, 0xFE, 0xFF, 0x8F, 0x91, 0x07, 0xE4, 0x61, 0xFF, 0x0C, 0x7F, 0x01, 0x9F, 0xD9,
    0x87, 0xE6, 0x61, 0xF9, 0xF0, 0x3E, 0x3C, 0x3F, 0x8E, 0x0F, 0xE3, 0x80, 0x61, 0xB8, 0x19, 0xC7,
    0x82, 0x60, 0xE0, 0x00, 0x00, 0x01, 0x08, 0x00, 0xC3, 0x80, 0x38, 0xF0, 0x7F, 0xA6, 0x1F, 0xFD,
    0xCF, 0xFF, 0xF8, 0x39, 0xC0, 0xFF, 0xF3, 0x1F, 0xF7, 0x87, 0xF9, 0xE1, 0xFE, 0x70, 0x7F, 0x98,
    0x03, 0x84, 0x6F, 0xFB, 0xDB, 0xFF, 0xB6, 0x0C, 0xC7, 0x01, 0x20, 0x80, 0x00, 0x00, 0x02, 0x7F,
    0xC1, 0xBF, 0xF9, 0xFC, 0x66, 0x7B, 0xFF, 0x8F, 0xFF, 0xC3, 0xCF, 0xE0, 0x77, 0xFC, 0xFF, 0x9B,
    0x0F, 0x7F, 0xC3, 0xDF, 0xF0, 0xF7, 0xFC, 0x3C, 0xFE, 0x0F, 0x7F, 0xE7, 0xFF, 0xF1, 0xBC, 0x60,
    0xE6, 0x18, 0x30, 0x04, 0x00, 0x00, 0x00, 0x00, 0x90, 0x0F, 0xE7, 0xE3, 0xF9, 0xFC, 0x06, 0x60,
    0x1F, 0x9F, 0x87, 0xE7, 0xE3, 0xFB, 0xFC, 0x0C, 0xE0, 0x3F, 0xFF, 0xE7, 0xFF, 0xF0, 0xFF, 0xF8,
    0x3F, 0xFE, 0x00, 0x70, 0x0F, 0xFF, 0xFB, 0xFF, 0xFC, 0x00, 0x80, 0x00, 0x20, 0x00, 0x00, 0x00,
    0x02, 0x04, 0x01, 0x83, 0x80, 0x70, 0xF0, 0xFE, 0x7C, 0x0F, 0xB1, 0x87, 0xFC, 0x31, 0xFF, 0xFE,
    0x7F, 0x04, 0x1F, 0x80, 0x07, 0xFF, 0xF1, 0xFF, 0xFC, 0x1D, 0xAB, 0x3F, 0xFF, 0xCF, 0xFF, 0xF0,
    0x66, 0xAC, 0x19, 0xBF, 0x02, 0x2B, 0x80, 0x00, 0x00, 0x04, 0x0C, 0x03, 0x03, 0x00, 0xC1, 0xE0,
    0xFC, 0x6C, 0x1E, 0x73, 0xCF, 0xCF, 0xFB, 0xF1, 0x00, 0xFF, 0xE3, 0x3F, 0xFE, 0xCF, 0xFF, 0xB3,
    0xFF, 0xEC, 0x79, 0xFB, 0x3F, 0xFE, 0xC7, 0xD3, 0xB0, 0xC4, 0xEC, 0x31, 0x7F, 0x0C, 0x5B, 0x00,
    0x00, 0x00, 0x02, 0x04, 0x00, 0x81, 0x80, 0x70, 0xE0, 0xFF, 0xFF, 0x8F, 0xFF, 0xE7, 0xFF, 0xF9,
    0xF8, 0x60, 0x7E, 0x7E, 0x1F, 0x9F, 0x06, 0xFF, 0xF9, 0xFF, 0xFC, 0x1C, 0xFF, 0x3F, 0xFF, 0xC7,
    0xF8, 0x30, 0x23, 0xFC, 0x18, 0xFF, 0x02, 0x20, 0xC0, 0x00, 0x00, 0x00, 0x20, 0x00, 0x08, 0x00,
    0x07, 0x00, 0x7F, 0xFF, 0x03, 0x06, 0x00, 0xC1, 0x80, 0x18, 0xC0, 0x06, 0x30, 0x3F, 0xFF, 0xE7,
    0xDD, 0xF0, 0x02, 0x00, 0x3F, 0xFF, 0x07, 0xFF, 0x80, 0x08, 0x00, 0x02, 0x00, 0x00, 0x80, 0x00,
    0x20, 0x00, 0x00, 0x00, 0x00, 0x04, 0x00, 0x61, 0x00, 0xFB, 0xF8, 0x79, 0xFE, 0x06, 0x31, 0x07,
    0xF6, 0xC3, 0xFD, 0xE0, 0x18, 0xFF, 0x06, 0x7F, 0xC7, 0xE3, 0x01, 0x9B, 0xF8, 0x67, 0xFE, 0x19,
    0x84, 0x06, 0x61, 0x01, 0xF8, 0x40, 0x60, 0x10, 0x00, 0x00, 0x00, 0x00, 0x00, 0x02, 0x04, 0x01,
    0x81, 0x80, 0x70, 0x60, 0xFF, 0xFF, 0x89, 0x06, 0x06, 0xC1, 0x81, 0xB3, 0xFC, 0x19, 0x9B, 0x3F,
    0xE6, 0xC7, 0xFF, 0xF0, 0x7B, 0xF8, 0xFE, 0x7E, 0x1E, 0x1D, 0x81, 0x8D, 0xE0, 0xC6, 0x6E, 0x71,
    0x19, 0x98, 0x04, 0x00, 0x00, 0x00, 0x00, 0x00, 0x03, 0xFF, 0xF0, 0xFF, 0xF8, 0x37, 0xFE, 0x0D,
    0xFF, 0x03, 0xFF, 0xF0, 0xFF, 0xFC, 0x64, 0xF8, 0x1F, 0xCF, 0xCD, 0xF0, 0xFB, 0xFF, 0xFE, 0xFF,
    0xFF, 0x81, 0x83, 0x00, 0x70, 0xC0, 0x05, 0xF0, 0x00, 0x78, 0x00, 0x00, 0x00, 0x00, 0x00, 0x00,
    0x88, 0x01, 0xFF, 0xC0, 0xFF, 0xF8, 0x37, 0x76, 0x0F, 0xFF, 0x83, 0xFF, 0xE0, 0xFF, 0xF8, 0x00,
    0x00, 0x3F, 0xFF, 0xE7, 0xFF, 0xF0, 0xDF, 0xFC, 0x37, 0xFE, 0x0F, 0xFF, 0xE7, 0xFF, 0xF1, 0x89,
    0xE0, 0xFF, 0xBF, 0xB3, 0xE3, 0xE0, 0x00, 0x00, 0x00, 0x00, 0x06, 0x3F, 0xE0, 0xCF, 0xFC, 0x18,
    0x43, 0x02, 0x18, 0xC0, 0x04, 0x30, 0x01, 0x8C, 0xF8, 0xC3, 0x3E, 0x30, 0xC0, 0x9C, 0x30, 0x2C,
    0x78, 0x0A, 0x1C, 0x03, 0x00, 0x01, 0xFF, 0xF1, 0xCF, 0xFE, 0xE0, 0x00, 0x00, 0x00, 0x00, 0x00,
    0x00, 0x08, 0x00, 0x07, 0x1E, 0x00, 0xC7, 0x80, 0x18, 0x20, 0x00, 0x08, 0x00, 0x03, 0x00, 0x01,
    0xC0, 0x00, 0x70, 0x3E, 0x1E, 0x05, 0x8D, 0x80, 0x63, 0x30, 0x19, 0x8E, 0x06, 0xC1, 0xE3, 0xE0,
    0x39, 0xDC, 0x00, 0xE3, 0xFF, 0xB0, 0x3F, 0xE0, 0x00, 0x00, 0x00, 0x00, 0x06, 0x1F, 0x80, 0xC7,
    0xF0, 0x18, 0x8C, 0x02, 0x33, 0x00, 0x08, 0xC0, 0x0F, 0xF0, 0xFB, 0xFC, 0x3E, 0x23, 0x00, 0x88,
    0x90, 0x22, 0x36, 0x08, 0x87, 0x83, 0x20, 0xC1, 0xFF, 0xB1, 0xCF, 0xFE, 0xE0, 0x00, 0x00, 0x00,
    0x00, 0x00, 0x00, 0x08, 0x18, 0x07, 0x1F, 0xE0, 0xE6, 0x7C, 0x19, 0x1B, 0x00, 0x46, 0xC0, 0x11,
    0xB0, 0x04, 0x6C, 0x01, 0x1B, 0x3E, 0x46, 0xC7, 0x91, 0xB0, 0x27, 0x6C, 0x0F, 0xDE, 0x02, 0xC7,
    0x00, 0x81, 0x80, 0xF8, 0x40, 0xF7, 0xFF, 0xB8, 0x7F, 0xE0, 0x00, 0x00, 0x00, 0x03, 0x02, 0x0F,
    0xE1, 0xC3, 0xC0, 0x38, 0x80, 0x02, 0x20, 0x00, 0x0C, 0x00, 0x03, 0xFE, 0x00, 0xCC, 0x3E, 0x23,
    0x07, 0x8C, 0xC0, 0x23, 0x30, 0x09, 0x8C, 0x02, 0x43, 0x00, 0xD0, 0x80, 0xFF, 0xFE, 0xF3, 0xFF,
    0xB8, 0x00, 0x00, 0x00, 0x00, 0x00, 0x00, 0x06, 0x1F, 0xE0, 0xCF, 0xF8, 0x1B, 0x00, 0x02, 0xFF,
    0x00, 0x1F, 0xE0, 0x0F, 0x18, 0xFB, 0xCC, 0x3E, 0xDE, 0x01, 0xE3, 0x00, 0x79, 0xF0, 0x1D, 0xCF,
    0x07, 0x60, 0xC1, 0xFF, 0xF3, 0xCF, 0xFC, 0xE0, 0x00, 0x00, 0x00, 0x00, 0x00, 0x00, 0x00, 0x08,
    0x02, 0x06, 0x01, 0xC7, 0xF8, 0x39, 0xFF, 0x02, 0x60, 0xC0, 0x10, 0x30, 0x06, 0x0C, 0x01, 0xFF,
    0x3E, 0x60, 0xC7, 0x90, 0x30, 0x26, 0x0C, 0x09, 0xFF, 0x02, 0x7F, 0x80, 0xC0, 0x00, 0xFF, 0xFE,
    0xF3, 0xFF, 0xB8, 0x00, 0x00, 0x00, 0x00, 0x00, 0x08, 0x00, 0x12, 0x01, 0x84, 0x80, 0x39, 0xB0,
    0x06, 0xFF, 0x80, 0x23, 0x00, 0x08, 0x80, 0x00, 0x30, 0x3F, 0xFF, 0xC7, 0xBF, 0xE0, 0x21, 0xC0,
    0x08, 0xD8, 0x02, 0x63, 0x80, 0xB0, 0x70, 0xF8, 0x08, 0xF7, 0xFF, 0xB8, 0x7F, 0xE0, 0x00, 0x00,
    0x00, 0x0A, 0x02, 0x03, 0xE1, 0xC0, 0xD8, 0x1B, 0xFF, 0x03, 0xFF, 0xE0, 0x03, 0x00, 0x03, 0xD8,
    0x00, 0xF6, 0x3E, 0x6C, 0xC5, 0x93, 0x30, 0x3C, 0xCC, 0x0A, 0x32, 0x02, 0x0C, 0x00, 0xC0, 0x00,
    0xFF, 0xFE, 0xF3, 0xFF, 0xB8, 0x00, 0x00, 0x00, 0x00, 0x00, 0x08, 0x02, 0x13, 0x31, 0xC6, 0xDC,
    0x18, 0xFE, 0x02, 0x2F, 0x00, 0x0F, 0x40, 0x0F, 0xFE, 0x00, 0xF8, 0x3E, 0x3F, 0x05, 0x9B, 0x70,
    0x3C, 0xC6, 0x08, 0x30, 0x02, 0x0C, 0x00, 0xC0, 0x00, 0xFF, 0xFE, 0xF3, 0xFF, 0xB8, 0x00, 0x00,
    0x00, 0x00, 0x00, 0x10, 0x02, 0x0C, 0x01, 0xC7, 0xF0, 0x39, 0xFE, 0x02, 0x41, 0x80, 0x18, 0x60,
    0x07, 0xF8, 0x01, 0x80, 0x3E, 0x7F, 0xC7, 0x9F, 0xF0, 0x24, 0x0C, 0x09, 0xFF, 0x02, 0x7F, 0x80,
    0xC0, 0x00, 0xFF, 0xFE, 0xF3, 0xFF, 0xB8, 0x00, 0x00, 0x00, 0x00, 0x00, 0x00, 0x06, 0x1F, 0xE0,
    0xC7, 0xF8, 0x19, 0xFE, 0x02, 0x7F, 0x80, 0x10, 0x60, 0x07, 0xF8, 0x79, 0xFE, 0x3E, 0x58, 0xC0,
    0x93, 0xF0, 0x24, 0xF8, 0x09, 0x98, 0x02, 0xFB, 0xC1, 0xF0, 0x39, 0xFF, 0xFC, 0xE3, 0xFF, 0x80,
    0x00, 0x00, 0x00, 0x00, 0x00, 0x00, 0x00, 0x18, 0xC1, 0x83, 0x30, 0x30, 0x98, 0x06, 0x24, 0x00,
    0x3F, 0xF0, 0x00, 0xC0, 0x00, 0x30, 0x3F, 0xFF, 0xE7, 0xBF, 0xF0, 0x21, 0xE0, 0x08, 0xCC, 0x02,
    0x63, 0x80, 0xF0, 0x78, 0xFC, 0x04, 0xF3, 0xFF, 0xB8, 0x3F, 0xE0, 0x00, 0x00, 0x04, 0x24, 0x03,
    0x09, 0x00, 0x6A, 0x48, 0x1E, 0x96, 0x01, 0xE7, 0x00, 0x19, 0x80, 0x06, 0x60, 0xFB, 0x9C, 0x07,
    0xE5, 0x81, 0xD9, 0x00, 0x64, 0x44, 0x1B, 0x11, 0x07, 0x87, 0xC3, 0xE0, 0x01, 0x9F, 0xC0, 0xC1,
    0xFF, 0x00, 0x00, 0x00, 0x00, 0x00, 0x00, 0x21, 0x82, 0x08, 0x61, 0xC3, 0x38, 0x3B, 0xFF, 0x07,
    0xFF, 0xE0, 0x03, 0x00, 0x04, 0xCC, 0x01, 0x33, 0x3E, 0x4C, 0xC7, 0x9F, 0xF0, 0x27, 0xF8, 0x08,
    0x60, 0x02, 0x30, 0x00, 0xF8, 0x00, 0xFF, 0xFE, 0xF1, 0xFF, 0xB8, 0x00, 0x00, 0x00, 0x00, 0x00,
    0x07, 0x06, 0x1F, 0xC1, 0xC7, 0x80, 0x3B, 0xFE, 0x07, 0xFF, 0x80, 0x3E, 0xF0, 0x1D, 0x9E, 0x00,
    0x70, 0x3F, 0xFE, 0x01, 0x99, 0xC0, 0x66, 0xFC, 0x19, 0x83, 0x06, 0xC0, 0xC1, 0xE0, 0xE1, 0xDB,
    0xFC, 0xE3, 0xFF, 0x80, 0x00, 0x00, 0x00, 0x00, 0x00, 0x00, 0x06, 0x1F, 0xF0, 0xC7, 0xFC, 0x18,
    0x60, 0x03, 0xF8, 0xC0, 0x3A, 0x70, 0x01, 0xF8, 0x7B, 0xD8, 0x3F, 0xEE, 0x00, 0x8F, 0xE0, 0x3F,
    0x7E, 0x0F, 0x19, 0x82, 0x0E, 0x01, 0xE6, 0x01, 0xFF, 0xFC, 0xE1, 0xFF, 0x80, 0x00, 0x00, 0x00,
    0x00, 0x00, 0x03, 0x86, 0x1F, 0xE1, 0xCF, 0xC0, 0x3B, 0xFE, 0x06, 0x7F, 0x80, 0x3F, 0xF0, 0x0F,
    0xFC, 0x03, 0xB8, 0x3E, 0x7F, 0xC1, 0xBB, 0x10, 0x7A, 0x4C, 0x1E, 0x97, 0x07, 0x84, 0x01, 0xC0,
    0x01, 0xDF, 0xFC, 0xE0, 0x00, 0x00, 0x00, 0x00, 0x00, 0x00, 0x00, 0x08, 0x02, 0x07, 0x01, 0x83,
    0x60, 0x33, 0x8E, 0x07, 0xE3, 0xC0, 0x1F, 0xE0, 0x00, 0xC0, 0x07, 0xFF, 0x3E, 0xFF, 0x85, 0x93,
    0xC0, 0x24, 0xF8, 0x0F, 0x37, 0x02, 0xB8, 0x80, 0xCC, 0x00, 0xFF, 0xFE, 0xF3, 0xFF, 0x38, 0x00,
    0x00, 0x00, 0x00, 0x00, 0x00, 0x06, 0x3F, 0xC0, 0xC7, 0xF0, 0x18, 0x78, 0x02, 0xFF, 0x80, 0x3F,
    0xF0, 0x0C, 0x8C, 0xFB, 0xFF, 0x3E, 0xFF, 0xC1, 0xBF, 0xF0, 0x6F, 0xFC, 0x1B, 0x23, 0x0F, 0xDB,
    0x83, 0x72, 0xC3, 0x8F, 0xFC, 0xC0, 0xFF, 0x00, 0x00, 0x00, 0x00, 0x00, 0x00, 0x21, 0x82, 0x09,
    0xF1, 0x82, 0x70, 0x31, 0xD8, 0x07, 0xF6, 0x00, 0x19, 0xF8, 0x02, 0x6C, 0x00, 0xDB, 0x3F, 0xF6,
    0xC7, 0xB9, 0xB0, 0x22, 0x6C, 0x08, 0xB3, 0x02, 0xE8, 0xC0, 0xF2, 0x30, 0xFF, 0xFE, 0xF3, 0xFF,
    0xB8, 0x00, 0x00, 0x00, 0x00, 0x00, 0x08, 0x02, 0x3F, 0xF9, 0xCF, 0xFE, 0x18, 0x20, 0x02, 0x7F,
    0x80, 0x1F, 0xF0, 0x04, 0xCC, 0x01, 0x33, 0x3E, 0x7F, 0xC5, 0x8F, 0xC0, 0x23, 0xD8, 0x0F, 0xB3,
    0x82, 0xCC, 0x40, 0xC0, 0x00, 0xFF, 0xFE, 0xF3, 0xFF, 0xB8, 0x00, 0x00, 0x00, 0x00, 0x00, 0x08,
    0x02, 0x12, 0x01, 0xC7, 0xF8, 0x3B, 0xFF, 0x07, 0x88, 0x00, 0x27, 0x00, 0x0F, 0xFE, 0x00, 0x00,
    0x3E, 0x7F, 0xC7, 0x9F, 0xF0, 0x24, 0x0C, 0x09, 0x03, 0x02, 0x7F, 0xC0, 0xDF, 0xE0, 0xFF, 0xFE,
    0xF3, 0xFF, 0xB8, 0x00, 0x00, 0x00, 0x00, 0x00, 0x08, 0x02, 0x03, 0x01, 0x81, 0xC0, 0x33, 0xFF,
    0x86, 0x7F, 0x80, 0x1F, 0xF0, 0x06, 0xCC, 0x01, 0xFF, 0x3E, 0x7F, 0xC7, 0x9F, 0xF0, 0x27, 0xFC,
    0x0F, 0xFF, 0x82, 0xFF, 0xC0, 0xC3, 0x00, 0xFC, 0xC0, 0xF3, 0xFF, 0xB8, 0x3F, 0xE0, 0x00, 0x00,
    0x00, 0x08, 0x00, 0x03, 0x01, 0x81, 0xC0, 0x39, 0xFE, 0x06, 0x7F, 0x80, 0x3F, 0xF8, 0x01, 0xD8,
    0x01, 0xFE, 0x3F, 0xDC, 0xC7, 0xB3, 0x60, 0x27, 0xF0, 0x0F, 0xBE, 0x02, 0xF9, 0xE0, 0xCC, 0x38,
    0xFF, 0xFE, 0xF3, 0xFF, 0xB8, 0x00, 0x00, 0x00, 0x00, 0x08, 0x7F, 0xE7, 0x1F, 0xF8, 0xE4, 0x66,
    0x09, 0x7D, 0x80, 0x5F, 0xE0, 0x1F, 0xD8, 0x07, 0xFE, 0x01, 0x81, 0xBE, 0x5F, 0xE7, 0x97, 0xF8,
    0x25, 0x9E, 0x09, 0xFF, 0x82, 0xCE, 0x60, 0xA0, 0x70, 0xF8, 0x18, 0xF7, 0xFF, 0xB8, 0x7F, 0xE0,
    0x00, 0x00, 0x00, 0x22, 0x02, 0x09, 0x81, 0xC7, 0xF8, 0x39, 0xFF, 0x02, 0xCC, 0x00, 0x7B, 0x00,
    0x1F, 0xF8, 0x01, 0xB0, 0x3E, 0x7F, 0x87, 0x9F, 0xC0, 0x24, 0xC0, 0x09, 0xFF, 0x02, 0x7F, 0x80,
    0xC0, 0x00, 0xFF, 0xFE, 0xF3, 0xFF, 0xB8, 0x00, 0x00, 0x00, 0x00, 0x00, 0x20, 0x02, 0x0F, 0x81,
    0x87, 0xF0, 0x39, 0x0C, 0x06, 0xC6, 0x00, 0x7F, 0xF0, 0x0C, 0xCC, 0x01, 0x33, 0x3E, 0x7F, 0xC7,
    0x9F, 0xE0, 0x21, 0xE6, 0x08, 0xD9, 0x83, 0xE7, 0xC0, 0xB0, 0xE0, 0xF0, 0x00, 0xF7, 0xFF, 0xB8,
    0xFF, 0xE0, 0x00, 0x00, 0x00, 0x22, 0x06, 0x18, 0x81, 0xC3, 0x60, 0x3B, 0xFE, 0x07, 0xFF, 0x80,
    0x0E, 0x20, 0x06, 0x98, 0x07, 0x7C, 0x3E, 0xBF, 0x01, 0xFF, 0xE0, 0x6B, 0xCC, 0x1F, 0x90, 0x06,
    0x0C, 0x01, 0xCF, 0x01, 0xDF, 0xFC, 0xE0, 0x00, 0x00, 0x00, 0x00, 0x00, 0x00, 0x00, 0x7F, 0x86,
    0x3F, 0xE1, 0xCF, 0xF8, 0x3B, 0xFE, 0x06, 0xDB, 0x00, 0x3F, 0xE0, 0x0F, 0xF8, 0x73, 0xFE, 0x3F,
    0xBF, 0x81, 0xFF, 0xF0, 0x7F, 0xFC, 0x1E, 0x30, 0x07, 0x84, 0x03, 0xC0, 0x01, 0x9F, 0xFC, 0xC0,
    0x00, 0x00, 0x00, 0x00, 0x00, 0x00, 0x00, 0x7F, 0x82, 0x1F, 0xF1, 0xC7, 0xFC, 0x39, 0xFF, 0x02,
    0x4C, 0xC0, 0x1B, 0x30, 0x07, 0xFC, 0x00, 0x30, 0x3F, 0xFF, 0xE7, 0xFF, 0xF8, 0x38, 0xFE, 0x0F,
    0xFF, 0x83, 0xBC, 0x60, 0xA0, 0xF8, 0xF8, 0x38, 0xF7, 0xFF, 0xB8, 0x7F, 0xE0, 0x00, 0x00, 0x00,
    0x44, 0x0C, 0x33, 0x03, 0x9F, 0xFC, 0x7F, 0xFF, 0x0D, 0x8C, 0x00, 0x7F, 0xE0, 0x1F, 0xF8, 0x06,
    0xC2, 0x3D, 0xB3, 0x83, 0x6F, 0xF0, 0xDB, 0x18, 0x3C, 0xC4, 0x0F, 0xEE, 0x03, 0xF9, 0x81, 0x9F,
    0xFC, 0xC0, 0x00, 0x00, 0x00, 0x00, 0x00, 0x00, 0x00, 0xFF, 0xC2, 0x3F, 0xF9, 0x88, 0xC6, 0x32,
    0xFF, 0x86, 0x3F, 0x00, 0x1F, 0xF0, 0x06, 0xCC, 0x01, 0xFF, 0x3E, 0x7F, 0xC7, 0x9F, 0xF0, 0x27,
    0xFC, 0x0F, 0xFF, 0x82, 0xFF, 0xC0, 0xC3, 0x00, 0xFF, 0xFE, 0xF3, 0xFF, 0xB8, 0x00, 0x00, 0x00,
    0x00, 0x00, 0x00, 0x06, 0x3F, 0xF8, 0xCF, 0xFC, 0x19, 0xFF, 0x02, 0x7F, 0xC0, 0x1F, 0xF0, 0x07,
    0xF8, 0xF9, 0xFF, 0xBE, 0x7F, 0xE0, 0x9B, 0xD8, 0x2F, 0xFE, 0x0E, 0xFF, 0x83, 0xFF, 0x61, 0xEA,
    0xF9, 0xFF, 0xFC, 0xE7, 0xFF, 0x80, 0x00, 0x00, 0x00, 0x00, 0x08, 0x3F, 0x07, 0x1F, 0xE0, 0xE6,
    0x70, 0x19, 0xFC, 0x00, 0x69, 0x00, 0x1F, 0xF0, 0x0F, 0xFE, 0x03, 0x01, 0xBE, 0xDF, 0xE1, 0xB4,
    0x78, 0x6D, 0xFE, 0x1B, 0x7D, 0x86, 0xC0, 0xE1, 0xB0, 0xE1, 0xFF, 0xFC, 0xE3, 0xFF, 0x80, 0x00,
    0x00, 0x00, 0x00, 0x00, 0x42, 0x04, 0x19, 0xC3, 0x07, 0xE0, 0x67, 0xFF, 0x0C, 0xFF, 0x00, 0x3F,
    0xE0, 0x18, 0x18, 0x07, 0xFE, 0x3D, 0xFF, 0x87, 0x7F, 0xE0, 0xDF, 0xF8, 0x36, 0x06, 0x0D, 0xFF,
    0x83, 0xBF, 0xC1, 0xFF, 0xFE, 0xE7, 0xFF, 0xB0, 0x00, 0x00, 0x00, 0x00, 0x00, 0x08, 0x00, 0x02,
    0x01, 0x81, 0xC0, 0x39, 0xFF, 0x06, 0x7F, 0x80, 0x7F, 0xF8, 0x07, 0x30, 0x07, 0xFF, 0x3E, 0xFF,
    0x87, 0x9F, 0xF0, 0x27, 0xF8, 0x1F, 0xFF, 0x82, 0xFF, 0xC0, 0xC2, 0x00, 0xFC, 0x80, 0xF3, 0xFF,
    0xB8, 0x3F, 0xC0, 0x00, 0x00, 0x00, 0x08, 0x02, 0x1F, 0xC1, 0xC7, 0xF8, 0x3A, 0xE7, 0x07, 0xFF,
    0xE0, 0x0F, 0xC0, 0x03, 0xF8, 0x00, 0xC6, 0x3E, 0x3F, 0x87, 0x8F, 0xC0, 0x27, 0xFC, 0x09, 0xFE,
    0x02, 0xFF, 0xE0, 0xFF, 0xF8, 0xFF, 0xFE, 0xF3, 0xFF, 0xB8, 0x00, 0x00, 0x00, 0x00, 0x00, 0x01,
    0xC2, 0x3F, 0xF1, 0xCF, 0xF0, 0x18, 0x48, 0x02, 0x1C, 0xC6, 0x0F, 0x60, 0xC3, 0x70, 0x18, 0xCB,
    0x00, 0xF6, 0xCF, 0xBF, 0xF9, 0xE3, 0xF2, 0x08, 0xEB, 0x02, 0x3B, 0xE0, 0xDC, 0xD8, 0xFE, 0x20,
    0xF3, 0xFF, 0xB8, 0x7F, 0xE0, 0x00, 0x00, 0x00, 0x08, 0x00, 0x02, 0x01, 0x81, 0xC0, 0x39, 0xFC,
    0x06, 0x7F, 0x00, 0x7F, 0xF0, 0x00, 0x00, 0x01, 0xFC, 0x3E, 0xFF, 0x87, 0xBF, 0xE0, 0x27, 0xFC,
    0x08, 0xFE, 0x03, 0xEF, 0x00, 0xB2, 0x78, 0xFC, 0x8C, 0xF7, 0xFF, 0xB8, 0x3F, 0xC0, 0x00, 0x00,
    0x00, 0x88, 0x02, 0x33, 0xF1, 0xC5, 0xBE, 0x1B, 0xE9, 0x83, 0xFF, 0x66, 0x2C, 0xF8, 0xCB, 0xF6,
    0x1E, 0xFD, 0x80, 0xBF, 0xEF, 0xFF, 0xF8, 0x63, 0x66, 0x08, 0xD1, 0x82, 0x67, 0xC0, 0xC0, 0x20,
    0xF8, 0x00, 0xF3, 0xFF, 0xB8, 0x7F, 0xE0, 0x00, 0x00, 0x00, 0x08, 0x06, 0x3F, 0xE1, 0xDF, 0xF8,
    0x3F, 0xFE, 0x06, 0xFF, 0x80, 0x7F, 0xF0, 0x1F, 0xFC, 0x03, 0x0C, 0x3E, 0xFF, 0x01, 0xBF, 0xE0,
    0x6F, 0xF8, 0x1B, 0x02, 0x06, 0xC1, 0x81, 0xBF, 0xE1, 0xFF, 0xFC, 0xE3, 0xFF, 0x00, 0x00, 0x00,
    0x00, 0x00, 0x00, 0x08, 0x06, 0x06, 0x01, 0xCF, 0xFC, 0x3F, 0xFF, 0x06, 0x36, 0x00, 0x3F, 0xE0,
    0x1F, 0xFC, 0x16, 0x77, 0x3F, 0xFF, 0xC1, 0xEF, 0xB0, 0x7B, 0xFC, 0x1E, 0xCF, 0x07, 0xBF, 0xC1,
    0xE0, 0xE1, 0xDE, 0x3C, 0xE1, 0xFF, 0x80, 0x00, 0x00, 0x00, 0x00, 0x00, 0x24, 0x06, 0x7F, 0xF1,
    0xDF, 0xFC, 0x3B, 0xFE, 0x07, 0xFF, 0x80, 0x7F, 0xE0, 0x1F, 0xF8, 0x77, 0xB6, 0x3F, 0xFF, 0x81,
    0xBF, 0xC0, 0x6F, 0xF0, 0x1B, 0xFC, 0x06, 0xDB, 0x01, 0xBF, 0xC1, 0xFF, 0xFC, 0xE3, 0xFF, 0x00,
    0x00, 0x00, 0x00, 0x00, 0x00, 0x00, 0x06, 0x02, 0x00, 0xC0, 0xC0, 0x33, 0xFF, 0x81, 0x9B, 0x00,
    0x66, 0xC0, 0x0F, 0xFE, 0xF7, 0xFD, 0x1D, 0x92, 0x03, 0x67, 0xC0, 0xC9, 0xE0, 0x36, 0xAB, 0x0D,
    0x6F, 0xE3, 0xD2, 0x99, 0xFF, 0xFE, 0xE7, 0xFF, 0xB0, 0x00, 0x00, 0x00, 0x00, 0x00, 0x22, 0x02,
    0x3F, 0xF9, 0xCF, 0xFE, 0x38, 0xF8, 0x02, 0x7F, 0xC0, 0x1F, 0xB0, 0x07, 0x3C, 0x01, 0xFF, 0x3E,
    0x7F, 0xC7, 0x9F, 0xF0, 0x27, 0xFC, 0x0F, 0xFF, 0x82, 0xFF, 0xC0, 0x8D, 0xE0, 0xF1, 0x70, 0xF7,
    0xFF, 0xB8, 0xFF, 0xE0, 0x00, 0x00, 0x00, 0xFF, 0x82, 0x7F, 0xF1, 0x83, 0xE0, 0x37, 0xFF, 0x07,
    0xFF, 0xC0, 0x7F, 0xF0, 0x03, 0x80, 0x07, 0xFF, 0xBF, 0xFF, 0xC7, 0x9F, 0xC0, 0x3F, 0xFE, 0x0F,
    0xF9, 0x02, 0x7C, 0x80, 0x9F, 0xF0, 0xFB, 0xF8, 0xF7, 0xFF, 0xB8, 0x7F, 0xC0, 0x00, 0x00, 0x00,
    0xF7, 0xC2, 0x3F, 0xF1, 0xCF, 0xBC, 0x3B, 0xFF, 0x07, 0x96, 0x00, 0x37, 0xB0, 0x07, 0xBC, 0x00,
    0x6C, 0x3E, 0x7F, 0xC7, 0x9F, 0xE0, 0x3F, 0xFE, 0x0B, 0xFF, 0x02, 0x73, 0xC0, 0xD8, 0x70, 0xFF,
    0xFE, 0xF3, 0xFF, 0xB8, 0x00, 0x00, 0x00, 0x00, 0x00, 0x08, 0x02, 0x1F, 0xC1, 0xC7, 0xF8, 0x39,
    0xF6, 0x06, 0x7F, 0x80, 0x1F, 0xC0, 0x1F, 0xFE, 0x03, 0x86, 0x3E, 0x7F, 0x87, 0x9F, 0xE0, 0x67,
    0xF8, 0x19, 0xFE, 0x06, 0x7F, 0x83, 0x9F, 0xC1, 0xFE, 0x3C, 0xE7, 0xFF, 0xB0, 0x7F, 0xE0, 0x00,
    0x00, 0x00, 0x02, 0x0C, 0x38, 0xC3, 0x9E, 0xFC, 0x66, 0xBF, 0x8D, 0xA6, 0xC0, 0x79, 0xB0, 0x1E,
    0x38, 0x07, 0x3F, 0xBD, 0xEF, 0xC7, 0x78, 0xC0, 0xFA, 0xFE, 0x36, 0xBF, 0x0D, 0xE3, 0x03, 0xB8,
    0xC1, 0xFF, 0xFE, 0xE7, 0xFF, 0xB0, 0x00, 0x00, 0x00, 0x00, 0x00, 0xFF, 0x82, 0x7F, 0xE1, 0xDF,
    0xFC, 0x3F, 0xFE, 0x07, 0xFF, 0xC0, 0xFF, 0xF0, 0x07, 0xE0, 0x03, 0xFC, 0x3E, 0xFF, 0x01, 0xBF,
    0xC0, 0x63, 0xFE, 0x19, 0xEE, 0x07, 0xDB, 0x81, 0xE6, 0x31, 0xFB, 0xEC, 0xE3, 0xFF, 0x80, 0x00,
    0x00, 0x00, 0x00, 0x00, 0x00, 0x07, 0xFF, 0xF0, 0xFF, 0xFE, 0x19, 0xE3, 0x06, 0x78, 0x87, 0xFE,
    0x61, 0xFF, 0xB0, 0x19, 0xEE, 0x1F, 0xF8, 0xC3, 0xFE, 0x18, 0x67, 0x86, 0x39, 0xE1, 0x8C, 0x7B,
    0xC3, 0x1E, 0xE3, 0xBF, 0x80, 0xC7, 0x20, 0x00, 0x00, 0x00, 0x00, 0x00, 0x01, 0x00, 0x00, 0xC3,
    0xE0, 0x31, 0xFC, 0x3F, 0xE3, 0x1F, 0xF9, 0x80, 0xC6, 0x60, 0xFD, 0xB0, 0x7F, 0xEE, 0x03, 0x18,
    0xC0, 0xD6, 0x18, 0x3F, 0x86, 0xFC, 0x61, 0x86, 0x1B, 0xC1, 0x86, 0x01, 0xC1, 0x80, 0xE0, 0x60,
    0x00, 0x00, 0x00, 0x00, 0x00, 0x00, 0x00, 0x07, 0xFF, 0xF0, 0xFD, 0xFE, 0x33, 0x63, 0x0C, 0xD8,
    0x83, 0x36, 0x63, 0xFF, 0xB0, 0xFF, 0xEE, 0x03, 0xD8, 0xC1, 0xF6, 0x18, 0x6D, 0x86, 0x1B, 0x6F,
    0x0C, 0xDB, 0x8E, 0x36, 0x03, 0x3D, 0x80, 0x0E, 0x20, 0x00, 0x00, 0x00, 0x00, 0x00, 0x00, 0xC0,
    0x03, 0xF3, 0xF1, 0xF1, 0xFE, 0x6C, 0x63, 0x1B, 0x18, 0xC7, 0xFE, 0x61, 0xFF, 0x90, 0x6C, 0x66,
    0x1B, 0x98, 0xC6, 0x66, 0x19, 0xD9, 0x86, 0x7F, 0xE7, 0xB9, 0xFB, 0x80, 0x36, 0x01, 0x7D, 0x80,
    0xFF, 0x60, 0x00, 0x00, 0x00, 0x00, 0x00, 0x01, 0x00, 0x00, 0xC1, 0xE0, 0x30, 0x78, 0x7F, 0xF2,
    0x3F, 0xFC, 0x81, 0x11, 0x60, 0xCE, 0x70, 0x30, 0xDE, 0x1A, 0x1C, 0xCD, 0xB1, 0x10, 0x7C, 0x44,
    0x0E, 0x13, 0x03, 0xC5, 0x81, 0x99, 0x01, 0xC6, 0x40, 0xC0, 0x10, 0x00, 0x00, 0x00, 0x00, 0x00,
    0x00, 0x80, 0x00, 0x63, 0xE0, 0x7D, 0xFC, 0x3F, 0xE3, 0x0C, 0x79, 0x83, 0xFE, 0x60, 0xFF, 0xB0,
    0x31, 0xEC, 0x0C, 0x79, 0x83, 0xFE, 0x30, 0xC5, 0x8C, 0x33, 0x63, 0x0C, 0xDF, 0x83, 0xFE, 0x03,
    0xE7, 0x80, 0x00, 0x60, 0x00, 0x00, 0x00, 0x00, 0x00, 0x00, 0x00, 0x07, 0xF9, 0xF8, 0xFE, 0x7E,
    0xFF, 0xDB, 0x3F, 0xF6, 0xC0, 0x49, 0xE0, 0xFE, 0x78, 0x7F, 0x9E, 0x06, 0x06, 0xC3, 0xF9, 0x98,
    0xFE, 0x66, 0x70, 0x99, 0xBC, 0x27, 0xC3, 0xF9, 0x80, 0xFE, 0x60, 0x30, 0x18, 0x00, 0x00, 0x00,
    0x00, 0x00, 0x01, 0x00, 0x00, 0xC0, 0xF0, 0x38, 0x7E, 0xFF, 0xD9, 0x8C, 0xC6, 0xC3, 0x31, 0xB0,
    0x78, 0x78, 0x1E, 0x1B, 0x3F, 0xF6, 0x67, 0xFD, 0x99, 0xFE, 0x66, 0x7F, 0x9F, 0x18, 0x27, 0x86,
    0x09, 0x81, 0xFE, 0x60, 0x7F, 0x98, 0x18, 0x04, 0x00, 0x00, 0x00, 0x01, 0x00, 0x00, 0xC0, 0xF0,
    0x38, 0x7E, 0xFF, 0xD9, 0x8F, 0xE6, 0xC7, 0xF9, 0xB1, 0x86, 0x78, 0x7F, 0x9E, 0x0F, 0xE6, 0xC7,
    0xF9, 0x98, 0xFE, 0x66, 0x07, 0x19, 0x83, 0xF7, 0xCF, 0xFD, 0xE3, 0xF0, 0x60, 0x3C, 0x18, 0x0F,
    0x04, 0x00, 0x00, 0x00, 0x00, 0x30, 0x03, 0xFF, 0xF1, 0xFC, 0x7E, 0x02, 0x19, 0x9F, 0xFE, 0xCF,
    0xFF, 0xB0, 0xDB, 0x78, 0x36, 0xDE, 0x3F, 0xFE, 0xC7, 0xFF, 0x98, 0xCB, 0x66, 0x7F, 0xF9, 0x8F,
    0xF7, 0xC0, 0x3F, 0xE3, 0xFF, 0xE0, 0xFE, 0x18, 0x00, 0x04, 0x00, 0x00, 0x00, 0x04, 0x00, 0x03,
    0x1E, 0xF0, 0xC7, 0xFE, 0x35, 0x3D, 0x9B, 0xFF, 0x6F, 0x9F, 0xD9, 0xE4, 0xEC, 0x31, 0x3B, 0x0F,
    0xFF, 0x67, 0xFE, 0xDB, 0xFD, 0x36, 0x67, 0x6D, 0x83, 0x53, 0xC1, 0x9E, 0xE0, 0xEF, 0xE0, 0xF3,
    0x2C, 0x38, 0x02, 0x00, 0x00, 0x00, 0x06, 0x00, 0x01, 0x80, 0xE0, 0xF6, 0x7C, 0x7F, 0x93, 0x06,
    0xC4, 0xC7, 0xFF, 0x63, 0xFF, 0xD0, 0x0C, 0x16, 0x0F, 0xC4, 0xC7, 0xF9, 0x13, 0xD6, 0x44, 0x3F,
    0x91, 0x0C, 0x65, 0xC3, 0x19, 0x00, 0xFE, 0x40, 0x31, 0x90, 0x00, 0x00, 0x00, 0x00, 0x00, 0x00,
    0x08, 0x0F, 0xFA, 0x03, 0xFE, 0xFC, 0x1A, 0x7F, 0x8F, 0xF0, 0x67, 0xFC, 0x19, 0xFE, 0x06, 0x7E,
    0x99, 0x9F, 0xE7, 0x67, 0xF8, 0xD9, 0xEE, 0x26, 0x60, 0x81, 0x9F, 0xE0, 0x67, 0xF8, 0x19, 0xFE,
    0x0C, 0x7F, 0x9E, 0x18, 0x07, 0x00, 0x00, 0x00, 0x00, 0x00, 0x0F, 0xFB, 0xF1, 0xFE, 0xFC, 0x1A,
    0x03, 0x1F, 0xE0, 0xC7, 0xF8, 0x31, 0xEA, 0x0C, 0x7E, 0xBF, 0x1F, 0xEF, 0xC7, 0xBA, 0x01, 0xC2,
    0x80, 0x61, 0xA0, 0x1F, 0xE8, 0x67, 0xFA, 0x19, 0xFE, 0xFE, 0x60, 0x1F, 0x00, 0x00, 0x00, 0x00,
    0x00, 0x00, 0x01, 0x07, 0xF0, 0x63, 0xFC, 0x18, 0x3C, 0x06, 0x1F, 0x8F, 0xCF, 0xF7, 0xFB, 0xFC,
    0x18, 0xFF, 0x46, 0x3F, 0xD9, 0x8E, 0x73, 0x63, 0x1C, 0xD8, 0xFF, 0x06, 0x3F, 0xC1, 0x8C, 0x10,
    0x63, 0xFC, 0x18, 0xFF, 0x3E, 0x30, 0x0E, 0x00, 0x00, 0x00, 0x30, 0x00, 0x0C, 0x7F, 0xF1, 0x9F,
    0xFE, 0x30, 0x78, 0x00, 0x3E, 0x0C, 0x3F, 0xF1, 0x89, 0xEC, 0x32, 0x7B, 0x00, 0xF6, 0xC1, 0xF8,
    0xF0, 0x7C, 0x3C, 0x33, 0xFF, 0x0C, 0xFF, 0xC7, 0x20, 0x31, 0x8F, 0xFC, 0xE3, 0xFF, 0x30, 0x80,
    0xC0, 0x00, 0x00, 0x00, 0x08, 0x07, 0xE2, 0x03, 0xF9, 0xC0, 0x39, 0xFE, 0x1F, 0x8D, 0x8F, 0xE6,
    0x7B, 0xF9, 0x1E, 0xFE, 0xC7, 0xBF, 0xE0, 0xCF, 0xE1, 0x83, 0xB8, 0x60, 0xFF, 0xFF, 0xBF, 0xBF,
    0xCC, 0x21, 0x83, 0xF8, 0x60, 0xFE, 0x18, 0x30, 0x04, 0x00, 0x00, 0x00, 0x00, 0x08, 0x0F, 0xF2,
    0x03, 0xFC, 0x80, 0x0C, 0x7F, 0x0F, 0x9F, 0xE7, 0xFF, 0x01, 0xFF, 0x80, 0x6F, 0xF0, 0x1F, 0xCF,
    0xC7, 0xF3, 0xE1, 0xDC, 0x80, 0x7F, 0x3F, 0x1F, 0xCF, 0x86, 0x12, 0x01, 0xFC, 0x80, 0x7F, 0x20,
    0x18, 0x08, 0x00, 0x00, 0x00, 0x00, 0x08, 0x07, 0xF2, 0x03, 0xFC, 0xC0, 0x3C, 0x7F, 0x0F, 0x18,
    0xCF, 0xFF, 0xE3, 0xFE, 0x70, 0xFF, 0x1C, 0x3F, 0xCD, 0x8E, 0xFE, 0x7B, 0x9F, 0xFC, 0xFF, 0x7F,
    0x3F, 0xD8, 0xCC, 0x16, 0x33, 0xFD, 0xFC, 0xFF, 0x7F, 0x30, 0x10, 0xC0, 0x00, 0x00, 0x00, 0x30,
    0x47, 0xEC, 0xB1, 0xFF, 0x6C, 0x1C, 0xDB, 0x0F, 0xB6, 0xC7, 0xFD, 0xB1, 0xFF, 0xFC, 0x7F, 0xFF,
    0x1F, 0xFF, 0xC7, 0xFD, 0xB1, 0xBF, 0x6C, 0x7F, 0xDB, 0x1F, 0xF6, 0xC6, 0x3D, 0xB1, 0xFF, 0x2C,
    0x7F, 0x83, 0x10, 0x60, 0x40, 0x00, 0x00, 0x00, 0x08, 0x07, 0xE3, 0x03, 0xF9, 0xCC, 0x3C, 0xFE,
    0x0F, 0x0D, 0x8F, 0xF3, 0xE3, 0xFF, 0xFE, 0xF6, 0x18, 0x3F, 0x8F, 0xCE, 0xEF, 0xE3, 0x9F, 0x30,
    0xFF, 0xFF, 0xBF, 0xBF, 0xCC, 0x20, 0xC3, 0xF8, 0x30, 0xFE, 0x3C, 0x30, 0x0C, 0x00, 0x00, 0x00,
    0x00, 0x02, 0x0F, 0xE4, 0xC3, 0xF9, 0x20, 0x38, 0x7E, 0x0E, 0x3F, 0xCF, 0xF8, 0xC3, 0xF8, 0x30,
    0xFF, 0xFF, 0xBF, 0xBF, 0xCF, 0xE0, 0x03, 0xB9, 0xFC, 0xFE, 0x7F, 0x3F, 0x90, 0xCC, 0x24, 0x33,
    0xF9, 0xFC, 0xFE, 0x7F, 0x30, 0x10, 0xC0, 0x00, 0x00, 0x00, 0x08, 0x0F, 0xE2, 0x83, 0xF9, 0xB0,
    0x38, 0x4E, 0x1F, 0xBF, 0x8F, 0xEF, 0x63, 0xF9, 0xD4, 0xFE, 0xF7, 0x3F, 0xEF, 0x8E, 0xE7, 0xC3,
    0x1B, 0x10, 0xFF, 0xC4, 0x31, 0x9E, 0x0C, 0x63, 0xC3, 0xFB, 0x9C, 0xC1, 0xC7, 0x00, 0x00, 0x00,
    0x00, 0x00, 0x1F, 0xDF, 0x87, 0xF7, 0xF0, 0x71, 0x8C, 0x1C, 0x7F, 0x1F, 0xDF, 0xC7, 0xF4, 0x31,
    0xFD, 0xFC, 0x7F, 0x7F, 0x1F, 0xD3, 0x07, 0xF7, 0xF9, 0xAF, 0xFE, 0x7F, 0x8C, 0x18, 0xFF, 0xC6,
    0x37, 0xF1, 0xFC, 0x30, 0x7F, 0xFF, 0x90, 0x3F, 0xE0, 0x00, 0x00, 0x00, 0x04, 0x07, 0xF3, 0x03,
    0xFE, 0xC0, 0x3C, 0xFF, 0x0F, 0x76, 0xCF, 0xFD, 0xB3, 0xFF, 0xFC, 0xFD, 0xDB, 0x3F, 0xE6, 0xCF,
    0xFF, 0xF3, 0x9F, 0xF8, 0xC1, 0x76, 0x3F, 0xDF, 0xCF, 0xF7, 0xFB, 0xFF, 0x76, 0xFF, 0x9F, 0x30,
    0x23, 0x80, 0x00, 0x00, 0x00, 0x04, 0x0F, 0xFF, 0xF3, 0xFF, 0xFE, 0x38, 0xCE, 0x1F, 0xF0, 0xEF,
    0xFE, 0xE3, 0xFF, 0xFC, 0xFE, 0x6C, 0x3F, 0xBF, 0xCF, 0xEF, 0xE3, 0x9F, 0xFE, 0xFF, 0xFF, 0x3F,
    0xB2, 0xCC, 0x3C, 0xE3, 0xFD, 0xB8, 0xFF, 0xE7, 0xB0, 0x60, 0xE0, 0x00, 0x00, 0x00, 0x0F, 0x83,
    0xFF, 0xE0, 0xFF, 0x00, 0x01, 0x80, 0x06, 0x63, 0x00, 0xD9, 0x80, 0x18, 0xC0, 0x01, 0x80, 0x1F,
    0xFF, 0xC7, 0xFF, 0xE0, 0x0F, 0x80, 0x07, 0xB0, 0x03, 0x66, 0x01, 0x98, 0xC1, 0xC6, 0x1C, 0x61,
    0x83, 0x00, 0x60, 0x00, 0x00, 0x00, 0x01, 0xC0, 0x0F, 0xF7, 0xE3, 0xE1, 0xFC, 0x19, 0x43, 0x36,
    0xD8, 0xC7, 0xE6, 0x30, 0x61, 0x8C, 0xFF, 0x7F, 0x1F, 0xDF, 0x87, 0xE4, 0x81, 0xED, 0xB8, 0x79,
    0x66, 0x36, 0x19, 0x8D, 0x8C, 0x71, 0x62, 0x0C, 0x19, 0x83, 0x82, 0x40, 0x60, 0x00, 0x00, 0x00,
    0x00, 0x03, 0xFF, 0xE0, 0xFF, 0xF8, 0x30, 0x86, 0x0F, 0xFF, 0x83, 0xFF, 0xE0, 0xC2, 0x18, 0x30,
    0x86, 0x0F, 0xFF, 0x83, 0xFF, 0xE0, 0x02, 0x00, 0x01, 0xC0, 0x0F, 0xFF, 0x80, 0x08, 0x01, 0xFF,
    0xFC, 0xFF, 0xFF, 0x80, 0x00, 0x00, 0x00, 0x00, 0x00, 0x07, 0x01, 0xFF, 0xE0, 0xFF, 0x80, 0x61,
    0xDF, 0x3F, 0xFF, 0xE1, 0xFF, 0xC0, 0xFF, 0xF8, 0x31, 0xC6, 0x0F, 0xFF, 0x83, 0xFF, 0xE0, 0xC2,
    0x18, 0x3F, 0xFE, 0x00, 0x70, 0x07, 0xFF, 0xF0, 0xFF, 0xF8, 0xFF, 0xFF, 0xBF, 0xFF, 0xE0, 0x00,
    0x00, 0x00, 0x00, 0x07, 0xF7, 0xF1, 0xFD, 0xFC, 0x79, 0x26, 0x1F, 0xCF, 0x87, 0xF1, 0xC1, 0xA5,
    0xFC, 0x7F, 0x7F, 0x9F, 0xC3, 0x61, 0x80, 0xF0, 0xFC, 0x30, 0x7F, 0x0C, 0x06, 0x03, 0x01, 0xF0,
    0xC1, 0xFD, 0xF0, 0xF0, 0x78, 0x00, 0x00, 0x00, 0x00, 0x00, 0x07, 0xFF, 0x03, 0xFF, 0xE0, 0xC0,
    0x18, 0x3F, 0xFE, 0x0F, 0xFF, 0x83, 0xFF, 0xE0, 0x00, 0x00, 0xFF, 0xFF, 0x9F, 0xFF, 0xC3, 0xFF,
    0xE0, 0xFF, 0xF8, 0x3F, 0xFE, 0x01, 0x74, 0x07, 0xFF, 0xF0, 0xFF, 0xF8, 0xFF, 0xFF, 0xBF, 0xFF,
    0xE0, 0x00, 0x00, 0x00, 0x20, 0x00, 0x1C, 0x00, 0x0D, 0x80, 0x06, 0x30, 0x03, 0x06, 0x01, 0xC1,
    0xC0, 0xFF, 0xF8, 0xE7, 0xD3, 0x90, 0x30, 0x40, 0x0C, 0x00, 0xFF, 0xF8, 0x1F, 0xFC, 0x02, 0x32,
    0x01, 0x8C, 0xC0, 0x33, 0x60, 0x7F, 0xFF, 0x0F, 0xFF, 0xC0, 0x00, 0x00, 0x00, 0x88, 0x00, 0x63,
    0x00, 0x30, 0x60, 0x3E, 0x3E, 0x1D, 0xD9, 0x80, 0x3C, 0x00, 0x06, 0x00, 0x07, 0xF0, 0x07, 0xDF,
    0x0F, 0xFF, 0x71, 0xFF, 0xF8, 0x7F, 0xFE, 0x00, 0x60, 0x01, 0x99, 0x81, 0xFF, 0xFC, 0xFF, 0xFF,
    0x00, 0x00, 0x00, 0x00, 0x00, 0x02, 0x04, 0x01, 0xC1, 0x80, 0x70, 0x60, 0x37, 0x18, 0x0C, 0xC6,
    0x06, 0x01, 0x81, 0xFC, 0x60, 0xCF, 0xFF, 0x83, 0x3F, 0xC7, 0xF1, 0x80, 0xFC, 0x60, 0x6D, 0x18,
    0x0F, 0xC6, 0x01, 0xE1, 0x80, 0x3E, 0x60, 0xFF, 0x98, 0x3E, 0x04, 0x00, 0x00, 0x00, 0x02, 0x18,
    0x01, 0xC6, 0x00, 0x79, 0xFC, 0x3B, 0xFF, 0x1C, 0x70, 0xC6, 0x0C, 0x10, 0xFF, 0x04, 0x0C, 0x31,
    0x03, 0x0C, 0x47, 0xF9, 0x91, 0xFC, 0x64, 0x4F, 0x09, 0x1B, 0xC0, 0x43, 0xF0, 0x10, 0xBE, 0x0C,
    0x7F, 0xBE, 0x1C, 0x0F, 0x00, 0x00, 0x00, 0x02, 0x04, 0x81, 0xC1, 0xB0, 0xF0, 0xF8, 0x3F, 0xF8,
    0x19, 0xA6, 0x06, 0x79, 0xB3, 0xF6, 0x6C, 0x19, 0x9B, 0x06, 0x66, 0xCF, 0xF9, 0xB1, 0xFF, 0xFC,
    0xDB, 0xFE, 0x1F, 0xE6, 0x07, 0xE9, 0x98, 0xF8, 0x66, 0xFE, 0x1F, 0xBC, 0x03, 0x80, 0x00, 0x00,
    0x02, 0x04, 0x01, 0xC3, 0x80, 0xD9, 0xF0, 0x36, 0x44, 0x18, 0x31, 0x8E, 0x1C, 0x71, 0xFB, 0xFE,
    0x18, 0x00, 0x06, 0x00, 0x0F, 0xFF, 0xF1, 0xFB, 0xFC, 0xDA, 0x23, 0x3F, 0x88, 0xC7, 0xE3, 0xE0,
    0xF8, 0xF0, 0xFE, 0x20, 0x3C, 0x08, 0x00, 0x00, 0x00, 0x00, 0x00, 0x01, 0x81, 0x80, 0xF1, 0xE0,
    0x3E, 0x50, 0x19, 0x9E, 0x07, 0xEF, 0xF3, 0xF6, 0x60, 0x19, 0x90, 0x06, 0x06, 0x0F, 0xFF, 0xF9,
    0xFB, 0xFC, 0xDA, 0x38, 0x3F, 0x9B, 0x87, 0xE4, 0x60, 0xFF, 0x1C, 0xFF, 0x83, 0xBC, 0x40, 0x60,
    0x00, 0x00, 0x00, 0x00, 0x01, 0x80, 0x00, 0xF0, 0xD8, 0x36, 0x36, 0x18, 0x8D, 0x8C, 0x36, 0x31,
    0xFD, 0x8C, 0x3C, 0xC1, 0x86, 0x20, 0x4F, 0xF7, 0xE1, 0xFD, 0xFC, 0xDA, 0x43, 0x3F, 0x98, 0xC7,
    0xE4, 0x30, 0xFD, 0xFC, 0xFF, 0x7F, 0x3C, 0x10, 0x80, 0x00, 0x00, 0x02, 0x04, 0x01, 0xC1, 0x80,
    0x78, 0x60, 0x36, 0x18, 0x0C, 0xC6, 0x07, 0x3F, 0xF9, 0xF8, 0xF0, 0xD8, 0x3E, 0x06, 0x1F, 0x87,
    0xE7, 0xE0, 0xE9, 0xEC, 0x7A, 0xDB, 0x0F, 0xFF, 0xE1, 0xFF, 0xDB, 0xFC, 0x66, 0xF8, 0x18, 0x00,
    0x04, 0x00, 0x00, 0x00, 0x02, 0x02, 0x01, 0xC0, 0xC0, 0xF0, 0x30, 0x36, 0xFF, 0x19, 0xFF, 0xE6,
    0x79, 0x03, 0xF6, 0x60, 0x19, 0x98, 0x06, 0x66, 0x0F, 0xF9, 0xE1, 0xFE, 0x78, 0xDB, 0xB7, 0x1F,
    0xEC, 0xC7, 0xFB, 0x70, 0xFD, 0xFE, 0xFF, 0x79, 0xBC, 0x40, 0x40, 0x00, 0x00, 0x02, 0x00, 0x01,
    0xCF, 0xC0, 0xF7, 0xF8, 0x37, 0x86, 0x19, 0xE1, 0x8E, 0x7F, 0xE1, 0xFE, 0x18, 0x19, 0x86, 0x06,
    0x7F, 0x8F, 0xFF, 0xD9, 0xFE, 0x8C, 0xDB, 0xB6, 0x3F, 0xE7, 0x07, 0xF8, 0x80, 0x7F, 0xB8, 0xFF,
    0xE7, 0xBC, 0x60, 0xE0, 0x00, 0x00, 0x02, 0x08, 0x01, 0xC2, 0x00, 0xDF, 0xFC, 0x33, 0xFF, 0x98,
    0x90, 0x0E, 0x2C, 0x61, 0xFF, 0x38, 0x1B, 0xFB, 0x06, 0x10, 0xCF, 0xE4, 0xA1, 0xF9, 0x30, 0xDA,
    0x4C, 0x3F, 0x93, 0x67, 0xEC, 0xD8, 0x7E, 0x36, 0xFF, 0x8F, 0x3C, 0x41, 0x80, 0x00, 0x00, 0x02,
    0x00, 0x01, 0xCF, 0xF0, 0x77, 0xFE, 0x37, 0x81, 0x8D, 0xE0, 0x67, 0x7B, 0xF9, 0xFE, 0x06, 0xD9,
    0x81, 0x9F, 0xEF, 0xE3, 0xDB, 0xF9, 0xFE, 0x9E, 0x7F, 0xBF, 0x8F, 0xEF, 0x61, 0xF8, 0x1B, 0xFE,
    0x06, 0xF9, 0x8F, 0x00, 0x23, 0x80, 0x00, 0x00, 0x02, 0x08, 0x01, 0xC3, 0x00, 0xF0, 0xF8, 0x36,
    0x7F, 0x19, 0x98, 0xC6, 0x6F, 0x63, 0xF6, 0x78, 0x58, 0x0C, 0x06, 0x06, 0x0F, 0xE7, 0x03, 0xFF,
    0xFE, 0xFB, 0xFF, 0x9F, 0x90, 0x67, 0xC4, 0x18, 0x79, 0xFE, 0xFE, 0x7F, 0xBC, 0x10, 0x60, 0x00,
    0x00, 0x00, 0x00, 0x01, 0x82, 0xC0, 0xF0, 0xD8, 0x36, 0x3E, 0x18, 0xBC, 0x0C, 0x03, 0x01, 0xF8,
    0xF8, 0x1C, 0xF4, 0x06, 0x38, 0x0F, 0xF3, 0xF1, 0xFF, 0xF8, 0xDA, 0xF3, 0x3F, 0x87, 0x87, 0xE0,
    0xD8, 0xFC, 0xF6, 0xFF, 0xF7, 0xBC, 0x30, 0xC0, 0x00, 0x00, 0x00, 0x00, 0x01, 0x98, 0x30, 0xF3,
    0x18, 0x3C, 0x4C, 0x19, 0xFF, 0xC6, 0x78, 0x33, 0xF6, 0x0C, 0x19, 0x83, 0x06, 0x60, 0xCF, 0xFF,
    0xF1, 0xFB, 0xF8, 0xDA, 0x28, 0x3F, 0x9B, 0x67, 0xE4, 0xD8, 0xFF, 0x36, 0xFF, 0x8F, 0xBC, 0x41,
    0xE0, 0x00, 0x00, 0x02, 0x04, 0x01, 0xCF, 0xF8, 0xF3, 0xFE, 0x3C, 0x18, 0x19, 0x9F, 0xC6, 0x61,
    0x83, 0xF0, 0x60, 0x18, 0xFF, 0x86, 0x3F, 0xCF, 0xEF, 0xFB, 0xFB, 0xFC, 0x7A, 0x73, 0x1F, 0x9F,
    0xC3, 0xCC, 0xB0, 0x7A, 0x0C, 0xFE, 0x8F, 0x3C, 0x03, 0x00, 0x00, 0x00, 0x04, 0x00, 0x03, 0xCF,
    0xF0, 0xF7, 0xFC, 0x37, 0x81, 0x19, 0xF2, 0x46, 0x5F, 0x91, 0xFE, 0xC4, 0x19, 0xFF, 0x06, 0x7F,
    0x47, 0xFF, 0x71, 0xF7, 0xFC, 0x1F, 0xF7, 0x17, 0xFF, 0xC7, 0xFF, 0xF0, 0xFE, 0x04, 0x7F, 0x87,
    0x18, 0x61, 0x80, 0x00, 0x00, 0x02, 0x04, 0x01, 0xC1, 0x80, 0xF0, 0x60, 0x37, 0xFF, 0x9F, 0xC0,
    0x6F, 0xF0, 0x1B, 0x67, 0xFC, 0x18, 0x18, 0x3F, 0x86, 0x07, 0xF9, 0xF3, 0x6E, 0x78, 0xFF, 0x98,
    0x1F, 0xE6, 0x07, 0xFF, 0x83, 0xFD, 0xFE, 0xF1, 0x1F, 0x80, 0x40, 0x00, 0x00, 0x00, 0x02, 0x04,
    0x01, 0xC3, 0x00, 0xF3, 0xF8, 0x3F, 0xFE, 0x19, 0xFF, 0x87, 0xFF, 0xE3, 0xF6, 0x08, 0x19, 0xA6,
    0x06, 0x7F, 0x8F, 0xEB, 0xE0, 0x67, 0xFC, 0xDF, 0xBB, 0x1F, 0xEC, 0x47, 0xFB, 0x31, 0xFE, 0xDC,
    0xF0, 0x30, 0x00, 0x00, 0x00, 0x00, 0x00, 0x02, 0x04, 0x01, 0xC1, 0x80, 0x78, 0xE0, 0x37, 0xFF,
    0x8D, 0xBF, 0x87, 0x6F, 0xF1, 0xFF, 0xEC, 0xD9, 0xFF, 0x1F, 0xF6, 0xC3, 0xD9, 0xB1, 0xFF, 0xFC,
    0x7E, 0xFE, 0x0F, 0x9F, 0x81, 0xED, 0xE3, 0xFE, 0x6E, 0xF9, 0x19, 0x80, 0x04, 0x00, 0x00, 0x00,
    0x04, 0x00, 0x01, 0x8F, 0xF0, 0xF7, 0xFC, 0x37, 0x81, 0x19, 0xEC, 0x46, 0x5B, 0x31, 0xFF, 0xFC,
    0x19, 0xB3, 0x06, 0x6C, 0x47, 0xFF, 0xF1, 0xF7, 0xFC, 0x5F, 0xE7, 0x1F, 0xFF, 0xC3, 0x9B, 0xD0,
    0x7F, 0xFC, 0x7F, 0xFF, 0x18, 0x60, 0x40, 0x00, 0x00, 0x02, 0x09, 0x01, 0xC3, 0x60, 0xF0, 0xD8,
    0x36, 0xFF, 0x19, 0xBF, 0xE6, 0x63, 0x63, 0xF0, 0xD8, 0x18, 0xFF, 0x86, 0x3F, 0xCF, 0xE7, 0xF3,
    0xF9, 0xFC, 0xDA, 0x7F, 0x1F, 0x9F, 0xC7, 0xE4, 0x30, 0xF9, 0xFC, 0xFE, 0x7F, 0x3C, 0x10, 0xC0,
    0x00, 0x00, 0x02, 0x00, 0x01, 0xCF, 0xE0, 0xF3, 0xFC, 0x36, 0x03, 0x19, 0x9F, 0xC6, 0x60, 0x33,
    0xF0, 0x0C, 0x19, 0xFF, 0x86, 0x7F, 0xCF, 0xF9, 0x99, 0xFB, 0x7C, 0xDA, 0x5E, 0x3F, 0x95, 0x87,
    0xED, 0xF0, 0xFE, 0x6E, 0xFF, 0x71, 0xBC, 0x18, 0x00, 0x00, 0x00, 0x02, 0x00, 0x01, 0xC7, 0xE0,
    0x73, 0xF8, 0x36, 0xC2, 0x0D, 0xB7, 0x87, 0xEF, 0xE1, 0xFB, 0xC8, 0xD8, 0xFF, 0x1F, 0xFF, 0xC1,
    0x9B, 0xD1, 0xFE, 0xFC, 0x7F, 0xE7, 0x0F, 0x79, 0xC1, 0xFB, 0xD3, 0xE6, 0x1C, 0x01, 0x87, 0x00,
    0x00, 0x00, 0x00, 0x00, 0x04, 0x10, 0x03, 0x9F, 0xC1, 0xA6, 0x78, 0x6F, 0x1E, 0x33, 0xC7, 0x8C,
    0x1F, 0xFB, 0xFE, 0x7E, 0x39, 0x37, 0x0C, 0x79, 0x8F, 0xFD, 0xF1, 0xF4, 0x7C, 0x37, 0xFB, 0x3F,
    0xF3, 0x87, 0xF0, 0xE0, 0xF4, 0x7C, 0xFF, 0x33, 0xB8, 0x48, 0x60, 0x00, 0x00, 0x00, 0x00, 0x03,
    0x00, 0xC0, 0xEE, 0x30, 0x79, 0xBF, 0x1B, 0x7F, 0xCC, 0x17, 0xFB, 0xFC, 0x3C, 0x37, 0xBF, 0x0C,
    0xFF, 0x8F, 0xCF, 0xF1, 0xFE, 0xF8, 0xF6, 0xFF, 0xBF, 0xFF, 0xC3, 0x98, 0x80, 0xFF, 0x30, 0xFE,
    0x7F, 0xB8, 0x8F, 0xE0, 0x00, 0x00, 0x02, 0x11, 0x01, 0xC6, 0xE0, 0x70, 0xF0, 0x36, 0xFF, 0x8D,
    0xBF, 0xC7, 0xEF, 0xF1, 0xE3, 0xFC, 0xDB, 0xFF, 0x9F, 0xCF, 0xC3, 0xE3, 0xF1, 0xFB, 0xFC, 0x7E,
    0xFE, 0x0F, 0x9F, 0xC1, 0xEF, 0xF3, 0xFE, 0xFE, 0xF9, 0x3D, 0x80, 0x0B, 0x00, 0x00, 0x00, 0x00,
    0x00, 0x01, 0x81, 0x00, 0xF6, 0x4C, 0x36, 0xD6, 0x19, 0xFF, 0x8F, 0xBF, 0xE1, 0xF6, 0x18, 0x19,
    0xFE, 0x06, 0x7F, 0x8F, 0xFF, 0xE0, 0x66, 0x08, 0xDF, 0x82, 0x1F, 0xFF, 0x87, 0xEF, 0xC1, 0xFB,
    0x1C, 0xF3, 0x87, 0x00, 0x00, 0x00, 0x00, 0x00, 0x02, 0x04, 0x01, 0xDF, 0xF0, 0x7F, 0xFE, 0x36,
    0xFE, 0x0D, 0xFF, 0xC7, 0x7F, 0xF1, 0xFF, 0xFC, 0xD9, 0x83, 0x1F, 0xFF, 0xC3, 0xFF, 0xF1, 0xFF,
    0xFC, 0x7E, 0x7E, 0x0F, 0xFF, 0xE1, 0xFF, 0xF3, 0xF9, 0x98, 0xF8, 0xC3, 0x80, 0x20, 0x60, 0x00,
    0x00, 0x00, 0x00, 0x01, 0x8B, 0xA0, 0xF3, 0xF8, 0x3C, 0x6C, 0x19, 0xFF, 0xC7, 0xFF, 0xF3, 0xF0,
    0x00, 0x18, 0xFE, 0x06, 0x3F, 0x8F, 0xEF, 0xE0, 0x63, 0x18, 0xDE, 0xFE, 0x1F, 0xBF, 0x07, 0xCC,
    0x99, 0xFE, 0x3E, 0xF3, 0x07, 0x00, 0x00, 0x00, 0x00, 0x00, 0x00, 0x00, 0x01, 0x8B, 0xA0, 0xF3,
    0xF8, 0x3C, 0x6C, 0x19, 0xFF, 0xC7, 0xFF, 0xF3, 0xF0, 0x00, 0x18, 0xFE, 0x06, 0x3F, 0x8F, 0xEF,
    0xE0, 0x63, 0xE8, 0xDE, 0xFE, 0x1F, 0x8E, 0x07, 0xEF, 0xE1, 0xFF, 0xFC, 0xF3, 0xFF, 0x00, 0x00,
    0x00, 0x00, 0x00, 0x00, 0x00, 0x03, 0x00, 0x01, 0xE7, 0xF0, 0x6D, 0xEC, 0x33, 0xFB, 0x0C, 0xFF,
    0xFB, 0xFE, 0xE0, 0x39, 0xF0, 0x0C, 0x7B, 0xEF, 0xF4, 0xF3, 0xFF, 0x80, 0x75, 0xE0, 0x1F, 0x7F,
    0xC3, 0x9F, 0xF0, 0xF5, 0x3C, 0xFF, 0xFF, 0xB8, 0xFF, 0xE0, 0x00, 0x00, 0x00, 0x00, 0x01, 0xFF,
    0xF0, 0x7F, 0xF8, 0x1F, 0xFC, 0x07, 0xFF, 0x01, 0xFF, 0xC0, 0x7F, 0xF8, 0x18, 0x00, 0x1F, 0xFF,
    0xCF, 0xFF, 0xF8, 0x63, 0x00, 0x18, 0x47, 0x06, 0x1F, 0x01, 0xF3, 0xC1, 0xFC, 0x3C, 0xF0, 0x03,
    0x80, 0x00, 0x00, 0x00, 0x00, 0x1F, 0x8F, 0xC7, 0xF7, 0xF1, 0x8D, 0x84, 0x7F, 0x7F, 0x1F, 0xDF,
    0xC6, 0x36, 0x11, 0x8D, 0x84, 0x7F, 0x7F, 0x1F, 0x8F, 0xC6, 0x00, 0x11, 0x80, 0x04, 0x60, 0x01,
    0x18, 0x00, 0x46, 0x00, 0x11, 0x80, 0x06, 0x60, 0x0F, 0x10, 0x03, 0x80, 0x00, 0x00, 0x0F, 0xCF,
    0xC7, 0xFF, 0xF9, 0x87, 0x86, 0x7F, 0xFF, 0x9F, 0xFF, 0xE7, 0xFF, 0xF9, 0xFD, 0xFE, 0x60, 0x61,
    0x9B, 0xFF, 0x66, 0xFF, 0xD9, 0x83, 0x86, 0x61, 0xE1, 0x99, 0xD8, 0x66, 0xE6, 0x19, 0xA7, 0x06,
    0x61, 0xDF, 0x08, 0x03, 0x80, 0x00, 0x00, 0x0F, 0xCF, 0xC7, 0xFF, 0xF9, 0x87, 0x86, 0x7F, 0xFF,
    0x9F, 0xFF, 0xE7, 0xFF, 0xF9, 0xFC, 0xFE, 0x67, 0xF9, 0x99, 0xFE, 0x66, 0xFF, 0xD9, 0xBF, 0xF6,
    0x63, 0x61, 0x98, 0xD8, 0x66, 0x66, 0x19, 0x99, 0x86, 0x64, 0x7F, 0x08, 0x03, 0x80, 0x00, 0x00,
    0x0F, 0xCF, 0xC7, 0xFF, 0xF9, 0x87, 0x86, 0x7F, 0xFF, 0x9F, 0xFF, 0xE7, 0xFF, 0xF9, 0xFF, 0xFE,
    0x60, 0xC1, 0x9B, 0xFF, 0x66, 0xFF, 0xD9, 0x87, 0x86, 0x63, 0xF1, 0x99, 0xB6, 0x66, 0xCC, 0xD9,
    0x83, 0x06, 0x60, 0xDF, 0x08, 0x03, 0x80, 0x00, 0x00, 0x0F, 0xDF, 0x87, 0xF7, 0xF1, 0x8D, 0x8C,
    0x7F, 0x7F, 0x18, 0xD8, 0xC6, 0x36, 0x31, 0xFD, 0xFC, 0x60, 0x03, 0x19, 0xF8, 0xC6, 0xFE, 0x31,
    0xBF, 0x8C, 0x6F, 0xE3, 0x1B, 0x08, 0xC6, 0xFE, 0x31, 0x9F, 0x8C, 0x60, 0x1E, 0x08, 0x07, 0x00,
    0x00, 0x00, 0x0F, 0xDF, 0x87, 0xF7, 0xF1, 0x8D, 0x8C, 0x7F, 0x7F, 0x1F, 0xDF, 0xC7, 0xF7, 0xF1,
    0x80, 0x0C, 0x62, 0x23, 0x18, 0xD8, 0xC6, 0x7F, 0xB1, 0x9F, 0xCC, 0x6F, 0xFF, 0x1B, 0xFE, 0xC6,
    0x36, 0x31, 0xB8, 0xEC, 0x6C, 0x1F, 0x08, 0x03, 0x00, 0x00, 0x00, 0x0F, 0xCF, 0xC7, 0xFF, 0xF9,
    0x87, 0x86, 0x7F, 0xFF, 0x9F, 0xFF, 0xE7, 0xFF, 0xF9, 0xFC, 0xFE, 0x63, 0xF1, 0x9B, 0xFC, 0x66,
    0xFF, 0x19, 0xC7, 0x86, 0x7F, 0x3F, 0x99, 0xFF, 0x66, 0x7F, 0x99, 0x9F, 0xE6, 0x67, 0xFF, 0x88,
    0x01, 0x80, 0x00, 0x00, 0x0F, 0xCF, 0xC7, 0xFF, 0xF9, 0x87, 0x86, 0x7F, 0xFF, 0x9F, 0xFF, 0xE7,
    0xFF, 0xF9, 0xFF, 0xFE, 0x62, 0xD9, 0x99, 0xFF, 0x66, 0xFF, 0xD9, 0xFB, 0x06, 0x7E, 0xD9, 0x99,
    0x9C, 0x66, 0x67, 0x59, 0x9F, 0xF6, 0x65, 0x8F, 0x08, 0x01, 0x80, 0x00, 0x00, 0x0F, 0xDF, 0x87,
    0xF7, 0xF1, 0x8D, 0x8C, 0x7F, 0x7F, 0x1F, 0xDF, 0xC7, 0xF7, 0xF1, 0x9C, 0xCC, 0x63, 0x63, 0x19,
    0xFE, 0xC6, 0x7F, 0xB1, 0x9F, 0xEC, 0x67, 0xF3, 0x18, 0xD2, 0xC6, 0xE7, 0xF1, 0xB0, 0xEC, 0x60,
    0x0F, 0x08, 0x03, 0x00, 0x00, 0x00, 0x1F, 0xCF, 0xC7, 0xF7, 0xF1, 0x8D, 0x8C, 0x7F, 0x7F, 0x1F,
    0xDF, 0xC7, 0xF7, 0xF1, 0x86, 0x0C, 0x6F, 0xF9, 0x1B, 0xFE, 0x47, 0xFF, 0xF1, 0xBF, 0xF4, 0x67,
    0xF1, 0x19, 0xAC, 0x46, 0x7F, 0x11, 0x9F, 0xC4, 0x67, 0xF7, 0x11, 0xFD, 0xC0, 0x00, 0x00, 0x1F,
    0x8F, 0xC7, 0xF7, 0xF1, 0x8D, 0x8C, 0x7F, 0x7F, 0x1F, 0xDF, 0xC7, 0xF7, 0xF1, 0x80, 0x0C, 0x7F,
    0x87, 0x1B, 0xDF, 0xC7, 0xFB, 0xF1, 0xFF, 0x9C, 0x7F, 0xB7, 0x1B, 0xC1, 0xC6, 0xFC, 0x71, 0xFF,
    0xFC, 0x7F, 0x3F, 0x10, 0x01, 0x80, 0x00, 0x00, 0x00, 0x40, 0x01, 0xFF, 0x80, 0xFF, 0xF0, 0x30,
    0x0C, 0x0C, 0x03, 0x03, 0xFF, 0xC0, 0xC0, 0x00, 0x3F, 0xFE, 0x0F, 0xFF, 0x83, 0x00, 0x60, 0xFF,
    0xF8, 0x0F, 0xF8, 0x3F, 0xFF, 0xEF, 0xFF, 0xF8, 0x02, 0x00, 0x00, 0x80, 0x00, 0x20, 0x00, 0x00,
    0x00, 0x0F, 0xBF, 0xE7, 0xEF, 0xF9, 0x9B, 0x00, 0x6C, 0xC0, 0x1B, 0x30, 0x07, 0xCF, 0xF1, 0xB3,
    0xFC, 0x66, 0xF3, 0x19, 0xBC, 0xC6, 0x6F, 0x31, 0x9B, 0x78, 0x7C, 0xDE, 0x18, 0x63, 0x06, 0x31,
    0xE1, 0x9C, 0xCC, 0x66, 0x61, 0x98, 0x90, 0x20, 0x00, 0x00, 0x00, 0x0C, 0x07, 0xC3, 0x01, 0xF8,
    0xC0, 0x67, 0xFE, 0x1B, 0xFF, 0xC6, 0xCC, 0x01, 0xE3, 0x00, 0x6C, 0xC0, 0x19, 0xBF, 0x86, 0x6F,
    0xE1, 0x9B, 0x18, 0x7C, 0xC6, 0x1A, 0x31, 0x86, 0x1C, 0x61, 0x86, 0x18, 0x63, 0xBE, 0x10, 0xCF,
    0x00, 0x00, 0x00, 0x1F, 0x3F, 0x0F, 0xCF, 0xC3, 0x32, 0x10, 0xC8, 0x84, 0x36, 0x3F, 0x0D, 0x0F,
    0xC3, 0x42, 0x10, 0xDC, 0x84, 0x33, 0x33, 0x0C, 0x4F, 0xC3, 0x72, 0x10, 0xD8, 0x84, 0x30, 0x21,
    0x0C, 0x1C, 0xE3, 0x1F, 0xFC, 0xC0, 0x00, 0x00, 0x00, 0x00, 0x00, 0x00, 0x00, 0x10, 0x87, 0x8C,
    0x21, 0xF3, 0x08, 0x6D, 0x82, 0x1B, 0x6F, 0xC7, 0x9F, 0xF1, 0xCE, 0x58, 0x7B, 0xB2, 0x1B, 0xEC,
    0x86, 0xF9, 0xE1, 0xB6, 0x78, 0x79, 0x82, 0x1C, 0x60, 0x86, 0x18, 0x21, 0x86, 0x08, 0x61, 0xBE,
    0x10, 0x67, 0x00, 0x00, 0x00, 0x00, 0x30, 0x07, 0xCC, 0x01, 0xF3, 0xF8, 0x6C, 0xFE, 0x1B, 0x71,
    0x87, 0xBC, 0xC1, 0xC1, 0xF0, 0x7B, 0xCF, 0x1B, 0x67, 0x06, 0xFF, 0xE1, 0xB7, 0xF8, 0x79, 0x98,
    0x1D, 0xFF, 0xC6, 0x7F, 0xF1, 0x80, 0x60, 0x60, 0x18, 0x10, 0x02, 0x00, 0x00, 0x00, 0x0F, 0x3F,
    0x07, 0xFF, 0xE1, 0x9A, 0x18, 0x6C, 0x86, 0x1B, 0x3F, 0x87, 0xCF, 0xE1, 0xF2, 0x18, 0x6E, 0xFE,
    0x19, 0xBF, 0xA6, 0x6B, 0x19, 0xFA, 0xCC, 0x7C, 0x9E, 0x18, 0x23, 0x06, 0x08, 0xC1, 0x83, 0xD8,
    0x67, 0xE7, 0x98, 0xC0, 0x60, 0x00, 0x00, 0x1E, 0x84, 0x07, 0xF3, 0x01, 0xBC, 0xC8, 0x6F, 0xBE,
    0x1E, 0xFF, 0x07, 0x33, 0x31, 0xEC, 0xCC, 0x6F, 0xDE, 0x1B, 0xC0, 0x06, 0xC6, 0x01, 0xE1, 0x80,
    0x77, 0xFE, 0x18, 0xFF, 0x06, 0x06, 0x01, 0xBF, 0xFC, 0x6F, 0xFF, 0x10, 0x00, 0x00, 0x00, 0x00,
    0x00, 0x04, 0x03, 0x83, 0x01, 0xF0, 0xC0, 0x6F, 0xFF, 0x1B, 0xC0, 0x47, 0xB0, 0x31, 0xC7, 0xF8,
    0x78, 0x80, 0x1B, 0x00, 0x06, 0xFF, 0xF1, 0xB7, 0xFC, 0x78, 0x78, 0x1C, 0x36, 0x06, 0x0D, 0x91,
    0x87, 0x64, 0x67, 0x8F, 0x11, 0xC1, 0x80, 0x00, 0x00, 0x00, 0x08, 0x07, 0x86, 0x01, 0xF5, 0x80,
    0x6F, 0xFF, 0x1B, 0x7F, 0x87, 0xBF, 0xE1, 0xCD, 0xF8, 0x7B, 0xFE, 0x1B, 0xD9, 0x86, 0xF6, 0x21,
    0xBF, 0xF8, 0x79, 0xFC, 0x1D, 0xFF, 0xC6, 0x7F, 0xF1, 0x81, 0x80, 0x60, 0x60, 0x10, 0x08, 0x00,
    0x00, 0x00, 0x00, 0x08, 0x00, 0x07, 0x01, 0xF3, 0x60, 0x6C, 0xCC, 0x1B, 0x61, 0xC7, 0xB0, 0x31,
    0xDF, 0xFC, 0x78, 0xB0, 0x1B, 0x0C, 0x06, 0xFF, 0xF1, 0xB7, 0xFC, 0x78, 0xF4, 0x1C, 0x6D, 0x86,
    0x3B, 0x31, 0x8C, 0xC4, 0x60, 0xF0, 0x10, 0x38, 0x00, 0x00, 0x00, 0x00, 0x10, 0x07, 0xC7, 0xE3,
    0xF1, 0xFC, 0xCC, 0xC3, 0x32, 0x61, 0x8D, 0x90, 0x63, 0x44, 0x30, 0xC9, 0x3F, 0xB3, 0xCF, 0xEC,
    0x73, 0x1B, 0x1C, 0xFE, 0xDD, 0x3F, 0xB6, 0x48, 0x6C, 0x12, 0x1B, 0x04, 0xFE, 0xC1, 0x3F, 0xB0,
    0x48, 0x60, 0x00, 0x00, 0x00, 0x00, 0x03, 0x86, 0x01, 0xF1, 0x80, 0x6F, 0xFF, 0x1B, 0x63, 0x07,
    0x98, 0xC1, 0xC3, 0x60, 0x78, 0xD8, 0x1B, 0xFF, 0xC6, 0xFF, 0xF1, 0xBF, 0xF8, 0x7B, 0xFE, 0x1C,
    0xC0, 0x86, 0x30, 0x61, 0x8F, 0xF8, 0x63, 0xFE, 0x10, 0xC0, 0x80, 0x00, 0x00, 0x00, 0x00, 0x07,
    0xC3, 0x81, 0xB1, 0xB0, 0x6C, 0xC6, 0x1F, 0x3F, 0xC7, 0x9F, 0x99, 0xE7, 0xFA, 0x7C, 0xFE, 0x1B,
    0x7F, 0xC6, 0xDF, 0xF1, 0xFF, 0xFE, 0x7F, 0xFF, 0x98, 0x19, 0x86, 0x0D, 0xF1, 0x9F, 0xFE, 0x63,
    0xE0, 0x98, 0x00, 0x00, 0x00, 0x00, 0x00, 0x04, 0x07, 0xC3, 0x01, 0xFA, 0xC0, 0x67, 0xFF, 0x1B,
    0x3F, 0x86, 0xDF, 0xE1, 0xE6, 0xD8, 0x6D, 0xFE, 0x19, 0xED, 0x86, 0x7B, 0x21, 0x9F, 0xF8, 0x7C,
    0xFE, 0x1F, 0x1F, 0x06, 0x1F, 0x61, 0x9E, 0xCC, 0x67, 0x31, 0x10, 0x04, 0x00, 0x00, 0x00, 0x00,
    0x08, 0x07, 0x86, 0x01, 0xF1, 0x80, 0x6F, 0xFC, 0x1E, 0x18, 0x07, 0x86, 0x01, 0xDF, 0xFC, 0x78,
    0xD8, 0x1B, 0x66, 0x46, 0xFC, 0xF1, 0xBF, 0xFC, 0x79, 0xFC, 0x1D, 0xF3, 0x06, 0x77, 0x81, 0x83,
    0xE0, 0x67, 0xCF, 0x11, 0xE1, 0xC0, 0x00, 0x00, 0x00, 0x20, 0x03, 0x98, 0x01, 0xF6, 0x00, 0x6F,
    0xFF, 0x1B, 0xC0, 0xC7, 0xF8, 0x11, 0xC7, 0xE4, 0x7B, 0x61, 0x1B, 0x58, 0xC6, 0xFF, 0xF1, 0xB7,
    0xFC, 0x7B, 0x67, 0x1C, 0xFF, 0xC6, 0x3F, 0xD1, 0x84, 0x0C, 0x60, 0x3E, 0x10, 0x0F, 0x00, 0x00,
    0x00, 0x00, 0x08, 0x07, 0xC3, 0x03, 0xF1, 0xC0, 0xCF, 0xFF, 0x32, 0x0C, 0x0D, 0x83, 0x03, 0x4F,
    0xFE, 0xD0, 0xCC, 0x36, 0x23, 0x6C, 0xF8, 0x7B, 0x1C, 0xC0, 0xC6, 0x20, 0x37, 0x7F, 0xCD, 0x9F,
    0xF3, 0x00, 0x80, 0xC7, 0xFF, 0xB1, 0xFF, 0xE0, 0x00, 0x00, 0x00, 0x08, 0x07, 0x87, 0x01, 0xF3,
    0xC0, 0x6D, 0x9C, 0x1B, 0xE3, 0xC7, 0xFF, 0xC1, 0xC1, 0x80, 0x78, 0x60, 0x1B, 0xFF, 0x86, 0xFF,
    0xE1, 0xBD, 0x98, 0x7B, 0xFE, 0x1C, 0x7F, 0x06, 0x07, 0x81, 0x87, 0x30, 0x63, 0x87, 0x10, 0xC0,
    0xC0, 0x00, 0x00, 0x0F, 0xBF, 0xC7, 0xEF, 0xF1, 0x9B, 0x0C, 0x6C, 0xFF, 0x1B, 0x3F, 0xC7, 0xCF,
    0xF1, 0xE3, 0xFC, 0x6D, 0xFF, 0x9B, 0xFF, 0xE6, 0x67, 0xF9, 0x99, 0xFE, 0x77, 0xF7, 0x9F, 0xCF,
    0x66, 0x06, 0xD9, 0x83, 0x66, 0x60, 0xB7, 0x98, 0x09, 0xC0, 0x00, 0x00, 0x1E, 0x7F, 0x87, 0xFF,
    0xF1, 0xBC, 0xCC, 0x6F, 0xFF, 0x1E, 0xFF, 0xC7, 0x32, 0x31, 0xEF, 0xFC, 0x7D, 0xFF, 0x1B, 0xFF,
    0xE6, 0xFF, 0xF9, 0xF8, 0xA6, 0x7E, 0x3D, 0x99, 0xBD, 0xE6, 0x6C, 0x79, 0x98, 0x3E, 0x66, 0x0F,
    0x00, 0x00, 0x00, 0x00, 0x00, 0x00, 0x10, 0x03, 0x8C, 0x01, 0xF3, 0x00, 0x6D, 0xFE, 0x1B, 0x63,
    0x87, 0xFD, 0x81, 0xC1, 0xE0, 0x78, 0xDC, 0x1B, 0xEF, 0xC6, 0xDF, 0xF1, 0xB7, 0xF8, 0x7B, 0x10,
    0x1C, 0xFF, 0x86, 0x1F, 0xE1, 0x80, 0x40, 0x63, 0xFF, 0x10, 0xFF, 0xC0, 0x00, 0x00, 0x00, 0x61,
    0x07, 0x98, 0xC1, 0xF3, 0x30, 0x6D, 0xFB, 0x1B, 0xFF, 0xC7, 0x87, 0x81, 0xC3, 0xE4, 0x7B, 0xBF,
    0x1B, 0x5F, 0x86, 0xCF, 0xE1, 0xBE, 0xE8, 0x7B, 0x7E, 0x1C, 0x36, 0xC6, 0x79, 0x91, 0x9C, 0x64,
    0x60, 0xF8, 0x10, 0x3C, 0x00, 0x00, 0x00, 0x1F, 0x22, 0x07, 0xD9, 0xB1, 0xB7, 0x7C, 0x6D, 0xFC,
    0x1E, 0x66, 0x07, 0x19, 0xB1, 0xE7, 0xEC, 0x6F, 0xBF, 0x1B, 0xD9, 0x86, 0xDF, 0xE1, 0xF7, 0xF8,
    0x71, 0xFE, 0x18, 0x7F, 0x86, 0x18, 0x21, 0x87, 0xF8, 0x61, 0xFE, 0x10, 0x60, 0x80, 0x00, 0x00,
    0x00, 0x04, 0x03, 0x83, 0x01, 0xFC, 0xC0, 0x6D, 0xFF, 0x1B, 0x6F, 0x87, 0x87, 0xE1, 0xC3, 0x98,
    0x7F, 0xFE, 0x1B, 0xFF, 0x86, 0xDF, 0xE1, 0xB7, 0xF8, 0x7D, 0xE2, 0x1C, 0x7B, 0x86, 0x1A, 0xC1,
    0x8F, 0xFC, 0x67, 0x7F, 0x11, 0x80, 0x00, 0x00, 0x00, 0x0F, 0x7F, 0xE7, 0xDF, 0xF9, 0xB0, 0x00,
    0x6C, 0xFF, 0x1F, 0x3F, 0xC7, 0x88, 0x31, 0xE3, 0xFC, 0x6C, 0xFF, 0x1B, 0x7F, 0xE6, 0xDF, 0xF9,
    0xB6, 0xF6, 0x79, 0xE7, 0x98, 0x7F, 0xE6, 0x17, 0xD9, 0x84, 0x66, 0x61, 0x17, 0x98, 0x41, 0xC0,
    0x00, 0x00, 0x00, 0x00, 0x03, 0xC3, 0x41, 0xFB, 0xD8, 0x67, 0xB3, 0x1B, 0xDC, 0x46, 0xCF, 0x01,
    0xE7, 0xF8, 0x6D, 0x86, 0x19, 0xFF, 0x86, 0x7F, 0xE1, 0x9F, 0xF8, 0x7C, 0xFE, 0x1F, 0x6D, 0x06,
    0x3B, 0x61, 0xB8, 0xCC, 0x6E, 0xF1, 0x10, 0x38, 0x00, 0x00, 0x00, 0x00, 0x00, 0x03, 0x98, 0xC1,
    0xF7, 0xF8, 0x6F, 0xE6, 0x1B, 0xFF, 0x07, 0xBD, 0xC1, 0xC6, 0x30, 0x7F, 0x07, 0x1B, 0x7F, 0x86,
    0xCF, 0xC1, 0xBF, 0xFC, 0x79, 0xFF, 0x1C, 0x7E, 0x06, 0x3E, 0xC1, 0x99, 0x9C, 0x67, 0xE3, 0x10,
    0x70, 0x00, 0x00, 0x00, 0x00, 0x08, 0x07, 0x9F, 0xC3, 0xE7, 0xF8, 0xD8, 0xC8, 0x36, 0x3E, 0x0F,
    0x3F, 0xF3, 0x80, 0x00, 0xF1, 0xFE, 0x36, 0x7F, 0x8D, 0x9F, 0xE3, 0x67, 0xF8, 0xF9, 0xFE, 0x38,
    0x1C, 0x0C, 0x7F, 0xFB, 0x1F, 0xFC, 0xC0, 0x20, 0x30, 0x08, 0x00, 0x00, 0x00, 0x00, 0x07, 0x87,
    0x9F, 0xE1, 0xFF, 0x90, 0x6F, 0x6C, 0x1B, 0xDA, 0x07, 0x92, 0x81, 0xCF, 0xF0, 0x78, 0x0C, 0x1B,
    0x7F, 0x06, 0xCF, 0xC1, 0xBF, 0xF0, 0x79, 0xFC, 0x1D, 0xEC, 0x86, 0x79, 0x71, 0xB6, 0x56, 0x6D,
    0xFD, 0x10, 0x1E, 0x00, 0x00, 0x00, 0x00, 0x08, 0x03, 0x86, 0x41, 0xFD, 0xB0, 0x6D, 0xFC, 0x1B,
    0xFF, 0xC7, 0x8F, 0xC1, 0xC7, 0xB0, 0x7F, 0x67, 0x1B, 0xC9, 0xC6, 0xFF, 0xF1, 0xBF, 0xFC, 0x7F,
    0xF4, 0x1E, 0xFF, 0xC6, 0x3B, 0xF1, 0x8E, 0x10, 0x6F, 0x0C, 0x13, 0x81, 0x00, 0x00, 0x00, 0x02,
    0x08, 0x01, 0x83, 0x00, 0x70, 0xC0, 0xFE, 0xFE, 0x06, 0x3F, 0x81, 0xBF, 0xF9, 0xF8, 0xD8, 0x00,
    0x36, 0x1F, 0x3F, 0x83, 0xCF, 0xC3, 0xFA, 0xCC, 0x7E, 0xFE, 0x1E, 0xBF, 0x0F, 0xFB, 0xC3, 0x6C,
    0xDE, 0x78, 0xE3, 0x9C, 0x30, 0x00, 0x00, 0x00, 0x01, 0x10, 0x00, 0xCC, 0x00, 0x66, 0x00, 0x3F,
    0xFF, 0x3F, 0xFF, 0x03, 0xFF, 0xE0, 0xC6, 0x00, 0x3F, 0xFE, 0x0F, 0xFF, 0x03, 0xFF, 0xF0, 0x7F,
    0xF8, 0x3F, 0xFE, 0x07, 0xFF, 0x00, 0x63, 0x00, 0x0F, 0x80, 0xFF, 0xFF, 0xBF, 0x8F, 0xE0, 0x00,
    0x00, 0x02, 0x09, 0x01, 0x83, 0x60, 0x61, 0xB8, 0x18, 0x7F, 0x17, 0x3F, 0xEF, 0xFE, 0xC0, 0xCF,
    0xB0, 0x30, 0x7F, 0x0F, 0x1B, 0x06, 0xC4, 0xC1, 0xB1, 0xFC, 0x7A, 0x7E, 0x36, 0xD2, 0x0D, 0xF4,
    0x83, 0xFD, 0xFE, 0x31, 0x7F, 0x80, 0x10, 0x00, 0x00, 0x00, 0x00, 0x09, 0x03, 0xF3, 0x61, 0xFC,
    0xD8, 0x32, 0x6C, 0x0C, 0x9F, 0xC3, 0x27, 0xF8, 0xDF, 0xB0, 0xFF, 0x6C, 0x03, 0xDF, 0xC1, 0xE7,
    0xE0, 0x69, 0x20, 0x3E, 0x7F, 0x0C, 0x9F, 0xC3, 0x24, 0x83, 0x89, 0xFE, 0xDE, 0x7F, 0x83, 0x10,
    0x00, 0x00, 0x00, 0x01, 0x10, 0x00, 0xCC, 0x00, 0x67, 0x00, 0x1F, 0xFF, 0x0F, 0xFF, 0x07, 0xFF,
    0xE3, 0xC7, 0x00, 0x3F, 0xFE, 0x0F, 0xFF, 0x03, 0xFF, 0xF0, 0x7F, 0xF8, 0xFF, 0xFF, 0x9F, 0xFF,
    0xC0, 0x7F, 0x03, 0xFA, 0xFE, 0xF8, 0x8F, 0x80, 0x20, 0x00, 0x00, 0x00, 0x00, 0x00, 0x07, 0xFF,
    0xF8, 0xFF, 0xFC, 0x3F, 0xFF, 0x0F, 0xFF, 0xC3, 0xFF, 0xF0, 0xFF, 0xFC, 0x33, 0x30, 0x0D, 0xFF,
    0xC3, 0xFF, 0xF8, 0xFF, 0xF8, 0x67, 0xFF, 0x1B, 0x9D, 0x06, 0xFF, 0xF3, 0x3F, 0xFC, 0xC7, 0xFF,
    0x80, 0x00, 0x00, 0x00, 0x00, 0x02, 0x88, 0xC1, 0xE2, 0x30, 0x38, 0x9C, 0x2E, 0x66, 0x1A, 0x9F,
    0xC6, 0xE7, 0xF9, 0xBF, 0xD8, 0x6F, 0x36, 0x1B, 0xCF, 0xE6, 0xE3, 0xF1, 0xB8, 0xFE, 0x6E, 0xFF,
    0x1A, 0xB9, 0x86, 0xEE, 0x63, 0xFF, 0xFE, 0xF1, 0xFF, 0x80, 0x08, 0x00, 0x00, 0x00, 0x00, 0x00,
    0x03, 0x03, 0x61, 0xF1, 0xB8, 0xFC, 0x6D, 0x0F, 0x1F, 0xE6, 0x4E, 0xC1, 0x9F, 0x30, 0xC7, 0x7F,
    0x12, 0xDF, 0x8F, 0xF4, 0x81, 0xFD, 0xFC, 0x1C, 0x7E, 0x1F, 0x92, 0x06, 0xB4, 0x83, 0xA5, 0xFE,
    0xC8, 0x7F, 0x82, 0x10, 0x00, 0x00, 0x00, 0x06, 0x09, 0x01, 0x83, 0x63, 0xFD, 0xB8, 0xFF, 0x7F,
    0x0F, 0x1F, 0xED, 0x9E, 0xC3, 0xFF, 0xB0, 0xFF, 0x7F, 0x17, 0xDB, 0x0F, 0xF6, 0xC3, 0xFD, 0xFC,
    0xF5, 0x7E, 0x3F, 0xD2, 0x0F, 0xB4, 0x83, 0x05, 0xFE, 0xC7, 0x7F, 0xB1, 0x90, 0x00, 0x00, 0x00,
    0x04, 0x89, 0x03, 0x23, 0x61, 0xFD, 0xB8, 0xFF, 0x7F, 0x0C, 0x9F, 0xE3, 0x7E, 0xC1, 0xFD, 0xB0,
    0x6F, 0x7F, 0x1F, 0xDB, 0x03, 0xF6, 0xC1, 0xFD, 0xFC, 0x3F, 0x7E, 0x3F, 0xD2, 0x0F, 0xF4, 0x80,
    0x7D, 0xFE, 0xF3, 0x7F, 0xB8, 0x50, 0x00, 0x00, 0x00, 0x00, 0x00, 0x0F, 0xFF, 0xF9, 0xFF, 0xFC,
    0x00, 0x80, 0x00, 0x20, 0x07, 0xFF, 0xF1, 0xFF, 0xFC, 0x6C, 0xB3, 0x1F, 0xAE, 0xC6, 0x38, 0xF1,
    0x82, 0x0C, 0x6C, 0xB3, 0x1F, 0xAE, 0xC6, 0x78, 0xB1, 0x82, 0x3C, 0x60, 0x8E, 0x00, 0x00, 0x00,
    0x00, 0x00, 0x07, 0xFF, 0x81, 0xFF, 0xE0, 0x03, 0x00, 0x7F, 0xFF, 0x9F, 0xFF, 0xE6, 0xFF, 0xD9,
    0xBB, 0x76, 0x2E, 0xDD, 0x03, 0xFF, 0x03, 0xFF, 0xE1, 0xFF, 0xF8, 0x00, 0x06, 0x07, 0xFF, 0x81,
    0xFF, 0xE1, 0xFF, 0xF8, 0x3F, 0xFE, 0x00, 0x00, 0x80, 0x00, 0x00, 0x0F, 0xFF, 0x07, 0xFF, 0xE0,
    0x0E, 0x00, 0xFF, 0xFF, 0x37, 0xDE, 0xCF, 0xF7, 0xF3, 0x0C, 0x0C, 0x3F, 0x7C, 0x07, 0xDE, 0x00,
    0x63, 0x00, 0xF0, 0x70, 0xFF, 0xFF, 0x91, 0xFE, 0xC0, 0x61, 0x80, 0xF0, 0x60, 0xF8, 0xF0, 0x38,
    0x38, 0x00, 0x00, 0x00, 0x07, 0xFF, 0xC3, 0xFF, 0xF0, 0x03, 0x00, 0x7F, 0xFF, 0x9F, 0xFF, 0xE7,
    0xEF, 0xF9, 0xBB, 0xFE, 0x6E, 0xFE, 0x87, 0xBF, 0x81, 0xFF, 0xF0, 0xFF, 0xFC, 0x00, 0x00, 0x1F,
    0xFF, 0xE3, 0xFF, 0xF8, 0x38, 0x78, 0x7F, 0xFF, 0x1F, 0xF8, 0xC0, 0x00, 0x00, 0x0F, 0xFF, 0x87,
    0xFF, 0xF0, 0x07, 0x00, 0xFF, 0xFF, 0xB7, 0xEF, 0x6F, 0xFB, 0xFB, 0x02, 0x06, 0x3F, 0xFE, 0x03,
    0xFE, 0x00, 0x7F, 0x03, 0xFF, 0xFE, 0x71, 0xC7, 0x07, 0xFF, 0x01, 0xFF, 0xE0, 0x04, 0x18, 0x01,
    0x3C, 0x00, 0x4E, 0x00, 0x00, 0x00, 0x0F, 0xFF, 0x83, 0xFF, 0xE0, 0x06, 0x00, 0x7F, 0xFF, 0x1B,
    0x6E, 0xC7, 0xFF, 0xF1, 0x86, 0x00, 0x1F, 0xFC, 0x07, 0x0F, 0x03, 0xFF, 0xE0, 0xFF, 0xF8, 0x3F,
    0xFE, 0x0F, 0xFF, 0x83, 0x18, 0x60, 0xFF, 0xF8, 0x3F, 0xFE, 0x08, 0x00, 0x80, 0x00, 0x00, 0x0F,
    0xFF, 0x07, 0xFF, 0xE0, 0x0E, 0x00, 0xFF, 0xFF, 0x37, 0xDE, 0xCD, 0xF7, 0xF0, 0x04, 0x00, 0x00,
    0x00, 0x1F, 0xFF, 0x87, 0xFF, 0xE1, 0xFF, 0xF8, 0x7F, 0xFE, 0x1F, 0xFF, 0x87, 0xFF, 0xD8, 0x84,
    0x06, 0x01, 0xFF, 0x80, 0x3F, 0x80, 0x00, 0x00, 0x0F, 0xFF, 0x83, 0xFF, 0xE0, 0x06, 0x00, 0x7F,
    0xFF, 0x1B, 0x6E, 0xC7, 0xFF, 0xD1, 0x86, 0x04, 0x1F, 0xFC, 0x07, 0x2F, 0x07, 0xFF, 0xF1, 0xFF,
    0xFC, 0x3F, 0xFE, 0x0F, 0xFF, 0x83, 0x36, 0x60, 0xCD, 0x98, 0x33, 0x7E, 0x0C, 0x07, 0x00, 0x00,
    0x00, 0x07, 0xFF, 0x81, 0xFF, 0xE0, 0xFF, 0xFC, 0x7F, 0xFF, 0x9B, 0xAF, 0x66, 0xEB, 0xD8, 0x00,
    0x00, 0x3F, 0xFE, 0x0D, 0xFF, 0x03, 0x7F, 0xC0, 0xFF, 0xFC, 0x1F, 0xFF, 0x0C, 0x98, 0x86, 0x33,
    0x41, 0xBE, 0x7C, 0xDC, 0x07, 0x80, 0x00, 0x00, 0x00, 0x00, 0x07, 0xFF, 0x81, 0xFF, 0xE0, 0x03,
    0x00, 0xFF, 0xFF, 0xB7, 0xB7, 0x6D, 0xEF, 0xFB, 0x03, 0x06, 0x1E, 0xFE, 0x07, 0xA7, 0x01, 0xFF,
    0xE0, 0x7F, 0xF8, 0x7F, 0xFF, 0x0B, 0xFF, 0x81, 0x23, 0x60, 0x6C, 0xF8, 0xFF, 0xFF, 0xBF, 0xFF,
    0xE0, 0x00, 0x00, 0x0F, 0xFF, 0x87, 0xFF, 0xF0, 0x07, 0x00, 0xFF, 0xFF, 0xBF, 0xFF, 0xED, 0xEB,
    0xD8, 0xFF, 0xF8, 0x0C, 0x00, 0x03, 0x1F, 0xCF, 0xF7, 0xF1, 0xFD, 0xFC, 0x1E, 0x7F, 0x0D, 0xDF,
    0xC3, 0xF7, 0xF3, 0xB5, 0xFC, 0xCC, 0x7F, 0x01, 0x10, 0xC0, 0x00, 0x00, 0x0F, 0xFF, 0x07, 0xFF,
    0xC0, 0x0E, 0x00, 0xFF, 0xFF, 0x37, 0xDE, 0xCF, 0xF7, 0xB0, 0x01, 0x80, 0x7E, 0x7E, 0x0F, 0xBF,
    0xC1, 0xEF, 0xE3, 0xFD, 0xF0, 0x7F, 0xFF, 0x87, 0xFF, 0xCF, 0x6F, 0xE1, 0xB1, 0x8C, 0x3D, 0xCE,
    0x06, 0x63, 0x00, 0x00, 0x00, 0x0F, 0xFF, 0x83, 0xFF, 0xE1, 0xFF, 0xFC, 0xFF, 0xFF, 0xB7, 0xEF,
    0x6D, 0xFF, 0xD8, 0xF2, 0xF8, 0x7E, 0x7E, 0x1F, 0xB9, 0x83, 0xEF, 0xE0, 0x73, 0xF8, 0x7E, 0xE3,
    0x1E, 0x3F, 0xC7, 0xB4, 0x21, 0xF9, 0x9C, 0xF0, 0x7E, 0x00, 0x00, 0x00, 0x00, 0x00, 0x00, 0x20,
    0x03, 0xFF, 0xE1, 0xFF, 0xFC, 0x01, 0xC0, 0x0F, 0xFF, 0x81, 0xFF, 0xC3, 0xFF, 0xFE, 0x00, 0x00,
    0x0F, 0xFF, 0x83, 0xFF, 0xE0, 0xFF, 0xF8, 0x3F, 0xFE, 0x0F, 0xFF, 0x83, 0xFF, 0xE0, 0xC0, 0x18,
    0x30, 0x3C, 0x04, 0x0E, 0x00, 0x00, 0x00, 0x02, 0x08, 0x0F, 0xF3, 0xC3, 0xFC, 0xF8, 0x1C, 0x66,
    0x1F, 0x9B, 0x87, 0xE6, 0xC3, 0xFD, 0xFC, 0x00, 0x1B, 0x1F, 0xBF, 0xE7, 0xEF, 0xF1, 0xF8, 0x4C,
    0x7E, 0x7F, 0x1F, 0x9F, 0x87, 0xE1, 0x01, 0x88, 0x60, 0x7E, 0x70, 0x1B, 0x98, 0x00, 0x00, 0x00,
    0x00, 0x88, 0x00, 0x62, 0x00, 0x08, 0x80, 0x7E, 0x3F, 0x3F, 0x8F, 0xE0, 0x63, 0x00, 0x18, 0x80,
    0x7E, 0x3F, 0x0F, 0x8F, 0x80, 0x62, 0x00, 0x7C, 0xFE, 0xFF, 0x3F, 0x19, 0x88, 0x00, 0xC2, 0x00,
    0x70, 0x80, 0x78, 0x20, 0x1C, 0x08, 0x00, 0x00, 0x00, 0x00, 0x00, 0x0F, 0xFF, 0xF9, 0xFF, 0xFC,
    0x01, 0x80, 0x1F, 0xFF, 0xC7, 0xFF, 0xF1, 0x88, 0x8C, 0x67, 0xF3, 0x19, 0xF8, 0xC6, 0x62, 0x31,
    0x9F, 0x8C, 0x67, 0xE3, 0x18, 0x88, 0xC7, 0xFF, 0xF1, 0xFF, 0xFC, 0x60, 0x03, 0x00, 0x00, 0x00,
    0x00, 0x00, 0x00, 0x84, 0x00, 0x21, 0x80, 0x1C, 0xE0, 0x7F, 0xFF, 0x81, 0xFE, 0x00, 0x3F, 0x00,
    0x07, 0x00, 0x1F, 0xFE, 0x07, 0xFF, 0x81, 0x88, 0x60, 0x7F, 0xF8, 0x07, 0xF8, 0x3F, 0xFF, 0xEF,
    0xFF, 0xF8, 0x02, 0x00, 0x00, 0x80, 0x00, 0x20, 0x00, 0x00, 0x00, 0x09, 0x14, 0x06, 0xCD, 0x81,
    0xF9, 0x60, 0xFE, 0xD8, 0x1F, 0x66, 0x47, 0xD9, 0x98, 0xFE, 0x6C, 0x7F, 0x9E, 0x1F, 0xE7, 0x07,
    0xF9, 0x81, 0xFE, 0x60, 0x3D, 0x98, 0x3F, 0xE6, 0x67, 0xF9, 0x98, 0x62, 0x66, 0x19, 0x9F, 0x02,
    0x23, 0x80, 0x00, 0x00, 0x02, 0x04, 0x01, 0x83, 0x01, 0xFB, 0xF0, 0xFF, 0xFC, 0x0F, 0xFF, 0xC7,
    0xFF, 0xF1, 0x98, 0x00, 0x7F, 0xFE, 0x1F, 0xFF, 0x87, 0xFF, 0xE0, 0x63, 0xF8, 0x5D, 0xFE, 0x3F,
    0xEC, 0x01, 0xBF, 0xF0, 0x60, 0xC0, 0x18, 0x30, 0x00, 0x00, 0x00, 0x00, 0x00, 0x00, 0x20, 0x00,
    0x08, 0x00, 0x07, 0x00, 0x7F, 0xFF, 0x03, 0x06, 0x00, 0xC1, 0x80, 0x18, 0xC0, 0xFF, 0xFF, 0x9F,
    0xFF, 0xC0, 0xFF, 0x80, 0x7F, 0xF0, 0x1F, 0xFC, 0x07, 0xFF, 0x01, 0x80, 0xC0, 0x7F, 0xF0, 0x1F,
    0xFC, 0x02, 0x02, 0x00, 0x00, 0x00, 0x02, 0x00, 0x01, 0x87, 0xE1, 0xFF, 0xF8, 0xFF, 0xC2, 0x19,
    0xBF, 0x86, 0x6F, 0xE0, 0xF0, 0x00, 0xFF, 0xFE, 0x0F, 0xBF, 0x87, 0xEF, 0xE1, 0xFB, 0xF8, 0x7E,
    0xFE, 0x19, 0xB1, 0x86, 0x67, 0xE1, 0xFB, 0x9C, 0x61, 0xC7, 0x00, 0x00, 0x00, 0x00, 0x00, 0x02,
    0x7B, 0xCD, 0x9F, 0xFB, 0xD7, 0xE6, 0x6D, 0xFF, 0x0F, 0xFF, 0xC6, 0xFF, 0xDB, 0xFD, 0xB6, 0x79,
    0x7F, 0x3E, 0x7F, 0x87, 0xFF, 0xF0, 0xFF, 0xFC, 0xFF, 0xFF, 0x9F, 0x07, 0xC1, 0xFF, 0x80, 0x7F,
    0xF0, 0x1F, 0xFC, 0x03, 0xFE, 0x00, 0x00, 0x00, 0x00, 0x00, 0x00, 0x1F, 0xF3, 0xFF, 0xFC, 0xFE,
    0x30, 0x06, 0x3F, 0x81, 0x8F, 0xE0, 0x63, 0xF8, 0x18, 0xFE, 0x06, 0x3F, 0x81, 0x8F, 0xE0, 0x62,
    0x08, 0x18, 0xFE, 0x06, 0x3F, 0x87, 0x8E, 0xE1, 0xDF, 0x1C, 0x07, 0x01, 0x00, 0x00, 0x00, 0x00,
    0x00, 0x10, 0x7F, 0xE6, 0x1F, 0xF9, 0x80, 0xC0, 0x60, 0x60, 0x19, 0xFF, 0xC7, 0xEF, 0xF1, 0xF3,
    0xFC, 0x70, 0xFF, 0x18, 0xFF, 0xC6, 0x7F, 0xF1, 0x9E, 0x0C, 0x67, 0xDB, 0x0F, 0x3F, 0xC0, 0x0E,
    0xC0, 0x03, 0x18, 0x07, 0x87, 0x80, 0xC0, 0x60, 0x00, 0x00, 0x00, 0x00, 0x00, 0x3F, 0xF0, 0x0F,
    0xF8, 0xFC, 0x60, 0x3F, 0x7F, 0x03, 0x3F, 0xE0, 0xCC, 0x18, 0x33, 0xFE, 0x0C, 0xFF, 0x83, 0x3F,
    0xE0, 0xFF, 0xF8, 0x7F, 0x06, 0x38, 0xFF, 0x80, 0x1F, 0xC0, 0x1E, 0x3C, 0x0F, 0x07, 0x80, 0x00,
    0x00, 0x00, 0x00, 0x00, 0x00, 0x06, 0x1F, 0xF9, 0xA7, 0xFE, 0x69, 0x30, 0x1A, 0x5F, 0xC6, 0x97,
    0xF1, 0xA5, 0xFC, 0x69, 0x7F, 0x1A, 0x5F, 0xC6, 0x97, 0xF1, 0xA5, 0x0C, 0x69, 0x7F, 0x32, 0x5F,
    0xCC, 0x97, 0x63, 0x27, 0x8C, 0xC1, 0x81, 0x80, 0x00, 0x00, 0x00, 0x00, 0x00, 0x00, 0x00, 0xFF,
    0xF0, 0x6F, 0xF8, 0xF0, 0xC0, 0x38, 0x7F, 0x00, 0x7F, 0xE0, 0x3C, 0x18, 0x1B, 0xFE, 0x1C, 0xFF,
    0x8E, 0x3F, 0xE0, 0x1F, 0xF8, 0x0F, 0x06, 0x06, 0xC1, 0x87, 0x1F, 0xC3, 0x9E, 0x3C, 0x07, 0x07,
    0x80, 0x00, 0x00, 0x00, 0x00, 0x00, 0x00, 0x0F, 0xEF, 0xF9, 0xFB, 0xFC, 0x66, 0x30, 0x0F, 0x1F,
    0xC1, 0x87, 0xF3, 0xFD, 0xFC, 0xFF, 0x7F, 0x06, 0xDF, 0xC1, 0xE7, 0xF0, 0x61, 0x0C, 0x18, 0x7F,
    0x06, 0x1F, 0xC1, 0x86, 0x60, 0xE3, 0x8C, 0x70, 0xC1, 0x80, 0x00, 0x00, 0x00, 0x00, 0x00, 0x3F,
    0x83, 0xEF, 0xF1, 0xF8, 0xC0, 0x00, 0x7E, 0x00, 0x3F, 0xC0, 0x0F, 0xF3, 0xFF, 0xFC, 0x3C, 0xC3,
    0x0D, 0x30, 0xC3, 0x4F, 0xF0, 0xD3, 0xFC, 0x34, 0xC3, 0x1B, 0x7F, 0xC6, 0x7F, 0xE3, 0x89, 0xB8,
    0xC0, 0xC7, 0x80, 0x20, 0xE0, 0x00, 0x00, 0x00, 0x00, 0x03, 0x2F, 0xF8, 0xCB, 0xFC, 0x32, 0x18,
    0x1C, 0xDF, 0xC6, 0x1F, 0xF1, 0x85, 0xFC, 0xFF, 0xFF, 0x3F, 0xBF, 0xC3, 0x27, 0xF0, 0xC9, 0x8C,
    0x32, 0x6B, 0x18, 0x9F, 0xC6, 0x27, 0x63, 0x1D, 0x8C, 0xDF, 0xC1, 0x80, 0x00, 0x00, 0x00, 0x00,
    0x02, 0x00, 0x01, 0x8F, 0xF0, 0x7F, 0xFC, 0x7F, 0x18, 0x3E, 0x1F, 0x81, 0x97, 0xE1, 0xED, 0x08,
    0x7B, 0x7E, 0x1A, 0xDF, 0x87, 0xF7, 0xE1, 0xFD, 0xF8, 0x78, 0xC2, 0x06, 0x3F, 0x81, 0xB7, 0xE0,
    0x6D, 0x9C, 0x0F, 0x47, 0x00, 0x00, 0x00, 0x00, 0x00, 0x03, 0x00, 0x01, 0xC3, 0xF0, 0x79, 0xFE,
    0x33, 0x38, 0x18, 0x6C, 0x0C, 0x0F, 0xF9, 0xF9, 0x86, 0x22, 0x7F, 0x80, 0x1F, 0xEF, 0xF7, 0xF9,
    0xFF, 0xFE, 0x19, 0xC1, 0x86, 0x7F, 0xE1, 0xF7, 0xF8, 0x79, 0x9C, 0x18, 0xC3, 0x82, 0x20, 0x60,
    0x00, 0x00, 0x02, 0x00, 0x01, 0x8F, 0xF0, 0x63, 0xFE, 0x7F, 0x30, 0x3F, 0xDC, 0x01, 0x87, 0xF3,
    0x6D, 0xAC, 0x7E, 0x7F, 0x06, 0x1E, 0xCF, 0xF7, 0xF1, 0xFD, 0xFC, 0x3C, 0x43, 0x0F, 0x1F, 0xC7,
    0x67, 0xE1, 0x98, 0xCC, 0xE2, 0xE3, 0xB0, 0x30, 0x60, 0x00, 0x00, 0x00, 0x00, 0x0F, 0xEF, 0xF1,
    0xF1, 0x7C, 0x00, 0x18, 0x1F, 0x9F, 0x87, 0xE7, 0xE1, 0x99, 0x08, 0x66, 0x7E, 0x1F, 0x9F, 0x83,
    0xE7, 0xE0, 0x89, 0xF8, 0x66, 0x42, 0x19, 0x9F, 0x83, 0xE7, 0xE3, 0xFF, 0x9C, 0xE1, 0xC3, 0x00,
    0x00, 0x00, 0x00, 0x00, 0x01, 0x00, 0x00, 0xC7, 0xE0, 0xBD, 0xFC, 0x6F, 0x0C, 0x1B, 0x06, 0x06,
    0xCF, 0xF3, 0xFF, 0xAC, 0x0C, 0xFF, 0x1B, 0x5F, 0xC6, 0xDF, 0xF3, 0x37, 0xFC, 0x3D, 0x43, 0x06,
    0xDF, 0xC0, 0x67, 0xE0, 0xF1, 0x9C, 0xF8, 0xC3, 0xB8, 0x20, 0x60, 0x00, 0x00, 0x01, 0x00, 0x00,
    0x47, 0xE0, 0x3B, 0xFC, 0xFF, 0x9C, 0x03, 0x06, 0x00, 0xC7, 0xF1, 0xFD, 0x8C, 0x6F, 0x7F, 0x1B,
    0xFF, 0xC7, 0xF7, 0xF0, 0xFD, 0xFC, 0x1E, 0x43, 0x0D, 0xDF, 0xC3, 0xD7, 0xE3, 0xB4, 0xDC, 0xCC,
    0x63, 0x81, 0x10, 0x60, 0x00, 0x00, 0x00, 0x00, 0x07, 0xFF, 0xF1, 0x9A, 0xE0, 0x7E, 0x7E, 0x1F,
    0xBF, 0x86, 0x6F, 0xE1, 0xFB, 0xF8, 0x3E, 0xFE, 0x3F, 0xFF, 0x8F, 0xFC, 0x21, 0xFF, 0xF8, 0x7F,
    0x7E, 0x1E, 0x39, 0xCF, 0xCC, 0x33, 0xFF, 0xFC, 0xC3, 0xFF, 0x00, 0x00, 0x00, 0x00, 0x00, 0x02,
    0x00, 0x00, 0x83, 0xF0, 0x70, 0xFE, 0xFF, 0x9C, 0x3F, 0xA7, 0xCF, 0xEF, 0xF9, 0xC8, 0xFE, 0xF6,
    0x3F, 0x87, 0x8C, 0x63, 0x3F, 0xFB, 0x8C, 0xC6, 0x7F, 0x31, 0x9F, 0xCF, 0xE6, 0x11, 0xF1, 0xFC,
    0xDC, 0x7F, 0x63, 0x88, 0x10, 0x60, 0x00, 0x00, 0x00, 0x00, 0x0F, 0x77, 0xFB, 0xFD, 0xFC, 0xFD,
    0x18, 0x3F, 0xDF, 0xCF, 0x77, 0xF0, 0xF9, 0xFC, 0x7E, 0x7F, 0x1F, 0xDF, 0xCF, 0xF7, 0xF1, 0xF9,
    0x0C, 0x7F, 0x63, 0x30, 0xDF, 0xC0, 0x13, 0xE0, 0x3F, 0xCC, 0x1F, 0xE1, 0x80, 0x00, 0x00, 0x00,
    0x00, 0x01, 0x00, 0x00, 0xC3, 0xF0, 0x38, 0xFE, 0x7F, 0x9C, 0x0E, 0xC6, 0x01, 0xB3, 0xF0, 0x78,
    0xCC, 0xFF, 0xBF, 0x1F, 0xEF, 0xC6, 0xF3, 0xF1, 0xB2, 0xFC, 0x63, 0xA3, 0x1F, 0xCF, 0xC6, 0xCB,
    0xE3, 0x8E, 0xDC, 0xDF, 0x63, 0xB7, 0x10, 0x60, 0x00, 0x00, 0x00, 0x00, 0x07, 0xF7, 0xF9, 0xFF,
    0xFC, 0x7F, 0x98, 0x1F, 0xFF, 0xC6, 0x1F, 0xF1, 0xFF, 0xFC, 0x7F, 0x7F, 0x03, 0xBF, 0xC4, 0xEF,
    0xF3, 0x3F, 0x0C, 0x7F, 0xE3, 0x1B, 0xDF, 0xC7, 0xFF, 0x63, 0xE3, 0x0C, 0x00, 0xC1, 0x80, 0x00,
    0x00, 0x00, 0x00, 0x00, 0x00, 0x07, 0xFF, 0xF9, 0xFF, 0xFC, 0x66, 0x18, 0x1B, 0xFF, 0xC6, 0xFF,
    0xF1, 0xBF, 0xFC, 0x6F, 0xFF, 0x1B, 0xFF, 0xC6, 0xFF, 0xF1, 0x88, 0x8C, 0x6A, 0xF3, 0x1E, 0xBF,
    0xC7, 0x2D, 0xE3, 0x08, 0x6C, 0xCE, 0x31, 0x80, 0x00, 0x00, 0x00, 0x00, 0x01, 0x00, 0x00, 0xD7,
    0xF1, 0xBD, 0xFE, 0x36, 0x1C, 0x07, 0x86, 0x0F, 0xF7, 0xF0, 0x79, 0x8C, 0x3F, 0x7F, 0x3B, 0x5F,
    0xC4, 0x47, 0xF0, 0x31, 0xFC, 0xFF, 0xC3, 0x1F, 0xFF, 0xC0, 0xE7, 0xE1, 0xEC, 0xDC, 0xF1, 0x63,
    0xB0, 0x50, 0x60, 0x00, 0x00, 0x00, 0x00, 0x0F, 0xFB, 0xF9, 0xFE, 0xFC, 0x7F, 0x98, 0x1F, 0xEF,
    0xC7, 0xFF, 0xF1, 0xFE, 0xFC, 0x6F, 0x3F, 0x1F, 0xEF, 0xC7, 0xFB, 0xF1, 0xFE, 0x8C, 0x7F, 0xBF,
    0x1F, 0xCF, 0xC7, 0xFB, 0xE3, 0x7E, 0xCC, 0xDF, 0xA1, 0x80, 0x00, 0x00, 0x00, 0x00, 0x00, 0x00,
    0x03, 0xFF, 0xE0, 0xFF, 0xF8, 0x30, 0xF6, 0x0D, 0xFD, 0x83, 0x78, 0x60, 0xDF, 0xD8, 0x37, 0xFE,
    0x0D, 0x27, 0x83, 0x7F, 0xE0, 0xDF, 0xD8, 0x60, 0x97, 0x98, 0x27, 0xE6, 0xFF, 0x7B, 0x7F, 0xFE,
    0xC0, 0x0F, 0x00, 0x00, 0x00, 0x00, 0x00, 0x00, 0x00, 0x07, 0xFE, 0x00, 0xFF, 0xB8, 0x05, 0x3E,
    0x07, 0xCF, 0x8F, 0x92, 0xE3, 0xE4, 0xC6, 0x19, 0x19, 0xBF, 0xFF, 0xEF, 0xFE, 0x78, 0x64, 0xF8,
    0x19, 0x3C, 0x0C, 0x4F, 0x83, 0x11, 0x99, 0x84, 0x7E, 0xC1, 0x07, 0x80, 0x00, 0x00, 0x00, 0x00,
    0x00, 0x20, 0x00, 0x1C, 0x00, 0x0D, 0x80, 0x06, 0xB0, 0x07, 0x67, 0x07, 0xFF, 0xF3, 0xFF, 0xCC,
    0x18, 0x30, 0x07, 0xFC, 0x01, 0xFF, 0x00, 0x7F, 0xC0, 0x19, 0x86, 0x06, 0x33, 0x01, 0x87, 0x80,
    0xFE, 0x3C, 0x78, 0x03, 0x80, 0x00, 0x00, 0x00, 0x00, 0x02, 0x00, 0x01, 0xC7, 0xC0, 0xD9, 0xF8,
    0x3B, 0x66, 0x1A, 0x79, 0x87, 0xC6, 0x63, 0xF9, 0x98, 0x66, 0x66, 0x1F, 0x99, 0x87, 0xE6, 0x61,
    0xF9, 0x98, 0x7E, 0x66, 0x19, 0x19, 0xE6, 0x6C, 0x79, 0xFB, 0x1E, 0xFB, 0x87, 0xB8, 0x40, 0xC0,
    0x00, 0x00, 0x02, 0x00, 0x01, 0xCF, 0xF0, 0xDB, 0xFC, 0x3E, 0x80, 0x1B, 0xE0, 0x07, 0xFF, 0xE3,
    0xFB, 0xF8, 0xFE, 0xE2, 0x1F, 0xB9, 0x87, 0xEE, 0x61, 0xFF, 0xB0, 0x63, 0x38, 0x1B, 0xC6, 0x06,
    0xF3, 0xC1, 0xF9, 0x98, 0xE6, 0xC7, 0x00, 0x00, 0x00, 0x00, 0x00, 0x00, 0x00, 0x00, 0xE3, 0x00,
    0x3C, 0xC0, 0x19, 0x30, 0x0F, 0x4F, 0xE6, 0xE6, 0x1B, 0xFF, 0xEC, 0x33, 0xDB, 0x0F, 0xE6, 0x03,
    0xF9, 0x80, 0xFC, 0xF0, 0x3F, 0x3C, 0x0C, 0x8D, 0x83, 0x23, 0x60, 0xFD, 0x9C, 0x7D, 0xC3, 0x8C,
    0x20, 0x60, 0x00, 0x00, 0x03, 0x00, 0x01, 0xC7, 0xF0, 0x7B, 0xFC, 0x3B, 0x03, 0x0F, 0x3E, 0xC3,
    0xDF, 0xF1, 0xFC, 0x0C, 0x33, 0x03, 0x0F, 0xFE, 0xC3, 0xFF, 0xB0, 0xFF, 0x6C, 0x3E, 0xFB, 0x0D,
    0x9E, 0xC3, 0x70, 0x30, 0xFC, 0x0C, 0x7F, 0x9F, 0x18, 0x67, 0x80, 0x00, 0x00, 0x02, 0x10, 0x01,
    0xC6, 0x00, 0xD9, 0xF8, 0x3B, 0xFF, 0x1A, 0x70, 0xC7, 0xCC, 0x33, 0xFB, 0xEC, 0xE6, 0x1B, 0x1F,
    0x86, 0xC7, 0xEF, 0xB1, 0xFB, 0xF8, 0x7E, 0xCC, 0x18, 0xB0, 0x66, 0x6C, 0x19, 0xFF, 0x06, 0xF9,
    0xFF, 0xB8, 0x1F, 0x80, 0x00, 0x00, 0x01, 0x04, 0x00, 0xE1, 0x80, 0x2C, 0xC0, 0x1D, 0xBF, 0x0F,
    0x4F, 0xE7, 0xFC, 0xC3, 0xFF, 0x30, 0x33, 0xFF, 0x8F, 0xFB, 0x63, 0xFC, 0xD8, 0xFF, 0x36, 0x3F,
    0x49, 0x8C, 0x93, 0xC3, 0x34, 0xE0, 0xFE, 0x20, 0x7F, 0xCC, 0x0C, 0x22, 0x00, 0x00, 0x00, 0x02,
    0x20, 0xC1, 0xCC, 0x30, 0xD9, 0x1C, 0x6E, 0xBF, 0x1F, 0x3F, 0xEF, 0xC6, 0x61, 0xF9, 0x98, 0x66,
    0x66, 0x1F, 0x99, 0x87, 0xEF, 0xF9, 0xFB, 0xFC, 0x7C, 0x66, 0x1F, 0x99, 0x87, 0xEC, 0x61, 0xFE,
    0x18, 0x7F, 0xC6, 0x08, 0x21, 0x80, 0x00, 0x00, 0x01, 0x04, 0x00, 0x63, 0x00, 0x1D, 0xC0, 0x7F,
    0xFF, 0x07, 0xFF, 0x03, 0xFF, 0xE0, 0x06, 0x00, 0xFF, 0xFF, 0x9F, 0xFF, 0xC0, 0xFF, 0xC3, 0xFF,
    0xFE, 0x67, 0xF3, 0x03, 0xBE, 0x00, 0xFF, 0xF0, 0x1F, 0xF8, 0x7F, 0xFF, 0x9F, 0xE7, 0xE0, 0x00,
    0x00, 0x02, 0x00, 0x01, 0xCF, 0xF8, 0xDB, 0xFE, 0x33, 0x43, 0x1E, 0x5F, 0xCD, 0xC7, 0xF1, 0xF9,
    0x8C, 0x66, 0x63, 0x1F, 0x9F, 0xC7, 0xE7, 0xF1, 0xF9, 0x0C, 0x7E, 0x4F, 0x99, 0xBF, 0xC6, 0x3F,
    0x31, 0xBC, 0x0C, 0xFD, 0x03, 0x3C, 0x40, 0xC0, 0x00, 0x00, 0x02, 0x0A, 0x01, 0xC7, 0xC0, 0xD3,
    0xBC, 0x3E, 0xED, 0x9F, 0x93, 0x6F, 0xE6, 0xD1, 0xFB, 0xFE, 0x66, 0x6C, 0x1F, 0x9B, 0x67, 0xE7,
    0xD9, 0xFB, 0xBC, 0x7F, 0xCF, 0x19, 0x59, 0x86, 0xC6, 0xF9, 0xB9, 0xFE, 0xFE, 0xD7, 0xBC, 0xA0,
    0xE0, 0x00, 0x00, 0x02, 0x04, 0x01, 0xC1, 0x80, 0xDF, 0xFC, 0x3B, 0xFF, 0x9A, 0x4F, 0x6D, 0xF7,
    0xF9, 0xFD, 0x9E, 0x66, 0x66, 0x1F, 0x9F, 0x87, 0xE7, 0xC1, 0xF9, 0xFC, 0x7E, 0x7F, 0x19, 0x10,
    0xC6, 0x66, 0x31, 0xF9, 0xFC, 0xFE, 0x7F, 0x38, 0x90, 0xC0, 0x00, 0x00, 0x01, 0x04, 0x00, 0xE3,
    0x00, 0x0D, 0x80, 0x7F, 0xFF, 0x3F, 0xFF, 0xE0, 0x18, 0x00, 0x04, 0x00, 0x3F, 0xFE, 0x0F, 0xFF,
    0x83, 0xFF, 0xE0, 0xFF, 0xF8, 0x3F, 0xFE, 0x0F, 0xFF, 0x83, 0x00, 0x60, 0xFF, 0xF8, 0x3F, 0xFE,
    0x0C, 0x01, 0x00, 0x00, 0x00, 0x00, 0x0F, 0x01, 0xFF, 0xE0, 0xFF, 0x00, 0x00, 0x80, 0x00, 0x70,
    0x0F, 0xFF, 0xF8, 0x0F, 0x80, 0x07, 0xF0, 0x0F, 0xAF, 0x8F, 0xFF, 0xF9, 0xFF, 0xFC, 0x1F, 0xFE,
    0x07, 0xFF, 0x81, 0x80, 0x60, 0x7F, 0xF8, 0x1F, 0xFE, 0x02, 0x01, 0x00, 0x00, 0x00, 0x03, 0xFF,
    0xC1, 0xFF, 0xF8, 0x63, 0x00, 0x1F, 0xFF, 0x07, 0xFF, 0x81, 0xFF, 0xF0, 0x7F, 0xF8, 0x18, 0x40,
    0x07, 0xFF, 0xE1, 0xFF, 0xF8, 0x00, 0x06, 0x1B, 0x2D, 0x86, 0xC9, 0xE7, 0x32, 0x79, 0x80, 0x3E,
    0x00, 0x0F, 0x00, 0x00, 0x00, 0x00, 0x00, 0x00, 0x02, 0x03, 0xF8, 0xC1, 0xFF, 0x30, 0x6E, 0x0C,
    0x1F, 0xC2, 0x07, 0xF1, 0xC1, 0xFD, 0xFE, 0x6C, 0x0C, 0x19, 0x07, 0x87, 0xFD, 0xE0, 0xFF, 0x78,
    0x6A, 0xF7, 0x1F, 0xBC, 0xCE, 0xEF, 0xB3, 0x2B, 0xBE, 0xC3, 0xC9, 0x80, 0xD0, 0x60, 0x00, 0x00,
    0x00, 0x00, 0x07, 0xF3, 0xF1, 0xFC, 0xFC, 0x64, 0x23, 0x1F, 0xC8, 0xC7, 0xF2, 0x31, 0xFC, 0xFC,
    0x7F, 0x3F, 0x19, 0x0E, 0x07, 0xFB, 0xC1, 0xFF, 0x98, 0x02, 0xE6, 0x1E, 0xB9, 0x87, 0xEE, 0x33,
    0xFB, 0x0C, 0xF7, 0x41, 0x80, 0x00, 0x00, 0x00, 0x00, 0x00, 0x00, 0x07, 0xF7, 0xF9, 0xFD, 0xFC,
    0x64, 0x73, 0x1F, 0xDE, 0xC7, 0xF7, 0xF1, 0xFD, 0xBC, 0x7F, 0x6E, 0x19, 0x1B, 0x87, 0xF6, 0xF0,
    0xFD, 0xEC, 0x29, 0x7B, 0x1E, 0x5C, 0xC7, 0x96, 0xD3, 0xFD, 0xFE, 0xF6, 0x60, 0x00, 0x00, 0x00,
    0x00, 0x00, 0x00, 0x00, 0x07, 0xF1, 0x81, 0xFC, 0x70, 0x64, 0x0C, 0x1F, 0xDF, 0xE7, 0xF7, 0xF9,
    0xFC, 0x30, 0x7F, 0x0C, 0x19, 0x0F, 0xC7, 0xFB, 0xF9, 0xFF, 0x30, 0x00, 0xCC, 0x1D, 0x33, 0x07,
    0x4C, 0xC3, 0xD3, 0x30, 0xF7, 0x7F, 0x80, 0x00, 0x00, 0x00, 0x00, 0x00, 0x08, 0x07, 0xF6, 0x01,
    0xFD, 0xFC, 0x6C, 0x7F, 0x1B, 0xB0, 0xC7, 0xFC, 0x31, 0xB1, 0xFC, 0x7F, 0x6F, 0x1F, 0x99, 0xC6,
    0xC6, 0xF1, 0xFF, 0xBC, 0x7F, 0xFF, 0x0F, 0x6F, 0xC3, 0xD8, 0x31, 0xFE, 0x0C, 0x7F, 0x9E, 0x17,
    0xC7, 0x00, 0x00, 0x00, 0x00, 0x04, 0x03, 0xF1, 0x01, 0xFC, 0xE0, 0x6C, 0x7F, 0x1B, 0x0F, 0x07,
    0xF3, 0x61, 0xB9, 0x8C, 0x7F, 0xFF, 0x9B, 0x1E, 0xC6, 0xC7, 0xB1, 0xFD, 0xEC, 0x3F, 0x4B, 0x1B,
    0x5E, 0xC7, 0xF7, 0xB3, 0xFD, 0x0C, 0xF7, 0x0F, 0x3D, 0x83, 0x00, 0x00, 0x00, 0x00, 0x00, 0x07,
    0xEF, 0xF1, 0xFB, 0xFC, 0x64, 0x46, 0x1F, 0x9F, 0x87, 0xE3, 0xC1, 0xFB, 0xBE, 0x7E, 0xD7, 0x99,
    0x1F, 0x87, 0xF7, 0xF1, 0xFD, 0xFC, 0x01, 0x7F, 0x1A, 0x46, 0x8C, 0x91, 0xF3, 0x2E, 0x7E, 0x0F,
    0xF1, 0x80, 0x00, 0x00, 0x00, 0x00, 0x00, 0x04, 0x03, 0xF3, 0x81, 0xFC, 0xB0, 0x6C, 0x66, 0x1B,
    0x71, 0xE7, 0xF7, 0xF1, 0xB8, 0x60, 0x7F, 0x18, 0x1B, 0x9F, 0xC6, 0xC7, 0xF1, 0xFD, 0xCC, 0x3F,
    0x7F, 0x1B, 0x5F, 0x87, 0xF3, 0xC3, 0xFD, 0x9C, 0xF7, 0xC3, 0xBD, 0xA0, 0x60, 0x00, 0x00, 0x00,
    0x08, 0x03, 0xD2, 0x41, 0xF6, 0xB8, 0x64, 0xFE, 0x19, 0x7F, 0xC7, 0xFF, 0xF1, 0xFF, 0xFE, 0x64,
    0xC6, 0x19, 0xFF, 0xE7, 0xFF, 0xF1, 0xFB, 0xF8, 0x64, 0xFC, 0x19, 0x3F, 0xCE, 0x4F, 0xF3, 0x15,
    0x4C, 0xDF, 0x7F, 0x36, 0x97, 0x00, 0x00, 0x00, 0x02, 0x48, 0x05, 0xFA, 0x03, 0xFE, 0xC0, 0x7F,
    0xFF, 0x9F, 0xFD, 0x8F, 0xDE, 0x60, 0xF2, 0x70, 0x3C, 0x9E, 0x07, 0xFF, 0xE3, 0xFF, 0xF0, 0xFF,
    0xF8, 0x3F, 0xFE, 0x0D, 0xF4, 0x03, 0xFF, 0xF0, 0xFF, 0xFC, 0xF2, 0x5F, 0x38, 0x95, 0xC0, 0x00,
    0x00, 0x03, 0xFF, 0x00, 0xFF, 0xC0, 0x30, 0x30, 0x0D, 0xFC, 0x03, 0x7F, 0x03, 0xFF, 0xF1, 0xFF,
    0xFE, 0x6F, 0xFD, 0x9B, 0xFF, 0x60, 0xFF, 0xC0, 0x3F, 0xF0, 0x0C, 0x0C, 0x03, 0xFF, 0x00, 0xFF,
    0xC0, 0x30, 0x30, 0x0C, 0xFC, 0x02, 0x3E, 0x00, 0x00, 0x00, 0x00, 0x02, 0x03, 0xE0, 0xC1, 0xF8,
    0x20, 0x66, 0xFF, 0x1B, 0xBF, 0xE7, 0xE1, 0x83, 0xFC, 0xCC, 0xC3, 0x66, 0x3F, 0xCF, 0x07, 0xF3,
    0xD9, 0xF8, 0x6C, 0x7E, 0x36, 0x1F, 0xBB, 0x07, 0xED, 0xC1, 0x88, 0xDC, 0x6E, 0xE3, 0x8B, 0x30,
    0x60, 0x00, 0x00, 0x0F, 0x22, 0x07, 0xFC, 0x81, 0xBB, 0x7C, 0x7E, 0x5F, 0x1F, 0x86, 0x07, 0xE3,
    0x03, 0xFC, 0xFC, 0xFF, 0x3F, 0x3F, 0xFF, 0xC7, 0xEF, 0xF1, 0xF9, 0xFC, 0x66, 0xF1, 0x1F, 0x9C,
    0x46, 0x6F, 0x71, 0x9F, 0xFC, 0x7F, 0x1F, 0x00, 0x00, 0x00, 0x00, 0x00, 0x00, 0x20, 0x00, 0x08,
    0x00, 0x07, 0x00, 0xFF, 0xFF, 0x83, 0xFE, 0x01, 0xFF, 0xC0, 0x60, 0x30, 0x1F, 0xFC, 0x03, 0xFE,
    0x07, 0xFF, 0xF1, 0xFF, 0xFC, 0x67, 0xF3, 0x1B, 0xAE, 0xC6, 0xFF, 0xB1, 0x9F, 0xCC, 0x60, 0x1F,
    0x18, 0x07, 0x00, 0x00, 0x00, 0x07, 0xC1, 0x03, 0xF0, 0xE0, 0xFD, 0xE8, 0x3F, 0x73, 0x0C, 0x0F,
    0x83, 0x03, 0xC3, 0xFE, 0x06, 0x33, 0x07, 0x1F, 0xEF, 0x03, 0xEB, 0x83, 0xFF, 0xFE, 0x7F, 0xFF,
    0x01, 0xFE, 0x01, 0xFF, 0xC3, 0xEF, 0xE0, 0xFF, 0xFF, 0x87, 0xC3, 0xE0, 0x00, 0x00, 0x02, 0x41,
    0x00, 0x9E, 0x41, 0xFF, 0xFC, 0xFF, 0xFF, 0x0F, 0xFF, 0xC7, 0xBB, 0x7B, 0x7F, 0xF8, 0x7F, 0xFF,
    0xBF, 0xEE, 0x6F, 0xFF, 0x38, 0x7E, 0x1C, 0x3F, 0x9E, 0x0F, 0xFC, 0x03, 0xE4, 0x38, 0xFB, 0x3C,
    0x1F, 0x9C, 0x00, 0x00, 0x00, 0x00, 0x00, 0x00, 0x20, 0x00, 0x18, 0x00, 0x0E, 0x00, 0x3F, 0xFE,
    0x0C, 0x31, 0x83, 0x0C, 0x60, 0xFF, 0xF8, 0x30, 0xC6, 0x0C, 0x31, 0x83, 0xFF, 0xE0, 0x7F, 0xF0,
    0x02, 0xDE, 0x01, 0xBD, 0x80, 0xCF, 0xF8, 0xE3, 0xE6, 0xF0, 0xFF, 0xB8, 0x1F, 0xC0, 0x00, 0x00,
    0x00, 0x08, 0x00, 0x06, 0x00, 0x03, 0x80, 0xFF, 0xFF, 0x00, 0x4C, 0xC0, 0x13, 0x30, 0x07, 0xFC,
    0xFF, 0xF3, 0x1F, 0xCC, 0xC3, 0x5F, 0xF1, 0xF7, 0xF8, 0x66, 0x7E, 0x1B, 0xB7, 0xCF, 0xE9, 0xF9,
    0xCE, 0x76, 0x03, 0x1F, 0x00, 0x83, 0x80, 0x00, 0x00, 0x02, 0x02, 0x01, 0x80, 0xC0, 0xC0, 0x70,
    0xFF, 0x3F, 0x36, 0xC3, 0x0D, 0xB0, 0xC3, 0xFC, 0x30, 0xDB, 0x7F, 0xB6, 0x5F, 0xCF, 0xF3, 0xF1,
    0xFC, 0xEC, 0x35, 0x6D, 0x8D, 0xF3, 0x47, 0x7C, 0xD9, 0xBD, 0x26, 0xE7, 0xFF, 0xB0, 0xFF, 0x80,
    0x00, 0x00, 0x00, 0x10, 0x01, 0xFF, 0xF0, 0xFF, 0xFC, 0x3F, 0xFF, 0x0F, 0xFF, 0xC3, 0x7F, 0xC0,
    0xFF, 0x5C, 0x3B, 0xBF, 0x0F, 0xFF, 0x03, 0xFF, 0xC1, 0xBF, 0xF0, 0x6C, 0xEE, 0x1B, 0xFF, 0x86,
    0x36, 0xF3, 0x6C, 0xFC, 0xFE, 0x3F, 0x00, 0x00, 0x00, 0x00, 0x00, 0x00, 0x80, 0x00, 0x3F, 0x00,
    0x1F, 0xE0, 0x0C, 0x70, 0x07, 0x18, 0x07, 0xFF, 0xE3, 0x63, 0x18, 0x18, 0x86, 0x07, 0xFF, 0x81,
    0xFF, 0xE0, 0x62, 0x18, 0x1F, 0xFE, 0x03, 0xFE, 0x03, 0x12, 0x61, 0xC4, 0xDC, 0xE1, 0x33, 0xB0,
    0x48, 0x60, 0x00, 0x00, 0x0C, 0x11, 0x03, 0xEC, 0x40, 0xF9, 0xB0, 0x36, 0xFF, 0x1F, 0xFF, 0xC7,
    0xF1, 0x03, 0xED, 0xF8, 0x7F, 0x7E, 0x1F, 0xCC, 0x07, 0xB1, 0x01, 0xFF, 0xFC, 0x7F, 0xFF, 0x00,
    0x04, 0x07, 0xB1, 0x03, 0x6C, 0x40, 0xDB, 0x10, 0x00, 0x00, 0x00, 0x00, 0x00, 0x04, 0x04, 0x03,
    0xC1, 0x00, 0xF8, 0xE0, 0x36, 0xFF, 0x9F, 0x80, 0x07, 0xF0, 0x03, 0xED, 0xFC, 0x79, 0x63, 0x1F,
    0xD8, 0xC7, 0xF7, 0xF1, 0xE5, 0xF8, 0x7F, 0x4B, 0x0F, 0xDA, 0xC7, 0xAC, 0xD9, 0xFE, 0x36, 0xFE,
    0xB9, 0xB2, 0x8C, 0x00, 0x00, 0x00, 0x00, 0x20, 0x00, 0x18, 0x00, 0x0E, 0x00, 0x3F, 0xFC, 0x0F,
    0xFF, 0x03, 0xFF, 0xC0, 0xC0, 0x30, 0x3F, 0xFC, 0x0F, 0xFE, 0x03, 0xFF, 0xF8, 0xFF, 0xFC, 0x3F,
    0xFF, 0x0F, 0xFF, 0xC7, 0x49, 0x31, 0xB2, 0x6C, 0xE4, 0x9F, 0x30, 0x03, 0x00, 0x00, 0x00, 0x00,
    0x10, 0x00, 0x0C, 0x00, 0x03, 0x00, 0xF9, 0xFE, 0x36, 0x7F, 0x8C, 0x9F, 0xE3, 0x26, 0x18, 0xC9,
    0xFE, 0x32, 0x7F, 0x0C, 0x9F, 0xFB, 0x27, 0xFC, 0xD9, 0xFF, 0x3E, 0x3F, 0xCF, 0xAE, 0xB3, 0x0B,
    0xEC, 0xC6, 0xFF, 0x01, 0x2B, 0x00, 0x00, 0x00, 0x00, 0xE2, 0x03, 0xF9, 0xC1, 0xF0, 0xE0, 0x04,
    0xFF, 0x1B, 0x7F, 0xC3, 0xFF, 0xF0, 0x0D, 0x8C, 0x0C, 0x7F, 0x1F, 0xDF, 0x83, 0xF7, 0xFB, 0xFF,
    0xFC, 0x7F, 0xFF, 0x87, 0x8F, 0xE1, 0xE5, 0x78, 0xED, 0xFE, 0xF1, 0xDF, 0xB8, 0x25, 0xC0, 0x00,
    0x00, 0x02, 0x02, 0x00, 0x80, 0xC0, 0x70, 0xE0, 0xFF, 0x7F, 0x3C, 0xDF, 0xCF, 0x77, 0xF1, 0x91,
    0x8C, 0x7F, 0x7F, 0x3F, 0xDF, 0x87, 0xF7, 0xF9, 0xFD, 0xFE, 0x7F, 0x7F, 0x9F, 0xCF, 0xE6, 0x45,
    0x79, 0xFF, 0x7E, 0x7F, 0x9F, 0x88, 0x25, 0xC0, 0x00, 0x00, 0x00, 0x10, 0x00, 0x04, 0x00, 0x7F,
    0xFC, 0x3F, 0xFF, 0x0C, 0xC4, 0x03, 0xFF, 0xE0, 0xFF, 0xF8, 0x33, 0x12, 0x0C, 0xCF, 0x81, 0xFF,
    0xE0, 0xFF, 0x98, 0x67, 0xFE, 0x1B, 0x0E, 0x06, 0x72, 0x1B, 0x7F, 0xDE, 0xDC, 0x1F, 0x00, 0x00,
    0x00, 0x00, 0x00, 0x01, 0x04, 0x00, 0x41, 0x00, 0x38, 0xE0, 0xFF, 0xFF, 0x87, 0xDF, 0xC3, 0xFF,
    0xFB, 0x93, 0x60, 0x7F, 0xFF, 0x1F, 0xFF, 0x87, 0xFF, 0xC1, 0xFF, 0xF8, 0x7F, 0xFE, 0x1F, 0xBB,
    0xC6, 0x77, 0xE3, 0x9D, 0xE6, 0xDF, 0x7F, 0xB7, 0xCF, 0xC0, 0x00, 0x00, 0x0F, 0xDF, 0x87, 0xF7,
    0xF0, 0x00, 0x00, 0x7F, 0xFF, 0x1B, 0xFE, 0xC6, 0xFD, 0xB0, 0x06, 0x00, 0x7F, 0xFF, 0x1F, 0xFF,
    0x87, 0xFF, 0xF1, 0xFF, 0xFC, 0x7F, 0xFF, 0x1F, 0x39, 0x86, 0xF7, 0xDB, 0xBD, 0xE6, 0xFF, 0xFF,
    0xBF, 0xEF, 0x80, 0x00, 0x00, 0x00, 0x20, 0x00, 0x08, 0x00, 0x07, 0x00, 0x7F, 0xFF, 0x07, 0xFF,
    0x03, 0xFF, 0xE0, 0x07, 0x00, 0x00, 0x80, 0x3F, 0xFF, 0xE7, 0xFF, 0xF0, 0x1F, 0xE0, 0x1F, 0xF8,
    0x1E, 0xCC, 0x03, 0x1E, 0x00, 0x1F, 0xE0, 0x7F, 0x3F, 0x9E, 0x01, 0xE0, 0x00, 0x00, 0x00, 0x00,
    0x01, 0x8E, 0xF0, 0x77, 0xFE, 0xFF, 0x38, 0x0F, 0x8C, 0x07, 0xEF, 0xF8, 0x63, 0xDE, 0xFF, 0xBF,
    0x9F, 0xEF, 0xE3, 0xEB, 0xF9, 0xFE, 0xFE, 0xFB, 0xA7, 0xB3, 0xBF, 0xE0, 0xFF, 0xF0, 0xEF, 0xFE,
    0xF0, 0xFF, 0xB8, 0x00, 0x00, 0x00, 0x00, 0x00, 0x10, 0x00, 0x06, 0x00, 0x03, 0x80, 0x3F, 0xFF,
    0x8C, 0x42, 0x03, 0x10, 0x80, 0xC4, 0x20, 0x3F, 0xFF, 0x8F, 0xFF, 0xC3, 0x79, 0xC0, 0xDE, 0x78,
    0x6D, 0xFF, 0x1A, 0x5A, 0xC7, 0x92, 0xFB, 0xC4, 0x26, 0xC1, 0x08, 0x30, 0x42, 0x00, 0x00, 0x00,
    0x00, 0x88, 0x00, 0x22, 0x00, 0x1D, 0xC0, 0x7F, 0xFF, 0x01, 0x8C, 0x00, 0x77, 0x03, 0xFF, 0xFE,
    0x01, 0xC0, 0x0F, 0xFF, 0x83, 0xFF, 0xE0, 0xFF, 0xF8, 0x3F, 0xFE, 0x0C, 0x21, 0x83, 0xFF, 0xE0,
    0x7F, 0xF0, 0xFC, 0x1F, 0xBC, 0x01, 0xE0, 0x00, 0x00, 0x00, 0x00, 0x03, 0xFF, 0xE0, 0xFF, 0xF8,
    0x3F, 0xFE, 0x0F, 0xFF, 0x83, 0x08, 0x60, 0xFF, 0xF8, 0x1F, 0xFC, 0x0F, 0xFF, 0x87, 0xFF, 0xF3,
    0xFF, 0xFC, 0xFF, 0xFF, 0x80, 0x00, 0x03, 0x76, 0x61, 0x8C, 0xCC, 0xC1, 0x21, 0x80, 0x00, 0x00,
    0x00, 0x00, 0x0F, 0xE4, 0x07, 0xF9, 0xC1, 0xB6, 0x78, 0x7F, 0x93, 0x1B, 0x6E, 0x86, 0xDF, 0xF1,
    0xFE, 0x60, 0x0C, 0x18, 0x1F, 0xE6, 0x03, 0xFB, 0xC0, 0x3E, 0xB8, 0xFF, 0xE7, 0x9F, 0x30, 0xC3,
    0x2A, 0x61, 0xD8, 0x9C, 0x66, 0x23, 0x18, 0x88, 0x80, 0x00, 0x00, 0x02, 0x04, 0x01, 0x83, 0x01,
    0xFE, 0x40, 0xFF, 0x90, 0x0F, 0xBF, 0xC7, 0xFF, 0xF0, 0x00, 0x40, 0x7F, 0x30, 0x1F, 0xDF, 0x87,
    0xF4, 0x60, 0x01, 0x18, 0x36, 0x64, 0x0D, 0x8F, 0x03, 0xFF, 0xC3, 0xF3, 0x1C, 0x01, 0x87, 0x00,
    0x00, 0x00, 0x00, 0x00, 0x00, 0x20, 0x00, 0x18, 0x00, 0x0E, 0x00, 0x1F, 0xFE, 0x07, 0xFF, 0x81,
    0xFF, 0xE0, 0x60, 0x18, 0x3F, 0xFF, 0x0F, 0xFF, 0xC3, 0xFF, 0xF0, 0xFF, 0xFC, 0x3F, 0xFF, 0x01,
    0xCE, 0x0F, 0xFF, 0xFB, 0xFF, 0xFC, 0x7C, 0x18, 0x1E, 0x04, 0x00, 0x00, 0x00, 0x02, 0x02, 0x03,
    0x81, 0xC1, 0xFC, 0xD8, 0x7F, 0x22, 0x1F, 0xD8, 0xCF, 0xF7, 0xF0, 0x00, 0xF8, 0xFF, 0x00, 0x3F,
    0xC0, 0x0F, 0xF7, 0xF3, 0x6C, 0xC4, 0xFF, 0x11, 0x3F, 0xC4, 0x4F, 0xB1, 0x73, 0xFC, 0x40, 0xC0,
    0x10, 0x00, 0x00, 0x00, 0x00, 0x00, 0x00, 0x00, 0x00, 0x06, 0x00, 0x01, 0x80, 0x00, 0x60, 0x00,
    0x18, 0x00, 0x06, 0x00, 0x01, 0x80, 0x00, 0x60, 0x00, 0x18, 0x00, 0x06, 0x00, 0x01, 0x80, 0x00,
    0x60, 0x00, 0x18, 0x00, 0x00, 0x00, 0x03, 0x80, 0x00, 0xE0, 0x00, 0x38, 0x00, 0x00, 0x00, 0x01,
    0x20, 0x00, 0x68, 0x00, 0x1A, 0x00, 0x04, 0x80, 0x00, 0x00, 0x00, 0x00, 0x00, 0x00, 0x00, 0x00,
    0x00, 0x00, 0x00, 0x00, 0x00, 0x00, 0x00, 0x00, 0x00, 0x00, 0x00, 0x00, 0x00, 0x00, 0x00, 0x00,
    0x00, 0x00, 0x00, 0x00, 0x00, 0x00, 0x00, 0x00, 0x00, 0x00, 0x00, 0x18, 0x40, 0x06, 0x30, 0x01,
    0x84, 0x07, 0xFF, 0xE1, 0xFF, 0xF8, 0x18, 0x60, 0x06, 0x18, 0x01, 0x86, 0x00, 0x61, 0x80, 0x08,
    0x60, 0x3F, 0xFE, 0x0F, 0xFF, 0xC0, 0xC3, 0x00, 0x30, 0xC0, 0x0C, 0x30, 0x01, 0x04, 0x00, 0x00,
    0x00, 0x00, 0x20, 0x00, 0x7E, 0x00, 0x3F, 0xC0, 0x18, 0x98, 0x0C, 0x22, 0x03, 0x08, 0x80, 0xC2,
    0x00, 0x18, 0x80, 0x03, 0xFE, 0x00, 0x7F, 0xC0, 0x02, 0x10, 0x30, 0x84, 0x0C, 0x21, 0x01, 0x88,
    0xC0, 0x3F, 0xE0, 0x07, 0xF0, 0x00, 0x20, 0x00, 0x00, 0x00, 0x00, 0x00, 0x03, 0xE0, 0x31, 0xFC,
    0x1C, 0x63, 0x0C, 0x18, 0xC7, 0x06, 0x33, 0x01, 0x8D, 0x80, 0x7F, 0x4A, 0x0F, 0xBF, 0xC0, 0x1F,
    0x18, 0x0C, 0x86, 0x06, 0x31, 0x83, 0x08, 0x61, 0x82, 0x18, 0xC0, 0xFC, 0x30, 0x1F, 0x00, 0x00,
    0x00, 0x00, 0x00, 0x00, 0x00, 0x00, 0x7F, 0x00, 0x3F, 0xE0, 0x1C, 0x1C, 0x06, 0x03, 0x01, 0xC1,
    0xC0, 0x31, 0xE0, 0x06, 0xF0, 0x03, 0xF0, 0x01, 0xF8, 0x00, 0xC3, 0xC4, 0x20, 0x79, 0x88, 0x06,
    0xC3, 0x00, 0xF0, 0x60, 0x3E, 0x0F, 0xF9, 0xC3, 0xFC, 0x20, 0x00, 0x00, 0x00, 0xC0, 0x00, 0x30,
    0x00, 0x0C, 0x00, 0x03, 0x00, 0x00, 0x00, 0x00, 0x00, 0x00, 0x00, 0x00, 0x00, 0x00, 0x00, 0x00,
    0x00, 0x00, 0x00, 0x00, 0x00, 0x00, 0x00, 0x00, 0x00, 0x00, 0x00, 0x00, 0x00, 0x00, 0x00, 0x00,
    0x00, 0x00, 0x00, 0x00, 0x00, 0x00, 0x06, 0x00, 0x03, 0x00, 0x01, 0x80, 0x00, 0x60, 0x00, 0x30,
    0x00, 0x0C, 0x00, 0x03, 0x00, 0x00, 0xC0, 0x00, 0x30, 0x00, 0x0C, 0x00, 0x01, 0x80, 0x00, 0x70,
    0x00, 0x0E, 0x00, 0x01, 0x80, 0x00, 0x00, 0x00, 0x00, 0x00, 0x00, 0x00, 0x00, 0x00, 0x18, 0x00,
    0x03, 0x00, 0x00, 0x60, 0x00, 0x18, 0x00, 0x03, 0x00, 0x00, 0xC0, 0x00, 0x30, 0x00, 0x0C, 0x00,
    0x03, 0x00, 0x00, 0xC0, 0x00, 0x60, 0x00, 0x18, 0x00, 0x0C, 0x00, 0x02, 0x00, 0x00, 0x00, 0x00,
    0x00, 0x00, 0x00, 0x00, 0x00, 0x00, 0x00, 0x00, 0x00, 0x00, 0x00, 0x00, 0x00, 0x00, 0x03, 0x00,
    0x04, 0xC8, 0x01, 0xF6, 0x00, 0x3F, 0x00, 0x03, 0x80, 0x03, 0xF8, 0x01, 0xB2, 0x00, 0x0C, 0x00,
    0x03, 0x00, 0x00, 0x00, 0x00, 0x00, 0x00, 0x00, 0x00, 0x00, 0x00, 0x00, 0x00, 0x00, 0x00, 0x00,
    0x00, 0x00, 0x00, 0x00, 0x00, 0x0C, 0x00, 0x03, 0x00, 0x00, 0xC0, 0x00, 0x30, 0x00, 0xFF, 0xC0,
    0x3F, 0xF0, 0x00, 0xC0, 0x00, 0x30, 0x00, 0x0C, 0x00, 0x03, 0x00, 0x00, 0xC0, 0x00, 0x00, 0x00,
    0x00, 0x00, 0x00, 0x00, 0x00, 0x00, 0x00, 0x00, 0x00, 0x00, 0x00, 0x00, 0x00, 0x00, 0x00, 0x00,
    0x00, 0x00, 0x00, 0x00, 0x00, 0x00, 0x00, 0x00, 0x00, 0x00, 0x00, 0x00, 0x00, 0x00, 0x00, 0x00,
    0x00, 0x00, 0x00, 0x00, 0x00, 0x00, 0x00, 0x00, 0x01, 0x80, 0x00, 0x60, 0x00, 0x18, 0x00, 0x00,
    0x00, 0x00, 0x00, 0x00, 0x00, 0x00, 0x00, 0x00, 0x00, 0x00, 0x00, 0x00, 0x00, 0x00, 0x00, 0x00,
    0x7F, 0xC0, 0x1F, 0xF0, 0x00, 0x00, 0x00, 0x00, 0x00, 0x00, 0x00, 0x00, 0x00, 0x00, 0x00, 0x00,
    0x00, 0x00, 0x00, 0x00, 0x00, 0x00, 0x00, 0x00, 0x00, 0x00, 0x00, 0x00, 0x00, 0x00, 0x00, 0x00,
    0x00, 0x00, 0x00, 0x00, 0x00, 0x00, 0x00, 0x00, 0x00, 0x00, 0x00, 0x00, 0x00, 0x00, 0x00, 0x00,
    0x00, 0x00, 0x00, 0x00, 0x00, 0x00, 0x00, 0x00, 0x00, 0x00, 0x00, 0x00, 0x00, 0x60, 0x00, 0x18,
    0x00, 0x00, 0x00, 0x00, 0x00, 0x00, 0x00, 0x00, 0x18, 0x00, 0x0C, 0x00, 0x07, 0x00, 0x03, 0x80,
    0x01, 0x80, 0x00, 0xC0, 0x00, 0x60, 0x00, 0x30, 0x00, 0x18, 0x00, 0x0C, 0x00, 0x06, 0x00, 0x03,
    0x00, 0x01, 0x80, 0x00, 0xC0, 0x00, 0x60, 0x00, 0x18, 0x00, 0x00, 0x00, 0x00, 0x00, 0x00, 0x00,
    0x7F, 0x80, 0x38, 0x30, 0x1C, 0x07, 0x06, 0x00, 0xC1, 0x80, 0x30, 0x60, 0x0C, 0x18, 0x03, 0x06,
    0x00, 0xC1, 0x80, 0x30, 0x60, 0x0C, 0x18, 0x03, 0x06, 0x00, 0xC1, 0x80, 0x30, 0x30, 0x18, 0x07,
    0xFC, 0x00, 0xFE, 0x00, 0x00, 0x00, 0x00, 0x00, 0x00, 0x1F, 0x00, 0x00, 0xC0, 0x00, 0x30, 0x00,
    0x0C, 0x00, 0x03, 0x00, 0x00, 0xC0, 0x00, 0x30, 0x00, 0x0C, 0x00, 0x03, 0x00, 0x00, 0xC0, 0x00,
    0x30, 0x00, 0x0C, 0x00, 0x03, 0x00, 0x00, 0xC0, 0x00, 0x30, 0x00, 0x04, 0x00, 0x00, 0x00, 0x00,
    0x00, 0x00, 0x7F, 0x80, 0x38, 0x30, 0x1C, 0x07, 0x06, 0x00, 0xC1, 0x80, 0x30, 0x00, 0x0C, 0x00,
    0x03, 0x00, 0x07, 0x80, 0x0F, 0xC0, 0x0F, 0xC0, 0x07, 0x00, 0x03, 0x00, 0x01, 0x80, 0x00, 0x60,
    0x00, 0x1F, 0xFF, 0x07, 0xFF, 0x80, 0x00, 0x00, 0x00, 0x00, 0x00, 0x7F, 0x80, 0x38, 0x30, 0x1C,
    0x07, 0x06, 0x00, 0xC1, 0x80, 0x30, 0x00, 0x1C, 0x00, 0x06, 0x00, 0xFF, 0x00, 0x3F, 0xC0, 0x00,
    0x1C, 0x18, 0x03, 0x06, 0x00, 0xC1, 0xC0, 0x70, 0x30, 0x10, 0x07, 0xFC, 0x00, 0xFE, 0x00, 0x00,
    0x00, 0x00, 0x02, 0x00, 0x01, 0x80, 0x00, 0xE0, 0x00, 0x78, 0x00, 0x32, 0x00, 0x18, 0x80, 0x0C,
    0x20, 0x06, 0x08, 0x03, 0x82, 0x01, 0x80, 0x80, 0xFF, 0xF8, 0x1F, 0xFF, 0x00, 0x03, 0x00, 0x00,
    0x80, 0x00, 0x20, 0x00, 0x08, 0x00, 0x00, 0x00, 0x00, 0x00, 0x00, 0x00, 0x01, 0xFF, 0xC0, 0x60,
    0x00, 0x18, 0x00, 0x06, 0x00, 0x01, 0x80, 0x00, 0x60, 0x00, 0x1B, 0xF8, 0x07, 0xFF, 0x01, 0xC0,
    0x70, 0x60, 0x0C, 0x00, 0x03, 0x06, 0x00, 0xC1, 0x80, 0x70, 0x30, 0x18, 0x07, 0xFC, 0x00, 0xFE,
    0x00, 0x00, 0x00, 0x00, 0x00, 0x00, 0x7F, 0x80, 0x38, 0x30, 0x1C, 0x06, 0x06, 0x00, 0xC1, 0x80,
    0x30, 0x60, 0x00, 0x1B, 0xF8, 0x07, 0xFF, 0x01, 0xC0, 0x70, 0x60, 0x0C, 0x18, 0x03, 0x06, 0x00,
    0xC1, 0x80, 0x70, 0x30, 0x18, 0x07, 0xFC, 0x00, 0xFE, 0x00, 0x00, 0x00, 0x00, 0x00, 0x01, 0xFF,
    0xE0, 0x00, 0x18, 0x00, 0x0E, 0x00, 0x03, 0x00, 0x01, 0xC0, 0x00, 0x60, 0x00, 0x30, 0x00, 0x0C,
    0x00, 0x07, 0x00, 0x03, 0x00, 0x01, 0x80, 0x00, 0xC0, 0x00, 0x30, 0x00, 0x1C, 0x00, 0x0C, 0x00,
    0x03, 0x00, 0x00, 0x00, 0x00, 0x00, 0x00, 0x00, 0x7F, 0x80, 0x38, 0x30, 0x1C, 0x07, 0x06, 0x00,
    0xC1, 0x80, 0x30, 0x60, 0x1C, 0x0C, 0x06, 0x01, 0xFF, 0x00, 0xFF, 0xC0, 0x70, 0x1C, 0x18, 0x03,
    0x06, 0x00, 0xC1, 0xC0, 0x70, 0x30, 0x10, 0x07, 0xFC, 0x00, 0xFE, 0x00, 0x00, 0x00, 0x00, 0x00,
    0x00, 0x7F, 0x80, 0x38, 0x30, 0x1C, 0x07, 0x06, 0x00, 0xC1, 0x80, 0x30, 0x60, 0x0C, 0x18, 0x03,
    0x03, 0x01, 0xC0, 0x7F, 0xF0, 0x0F, 0xEC, 0x18, 0x03, 0x06, 0x00, 0xC1, 0x80, 0x30, 0x30, 0x18,
    0x07, 0xFC, 0x00, 0xFE, 0x00, 0x00, 0x00, 0x00, 0x00, 0x00, 0x00, 0x00, 0x00, 0x00, 0x03, 0x00,
    0x00, 0xC0, 0x00, 0x00, 0x00, 0x00, 0x00, 0x00, 0x00, 0x00, 0x00, 0x00, 0x00, 0x00, 0x0C, 0x00,
    0x03, 0x00, 0x00, 0x00, 0x00, 0x00, 0x00, 0x00, 0x00, 0x00, 0x00, 0x00, 0x00, 0x00, 0x00, 0x00,
    0x00, 0x00, 0x00, 0x00, 0x00, 0x00, 0x00, 0x03, 0x00, 0x00, 0xC0, 0x00, 0x00, 0x00, 0x00, 0x00,
    0x00, 0x00, 0x00, 0x00, 0x00, 0x00, 0x00, 0x0C, 0x00, 0x03, 0x00, 0x00, 0xC0, 0x00, 0x20, 0x00,
    0x00, 0x00, 0x00, 0x00, 0x00, 0x00, 0x00, 0x00, 0x00, 0x00, 0x00, 0x60, 0x00, 0x38, 0x00, 0x38,
    0x00, 0x7C, 0x00, 0x7C, 0x00, 0x3C, 0x00, 0x38, 0x00, 0x38, 0x00, 0x0E, 0x00, 0x03, 0xE0, 0x00,
    0x3E, 0x00, 0x01, 0xC0, 0x00, 0x1C, 0x00, 0x07, 0xE0, 0x00, 0x3E, 0x00, 0x03, 0x80, 0x00, 0x00,
    0x00, 0x00, 0x00, 0x00, 0x00, 0x00, 0x00, 0x00, 0x00, 0x00, 0x00, 0x00, 0x00, 0x03, 0xFF, 0x00,
    0xFF, 0xC0, 0x00, 0x00, 0x0F, 0xFC, 0x00, 0x00, 0x00, 0x00, 0x00, 0x00, 0x00, 0x00, 0x00, 0x00,
    0x00, 0x00, 0x00, 0x00, 0x00, 0x00, 0x00, 0x00, 0x00, 0x00, 0x00, 0x0C, 0x00, 0x03, 0x80, 0x00,
    0x38, 0x00, 0x0F, 0xC0, 0x00, 0x7C, 0x00, 0x07, 0x80, 0x00, 0x38, 0x00, 0x0B, 0x80, 0x00, 0xE0,
    0x00, 0xF8, 0x01, 0xF8, 0x00, 0x70, 0x00, 0x70, 0x00, 0xF8, 0x00, 0xF8, 0x00, 0x38, 0x00, 0x00,
    0x00, 0x00, 0x00, 0x00, 0x01, 0xFE, 0x00, 0xFF, 0xC0, 0x60, 0x18, 0x30, 0x03, 0x0C, 0x00, 0xC3,
    0x00, 0x30, 0xC0, 0x1C, 0x00, 0x1E, 0x00, 0x1F, 0x00, 0x0E, 0x00, 0x06, 0x00, 0x01, 0x80, 0x00,
    0x60, 0x00, 0x00, 0x00, 0x03, 0x00, 0x01, 0xC0, 0x00, 0x30, 0x00, 0x00, 0x00, 0x00, 0x00, 0x00,
    0x3F, 0x80, 0x3F, 0xF8, 0x1E, 0x0F, 0x06, 0x34, 0xC3, 0x9F, 0xB8, 0x8C, 0xE3, 0x26, 0x18, 0xC9,
    0x86, 0x32, 0x63, 0x0C, 0x98, 0xC6, 0x37, 0xFF, 0x06, 0xF7, 0x81, 0x80, 0x00, 0x38, 0x1C, 0x03,
    0xFC, 0x00, 0x7F, 0x00, 0x00, 0x00, 0x00, 0x38, 0x00, 0x0E, 0x00, 0x07, 0xC0, 0x03, 0x30, 0x00,
    0xCC, 0x00, 0x71, 0x80, 0x18, 0x60, 0x06, 0x18, 0x03, 0x87, 0x00, 0xC0, 0x40, 0x7F, 0xF8, 0x1F,
    0xFF, 0x06, 0x00, 0xC3, 0x00, 0x38, 0x80, 0x06, 0x20, 0x01, 0x80, 0x00, 0x00, 0x00, 0x00, 0x00,
    0x00, 0x01, 0xFF, 0xC0, 0x60, 0x18, 0x10, 0x03, 0x04, 0x00, 0xC1, 0x00, 0x30, 0x40, 0x0C, 0x18,
    0x06, 0x07, 0xFF, 0x01, 0xFF, 0xE0, 0x40, 0x0C, 0x18, 0x03, 0x04, 0x00, 0xC1, 0x00, 0x30, 0x60,
    0x18, 0x1F, 0xFC, 0x07, 0xFF, 0x00, 0x00, 0x00, 0x00, 0x00, 0x00, 0x7F, 0xC0, 0x30, 0x18, 0x18,
    0x03, 0x04, 0x00, 0xC1, 0x00, 0x30, 0x40, 0x00, 0x10, 0x00, 0x04, 0x00, 0x01, 0x00, 0x00, 0x40,
    0x0C, 0x10, 0x03, 0x04, 0x00, 0xC1, 0x80, 0x30, 0x30, 0x18, 0x07, 0xFC, 0x01, 0xFF, 0x00, 0x00,
    0x00, 0x00, 0x00, 0x01, 0xFF, 0xC0, 0x60, 0x18, 0x10, 0x03, 0x04, 0x00, 0xC1, 0x00, 0x30, 0x40,
    0x0C, 0x10, 0x03, 0x04, 0x00, 0xC1, 0x00, 0x30, 0x40, 0x0C, 0x10, 0x03, 0x04, 0x00, 0xC1, 0x00,
    0x30, 0x60, 0x18, 0x1F, 0xFC, 0x07, 0xFF, 0x00, 0x00, 0x00, 0x00, 0x00, 0x01, 0xFF, 0xF0, 0x60,
    0x00, 0x18, 0x00, 0x06, 0x00, 0x01, 0x80, 0x00, 0x60, 0x00, 0x18, 0x00, 0x07, 0xFF, 0x01, 0xFF,
    0xC0, 0x60, 0x00, 0x18, 0x00, 0x06, 0x00, 0x01, 0x80, 0x00, 0x60, 0x00, 0x1F, 0xFF, 0x07, 0xFF,
    0x80, 0x00, 0x00, 0x00, 0x00, 0x01, 0xFF, 0xF0, 0x60, 0x00, 0x18, 0x00, 0x06, 0x00, 0x01, 0x80,
    0x00, 0x60, 0x00, 0x18, 0x00, 0x07, 0xFF, 0x01, 0xFF, 0xC0, 0x60, 0x00, 0x18, 0x00, 0x06, 0x00,
    0x01, 0x80, 0x00, 0x60, 0x00, 0x18, 0x00, 0x02, 0x00, 0x00, 0x00, 0x00, 0x00, 0x00, 0x00, 0xFF,
    0xE0, 0x60, 0x0C, 0x38, 0x03, 0x8C, 0x00, 0x63, 0x00, 0x18, 0xC0, 0x00, 0x30, 0x00, 0x0C, 0x3F,
    0xE3, 0x07, 0xF8, 0xC0, 0x06, 0x30, 0x01, 0x8C, 0x00, 0x63, 0x00, 0x18, 0x60, 0x0C, 0x0F, 0xFE,
    0x01, 0xFF, 0x00, 0x00, 0x00, 0x06, 0x01, 0x81, 0x80, 0x60, 0x60, 0x18, 0x18, 0x06, 0x06, 0x01,
    0x81, 0x80, 0x60, 0x60, 0x18, 0x1F, 0xFE, 0x07, 0xFF, 0x81, 0x80, 0x60, 0x60, 0x18, 0x18, 0x06,
    0x06, 0x01, 0x81, 0x80, 0x60, 0x60, 0x18, 0x18, 0x02, 0x00, 0x00, 0x00, 0x00, 0x00, 0x00, 0x30,
    0x00, 0x0C, 0x00, 0x03, 0x00, 0x00, 0xC0, 0x00, 0x30, 0x00, 0x0C, 0x00, 0x03, 0x00, 0x00, 0xC0,
    0x00, 0x30, 0x00, 0x0C, 0x00, 0x03, 0x00, 0x00, 0xC0, 0x00, 0x30, 0x00, 0x0C, 0x00, 0x03, 0x00,
    0x00, 0xC0, 0x00, 0x00, 0x00, 0x00, 0x00, 0x00, 0x00, 0x80, 0x00, 0x30, 0x00, 0x0C, 0x00, 0x03,
    0x00, 0x00, 0xC0, 0x00, 0x30, 0x00, 0x0C, 0x00, 0x03, 0x00, 0x00, 0xC0, 0x00, 0x30, 0x60, 0x0C,
    0x18, 0x03, 0x06, 0x00, 0xC1, 0xC0, 0x60, 0x3F, 0xF0, 0x07, 0xF8, 0x00, 0x00, 0x00, 0x00, 0x00,
    0x00, 0x00, 0x01, 0x80, 0x70, 0x60, 0x18, 0x18, 0x3C, 0x06, 0x1E, 0x01, 0x9E, 0x00, 0x6F, 0x00,
    0x1A, 0x00, 0x07, 0x80, 0x01, 0xE0, 0x00, 0x6F, 0x00, 0x19, 0xE0, 0x06, 0x18, 0x01, 0x83, 0x80,
    0x60, 0x30, 0x18, 0x07, 0x06, 0x00, 0x80, 0x00, 0x00, 0x00, 0x00, 0x01, 0x80, 0x00, 0x60, 0x00,
    0x18, 0x00, 0x06, 0x00, 0x01, 0x80, 0x00, 0x60, 0x00, 0x18, 0x00, 0x06, 0x00, 0x01, 0x80, 0x00,
    0x60, 0x00, 0x18, 0x00, 0x06, 0x00, 0x01, 0x80, 0x00, 0x60, 0x00, 0x1F, 0xFE, 0x03, 0xFF, 0x80,
    0x00, 0x00, 0x08, 0x00, 0x67, 0x00, 0x39, 0xC0, 0x0E, 0x78, 0x03, 0x9B, 0x01, 0xE6, 0xC0, 0x79,
    0x98, 0x36, 0x66, 0x0D, 0x99, 0xC6, 0x66, 0x31, 0x19, 0x8E, 0xC6, 0x61, 0xA1, 0x98, 0x78, 0x66,
    0x0E, 0x19, 0x83, 0x06, 0x20, 0x41, 0x80, 0x00, 0x00, 0x00, 0x00, 0x06, 0x01, 0x81, 0xC0, 0x60,
    0x78, 0x18, 0x1E, 0x06, 0x07, 0x81, 0x81, 0xB0, 0x60, 0x66, 0x18, 0x18, 0x86, 0x06, 0x39, 0x81,
    0x87, 0x60, 0x60, 0xD8, 0x18, 0x36, 0x06, 0x07, 0x81, 0x80, 0xE0, 0x60, 0x18, 0x18, 0x02, 0x00,
    0x00, 0x00, 0x00, 0x00, 0x00, 0x00, 0x00, 0xFF, 0xE0, 0x60, 0x0C, 0x38, 0x03, 0x8C, 0x00, 0x63,
    0x00, 0x18, 0xC0, 0x06, 0x30, 0x01, 0x8C, 0x00, 0x63, 0x00, 0x18, 0xC0, 0x06, 0x30, 0x01, 0x8C,
    0x00, 0x63, 0x00, 0x18, 0x60, 0x0C, 0x0F, 0xFE, 0x01, 0xFF, 0x00, 0x00, 0x00, 0x00, 0x00, 0x01,
    0xFF, 0xC0, 0x60, 0x18, 0x10, 0x03, 0x04, 0x00, 0xC1, 0x00, 0x30, 0x40, 0x0C, 0x10, 0x03, 0x04,
    0x01, 0x81, 0xFF, 0xE0, 0x7F, 0xF0, 0x10, 0x00, 0x06, 0x00, 0x01, 0x00, 0x00, 0x40, 0x00, 0x10,
    0x00, 0x04, 0x00, 0x00, 0x00, 0x00, 0x01, 0xFE, 0x00, 0xFF, 0xC0, 0x60, 0x18, 0x30, 0x03, 0x0C,
    0x00, 0xC3, 0x00, 0x30, 0xC0, 0x0C, 0x30, 0x03, 0x0C, 0x00, 0xC3, 0x00, 0x30, 0xC0, 0x0C, 0x30,
    0x63, 0x0C, 0x0C, 0xC1, 0x83, 0xE0, 0x3F, 0xF0, 0x0F, 0xFE, 0x00, 0x01, 0x80, 0x00, 0x00, 0x07,
    0xFE, 0x03, 0xFF, 0xC0, 0x40, 0x18, 0x30, 0x03, 0x0C, 0x00, 0xC3, 0x00, 0x30, 0xC0, 0x18, 0x3F,
    0xFC, 0x0F, 0xFF, 0x03, 0x00, 0x60, 0xC0, 0x18, 0x30, 0x06, 0x0C, 0x00, 0xC1, 0x00, 0x30, 0xC0,
    0x0C, 0x10, 0x03, 0x00, 0x00, 0x00, 0x00, 0x00, 0x00, 0x00, 0x00, 0x7F, 0x80, 0x38, 0x30, 0x1C,
    0x07, 0x06, 0x00, 0xC1, 0x80, 0x30, 0x60, 0x00, 0x0C, 0x00, 0x01, 0xFE, 0x00, 0x3F, 0xC0, 0x00,
    0x1C, 0x18, 0x03, 0x06, 0x00, 0xC1, 0xC0, 0x70, 0x30, 0x10, 0x07, 0xFC, 0x00, 0xFE, 0x00, 0x00,
    0x00, 0x00, 0x00, 0x03, 0xFF, 0xF0, 0x03, 0x00, 0x00, 0xC0, 0x00, 0x30, 0x00, 0x0C, 0x00, 0x03,
    0x00, 0x00, 0xC0, 0x00, 0x30, 0x00, 0x0C, 0x00, 0x03, 0x00, 0x00, 0xC0, 0x00, 0x30, 0x00, 0x0C,
    0x00, 0x03, 0x00, 0x00, 0xC0, 0x00, 0x10, 0x00, 0x00, 0x00, 0x0C, 0x00, 0xC3, 0x00, 0x30, 0xC0,
    0x0C, 0x30, 0x03, 0x0C, 0x00, 0xC3, 0x00, 0x30, 0xC0, 0x0C, 0x30, 0x03, 0x0C, 0x00, 0xC3, 0x00,
    0x30, 0xC0, 0x0C, 0x30, 0x03, 0x0C, 0x00, 0xC3, 0x80, 0x70, 0x3F, 0xF8, 0x07, 0xFC, 0x00, 0x00,
    0x00, 0x00, 0x00, 0x00, 0x00, 0x01, 0x00, 0x30, 0x60, 0x0C, 0x10, 0x03, 0x07, 0x01, 0xC0, 0xC0,
    0x60, 0x30, 0x18, 0x06, 0x0C, 0x01, 0x83, 0x00, 0x60, 0xC0, 0x1C, 0x60, 0x03, 0x18, 0x00, 0xEE,
    0x00, 0x1B, 0x00, 0x06, 0xC0, 0x00, 0xE0, 0x00, 0x10, 0x00, 0x00, 0x00, 0x00, 0x00, 0x04, 0x08,
    0x03, 0x02, 0x06, 0xC0, 0x81, 0xB0, 0x70, 0x6C, 0x16, 0x19, 0x85, 0x8C, 0x63, 0x63, 0x18, 0xCC,
    0xC3, 0x63, 0x60, 0xD8, 0xD8, 0x36, 0x36, 0x0D, 0x07, 0x81, 0xC1, 0xC0, 0x60, 0x30, 0x08, 0x0C,
    0x00, 0x00, 0x00, 0x00, 0x00, 0x00, 0x00, 0x01, 0x80, 0x30, 0x30, 0x18, 0x0E, 0x0E, 0x01, 0x83,
    0x00, 0x70, 0xC0, 0x0C, 0x60, 0x01, 0xB0, 0x00, 0x38, 0x00, 0x0F, 0x00, 0x0E, 0xC0, 0x03, 0x18,
    0x01, 0x83, 0x00, 0x60, 0xC0, 0x30, 0x18, 0x18, 0x03, 0x04, 0x00, 0x40, 0x00, 0x00, 0x00, 0x00,
    0x01, 0x00, 0x30, 0x40, 0x0C, 0x1C, 0x07, 0x03, 0x01, 0x80, 0xC0, 0xE0, 0x18, 0x30, 0x03, 0x18,
    0x00, 0xC6, 0x00, 0x3B, 0x00, 0x03, 0x80, 0x00, 0x40, 0x00, 0x18, 0x00, 0x06, 0x00, 0x01, 0x80,
    0x00, 0x60, 0x00, 0x10, 0x00, 0x00, 0x00, 0x00, 0x00, 0x01, 0xFF, 0xF0, 0x00, 0x1C, 0x00, 0x06,
    0x00, 0x03, 0x00, 0x01, 0x80, 0x00, 0xC0, 0x00, 0x60, 0x00, 0x18, 0x00, 0x0E, 0x00, 0x07, 0x00,
    0x03, 0x00, 0x01, 0x80, 0x00, 0xC0, 0x00, 0x60, 0x00, 0x1F, 0xFF, 0x07, 0xFF, 0x80, 0x00, 0x00,
    0x00, 0x7C, 0x00, 0x1F, 0x00, 0x06, 0x00, 0x01, 0x80, 0x00, 0x60, 0x00, 0x18, 0x00, 0x06, 0x00,
    0x01, 0x80, 0x00, 0x60, 0x00, 0x18, 0x00, 0x06, 0x00, 0x01, 0x80, 0x00, 0x60, 0x00, 0x18, 0x00,
    0x06, 0x00, 0x01, 0xF0, 0x00, 0x7C, 0x00, 0x00, 0x00, 0x00, 0x00, 0x06, 0x00, 0x00, 0xC0, 0x00,
    0x18, 0x00, 0x03, 0x00, 0x00, 0x60, 0x00, 0x0C, 0x00, 0x01, 0x80, 0x00, 0x30, 0x00, 0x06, 0x00,
    0x00, 0xC0, 0x00, 0x18, 0x00, 0x03, 0x00, 0x00, 0x60, 0x00, 0x0C, 0x00, 0x01, 0x80, 0x00, 0x20,
    0x00, 0x00, 0x0F, 0x00, 0x03, 0xE0, 0x00, 0x18, 0x00, 0x06, 0x00, 0x01, 0x80, 0x00, 0x60, 0x00,
    0x18, 0x00, 0x06, 0x00, 0x01, 0x80, 0x00, 0x60, 0x00, 0x18, 0x00, 0x06, 0x00, 0x01, 0x80, 0x00,
    0x60, 0x00, 0x18, 0x00, 0x3E, 0x00, 0x0F, 0x80, 0x00, 0x00, 0x00, 0x00, 0x00, 0x00, 0x00, 0x00,
    0x07, 0xC0, 0x01, 0xF0, 0x00, 0xFF, 0x00, 0x7F, 0xE0, 0x1F, 0xF8, 0x1F, 0xFF, 0x87, 0x00, 0xE1,
    0xC0, 0x38, 0x00, 0x00, 0x00, 0x00, 0x00, 0x00, 0x00, 0x00, 0x00, 0x00, 0x00, 0x00, 0x00, 0x00,
    0x00, 0x00, 0x00, 0x00, 0x00, 0x00, 0x00, 0x00, 0x00, 0x00, 0x00, 0x00, 0x00, 0x00, 0x00, 0x00,
    0x00, 0x00, 0x00, 0x00, 0x00, 0x00, 0x00, 0x00, 0x00, 0x00, 0x00, 0x00, 0x00, 0x00, 0x00, 0x00,
    0x00, 0x00, 0x00, 0x00, 0x00, 0x00, 0x00, 0x00, 0x3F, 0xFF, 0x00, 0x00, 0x00, 0x00, 0xC0, 0x00,
    0x18, 0x00, 0x02, 0x00, 0x00, 0x00, 0x00, 0x00, 0x00, 0x00, 0x00, 0x00, 0x00, 0x00, 0x00, 0x00,
    0x00, 0x00, 0x00, 0x00, 0x00, 0x00, 0x00, 0x00, 0x00, 0x00, 0x00, 0x00, 0x00, 0x00, 0x00, 0x00,
    0x00, 0x00, 0x00, 0x00, 0x00, 0x00, 0x00, 0x00, 0x01, 0xFF, 0x80, 0xFF, 0xF0, 0x70, 0x0E, 0x18,
    0x03, 0x80, 0xFF, 0xE0, 0x7F, 0xF8, 0x7F, 0xFE, 0x1C, 0x03, 0x87, 0x00, 0xE1, 0xC0, 0x38, 0x70,
    0x0E, 0x1C, 0x07, 0x87, 0xFF, 0xF0, 0x7F, 0xCC, 0x1F, 0xE3, 0x00, 0x00, 0x00, 0x00, 0x00, 0x00,
    0x00, 0x01, 0x80, 0x00, 0x60, 0x00, 0x18, 0x00, 0x06, 0x00, 0x01, 0xBF, 0x80, 0x7F, 0xF0, 0x1C,
    0x0E, 0x06, 0x01, 0x81, 0x80, 0x60, 0x60, 0x18, 0x18, 0x06, 0x06, 0x01, 0x81, 0xC0, 0x60, 0x78,
    0x30, 0x1F, 0xF8, 0x06, 0xFC, 0x00, 0x00, 0x00, 0x01, 0xFE, 0x00, 0xFF, 0x80, 0x7F, 0xF8, 0x18,
    0x06, 0x1E, 0x01, 0xE7, 0x00, 0x39, 0xC0, 0x00, 0x70, 0x00, 0x1C, 0x00, 0x07, 0x00, 0x01, 0xC0,
    0x0C, 0x70, 0x03, 0x8E, 0x01, 0xC1, 0xFF, 0xE0, 0x3F, 0xE0, 0x07, 0xF8, 0x00, 0x00, 0x00, 0x00,
    0x00, 0x00, 0x01, 0x00, 0x00, 0x60, 0x00, 0x18, 0x00, 0x06, 0x00, 0xFD, 0x80, 0xFF, 0xE0, 0x70,
    0x38, 0x18, 0x06, 0x06, 0x01, 0x81, 0x80, 0x60, 0x60, 0x18, 0x18, 0x06, 0x07, 0x03, 0x80, 0xC1,
    0xE0, 0x1F, 0xD8, 0x03, 0xF4, 0x00, 0x00, 0x00, 0x00, 0x00, 0x00, 0x00, 0x00, 0xFF, 0x80, 0x7F,
    0xF0, 0x18, 0x0E, 0x1E, 0x01, 0xE7, 0x00, 0x39, 0xC0, 0x0E, 0x7F, 0xFF, 0x9F, 0xFF, 0xE7, 0x00,
    0x01, 0xC0, 0x0C, 0x70, 0x03, 0x8E, 0x01, 0xC1, 0xFF, 0xE0, 0x3F, 0xE0, 0x07, 0xF8, 0x00, 0x00,
    0x00, 0x00, 0x00, 0x00, 0x1E, 0x00, 0x0F, 0x80, 0x03, 0x00, 0x00, 0xC0, 0x00, 0x30, 0x00, 0x7F,
    0x80, 0x0F, 0xC0, 0x00, 0xC0, 0x00, 0x30, 0x00, 0x0C, 0x00, 0x03, 0x00, 0x00, 0xC0, 0x00, 0x30,
    0x00, 0x0C, 0x00, 0x03, 0x00, 0x00, 0x80, 0x00, 0x00, 0x00, 0x00, 0x00, 0x00, 0x00, 0x01, 0xFF,
    0xB0, 0xFF, 0xF8, 0x30, 0x0C, 0x0C, 0x03, 0x03, 0x00, 0xC0, 0xFF, 0xF0, 0x1F, 0xF8, 0x0C, 0x00,
    0x03, 0xFF, 0xC0, 0x7F, 0xF0, 0x3F, 0xFF, 0x0C, 0x00, 0xC3, 0xFF, 0x70, 0xFF, 0xF8, 0x1F, 0xFC,
    0x00, 0x00, 0x00, 0x00, 0x00, 0x06, 0x00, 0x01, 0x80, 0x00, 0x60, 0x00, 0x18, 0x00, 0x06, 0xFC,
    0x01, 0xFF, 0x80, 0x70, 0x30, 0x18, 0x06, 0x06, 0x01, 0x81, 0x80, 0x60, 0x60, 0x18, 0x18, 0x06,
    0x06, 0x01, 0x81, 0x80, 0x60, 0x60, 0x18, 0x18, 0x04, 0x00, 0x00, 0x00, 0x00, 0x00, 0x00, 0x10,
    0x00, 0x0C, 0x00, 0x03, 0x00, 0x00, 0x40, 0x00, 0x10, 0x00, 0x0C, 0x00, 0x03, 0x00, 0x00, 0xC0,
    0x00, 0x30, 0x00, 0x0C, 0x00, 0x03, 0x00, 0x00, 0xC0, 0x00, 0x30, 0x00, 0x0C, 0x00, 0x03, 0x00,
    0x00, 0xC0, 0x00, 0x00, 0x00, 0x00, 0x00, 0x00, 0x18, 0x00, 0x06, 0x00, 0x01, 0x80, 0x00, 0x20,
    0x00, 0x18, 0x00, 0x06, 0x00, 0x01, 0x80, 0x00, 0x60, 0x00, 0x18, 0x00, 0x06, 0x00, 0x01, 0x80,
    0x00, 0x60, 0x00, 0x18, 0x00, 0x06, 0x00, 0x07, 0x80, 0x01, 0xC0, 0x00, 0x00, 0x00, 0x00, 0x00,
    0x00, 0x00, 0x00, 0xC0, 0x00, 0x30, 0x00, 0x0C, 0x00, 0x03, 0x00, 0x00, 0xC0, 0xC0, 0x30, 0xF0,
    0x0C, 0x78, 0x03, 0x78, 0x00, 0xF8, 0x00, 0x38, 0x00, 0x0F, 0x80, 0x03, 0xF0, 0x00, 0xC7, 0x80,
    0x30, 0xE0, 0x0C, 0x0C, 0x02, 0x01, 0x00, 0x00, 0x00, 0x00, 0x30, 0x00, 0x0C, 0x00, 0x03, 0x00,
    0x00, 0xC0, 0x00, 0x30, 0x00, 0x0C, 0x00, 0x03, 0x00, 0x00, 0xC0, 0x00, 0x30, 0x00, 0x0C, 0x00,
    0x03, 0x00, 0x00, 0xC0, 0x00, 0x30, 0x00, 0x0C, 0x00, 0x03, 0x00, 0x00, 0x40, 0x00, 0x00, 0x00,
    0x00, 0x00, 0x00, 0x00, 0x00, 0x00, 0x00, 0x00, 0x00, 0x2F, 0x1E, 0x0F, 0xEF, 0xC3, 0x0E, 0x18,
    0x81, 0x83, 0x20, 0x60, 0xC8, 0x18, 0x32, 0x06, 0x0C, 0x81, 0x83, 0x20, 0x60, 0xC8, 0x18, 0x32,
    0x06, 0x08, 0x00, 0x00, 0x00, 0x00, 0x00, 0x00, 0x00, 0x00, 0x00, 0x00, 0x00, 0x03, 0x7F, 0x80,
    0xDF, 0xF0, 0x3C, 0x0E, 0x0F, 0x01, 0xC3, 0x00, 0x38, 0xC0, 0x0E, 0x30, 0x03, 0x8C, 0x00, 0xE3,
    0x00, 0x38, 0xC0, 0x0E, 0x30, 0x03, 0x8C, 0x00, 0xE3, 0x00, 0x38, 0xC0, 0x0E, 0x30, 0x03, 0x00,
    0x00, 0x00, 0x00, 0x00, 0x01, 0xFE, 0x00, 0xFF, 0x80, 0x7F, 0xF8, 0x18, 0x06, 0x1E, 0x01, 0xE7,
    0x00, 0x39, 0xC0, 0x0E, 0x70, 0x03, 0x9C, 0x00, 0xE7, 0x00, 0x39, 0xC0, 0x0E, 0x70, 0x03, 0x8E,
    0x01, 0xC1, 0xFF, 0xE0, 0x3F, 0xE0, 0x07, 0xF8, 0x00, 0x00, 0x00, 0x00, 0x00, 0x0D, 0xFE, 0x03,
    0x7F, 0x80, 0xFF, 0xF0, 0x38, 0x0E, 0x0C, 0x00, 0xC3, 0x00, 0x30, 0xC0, 0x0C, 0x30, 0x03, 0x0C,
    0x00, 0xC3, 0x80, 0x70, 0xF0, 0x38, 0x3F, 0xF8, 0x0D, 0xFE, 0x03, 0x00, 0x00, 0xC0, 0x00, 0x30,
    0x00, 0x00, 0x00, 0x00, 0x00, 0x00, 0x01, 0xFE, 0xC0, 0x7F, 0xB0, 0x7F, 0xFC, 0x38, 0x0F, 0x0C,
    0x00, 0xC3, 0x00, 0x30, 0xC0, 0x0C, 0x30, 0x03, 0x0C, 0x00, 0xC3, 0x80, 0x70, 0x70, 0x3C, 0x0F,
    0xFB, 0x01, 0xFE, 0xC0, 0x00, 0x30, 0x00, 0x0C, 0x00, 0x03, 0x00, 0x00, 0x00, 0x00, 0x00, 0x00,
    0x00, 0x00, 0x6F, 0xE0, 0x1B, 0xF8, 0x07, 0xA4, 0x01, 0xC0, 0x00, 0x60, 0x00, 0x18, 0x00, 0x06,
    0x00, 0x01, 0x80, 0x00, 0x60, 0x00, 0x18, 0x00, 0x06, 0x00, 0x01, 0x80, 0x00, 0x60, 0x00, 0x18,
    0x00, 0x06, 0x00, 0x00, 0x00, 0x00, 0x00, 0x00, 0x00, 0x00, 0x00, 0xFF, 0xC0, 0x7F, 0xFC, 0x18,
    0x03, 0x06, 0x00, 0xC1, 0x80, 0x30, 0x60, 0x00, 0x1F, 0xFC, 0x03, 0xFF, 0x80, 0x00, 0x30, 0x60,
    0x0C, 0x18, 0x03, 0x06, 0x00, 0xC1, 0xFF, 0xF0, 0x3F, 0xF8, 0x0F, 0xFC, 0x00, 0x00, 0x00, 0x00,
    0x00, 0x00, 0x00, 0x00, 0x0C, 0x00, 0x03, 0x00, 0x00, 0xC0, 0x00, 0x30, 0x00, 0x7F, 0xC0, 0x0F,
    0xE0, 0x00, 0xC0, 0x00, 0x30, 0x00, 0x0C, 0x00, 0x03, 0x00, 0x00, 0xC0, 0x00, 0x30, 0x00, 0x0C,
    0x00, 0x03, 0x00, 0x00, 0x7C, 0x00, 0x1E, 0x00, 0x00, 0x00, 0x00, 0x00, 0x03, 0x00, 0x10, 0xC0,
    0x0E, 0x30, 0x03, 0x8C, 0x00, 0xE3, 0x00, 0x38, 0xC0, 0x0E, 0x30, 0x03, 0x8C, 0x00, 0xE3, 0x00,
    0x38, 0xC0, 0x0E, 0x30, 0x03, 0x8F, 0x01, 0xE1, 0xDF, 0xF8, 0x1F, 0xEE, 0x07, 0xF9, 0x00, 0x00,
    0x00, 0x00, 0x00, 0x18, 0x00, 0xC7, 0x00, 0x39, 0xC0, 0x0E, 0x70, 0x03, 0x86, 0x03, 0x81, 0x80,
    0xE0, 0x60, 0x38, 0x1E, 0x1C, 0x03, 0x86, 0x00, 0xE1, 0x80, 0x1D, 0xE0, 0x03, 0x70, 0x00, 0xDC,
    0x00, 0x3F, 0x00, 0x03, 0x00, 0x00, 0xC0, 0x00, 0x00, 0x00, 0x00, 0x00, 0x00, 0x00, 0x00, 0x00,
    0x00, 0x00, 0x00, 0x20, 0x60, 0xC8, 0x18, 0x33, 0x8E, 0x38, 0x66, 0xCC, 0x18, 0xB3, 0x06, 0x6C,
    0xC0, 0xF1, 0xE0, 0x3C, 0x78, 0x0F, 0x1E, 0x01, 0x83, 0x00, 0x60, 0xC0, 0x00, 0x00, 0x00, 0x00,
    0x00, 0x00, 0x00, 0x00, 0x00, 0x08, 0x00, 0x47, 0x00, 0x39, 0xE0, 0x1C, 0x18, 0x0E, 0x07, 0x87,
    0x00, 0xF3, 0x80, 0x0D, 0xC0, 0x03, 0xE0, 0x00, 0x30, 0x00, 0x37, 0x00, 0x1D, 0xE0, 0x0E, 0x18,
    0x07, 0x07, 0x87, 0x80, 0x71, 0xC0, 0x0E, 0x60, 0x03, 0x00, 0x00, 0x00, 0x00, 0x00, 0x04, 0x00,
    0x43, 0x80, 0x38, 0xE0, 0x0E, 0x3C, 0x07, 0x83, 0x01, 0x80, 0xC0, 0x60, 0x38, 0x38, 0x07, 0x1C,
    0x01, 0xC7, 0x00, 0x7B, 0xC0, 0x06, 0xC0, 0x01, 0xF0, 0x00, 0x70, 0x01, 0x38, 0x00, 0xFE, 0x00,
    0x1E, 0x00, 0x00, 0x00, 0x00, 0x00, 0x00, 0x00, 0x00, 0x01, 0xFF, 0xF8, 0xFF, 0xFE, 0x00, 0x07,
    0x00, 0x03, 0x80, 0x00, 0xC0, 0x00, 0xE0, 0x00, 0x70, 0x00, 0x38, 0x00, 0x1C, 0x00, 0x06, 0x00,
    0x07, 0x00, 0x03, 0x80, 0x01, 0xFF, 0xF0, 0xFF, 0xFE, 0x1F, 0xFF, 0x80, 0x00, 0x00, 0x00, 0x00,
    0x00, 0x08, 0x00, 0x07, 0x00, 0x03, 0x00, 0x00, 0xC0, 0x00, 0x30, 0x00, 0x0C, 0x00, 0x03, 0x00,
    0x00, 0xC0, 0x00, 0x70, 0x00, 0x0C, 0x00, 0x03, 0x00, 0x00, 0xC0, 0x00, 0x30, 0x00, 0x0C, 0x00,
    0x03, 0x00, 0x00, 0xF0, 0x00, 0x1C, 0x00, 0x00, 0x00, 0x00, 0xC0, 0x00, 0x30, 0x00, 0x0C, 0x00,
    0x03, 0x00, 0x00, 0xC0, 0x00, 0x30, 0x00, 0x0C, 0x00, 0x03, 0x00, 0x00, 0xC0, 0x00, 0x30, 0x00,
    0x0C, 0x00, 0x03, 0x00, 0x00, 0xC0, 0x00, 0x30, 0x00, 0x00, 0x00, 0x00, 0x00, 0x00, 0x00, 0x00,
    0x00, 0x00, 0x04, 0x00, 0x03, 0x80, 0x00, 0x30, 0x00, 0x0C, 0x00, 0x03, 0x00, 0x00, 0xC0, 0x00,
    0x30, 0x00, 0x0C, 0x00, 0x03, 0x80, 0x00, 0xC0, 0x00, 0x30, 0x00, 0x0C, 0x00, 0x03, 0x00, 0x00,
    0xC0, 0x00, 0x30, 0x00, 0x38, 0x00, 0x0C, 0x00, 0x00, 0x00, 0x00, 0x00, 0x00, 0x00, 0x00, 0x00,
    0x00, 0x00, 0x00, 0x00, 0x00, 0x00, 0x00, 0x00, 0x00, 0x78, 0x06, 0x3F, 0x81, 0x9C, 0x78, 0x66,
    0x07, 0xF1, 0x80, 0x78, 0x00, 0x00, 0x00, 0x00, 0x00, 0x00, 0x00, 0x00, 0x00, 0x00, 0x00, 0x00,
    0x00, 0x00, 0x00, 0x00, 0x00, 0x00, 0x00, 0x00, 0x00, 0x00, 0x00, 0x00, 0x00, 0x00, 0x00, 0x00,
    0xFF, 0xE0, 0x3F, 0xF8, 0x0F, 0xFE, 0x03, 0xFF, 0x80, 0xFF, 0xE0, 0x3F, 0xF8, 0x0F, 0xFE, 0x03,
    0xFF, 0x80, 0xFF, 0xE0, 0x3F, 0xF8, 0x07, 0xFE, 0x00, 0x00, 0x00, 0x00, 0x00, 0x00, 0x00, 0x00,
    0x7F, 0xC0, 0x00, 0x30, 0x00, 0x0C, 0x00, 0x03, 0x00, 0x00, 0xC0, 0x00, 0x30, 0x07, 0xFC, 0x00,
    0xFE, 0x00, 0x01, 0x80, 0x00, 0xE0, 0x00, 0x30, 0x00, 0x0C, 0x00, 0x06, 0x00, 0x07, 0x00, 0x07,
    0x00, 0x01, 0xC0, 0x00, 0x00, 0x00, 0x01, 0xFF, 0x00, 0x7F, 0xC0, 0x00, 0x30, 0x00, 0x8C, 0x00,
    0x77, 0x00, 0x1B, 0x80, 0x06, 0xC0, 0x01, 0xF0, 0x00, 0x78, 0x00, 0x1C, 0x00, 0x07, 0x00, 0x03,
    0x80, 0x00, 0xC0, 0x00, 0x30, 0x00, 0x1C, 0x00, 0x06, 0x00, 0x00, 0x00, 0x00, 0x00, 0x00, 0x00,
    0x00, 0x00, 0x00, 0xC0, 0x00, 0x70, 0x00, 0x18, 0x00, 0x0E, 0x00, 0x07, 0x00, 0x01, 0x80, 0x00,
    0x60, 0x00, 0x38, 0x00, 0x1E, 0x00, 0x1D, 0x80, 0x02, 0x60, 0x00, 0x18, 0x00, 0x06, 0x00, 0x01,
    0x80, 0x00, 0x60, 0x00, 0x08, 0x00, 0x00, 0x00, 0x00, 0x00, 0x00, 0x0C, 0x00, 0x03, 0x00, 0x03,
    0xF8, 0x01, 0xFF, 0x00, 0x71, 0xC0, 0x18, 0x30, 0x06, 0x0C, 0x01, 0x87, 0x00, 0x63, 0x00, 0x00,
    0xC0, 0x00, 0x70, 0x00, 0x18, 0x00, 0x0E, 0x00, 0x03, 0x00, 0x07, 0x80, 0x00, 0xC0, 0x00, 0x00,
    0x00, 0x00, 0xFF, 0x00, 0x3F, 0xE0, 0x0F, 0xF0, 0x00, 0x60, 0x00, 0x18, 0x00, 0x06, 0x00, 0x01,
    0x80, 0x00, 0x60, 0x00, 0x18, 0x00, 0x06, 0x00, 0x01, 0x80, 0x00, 0x60, 0x00, 0x18, 0x00, 0xFF,
    0xC0, 0x3F, 0xF8, 0x0F, 0xFC, 0x00, 0x00, 0x00, 0x00, 0x00, 0x00, 0x0C, 0x00, 0x03, 0x00, 0x01,
    0xC0, 0x0F, 0xFC, 0x01, 0xFF, 0x00, 0x0F, 0x00, 0x07, 0xC0, 0x01, 0xB0, 0x00, 0x6C, 0x00, 0x3B,
    0x00, 0x0C, 0xC0, 0x07, 0x30, 0x03, 0x0C, 0x00, 0x03, 0x00, 0x07, 0xC0, 0x01, 0xC0, 0x00, 0x00,
    0x00, 0x00, 0x00, 0x00, 0x00, 0x00, 0x18, 0x00, 0x06, 0x00, 0x01, 0x80, 0x00, 0x7F, 0x00, 0x7F,
    0xC0, 0x1E, 0x70, 0x01, 0x98, 0x00, 0x6E, 0x00, 0x1B, 0x00, 0x06, 0xC0, 0x01, 0xA0, 0x00, 0x60,
    0x00, 0x18, 0x00, 0x06, 0x00, 0x01, 0x80, 0x00, 0x20, 0x00, 0x00, 0x00, 0x00, 0xFC, 0x00, 0x7F,
    0x00, 0x1F, 0xC0, 0x00, 0x30, 0x00, 0x0C, 0x00, 0x03, 0x00, 0x00, 0xC0, 0x00, 0x30, 0x00, 0x0C,
    0x00, 0x03, 0x00, 0x00, 0xC0, 0x00, 0x30, 0x00, 0x0C, 0x00, 0xFF, 0xE0, 0x7F, 0xF8, 0x0F, 0xFE,
    0x00, 0x00, 0x00, 0x00, 0x00, 0x00, 0x00, 0x00, 0x7F, 0xC0, 0x1F, 0xF0, 0x00, 0x0C, 0x00, 0x03,
    0x00, 0x00, 0xC0, 0x00, 0x30, 0x03, 0xFC, 0x00, 0x7F, 0x00, 0x00, 0xC0, 0x00, 0x30, 0x00, 0x0C,
    0x01, 0xFF, 0x00, 0x7F, 0xC0, 0x00, 0x30, 0x00, 0x0C, 0x00, 0x00, 0x00, 0x00, 0x00, 0x00, 0x23,
    0x00, 0x1C, 0xC0, 0x3B, 0xB0, 0x0E, 0x6C, 0x00, 0xDB, 0x00, 0x36, 0xC0, 0x0D, 0xB0, 0x03, 0x0C,
    0x00, 0x4F, 0x00, 0x03, 0x80, 0x00, 0xE0, 0x00, 0x70, 0x00, 0x38, 0x00, 0x1C, 0x00, 0x0C, 0x00,
    0x03, 0x00, 0x00, 0x00, 0x00, 0x00, 0x00, 0x00, 0x00, 0x00, 0x00, 0x00, 0x00, 0x00, 0x00, 0x00,
    0x00, 0x00, 0x00, 0x00, 0x00, 0x00, 0x00, 0x1F, 0xFF, 0x87, 0xFF, 0xE1, 0xFF, 0xF8, 0x00, 0x00,
    0x00, 0x00, 0x00, 0x00, 0x00, 0x00, 0x00, 0x00, 0x00, 0x00, 0x00, 0x00, 0x00, 0x00, 0x00, 0x00,
    0x00, 0x00, 0x00, 0x7F, 0xE0, 0x00, 0x38, 0x00, 0x06, 0x00, 0x33, 0x00, 0x0D, 0x80, 0x03, 0x60,
    0x00, 0xF0, 0x00, 0x3C, 0x00, 0x0D, 0x00, 0x03, 0x00, 0x00, 0xC0, 0x00, 0x60, 0x00, 0x18, 0x00,
    0x0C, 0x00, 0x06, 0x00, 0x01, 0x00, 0x00, 0x00, 0x00, 0x00, 0x06, 0x00, 0x01, 0x80, 0x00, 0x60,
    0x00, 0x30, 0x00, 0x18, 0x00, 0x06, 0x00, 0x03, 0x00, 0x00, 0xC0, 0x00, 0x70, 0x00, 0x3C, 0x00,
    0x1B, 0x00, 0x0C, 0xC0, 0x00, 0x30, 0x00, 0x0C, 0x00, 0x03, 0x00, 0x00, 0xC0, 0x00, 0x30, 0x00,
    0x00, 0x00, 0x00, 0x10, 0x00, 0x0C, 0x00, 0x03, 0x00, 0x00, 0xC0, 0x01, 0xFE, 0x00, 0x7F, 0x80,
    0x18, 0x20, 0x06, 0x08, 0x01, 0x82, 0x00, 0x61, 0x80, 0x18, 0xC0, 0x00, 0x30, 0x00, 0x18, 0x00,
    0x06, 0x00, 0x03, 0x80, 0x03, 0xC0, 0x00, 0xE0, 0x00, 0x00, 0x00, 0x01, 0xFF, 0x80, 0x7F, 0xE0,
    0x01, 0x80, 0x00, 0x60, 0x00, 0x18, 0x00, 0x06, 0x00, 0x01, 0x80, 0x00, 0x60, 0x00, 0x18, 0x00,
    0x06, 0x00, 0x01, 0x80, 0x00, 0x60, 0x00, 0x18, 0x00, 0x06, 0x00, 0x3F, 0xF8, 0x0F, 0xFE, 0x00,
    0x00, 0x00, 0x00, 0x00, 0x00, 0x08, 0x00, 0x06, 0x00, 0x01, 0x80, 0x00, 0x60, 0x00, 0x18, 0x00,
    0x7F, 0x80, 0x03, 0x80, 0x00, 0xE0, 0x00, 0x78, 0x00, 0x1E, 0x00, 0x0D, 0x80, 0x03, 0x60, 0x01,
    0x98, 0x00, 0x66, 0x00, 0x31, 0x80, 0x0D, 0xE0, 0x00, 0x70, 0x00, 0x00, 0x00, 0x00, 0x20, 0x00,
    0x08, 0x00, 0x02, 0x00, 0x01, 0x80, 0x01, 0xFF, 0x00, 0x3F, 0xC0, 0x02, 0x30, 0x00, 0x8C, 0x00,
    0x63, 0x00, 0x08, 0xC0, 0x06, 0x30, 0x03, 0x0C, 0x00, 0xC3, 0x00, 0x30, 0xC0, 0x18, 0x60, 0x0C,
    0xF0, 0x03, 0x38, 0x00, 0x00, 0x00, 0x00, 0x40, 0x00, 0x18, 0x00, 0x06, 0x00, 0x01, 0xA0, 0x00,
    0x7C, 0x00, 0xF8, 0x00, 0x06, 0x00, 0x01, 0x80, 0x00, 0x60, 0x00, 0x1F, 0x80, 0x3F, 0xC0, 0x0F,
    0xC0, 0x00, 0x30, 0x00, 0x0C, 0x00, 0x03, 0x00, 0x00, 0xC0, 0x00, 0x30, 0x00, 0x00, 0x00, 0x00,
    0x30, 0x00, 0x0C, 0x00, 0x03, 0x00, 0x01, 0xB0, 0x00, 0x7E, 0x00, 0x19, 0x80, 0x0C, 0x60, 0x03,
    0x18, 0x01, 0x8C, 0x00, 0xC3, 0x00, 0x20, 0xC0, 0x00, 0x70, 0x00, 0x18, 0x00, 0x0E, 0x00, 0x07,
    0x00, 0x07, 0x80, 0x01, 0x80, 0x00, 0x00, 0x00, 0x00, 0x00, 0x00, 0x30, 0x00, 0x0C, 0x00, 0x03,
    0x00, 0x00, 0xFF, 0x00, 0x7F, 0xC0, 0x18, 0xC0, 0x06, 0x30, 0x03, 0x98, 0x00, 0xC6, 0x00, 0x01,
    0x80, 0x00, 0x60, 0x00, 0x30, 0x00, 0x08, 0x00, 0x0E, 0x00, 0x07, 0x00, 0x00, 0x80, 0x00, 0x00,
    0x00, 0x01, 0xFF, 0x00, 0x7F, 0xC0, 0x00, 0x30, 0x00, 0x0C, 0x00, 0x03, 0x00, 0x00, 0xC0, 0x00,
    0x30, 0x00, 0x0C, 0x00, 0x03, 0x00, 0x00, 0xC0, 0x00, 0x30, 0x00, 0x0C, 0x00, 0x03, 0x00, 0x7F,
    0xC0, 0x1F, 0xF0, 0x00, 0x0C, 0x00, 0x00, 0x00, 0x00, 0x00, 0x00, 0x44, 0x00, 0x31, 0x80, 0x0C,
    0x60, 0x03, 0x18, 0x00, 0xC6, 0x00, 0xFF, 0xC0, 0x1F, 0xE0, 0x03, 0x18, 0x00, 0xC6, 0x00, 0x31,
    0x80, 0x0C, 0xE0, 0x03, 0x30, 0x00, 0x0C, 0x00, 0x06, 0x00, 0x03, 0x00, 0x03, 0x80, 0x00, 0x40,
    0x00, 0x00, 0x00, 0x00, 0x00, 0x00, 0x30, 0x00, 0x0E, 0x00, 0x01, 0xC4, 0x00, 0x1B, 0x00, 0x60,
    0xC0, 0x1C, 0x30, 0x03, 0x9C, 0x00, 0x66, 0x00, 0x01, 0x80, 0x00, 0x60, 0x00, 0x38, 0x00, 0x1C,
    0x00, 0x0E, 0x00, 0x07, 0x00, 0x07, 0x00, 0x01, 0xC0, 0x00, 0x00, 0x00, 0x01, 0xFE, 0x00, 0x7F,
    0x80, 0x00, 0x60, 0x00, 0x18, 0x00, 0x0C, 0x00, 0x03, 0x00, 0x01, 0xC0, 0x00, 0x60, 0x00, 0x1C,
    0x00, 0x0F, 0x00, 0x03, 0x60, 0x01, 0xD8, 0x00, 0xC6, 0x00, 0x60, 0xE0, 0x38, 0x18, 0x0C, 0x06,
    0x00, 0x00, 0x00, 0x00, 0x00, 0x00, 0x00, 0x00, 0x18, 0x00, 0x06, 0x00, 0x01, 0x9C, 0x00, 0x7F,
    0x00, 0x7E, 0x40, 0x1E, 0x30, 0x01, 0x98, 0x00, 0x66, 0x00, 0x19, 0x80, 0x07, 0xC0, 0x01, 0xE0,
    0x00, 0x60, 0x00, 0x18, 0x00, 0x06, 0x00, 0x00, 0xFC, 0x00, 0x3F, 0x00, 0x00, 0x00, 0x03, 0x03,
    0x00, 0xC0, 0xC0, 0x38, 0x30, 0x03, 0x0C, 0x00, 0xC7, 0x00, 0x39, 0x80, 0x06, 0x60, 0x01, 0x98,
    0x00, 0x2C, 0x00, 0x03, 0x00, 0x01, 0x80, 0x00, 0xE0, 0x00, 0x38, 0x00, 0x1C, 0x00, 0x3E, 0x00,
    0x0F, 0x00, 0x00, 0x00, 0x00, 0x00, 0x00, 0x00, 0x40, 0x00, 0x18, 0x00, 0x04, 0x00, 0x01, 0xF0,
    0x00, 0xFE, 0x00, 0x61, 0x80, 0x08, 0x60, 0x07, 0x30, 0x03, 0xEC, 0x00, 0xCE, 0x00, 0x01, 0x80,
    0x00, 0x60, 0x00, 0x10, 0x00, 0x0C, 0x00, 0x06, 0x00, 0x07, 0x00, 0x01, 0x80, 0x00, 0x00, 0x00,
    0x00, 0x04, 0x00, 0x07, 0x80, 0x03, 0x80, 0x0F, 0x80, 0x00, 0x20, 0x00, 0x08, 0x00, 0x02, 0x00,
    0x07, 0xF8, 0x01, 0xFC, 0x00, 0x08, 0x00, 0x02, 0x00, 0x00, 0x80, 0x00, 0x60, 0x00, 0x10, 0x00,
    0x0C, 0x00, 0x06, 0x00, 0x01, 0x00, 0x00, 0x00, 0x00, 0x00, 0x00, 0x00, 0x18, 0x40, 0x17, 0x30,
    0x06, 0xCC, 0x00, 0xF9, 0x00, 0x36, 0xC0, 0x07, 0xE0, 0x01, 0x98, 0x00, 0x46, 0x00, 0x01, 0x80,
    0x00, 0xC0, 0x00, 0x30, 0x00, 0x18, 0x00, 0x06, 0x00, 0x03, 0x00, 0x01, 0x80, 0x00, 0x40, 0x00,
    0x00, 0x00, 0x01, 0xFE, 0x00, 0x3F, 0x80, 0x00, 0x00, 0x00, 0x00, 0x00, 0x00, 0x00, 0xFF, 0xC0,
    0x3F, 0xF0, 0x00, 0x60, 0x00, 0x18, 0x00, 0x06, 0x00, 0x03, 0x00, 0x00, 0xC0, 0x00, 0x30, 0x00,
    0x18, 0x00, 0x1C, 0x00, 0x06, 0x00, 0x00, 0x00, 0x00, 0x00, 0x00, 0x01, 0x00, 0x00, 0x60, 0x00,
    0x18, 0x00, 0x06, 0x00, 0x01, 0x80, 0x00, 0x60, 0x00, 0x1C, 0x00, 0x07, 0x80, 0x01, 0xB0, 0x00,
    0x66, 0x00, 0x18, 0xC0, 0x06, 0x10, 0x01, 0x80, 0x00, 0x60, 0x00, 0x18, 0x00, 0x06, 0x00, 0x01,
    0x80, 0x00, 0x00, 0x00, 0x00, 0x30, 0x00, 0x0C, 0x00, 0x03, 0x00, 0x00, 0xC0, 0x00, 0x30, 0x00,
    0x0C, 0x00, 0x1F, 0xE0, 0x07, 0xF8, 0x00, 0x30, 0x00, 0x0C, 0x00, 0x03, 0x00, 0x00, 0xC0, 0x00,
    0x60, 0x00, 0x18, 0x00, 0x0C, 0x00, 0x06, 0x00, 0x01, 0x00, 0x00, 0x00, 0x00, 0x03, 0xFE, 0x00,
    0xFF, 0x80, 0x00, 0x00, 0x00, 0x00, 0x00, 0x00, 0x00, 0x00, 0x00, 0x00, 0x00, 0x00, 0x00, 0x00,
    0x00, 0x00, 0x00, 0x00, 0x00, 0x00, 0x00, 0x00, 0x00, 0x00, 0x00, 0x00, 0x00, 0x3F, 0xF8, 0x0F,
    0xFC, 0x00, 0x00, 0x00, 0x00, 0x00, 0x00, 0x00, 0x00, 0x7F, 0xC0, 0x00, 0x30, 0x00, 0x0C, 0x00,
    0xC7, 0x00, 0x39, 0x80, 0x07, 0x60, 0x00, 0xF8, 0x00, 0x0C, 0x00, 0x03, 0x00, 0x01, 0xE0, 0x00,
    0x58, 0x00, 0x3B, 0x00, 0x18, 0xC0, 0x0E, 0x00, 0x06, 0x00, 0x01, 0x80, 0x00, 0x00, 0x00, 0x00,
    0x20, 0x00, 0x0C, 0x00, 0x03, 0x00, 0x07, 0xF0, 0x01, 0xFE, 0x00, 0x01, 0x80, 0x00, 0xC0, 0x00,
    0x60, 0x00, 0x30, 0x00, 0x0E, 0x00, 0x07, 0xC0, 0x03, 0xF8, 0x01, 0xB4, 0x00, 0x4C, 0x00, 0x03,
    0x00, 0x00, 0xC0, 0x00, 0x20, 0x00, 0x00, 0x00, 0x00, 0x00, 0x00, 0x00, 0x80, 0x00, 0x60, 0x00,
    0x18, 0x00, 0x06, 0x00, 0x00, 0x80, 0x00, 0x60, 0x00, 0x30, 0x00, 0x0C, 0x00, 0x03, 0x00, 0x01,
    0xC0, 0x00, 0x60, 0x00, 0x18, 0x00, 0x0C, 0x00, 0x06, 0x00, 0x03, 0x00, 0x00, 0x80, 0x00, 0x00,
    0x00, 0x00, 0x68, 0x00, 0x1B, 0x00, 0x06, 0xC0, 0x01, 0x98, 0x00, 0x66, 0x00, 0x39, 0x80, 0x0C,
    0x60, 0x03, 0x18, 0x00, 0xC3, 0x00, 0x30, 0xC0, 0x0C, 0x30, 0x07, 0x0C, 0x01, 0x83, 0x00, 0x60,
    0xC0, 0x18, 0x00, 0x04, 0x00, 0x00, 0x00, 0x00, 0x00, 0x00, 0x00, 0x00, 0x00, 0x60, 0x00, 0x18,
    0x00, 0x06, 0x00, 0x01, 0x83, 0x00, 0x63, 0xC0, 0x19, 0xE0, 0x06, 0x60, 0x01, 0xF0, 0x00, 0x78,
    0x00, 0x18, 0x00, 0x06, 0x00, 0x01, 0x80, 0x00, 0x60, 0x00, 0x18, 0x00, 0x03, 0xFC, 0x00, 0x7F,
    0x00, 0x00, 0x00, 0x03, 0xFF, 0x00, 0x7F, 0xC0, 0x00, 0x30, 0x00, 0x0C, 0x00, 0x03, 0x00, 0x01,
    0xC0, 0x00, 0x60, 0x00, 0x18, 0x00, 0x06, 0x00, 0x03, 0x00, 0x00, 0xC0, 0x00, 0x70, 0x00, 0x38,
    0x00, 0x1C, 0x00, 0x3E, 0x00, 0x0F, 0x00, 0x00, 0x00, 0x00, 0x00, 0x00, 0x00, 0x00, 0x00, 0x0C,
    0x00, 0x03, 0x00, 0x00, 0xC0, 0x00, 0x78, 0x00, 0x1E, 0x00, 0x0F, 0xC0, 0x06, 0x18, 0x01, 0x84,
    0x00, 0xE1, 0xC0, 0x30, 0x30, 0x0C, 0x0C, 0x00, 0x03, 0x00, 0x00, 0xE0, 0x00, 0x18, 0x00, 0x06,
    0x00, 0x01, 0x80, 0x00, 0x00, 0x00, 0x20, 0x00, 0x08, 0x00, 0x02, 0x00, 0x00, 0x80, 0x01, 0xFC,
    0x00, 0x7F, 0x80, 0x03, 0x00, 0x00, 0x80, 0x00, 0xFC, 0x00, 0x2F, 0x00, 0x0B, 0xC0, 0x06, 0x98,
    0x01, 0xA6, 0x00, 0xC9, 0x80, 0x12, 0x40, 0x03, 0x80, 0x00, 0xC0, 0x00, 0x00, 0x00, 0x03, 0xFF,
    0x00, 0xFF, 0xE0, 0x00, 0x38, 0x00, 0x0E, 0x00, 0x07, 0x00, 0x01, 0x80, 0x30, 0x60, 0x0E, 0x38,
    0x00, 0xFC, 0x00, 0x1C, 0x00, 0x06, 0x00, 0x01, 0xC0, 0x00, 0x38, 0x00, 0x03, 0x00, 0x00, 0xC0,
    0x00, 0x30, 0x00, 0x00, 0x00, 0x00, 0x00, 0x01, 0xC0, 0x00, 0x7E, 0x00, 0x03, 0xE0, 0x00, 0x3C,
    0x00, 0x00, 0x00, 0x70, 0x00, 0x1F, 0x00, 0x00, 0xE0, 0x00, 0x0F, 0x00, 0x01, 0x80, 0x00, 0x00,
    0x00, 0x00, 0x01, 0xC0, 0x00, 0x3E, 0x00, 0x03, 0xE0, 0x00, 0x38, 0x00, 0x00, 0x00, 0x00, 0x00,
    0x00, 0x00, 0x00, 0x0C, 0x00, 0x03, 0x00, 0x00, 0xC0, 0x00, 0x30, 0x00, 0x0C, 0x00, 0x03, 0x00,
    0x01, 0x80, 0x00, 0x6C, 0x00, 0x1B, 0x00, 0x06, 0x60, 0x03, 0x98, 0x00, 0x83, 0x00, 0x30, 0xE0,
    0x0F, 0xF8, 0x07, 0x0E, 0x01, 0x81, 0x00, 0x00, 0x00, 0x00, 0x00, 0x00, 0x01, 0x80, 0x00, 0x60,
    0x00, 0x18, 0x00, 0xCE, 0x00, 0x3B, 0x00, 0x06, 0xC0, 0x00, 0xF0, 0x00, 0x18, 0x00, 0x07, 0x00,
    0x07, 0xE0, 0x01, 0x9C, 0x00, 0x63, 0x00, 0x30, 0x00, 0x0C, 0x00, 0x06, 0x00, 0x01, 0x80, 0x00,
    0x00, 0x00, 0x03, 0xFE, 0x00, 0x7F, 0x80, 0x06, 0x00, 0x01, 0x80, 0x00, 0x60, 0x00, 0x18, 0x00,
    0x1F, 0xF0, 0x0F, 0xFC, 0x00, 0x60, 0x00, 0x18, 0x00, 0x06, 0x00, 0x01, 0x80, 0x00, 0x60, 0x00,
    0x18, 0x00, 0x07, 0xE0, 0x00, 0xF8, 0x00, 0x00, 0x00, 0x00, 0x00, 0x00, 0xC0, 0x00, 0x30, 0x00,
    0x0C, 0x00, 0x03, 0x00, 0x00, 0xDC, 0x00, 0x3F, 0x80, 0x3E, 0x60, 0x01, 0x98, 0x00, 0x66, 0x00,
    0x1B, 0x00, 0x06, 0xC0, 0x01, 0xE0, 0x00, 0x60, 0x00, 0x18, 0x00, 0x06, 0x00, 0x01, 0x80, 0x00,
    0x60, 0x00, 0x00, 0x00, 0x03, 0xFE, 0x00, 0x7F, 0x80, 0x00, 0x60, 0x00, 0x18, 0x00, 0x06, 0x00,
    0x01, 0x80, 0x00, 0x60, 0x00, 0x18, 0x00, 0x06, 0x00, 0x01, 0x80, 0x00, 0x60, 0x00, 0x18, 0x00,
    0x06, 0x00, 0x01, 0x80, 0x3F, 0xF0, 0x0F, 0xFC, 0x00, 0x00, 0x00, 0x00, 0x00, 0x00, 0xFE, 0x00,
    0x7F, 0xC0, 0x00, 0x30, 0x00, 0x0C, 0x00, 0x03, 0x00, 0x00, 0xC0, 0x00, 0x30, 0x07, 0xFC, 0x00,
    0xFF, 0x00, 0x00, 0xC0, 0x00, 0x30, 0x00, 0x0C, 0x00, 0x03, 0x00, 0x7F, 0xC0, 0x0F, 0xF0, 0x00,
    0x0C, 0x00, 0x00, 0x00, 0x00, 0x00, 0x00, 0x7C, 0x00, 0x3F, 0x00, 0x00, 0x00, 0x00, 0x00, 0x01,
    0xFE, 0x00, 0x7F, 0x80, 0x00, 0x20, 0x00, 0x08, 0x00, 0x06, 0x00, 0x03, 0x00, 0x00, 0xC0, 0x00,
    0x60, 0x00, 0x18, 0x00, 0x0E, 0x00, 0x06, 0x00, 0x03, 0x80, 0x00, 0xC0, 0x00, 0x00, 0x00, 0x00,
    0x84, 0x00, 0x61, 0x80, 0x18, 0x60, 0x06, 0x18, 0x01, 0x86, 0x00, 0x61, 0x80, 0x18, 0x60, 0x06,
    0x18, 0x01, 0x86, 0x00, 0x63, 0x80, 0x00, 0xC0, 0x00, 0x30, 0x00, 0x18, 0x00, 0x04, 0x00, 0x07,
    0x00, 0x07, 0x80, 0x01, 0xC0, 0x00, 0x00, 0x00, 0x00, 0x58, 0x00, 0x16, 0x00, 0x05, 0x80, 0x01,
    0x60, 0x00, 0x58, 0x00, 0x16, 0x00, 0x05, 0xB0, 0x01, 0x6C, 0x00, 0x5B, 0x00, 0x16, 0xC0, 0x0D,
    0xB0, 0x06, 0x78, 0x00, 0x9E, 0x00, 0x67, 0x00, 0x39, 0x80, 0x04, 0x60, 0x00, 0x00, 0x00, 0x00,
    0x00, 0x00, 0x80, 0x00, 0x60, 0x00, 0x18, 0x00, 0x06, 0x00, 0x01, 0x80, 0x00, 0x61, 0x80, 0x18,
    0x60, 0x06, 0x38, 0x01, 0x8C, 0x00, 0x67, 0x00, 0x19, 0x80, 0x06, 0x60, 0x01, 0xF0, 0x00, 0x78,
    0x00, 0x1C, 0x00, 0x02, 0x00, 0x00, 0x00, 0x00, 0x00, 0x00, 0x00, 0x00, 0x00, 0x7F, 0xC0, 0x18,
    0x30, 0x06, 0x0C, 0x01, 0x83, 0x00, 0x60, 0xC0, 0x18, 0x30, 0x06, 0x0C, 0x01, 0x83, 0x00, 0x60,
    0xC0, 0x18, 0x30, 0x06, 0x0C, 0x01, 0x83, 0x00, 0x60, 0xC0, 0x1F, 0xF0, 0x06, 0x0C, 0x01, 0x81,
    0x00, 0x00, 0x00, 0x01, 0xFE, 0x00, 0x7F, 0x80, 0x18, 0x60, 0x06, 0x18, 0x01, 0x86, 0x00, 0x61,
    0x80, 0x18, 0x60, 0x04, 0x18, 0x00, 0x0C, 0x00, 0x03, 0x00, 0x00, 0xC0, 0x00, 0x60, 0x00, 0x18,
    0x00, 0x0E, 0x00, 0x06, 0x00, 0x03, 0x00, 0x00, 0x80, 0x00, 0x00, 0x00, 0x03, 0x00, 0x00, 0x60,
    0xC0, 0x0C, 0x30, 0x01, 0x8C, 0x00, 0x63, 0x00, 0x19, 0xC0, 0x00, 0x60, 0x00, 0x18, 0x00, 0x06,
    0x00, 0x03, 0x00, 0x00, 0xC0, 0x00, 0x70, 0x00, 0x38, 0x00, 0x1C, 0x00, 0x3E, 0x00, 0x0F, 0x00,
    0x00, 0x00, 0x00, 0x00, 0x00, 0x00, 0x00, 0x00, 0x00, 0x00, 0x01, 0xC0, 0x00, 0x70, 0x00, 0x1E,
    0x00, 0xE7, 0xE0, 0x78, 0x78, 0x1F, 0x9F, 0x80, 0xF1, 0xE0, 0x3C, 0x38, 0x0F, 0xCE, 0x00, 0x70,
    0x00, 0x1C, 0x00, 0x07, 0x00, 0x00, 0x00, 0x00, 0x00, 0x00, 0x00, 0x00, 0x00, 0x00, 0x00, 0x00,
    0x00, 0x00, 0x00, 0x00, 0x00, 0x01, 0xF8, 0x00, 0x7F, 0x00, 0x3F, 0xC0, 0x3F, 0xFC, 0x0F, 0x07,
    0x83, 0xC1, 0xE0, 0xF0, 0x78, 0x3C, 0x1E, 0x0F, 0x0F, 0x81, 0xFF, 0xC0, 0x1F, 0xC0, 0x07, 0xF0,
    0x00, 0xF8, 0x00, 0x00, 0x00, 0x00, 0x00, 0x00, 0x01, 0x80, 0x7F, 0xE0, 0x1F, 0xF0, 0x0C, 0x0C,
    0x06, 0x07, 0x81, 0x87, 0x60, 0x63, 0x98, 0x18, 0xC0, 0x06, 0x30, 0x01, 0x98, 0x60, 0x6C, 0x18,
    0x1E, 0x06, 0x03, 0x83, 0x00, 0xFF, 0x80, 0x7F, 0xC0, 0x18, 0x00, 0x00, 0x00, 0x00, 0x00, 0x00,
    0x00, 0x00, 0x00, 0x3F, 0xC0, 0x18, 0x18, 0x0C, 0x07, 0x06, 0x00, 0xC1, 0x80, 0x30, 0x20, 0x00,
    0x0E, 0x00, 0x0F, 0xFC, 0x01, 0xFF, 0x00, 0x18, 0x00, 0x06, 0x00, 0x81, 0x80, 0x60, 0x60, 0x18,
    0x70, 0x0C, 0x3F, 0xFE, 0x07, 0xFF, 0x80, 0x00, 0x00, 0x0C, 0x00, 0x83, 0x80, 0x70, 0x70, 0x30,
    0x04, 0x18, 0x01, 0x86, 0x00, 0x33, 0x00, 0x07, 0x80, 0x3F, 0xFF, 0x0F, 0xFF, 0x80, 0x0C, 0x00,
    0x7F, 0xF8, 0x3F, 0xFF, 0x00, 0x30, 0x00, 0x0C, 0x00, 0x03, 0x00, 0x00, 0xC0, 0x00, 0x00, 0x00,
};

const NicheGraphics::CJKGlyph CJKFontDotGothic18pxGlyphs[] PROGMEM = {
    { 0x00A2,      0 }, // ¢
    { 0x00A3,     41 }, // £
    { 0x00A5,     82 }, // ¥
    { 0x00B2,    123 }, // ²
    { 0x00B3,    164 }, // ³
    { 0x00BC,    205 }, // ¼
    { 0x00BD,    246 }, // ½
    { 0x00BE,    287 }, // ¾
    { 0x00D7,    328 }, // ×
    { 0x00F7,    369 }, // ÷
    { 0x2020,    410 }, // †
    { 0x2021,    451 }, // ‡
    { 0x2025,    492 }, // ‥
    { 0x2026,    533 }, // …
    { 0x203B,    574 }, // ※
    { 0x2103,    615 }, // ℃
    { 0x2190,    656 }, // ←
    { 0x2191,    697 }, // ↑
    { 0x2192,    738 }, // →
    { 0x2193,    779 }, // ↓
    { 0x25A0,    820 }, // ■
    { 0x25A1,    861 }, // □
    { 0x25B2,    902 }, // ▲
    { 0x25B3,    943 }, // △
    { 0x25BC,    984 }, // ▼
    { 0x25BD,   1025 }, // ▽
    { 0x25C6,   1066 }, // ◆
    { 0x25C7,   1107 }, // ◇
    { 0x25CB,   1148 }, // ○
    { 0x25CE,   1189 }, // ◎
    { 0x25CF,   1230 }, // ●
    { 0x2605,   1271 }, // ★
    { 0x2606,   1312 }, // ☆
    { 0x2660,   1353 }, // ♠
    { 0x2663,   1394 }, // ♣
    { 0x2665,   1435 }, // ♥
    { 0x2666,   1476 }, // ♦
    { 0x266A,   1517 }, // ♪
    { 0x3000,   1558 }, // 　
    { 0x3001,   1599 }, // 、
    { 0x3002,   1640 }, // 。
    { 0x3005,   1681 }, // 々
    { 0x3007,   1722 }, // 〇
    { 0x3008,   1763 }, // 〈
    { 0x3009,   1804 }, // 〉
    { 0x300A,   1845 }, // 《
    { 0x300B,   1886 }, // 》
    { 0x300C,   1927 }, // 「
    { 0x300D,   1968 }, // 」
    { 0x300E,   2009 }, // 『
    { 0x300F,   2050 }, // 』
    { 0x3010,   2091 }, // 【
    { 0x3011,   2132 }, // 】
    { 0x3012,   2173 }, // 〒
    { 0x301C,   2214 }, // 〜
    { 0x301D,   2255 }, // 〝
    { 0x301E,   2296 }, // 〞
    { 0x301F,   2337 }, // 〟
    { 0x3041,   2378 }, // ぁ
    { 0x3042,   2419 }, // あ
    { 0x3043,   2460 }, // ぃ
    { 0x3044,   2501 }, // い
    { 0x3045,   2542 }, // ぅ
    { 0x3046,   2583 }, // う
    { 0x3047,   2624 }, // ぇ
    { 0x3048,   2665 }, // え
    { 0x3049,   2706 }, // ぉ
    { 0x304A,   2747 }, // お
    { 0x304B,   2788 }, // か
    { 0x304C,   2829 }, // が
    { 0x304D,   2870 }, // き
    { 0x304E,   2911 }, // ぎ
    { 0x304F,   2952 }, // く
    { 0x3050,   2993 }, // ぐ
    { 0x3051,   3034 }, // け
    { 0x3052,   3075 }, // げ
    { 0x3053,   3116 }, // こ
    { 0x3054,   3157 }, // ご
    { 0x3055,   3198 }, // さ
    { 0x3056,   3239 }, // ざ
    { 0x3057,   3280 }, // し
    { 0x3058,   3321 }, // じ
    { 0x3059,   3362 }, // す
    { 0x305A,   3403 }, // ず
    { 0x305B,   3444 }, // せ
    { 0x305C,   3485 }, // ぜ
    { 0x305D,   3526 }, // そ
    { 0x305E,   3567 }, // ぞ
    { 0x305F,   3608 }, // た
    { 0x3060,   3649 }, // だ
    { 0x3061,   3690 }, // ち
    { 0x3062,   3731 }, // ぢ
    { 0x3063,   3772 }, // っ
    { 0x3064,   3813 }, // つ
    { 0x3065,   3854 }, // づ
    { 0x3066,   3895 }, // て
    { 0x3067,   3936 }, // で
    { 0x3068,   3977 }, // と
    { 0x3069,   4018 }, // ど
    { 0x306A,   4059 }, // な
    { 0x306B,   4100 }, // に
    { 0x306C,   4141 }, // ぬ
    { 0x306D,   4182 }, // ね
    { 0x306E,   4223 }, // の
    { 0x306F,   4264 }, // は
    { 0x3070,   4305 }, // ば
    { 0x3071,   4346 }, // ぱ
    { 0x3072,   4387 }, // ひ
    { 0x3073,   4428 }, // び
    { 0x3074,   4469 }, // ぴ
    { 0x3075,   4510 }, // ふ
    { 0x3076,   4551 }, // ぶ
    { 0x3077,   4592 }, // ぷ
    { 0x3078,   4633 }, // へ
    { 0x3079,   4674 }, // べ
    { 0x307A,   4715 }, // ぺ
    { 0x307B,   4756 }, // ほ
    { 0x307C,   4797 }, // ぼ
    { 0x307D,   4838 }, // ぽ
    { 0x307E,   4879 }, // ま
    { 0x307F,   4920 }, // み
    { 0x3080,   4961 }, // む
    { 0x3081,   5002 }, // め
    { 0x3082,   5043 }, // も
    { 0x3083,   5084 }, // ゃ
    { 0x3084,   5125 }, // や
    { 0x3085,   5166 }, // ゅ
    { 0x3086,   5207 }, // ゆ
    { 0x3087,   5248 }, // ょ
    { 0x3088,   5289 }, // よ
    { 0x3089,   5330 }, // ら
    { 0x308A,   5371 }, // り
    { 0x308B,   5412 }, // る
    { 0x308C,   5453 }, // れ
    { 0x308D,   5494 }, // ろ
    { 0x308E,   5535 }, // ゎ
    { 0x308F,   5576 }, // わ
    { 0x3090,   5617 }, // ゐ
    { 0x3091,   5658 }, // ゑ
    { 0x3092,   5699 }, // を
    { 0x3093,   5740 }, // ん
    { 0x3094,   5781 }, // ゔ
    { 0x3095,   5822 }, // ゕ
    { 0x3096,   5863 }, // ゖ
    { 0x30A1,   5904 }, // ァ
    { 0x30A2,   5945 }, // ア
    { 0x30A3,   5986 }, // ィ
    { 0x30A4,   6027 }, // イ
    { 0x30A5,   6068 }, // ゥ
    { 0x30A6,   6109 }, // ウ
    { 0x30A7,   6150 }, // ェ
    { 0x30A8,   6191 }, // エ
    { 0x30A9,   6232 }, // ォ
    { 0x30AA,   6273 }, // オ
    { 0x30AB,   6314 }, // カ
    { 0x30AC,   6355 }, // ガ
    { 0x30AD,   6396 }, // キ
    { 0x30AE,   6437 }, // ギ
    { 0x30AF,   6478 }, // ク
    { 0x30B0,   6519 }, // グ
    { 0x30B1,   6560 }, // ケ
    { 0x30B2,   6601 }, // ゲ
    { 0x30B3,   6642 }, // コ
    { 0x30B4,   6683 }, // ゴ
    { 0x30B5,   6724 }, // サ
    { 0x30B6,   6765 }, // ザ
    { 0x30B7,   6806 }, // シ
    { 0x30B8,   6847 }, // ジ
    { 0x30B9,   6888 }, // ス
    { 0x30BA,   6929 }, // ズ
    { 0x30BB,   6970 }, // セ
    { 0x30BC,   7011 }, // ゼ
    { 0x30BD,   7052 }, // ソ
    { 0x30BE,   7093 }, // ゾ
    { 0x30BF,   7134 }, // タ
    { 0x30C0,   7175 }, // ダ
    { 0x30C1,   7216 }, // チ
    { 0x30C2,   7257 }, // ヂ
    { 0x30C3,   7298 }, // ッ
    { 0x30C4,   7339 }, // ツ
    { 0x30C5,   7380 }, // ヅ
    { 0x30C6,   7421 }, // テ
    { 0x30C7,   7462 }, // デ
    { 0x30C8,   7503 }, // ト
    { 0x30C9,   7544 }, // ド
    { 0x30CA,   7585 }, // ナ
    { 0x30CB,   7626 }, // ニ
    { 0x30CC,   7667 }, // ヌ
    { 0x30CD,   7708 }, // ネ
    { 0x30CE,   7749 }, // ノ
    { 0x30CF,   7790 }, // ハ
    { 0x30D0,   7831 }, // バ
    { 0x30D1,   7872 }, // パ
    { 0x30D2,   7913 }, // ヒ
    { 0x30D3,   7954 }, // ビ
    { 0x30D4,   7995 }, // ピ
    { 0x30D5,   8036 }, // フ
    { 0x30D6,   8077 }, // ブ
    { 0x30D7,   8118 }, // プ
    { 0x30D8,   8159 }, // ヘ
    { 0x30D9,   8200 }, // ベ
    { 0x30DA,   8241 }, // ペ
    { 0x30DB,   8282 }, // ホ
    { 0x30DC,   8323 }, // ボ
    { 0x30DD,   8364 }, // ポ
    { 0x30DE,   8405 }, // マ
    { 0x30DF,   8446 }, // ミ
    { 0x30E0,   8487 }, // ム
    { 0x30E1,   8528 }, // メ
    { 0x30E2,   8569 }, // モ
    { 0x30E3,   8610 }, // ャ
    { 0x30E4,   8651 }, // ヤ
    { 0x30E5,   8692 }, // ュ
    { 0x30E6,   8733 }, // ユ
    { 0x30E7,   8774 }, // ョ
    { 0x30E8,   8815 }, // ヨ
    { 0x30E9,   8856 }, // ラ
    { 0x30EA,   8897 }, // リ
    { 0x30EB,   8938 }, // ル
    { 0x30EC,   8979 }, // レ
    { 0x30ED,   9020 }, // ロ
    { 0x30EE,   9061 }, // ヮ
    { 0x30EF,   9102 }, // ワ
    { 0x30F0,   9143 }, // ヰ
    { 0x30F1,   9184 }, // ヱ
    { 0x30F2,   9225 }, // ヲ
    { 0x30F3,   9266 }, // ン
    { 0x30F4,   9307 }, // ヴ
    { 0x30F5,   9348 }, // ヵ
    { 0x30F6,   9389 }, // ヶ
    { 0x30F7,   9430 }, // ヷ
    { 0x30F8,   9471 }, // ヸ
    { 0x30F9,   9512 }, // ヹ
    { 0x30FA,   9553 }, // ヺ
    { 0x30FB,   9594 }, // ・
    { 0x30FC,   9635 }, // ー
    { 0x4E00,   9676 }, // 一
    { 0x4E01,   9717 }, // 丁
    { 0x4E03,   9758 }, // 七
    { 0x4E07,   9799 }, // 万
    { 0x4E08,   9840 }, // 丈
    { 0x4E09,   9881 }, // 三
    { 0x4E0A,   9922 }, // 上
    { 0x4E0B,   9963 }, // 下
    { 0x4E0D,  10004 }, // 不
    { 0x4E0E,  10045 }, // 与
    { 0x4E14,  10086 }, // 且
    { 0x4E16,  10127 }, // 世
    { 0x4E18,  10168 }, // 丘
    { 0x4E19,  10209 }, // 丙
    { 0x4E21,  10250 }, // 両
    { 0x4E26,  10291 }, // 並
    { 0x4E2D,  10332 }, // 中
    { 0x4E32,  10373 }, // 串
    { 0x4E38,  10414 }, // 丸
    { 0x4E39,  10455 }, // 丹
    { 0x4E3B,  10496 }, // 主
    { 0x4E3C,  10537 }, // 丼
    { 0x4E45,  10578 }, // 久
    { 0x4E4F,  10619 }, // 乏
    { 0x4E57,  10660 }, // 乗
    { 0x4E59,  10701 }, // 乙
    { 0x4E5D,  10742 }, // 九
    { 0x4E5E,  10783 }, // 乞
    { 0x4E71,  10824 }, // 乱
    { 0x4E73,  10865 }, // 乳
    { 0x4E7E,  10906 }, // 乾
    { 0x4E80,  10947 }, // 亀
    { 0x4E86,  10988 }, // 了
    { 0x4E88,  11029 }, // 予
    { 0x4E89,  11070 }, // 争
    { 0x4E8B,  11111 }, // 事
    { 0x4E8C,  11152 }, // 二
    { 0x4E92,  11193 }, // 互
    { 0x4E94,  11234 }, // 五
    { 0x4E95,  11275 }, // 井
    { 0x4E9C,  11316 }, // 亜
    { 0x4EA1,  11357 }, // 亡
    { 0x4EA4,  11398 }, // 交
    { 0x4EAB,  11439 }, // 享
    { 0x4EAC,  11480 }, // 京
    { 0x4EAD,  11521 }, // 亭
    { 0x4EBA,  11562 }, // 人
    { 0x4EC1,  11603 }, // 仁
    { 0x4ECA,  11644 }, // 今
    { 0x4ECB,  11685 }, // 介
    { 0x4ECF,  11726 }, // 仏
    { 0x4ED5,  11767 }, // 仕
    { 0x4ED6,  11808 }, // 他
    { 0x4ED8,  11849 }, // 付
    { 0x4ED9,  11890 }, // 仙
    { 0x4EE3,  11931 }, // 代
    { 0x4EE4,  11972 }, // 令
    { 0x4EE5,  12013 }, // 以
    { 0x4EEE,  12054 }, // 仮
    { 0x4EF0,  12095 }, // 仰
    { 0x4EF2,  12136 }, // 仲
    { 0x4EF6,  12177 }, // 件
    { 0x4EFB,  12218 }, // 任
    { 0x4F01,  12259 }, // 企
    { 0x4F0E,  12300 }, // 伎
    { 0x4F0F,  12341 }, // 伏
    { 0x4F10,  12382 }, // 伐
    { 0x4F11,  12423 }, // 休
    { 0x4F1A,  12464 }, // 会
    { 0x4F1D,  12505 }, // 伝
    { 0x4F2F,  12546 }, // 伯
    { 0x4F34,  12587 }, // 伴
    { 0x4F38,  12628 }, // 伸
    { 0x4F3A,  12669 }, // 伺
    { 0x4F3C,  12710 }, // 似
    { 0x4F46,  12751 }, // 但
    { 0x4F4D,  12792 }, // 位
    { 0x4F4E,  12833 }, // 低
    { 0x4F4F,  12874 }, // 住
    { 0x4F50,  12915 }, // 佐
    { 0x4F53,  12956 }, // 体
    { 0x4F55,  12997 }, // 何
    { 0x4F59,  13038 }, // 余
    { 0x4F5C,  13079 }, // 作
    { 0x4F73,  13120 }, // 佳
    { 0x4F75,  13161 }, // 併
    { 0x4F7F,  13202 }, // 使
    { 0x4F8B,  13243 }, // 例
    { 0x4F8D,  13284 }, // 侍
    { 0x4F9B,  13325 }, // 供
    { 0x4F9D,  13366 }, // 依
    { 0x4FA1,  13407 }, // 価
    { 0x4FAE,  13448 }, // 侮
    { 0x4FAF,  13489 }, // 侯
    { 0x4FB5,  13530 }, // 侵
    { 0x4FB6,  13571 }, // 侶
    { 0x4FBF,  13612 }, // 便
    { 0x4FC2,  13653 }, // 係
    { 0x4FC3,  13694 }, // 促
    { 0x4FCA,  13735 }, // 俊
    { 0x4FD7,  13776 }, // 俗
    { 0x4FDD,  13817 }, // 保
    { 0x4FE1,  13858 }, // 信
    { 0x4FEE,  13899 }, // 修
    { 0x4FF3,  13940 }, // 俳
    { 0x4FF5,  13981 }, // 俵
    { 0x4FF8,  14022 }, // 俸
    { 0x4FFA,  14063 }, // 俺
    { 0x5009,  14104 }, // 倉
    { 0x500B,  14145 }, // 個
    { 0x500D,  14186 }, // 倍
    { 0x5012,  14227 }, // 倒
    { 0x5019,  14268 }, // 候
    { 0x501F,  14309 }, // 借
    { 0x5023,  14350 }, // 倣
    { 0x5024,  14391 }, // 値
    { 0x502B,  14432 }, // 倫
    { 0x5039,  14473 }, // 倹
    { 0x5049,  14514 }, // 偉
    { 0x504F,  14555 }, // 偏
    { 0x505C,  14596 }, // 停
    { 0x5065,  14637 }, // 健
    { 0x5074,  14678 }, // 側
    { 0x5075,  14719 }, // 偵
    { 0x5076,  14760 }, // 偶
    { 0x507D,  14801 }, // 偽
    { 0x508D,  14842 }, // 傍
    { 0x5091,  14883 }, // 傑
    { 0x5098,  14924 }, // 傘
    { 0x5099,  14965 }, // 備
    { 0x50AC,  15006 }, // 催
    { 0x50B2,  15047 }, // 傲
    { 0x50B5,  15088 }, // 債
    { 0x50B7,  15129 }, // 傷
    { 0x50BE,  15170 }, // 傾
    { 0x50C5,  15211 }, // 僅
    { 0x50CD,  15252 }, // 働
    { 0x50CF,  15293 }, // 像
    { 0x50D5,  15334 }, // 僕
    { 0x50DA,  15375 }, // 僚
    { 0x50E7,  15416 }, // 僧
    { 0x5100,  15457 }, // 儀
    { 0x5104,  15498 }, // 億
    { 0x5112,  15539 }, // 儒
    { 0x511F,  15580 }, // 償
    { 0x512A,  15621 }, // 優
    { 0x5143,  15662 }, // 元
    { 0x5144,  15703 }, // 兄
    { 0x5145,  15744 }, // 充
    { 0x5146,  15785 }, // 兆
    { 0x5148,  15826 }, // 先
    { 0x5149,  15867 }, // 光
    { 0x514B,  15908 }, // 克
    { 0x514D,  15949 }, // 免
    { 0x5150,  15990 }, // 児
    { 0x515A,  16031 }, // 党
    { 0x5165,  16072 }, // 入
    { 0x5168,  16113 }, // 全
    { 0x516B,  16154 }, // 八
    { 0x516C,  16195 }, // 公
    { 0x516D,  16236 }, // 六
    { 0x5171,  16277 }, // 共
    { 0x5175,  16318 }, // 兵
    { 0x5177,  16359 }, // 具
    { 0x5178,  16400 }, // 典
    { 0x517C,  16441 }, // 兼
    { 0x5185,  16482 }, // 内
    { 0x5186,  16523 }, // 円
    { 0x518A,  16564 }, // 冊
    { 0x518D,  16605 }, // 再
    { 0x5192,  16646 }, // 冒
    { 0x5197,  16687 }, // 冗
    { 0x5199,  16728 }, // 写
    { 0x51A0,  16769 }, // 冠
    { 0x51A5,  16810 }, // 冥
    { 0x51AC,  16851 }, // 冬
    { 0x51B6,  16892 }, // 冶
    { 0x51B7,  16933 }, // 冷
    { 0x51C4,  16974 }, // 凄
    { 0x51C6,  17015 }, // 准
    { 0x51CD,  17056 }, // 凍
    { 0x51DD,  17097 }, // 凝
    { 0x51E1,  17138 }, // 凡
    { 0x51E6,  17179 }, // 処
    { 0x51F6,  17220 }, // 凶
    { 0x51F8,  17261 }, // 凸
    { 0x51F9,  17302 }, // 凹
    { 0x51FA,  17343 }, // 出
    { 0x5200,  17384 }, // 刀
    { 0x5203,  17425 }, // 刃
    { 0x5206,  17466 }, // 分
    { 0x5207,  17507 }, // 切
    { 0x5208,  17548 }, // 刈
    { 0x520A,  17589 }, // 刊
    { 0x5211,  17630 }, // 刑
    { 0x5217,  17671 }, // 列
    { 0x521D,  17712 }, // 初
    { 0x5224,  17753 }, // 判
    { 0x5225,  17794 }, // 別
    { 0x5229,  17835 }, // 利
    { 0x5230,  17876 }, // 到
    { 0x5236,  17917 }, // 制
    { 0x5237,  17958 }, // 刷
    { 0x5238,  17999 }, // 券
    { 0x5239,  18040 }, // 刹
    { 0x523A,  18081 }, // 刺
    { 0x523B,  18122 }, // 刻
    { 0x5247,  18163 }, // 則
    { 0x524A,  18204 }, // 削
    { 0x524D,  18245 }, // 前
    { 0x5256,  18286 }, // 剖
    { 0x525B,  18327 }, // 剛
    { 0x5263,  18368 }, // 剣
    { 0x5264,  18409 }, // 剤
    { 0x5265,  18450 }, // 剥
    { 0x526F,  18491 }, // 副
    { 0x5270,  18532 }, // 剰
    { 0x5272,  18573 }, // 割
    { 0x5275,  18614 }, // 創
    { 0x5287,  18655 }, // 劇
    { 0x529B,  18696 }, // 力
    { 0x529F,  18737 }, // 功
    { 0x52A0,  18778 }, // 加
    { 0x52A3,  18819 }, // 劣
    { 0x52A9,  18860 }, // 助
    { 0x52AA,  18901 }, // 努
    { 0x52B1,  18942 }, // 励
    { 0x52B4,  18983 }, // 労
    { 0x52B9,  19024 }, // 効
    { 0x52BE,  19065 }, // 劾
    { 0x52C3,  19106 }, // 勃
    { 0x52C5,  19147 }, // 勅
    { 0x52C7,  19188 }, // 勇
    { 0x52C9,  19229 }, // 勉
    { 0x52D5,  19270 }, // 動
    { 0x52D8,  19311 }, // 勘
    { 0x52D9,  19352 }, // 務
    { 0x52DD,  19393 }, // 勝
    { 0x52DF,  19434 }, // 募
    { 0x52E2,  19475 }, // 勢
    { 0x52E4,  19516 }, // 勤
    { 0x52E7,  19557 }, // 勧
    { 0x52F2,  19598 }, // 勲
    { 0x52FE,  19639 }, // 勾
    { 0x5302,  19680 }, // 匂
    { 0x5305,  19721 }, // 包
    { 0x5316,  19762 }, // 化
    { 0x5317,  19803 }, // 北
    { 0x5320,  19844 }, // 匠
    { 0x5339,  19885 }, // 匹
    { 0x533A,  19926 }, // 区
    { 0x533B,  19967 }, // 医
    { 0x533F,  20008 }, // 匿
    { 0x5341,  20049 }, // 十
    { 0x5343,  20090 }, // 千
    { 0x5347,  20131 }, // 升
    { 0x5348,  20172 }, // 午
    { 0x534A,  20213 }, // 半
    { 0x5351,  20254 }, // 卑
    { 0x5352,  20295 }, // 卒
    { 0x5353,  20336 }, // 卓
    { 0x5354,  20377 }, // 協
    { 0x5357,  20418 }, // 南
    { 0x5358,  20459 }, // 単
    { 0x535A,  20500 }, // 博
    { 0x5360,  20541 }, // 占
    { 0x5370,  20582 }, // 印
    { 0x5371,  20623 }, // 危
    { 0x5373,  20664 }, // 即
    { 0x5374,  20705 }, // 却
    { 0x5375,  20746 }, // 卵
    { 0x5378,  20787 }, // 卸
    { 0x5384,  20828 }, // 厄
    { 0x5398,  20869 }, // 厘
    { 0x539A,  20910 }, // 厚
    { 0x539F,  20951 }, // 原
    { 0x53B3,  20992 }, // 厳
    { 0x53BB,  21033 }, // 去
    { 0x53C2,  21074 }, // 参
    { 0x53C8,  21115 }, // 又
    { 0x53CA,  21156 }, // 及
    { 0x53CB,  21197 }, // 友
    { 0x53CC,  21238 }, // 双
    { 0x53CD,  21279 }, // 反
    { 0x53CE,  21320 }, // 収
    { 0x53D4,  21361 }, // 叔
    { 0x53D6,  21402 }, // 取
    { 0x53D7,  21443 }, // 受
    { 0x53D9,  21484 }, // 叙
    { 0x53E3,  21525 }, // 口
    { 0x53E4,  21566 }, // 古
    { 0x53E5,  21607 }, // 句
    { 0x53EB,  21648 }, // 叫
    { 0x53EC,  21689 }, // 召
    { 0x53EF,  21730 }, // 可
    { 0x53F0,  21771 }, // 台
    { 0x53F1,  21812 }, // 叱
    { 0x53F2,  21853 }, // 史
    { 0x53F3,  21894 }, // 右
    { 0x53F7,  21935 }, // 号
    { 0x53F8,  21976 }, // 司
    { 0x5404,  22017 }, // 各
    { 0x5408,  22058 }, // 合
    { 0x5409,  22099 }, // 吉
    { 0x540C,  22140 }, // 同
    { 0x540D,  22181 }, // 名
    { 0x540E,  22222 }, // 后
    { 0x540F,  22263 }, // 吏
    { 0x5410,  22304 }, // 吐
    { 0x5411,  22345 }, // 向
    { 0x541B,  22386 }, // 君
    { 0x541F,  22427 }, // 吟
    { 0x5426,  22468 }, // 否
    { 0x542B,  22509 }, // 含
    { 0x5438,  22550 }, // 吸
    { 0x5439,  22591 }, // 吹
    { 0x5442,  22632 }, // 呂
    { 0x5448,  22673 }, // 呈
    { 0x5449,  22714 }, // 呉
    { 0x544A,  22755 }, // 告
    { 0x5468,  22796 }, // 周
    { 0x546A,  22837 }, // 呪
    { 0x5473,  22878 }, // 味
    { 0x547C,  22919 }, // 呼
    { 0x547D,  22960 }, // 命
    { 0x548C,  23001 }, // 和
    { 0x54B2,  23042 }, // 咲
    { 0x54BD,  23083 }, // 咽
    { 0x54C0,  23124 }, // 哀
    { 0x54C1,  23165 }, // 品
    { 0x54E1,  23206 }, // 員
    { 0x54F2,  23247 }, // 哲
    { 0x54FA,  23288 }, // 哺
    { 0x5504,  23329 }, // 唄
    { 0x5506,  23370 }, // 唆
    { 0x5507,  23411 }, // 唇
    { 0x5510,  23452 }, // 唐
    { 0x552F,  23493 }, // 唯
    { 0x5531,  23534 }, // 唱
    { 0x553E,  23575 }, // 唾
    { 0x5546,  23616 }, // 商
    { 0x554F,  23657 }, // 問
    { 0x5553,  23698 }, // 啓
    { 0x5584,  23739 }, // 善
    { 0x5589,  23780 }, // 喉
    { 0x559A,  23821 }, // 喚
    { 0x559C,  23862 }, // 喜
    { 0x559D,  23903 }, // 喝
    { 0x55A9,  23944 }, // 喩
    { 0x55AA,  23985 }, // 喪
    { 0x55AB,  24026 }, // 喫
    { 0x55B6,  24067 }, // 営
    { 0x55C5,  24108 }, // 嗅
    { 0x55E3,  24149 }, // 嗣
    { 0x5606,  24190 }, // 嘆
    { 0x5631,  24231 }, // 嘱
    { 0x5632,  24272 }, // 嘲
    { 0x5668,  24313 }, // 器
    { 0x5674,  24354 }, // 噴
    { 0x5687,  24395 }, // 嚇
    { 0x56DA,  24436 }, // 囚
    { 0x56DB,  24477 }, // 四
    { 0x56DE,  24518 }, // 回
    { 0x56E0,  24559 }, // 因
    { 0x56E3,  24600 }, // 団
    { 0x56F0,  24641 }, // 困
    { 0x56F2,  24682 }, // 囲
    { 0x56F3,  24723 }, // 図
    { 0x56FA,  24764 }, // 固
    { 0x56FD,  24805 }, // 国
    { 0x570F,  24846 }, // 圏
    { 0x5712,  24887 }, // 園
    { 0x571F,  24928 }, // 土
    { 0x5727,  24969 }, // 圧
    { 0x5728,  25010 }, // 在
    { 0x5730,  25051 }, // 地
    { 0x5742,  25092 }, // 坂
    { 0x5747,  25133 }, // 均
    { 0x574A,  25174 }, // 坊
    { 0x5751,  25215 }, // 坑
    { 0x576A,  25256 }, // 坪
    { 0x5782,  25297 }, // 垂
    { 0x578B,  25338 }, // 型
    { 0x57A3,  25379 }, // 垣
    { 0x57CB,  25420 }, // 埋
    { 0x57CE,  25461 }, // 城
    { 0x57DF,  25502 }, // 域
    { 0x57F7,  25543 }, // 執
    { 0x57F9,  25584 }, // 培
    { 0x57FA,  25625 }, // 基
    { 0x57FC,  25666 }, // 埼
    { 0x5800,  25707 }, // 堀
    { 0x5802,  25748 }, // 堂
    { 0x5805,  25789 }, // 堅
    { 0x5806,  25830 }, // 堆
    { 0x5815,  25871 }, // 堕
    { 0x5824,  25912 }, // 堤
    { 0x582A,  25953 }, // 堪
    { 0x5831,  25994 }, // 報
    { 0x5834,  26035 }, // 場
    { 0x5840,  26076 }, // 塀
    { 0x5841,  26117 }, // 塁
    { 0x584A,  26158 }, // 塊
    { 0x5851,  26199 }, // 塑
    { 0x5854,  26240 }, // 塔
    { 0x5857,  26281 }, // 塗
    { 0x585A,  26322 }, // 塚
    { 0x585E,  26363 }, // 塞
    { 0x5869,  26404 }, // 塩
    { 0x586B,  26445 }, // 填
    { 0x587E,  26486 }, // 塾
    { 0x5883,  26527 }, // 境
    { 0x5893,  26568 }, // 墓
    { 0x5897,  26609 }, // 増
    { 0x589C,  26650 }, // 墜
    { 0x58A8,  26691 }, // 墨
    { 0x58B3,  26732 }, // 墳
    { 0x58BE,  26773 }, // 墾
    { 0x58C1,  26814 }, // 壁
    { 0x58C7,  26855 }, // 壇
    { 0x58CA,  26896 }, // 壊
    { 0x58CC,  26937 }, // 壌
    { 0x58EB,  26978 }, // 士
    { 0x58EE,  27019 }, // 壮
    { 0x58F0,  27060 }, // 声
    { 0x58F1,  27101 }, // 壱
    { 0x58F2,  27142 }, // 売
    { 0x5909,  27183 }, // 変
    { 0x590F,  27224 }, // 夏
    { 0x5915,  27265 }, // 夕
    { 0x5916,  27306 }, // 外
    { 0x591A,  27347 }, // 多
    { 0x591C,  27388 }, // 夜
    { 0x5922,  27429 }, // 夢
    { 0x5927,  27470 }, // 大
    { 0x5929,  27511 }, // 天
    { 0x592A,  27552 }, // 太
    { 0x592B,  27593 }, // 夫
    { 0x592E,  27634 }, // 央
    { 0x5931,  27675 }, // 失
    { 0x5947,  27716 }, // 奇
    { 0x5948,  27757 }, // 奈
    { 0x5949,  27798 }, // 奉
    { 0x594F,  27839 }, // 奏
    { 0x5951,  27880 }, // 契
    { 0x5954,  27921 }, // 奔
    { 0x5965,  27962 }, // 奥
    { 0x5968,  28003 }, // 奨
    { 0x596A,  28044 }, // 奪
    { 0x596E,  28085 }, // 奮
    { 0x5973,  28126 }, // 女
    { 0x5974,  28167 }, // 奴
    { 0x597D,  28208 }, // 好
    { 0x5982,  28249 }, // 如
    { 0x5983,  28290 }, // 妃
    { 0x5984,  28331 }, // 妄
    { 0x598A,  28372 }, // 妊
    { 0x5996,  28413 }, // 妖
    { 0x5999,  28454 }, // 妙
    { 0x59A5,  28495 }, // 妥
    { 0x59A8,  28536 }, // 妨
    { 0x59AC,  28577 }, // 妬
    { 0x59B9,  28618 }, // 妹
    { 0x59BB,  28659 }, // 妻
    { 0x59C9,  28700 }, // 姉
    { 0x59CB,  28741 }, // 始
    { 0x59D3,  28782 }, // 姓
    { 0x59D4,  28823 }, // 委
    { 0x59EB,  28864 }, // 姫
    { 0x59FB,  28905 }, // 姻
    { 0x59FF,  28946 }, // 姿
    { 0x5A01,  28987 }, // 威
    { 0x5A18,  29028 }, // 娘
    { 0x5A20,  29069 }, // 娠
    { 0x5A2F,  29110 }, // 娯
    { 0x5A46,  29151 }, // 婆
    { 0x5A5A,  29192 }, // 婚
    { 0x5A66,  29233 }, // 婦
    { 0x5A7F,  29274 }, // 婿
    { 0x5A92,  29315 }, // 媒
    { 0x5A9B,  29356 }, // 媛
    { 0x5AC1,  29397 }, // 嫁
    { 0x5AC9,  29438 }, // 嫉
    { 0x5ACC,  29479 }, // 嫌
    { 0x5AE1,  29520 }, // 嫡
    { 0x5B22,  29561 }, // 嬢
    { 0x5B50,  29602 }, // 子
    { 0x5B54,  29643 }, // 孔
    { 0x5B57,  29684 }, // 字
    { 0x5B58,  29725 }, // 存
    { 0x5B5D,  29766 }, // 孝
    { 0x5B63,  29807 }, // 季
    { 0x5B64,  29848 }, // 孤
    { 0x5B66,  29889 }, // 学
    { 0x5B6B,  29930 }, // 孫
    { 0x5B85,  29971 }, // 宅
    { 0x5B87,  30012 }, // 宇
    { 0x5B88,  30053 }, // 守
    { 0x5B89,  30094 }, // 安
    { 0x5B8C,  30135 }, // 完
    { 0x5B97,  30176 }, // 宗
    { 0x5B98,  30217 }, // 官
    { 0x5B99,  30258 }, // 宙
    { 0x5B9A,  30299 }, // 定
    { 0x5B9B,  30340 }, // 宛
    { 0x5B9C,  30381 }, // 宜
    { 0x5B9D,  30422 }, // 宝
    { 0x5B9F,  30463 }, // 実
    { 0x5BA2,  30504 }, // 客
    { 0x5BA3,  30545 }, // 宣
    { 0x5BA4,  30586 }, // 室
    { 0x5BAE,  30627 }, // 宮
    { 0x5BB0,  30668 }, // 宰
    { 0x5BB3,  30709 }, // 害
    { 0x5BB4,  30750 }, // 宴
    { 0x5BB5,  30791 }, // 宵
    { 0x5BB6,  30832 }, // 家
    { 0x5BB9,  30873 }, // 容
    { 0x5BBF,  30914 }, // 宿
    { 0x5BC2,  30955 }, // 寂
    { 0x5BC4,  30996 }, // 寄
    { 0x5BC6,  31037 }, // 密
    { 0x5BCC,  31078 }, // 富
    { 0x5BD2,  31119 }, // 寒
    { 0x5BDB,  31160 }, // 寛
    { 0x5BDD,  31201 }, // 寝
    { 0x5BDF,  31242 }, // 察
    { 0x5BE1,  31283 }, // 寡
    { 0x5BE7,  31324 }, // 寧
    { 0x5BE9,  31365 }, // 審
    { 0x5BEE,  31406 }, // 寮
    { 0x5BF8,  31447 }, // 寸
    { 0x5BFA,  31488 }, // 寺
    { 0x5BFE,  31529 }, // 対
    { 0x5BFF,  31570 }, // 寿
    { 0x5C01,  31611 }, // 封
    { 0x5C02,  31652 }, // 専
    { 0x5C04,  31693 }, // 射
    { 0x5C06,  31734 }, // 将
    { 0x5C09,  31775 }, // 尉
    { 0x5C0A,  31816 }, // 尊
    { 0x5C0B,  31857 }, // 尋
    { 0x5C0E,  31898 }, // 導
    { 0x5C0F,  31939 }, // 小
    { 0x5C11,  31980 }, // 少
    { 0x5C1A,  32021 }, // 尚
    { 0x5C31,  32062 }, // 就
    { 0x5C3A,  32103 }, // 尺
    { 0x5C3B,  32144 }, // 尻
    { 0x5C3C,  32185 }, // 尼
    { 0x5C3D,  32226 }, // 尽
    { 0x5C3E,  32267 }, // 尾
    { 0x5C3F,  32308 }, // 尿
    { 0x5C40,  32349 }, // 局
    { 0x5C45,  32390 }, // 居
    { 0x5C48,  32431 }, // 屈
    { 0x5C4A,  32472 }, // 届
    { 0x5C4B,  32513 }, // 屋
    { 0x5C55,  32554 }, // 展
    { 0x5C5E,  32595 }, // 属
    { 0x5C64,  32636 }, // 層
    { 0x5C65,  32677 }, // 履
    { 0x5C6F,  32718 }, // 屯
    { 0x5C71,  32759 }, // 山
    { 0x5C90,  32800 }, // 岐
    { 0x5CA1,  32841 }, // 岡
    { 0x5CA9,  32882 }, // 岩
    { 0x5CAC,  32923 }, // 岬
    { 0x5CB3,  32964 }, // 岳
    { 0x5CB8,  33005 }, // 岸
    { 0x5CE0,  33046 }, // 峠
    { 0x5CE1,  33087 }, // 峡
    { 0x5CF0,  33128 }, // 峰
    { 0x5CF6,  33169 }, // 島
    { 0x5D07,  33210 }, // 崇
    { 0x5D0E,  33251 }, // 崎
    { 0x5D16,  33292 }, // 崖
    { 0x5D29,  33333 }, // 崩
    { 0x5D50,  33374 }, // 嵐
    { 0x5DDD,  33415 }, // 川
    { 0x5DDE,  33456 }, // 州
    { 0x5DE1,  33497 }, // 巡
    { 0x5DE3,  33538 }, // 巣
    { 0x5DE5,  33579 }, // 工
    { 0x5DE6,  33620 }, // 左
    { 0x5DE7,  33661 }, // 巧
    { 0x5DE8,  33702 }, // 巨
    { 0x5DEE,  33743 }, // 差
    { 0x5DF1,  33784 }, // 己
    { 0x5DFB,  33825 }, // 巻
    { 0x5DFE,  33866 }, // 巾
    { 0x5E02,  33907 }, // 市
    { 0x5E03,  33948 }, // 布
    { 0x5E06,  33989 }, // 帆
    { 0x5E0C,  34030 }, // 希
    { 0x5E1D,  34071 }, // 帝
    { 0x5E25,  34112 }, // 帥
    { 0x5E2B,  34153 }, // 師
    { 0x5E2D,  34194 }, // 席
    { 0x5E2F,  34235 }, // 帯
    { 0x5E30,  34276 }, // 帰
    { 0x5E33,  34317 }, // 帳
    { 0x5E38,  34358 }, // 常
    { 0x5E3D,  34399 }, // 帽
    { 0x5E45,  34440 }, // 幅
    { 0x5E55,  34481 }, // 幕
    { 0x5E63,  34522 }, // 幣
    { 0x5E72,  34563 }, // 干
    { 0x5E73,  34604 }, // 平
    { 0x5E74,  34645 }, // 年
    { 0x5E78,  34686 }, // 幸
    { 0x5E79,  34727 }, // 幹
    { 0x5E7B,  34768 }, // 幻
    { 0x5E7C,  34809 }, // 幼
    { 0x5E7D,  34850 }, // 幽
    { 0x5E7E,  34891 }, // 幾
    { 0x5E81,  34932 }, // 庁
    { 0x5E83,  34973 }, // 広
    { 0x5E8A,  35014 }, // 床
    { 0x5E8F,  35055 }, // 序
    { 0x5E95,  35096 }, // 底
    { 0x5E97,  35137 }, // 店
    { 0x5E9C,  35178 }, // 府
    { 0x5EA6,  35219 }, // 度
    { 0x5EA7,  35260 }, // 座
    { 0x5EAB,  35301 }, // 庫
    { 0x5EAD,  35342 }, // 庭
    { 0x5EB6,  35383 }, // 庶
    { 0x5EB7,  35424 }, // 康
    { 0x5EB8,  35465 }, // 庸
    { 0x5EC3,  35506 }, // 廃
    { 0x5EC9,  35547 }, // 廉
    { 0x5ECA,  35588 }, // 廊
    { 0x5EF6,  35629 }, // 延
    { 0x5EF7,  35670 }, // 廷
    { 0x5EFA,  35711 }, // 建
    { 0x5F01,  35752 }, // 弁
    { 0x5F04,  35793 }, // 弄
    { 0x5F0A,  35834 }, // 弊
    { 0x5F0F,  35875 }, // 式
    { 0x5F10,  35916 }, // 弐
    { 0x5F13,  35957 }, // 弓
    { 0x5F14,  35998 }, // 弔
    { 0x5F15,  36039 }, // 引
    { 0x5F1F,  36080 }, // 弟
    { 0x5F25,  36121 }, // 弥
    { 0x5F26,  36162 }, // 弦
    { 0x5F27,  36203 }, // 弧
    { 0x5F31,  36244 }, // 弱
    { 0x5F35,  36285 }, // 張
    { 0x5F37,  36326 }, // 強
    { 0x5F3E,  36367 }, // 弾
    { 0x5F53,  36408 }, // 当
    { 0x5F59,  36449 }, // 彙
    { 0x5F62,  36490 }, // 形
    { 0x5F69,  36531 }, // 彩
    { 0x5F6B,  36572 }, // 彫
    { 0x5F70,  36613 }, // 彰
    { 0x5F71,  36654 }, // 影
    { 0x5F79,  36695 }, // 役
    { 0x5F7C,  36736 }, // 彼
    { 0x5F80,  36777 }, // 往
    { 0x5F81,  36818 }, // 征
    { 0x5F84,  36859 }, // 径
    { 0x5F85,  36900 }, // 待
    { 0x5F8B,  36941 }, // 律
    { 0x5F8C,  36982 }, // 後
    { 0x5F90,  37023 }, // 徐
    { 0x5F92,  37064 }, // 徒
    { 0x5F93,  37105 }, // 従
    { 0x5F97,  37146 }, // 得
    { 0x5FA1,  37187 }, // 御
    { 0x5FA9,  37228 }, // 復
    { 0x5FAA,  37269 }, // 循
    { 0x5FAE,  37310 }, // 微
    { 0x5FB3,  37351 }, // 徳
    { 0x5FB4,  37392 }, // 徴
    { 0x5FB9,  37433 }, // 徹
    { 0x5FC3,  37474 }, // 心
    { 0x5FC5,  37515 }, // 必
    { 0x5FCC,  37556 }, // 忌
    { 0x5FCD,  37597 }, // 忍
    { 0x5FD7,  37638 }, // 志
    { 0x5FD8,  37679 }, // 忘
    { 0x5FD9,  37720 }, // 忙
    { 0x5FDC,  37761 }, // 応
    { 0x5FE0,  37802 }, // 忠
    { 0x5FEB,  37843 }, // 快
    { 0x5FF5,  37884 }, // 念
    { 0x6012,  37925 }, // 怒
    { 0x6016,  37966 }, // 怖
    { 0x601D,  38007 }, // 思
    { 0x6020,  38048 }, // 怠
    { 0x6025,  38089 }, // 急
    { 0x6027,  38130 }, // 性
    { 0x6028,  38171 }, // 怨
    { 0x602A,  38212 }, // 怪
    { 0x604B,  38253 }, // 恋
    { 0x6050,  38294 }, // 恐
    { 0x6052,  38335 }, // 恒
    { 0x6063,  38376 }, // 恣
    { 0x6065,  38417 }, // 恥
    { 0x6068,  38458 }, // 恨
    { 0x6069,  38499 }, // 恩
    { 0x606D,  38540 }, // 恭
    { 0x606F,  38581 }, // 息
    { 0x6075,  38622 }, // 恵
    { 0x6094,  38663 }, // 悔
    { 0x609F,  38704 }, // 悟
    { 0x60A0,  38745 }, // 悠
    { 0x60A3,  38786 }, // 患
    { 0x60A6,  38827 }, // 悦
    { 0x60A9,  38868 }, // 悩
    { 0x60AA,  38909 }, // 悪
    { 0x60B2,  38950 }, // 悲
    { 0x60BC,  38991 }, // 悼
    { 0x60C5,  39032 }, // 情
    { 0x60D1,  39073 }, // 惑
    { 0x60DC,  39114 }, // 惜
    { 0x60E7,  39155 }, // 惧
    { 0x60E8,  39196 }, // 惨
    { 0x60F0,  39237 }, // 惰
    { 0x60F3,  39278 }, // 想
    { 0x6101,  39319 }, // 愁
    { 0x6109,  39360 }, // 愉
    { 0x610F,  39401 }, // 意
    { 0x611A,  39442 }, // 愚
    { 0x611B,  39483 }, // 愛
    { 0x611F,  39524 }, // 感
    { 0x6144,  39565 }, // 慄
    { 0x6148,  39606 }, // 慈
    { 0x614B,  39647 }, // 態
    { 0x614C,  39688 }, // 慌
    { 0x614E,  39729 }, // 慎
    { 0x6155,  39770 }, // 慕
    { 0x6162,  39811 }, // 慢
    { 0x6163,  39852 }, // 慣
    { 0x6168,  39893 }, // 慨
    { 0x616E,  39934 }, // 慮
    { 0x6170,  39975 }, // 慰
    { 0x6176,  40016 }, // 慶
    { 0x6182,  40057 }, // 憂
    { 0x618E,  40098 }, // 憎
    { 0x61A4,  40139 }, // 憤
    { 0x61A7,  40180 }, // 憧
    { 0x61A9,  40221 }, // 憩
    { 0x61AC,  40262 }, // 憬
    { 0x61B2,  40303 }, // 憲
    { 0x61B6,  40344 }, // 憶
    { 0x61BE,  40385 }, // 憾
    { 0x61C7,  40426 }, // 懇
    { 0x61D0,  40467 }, // 懐
    { 0x61F2,  40508 }, // 懲
    { 0x61F8,  40549 }, // 懸
    { 0x6210,  40590 }, // 成
    { 0x6211,  40631 }, // 我
    { 0x6212,  40672 }, // 戒
    { 0x621A,  40713 }, // 戚
    { 0x6226,  40754 }, // 戦
    { 0x622F,  40795 }, // 戯
    { 0x6234,  40836 }, // 戴
    { 0x6238,  40877 }, // 戸
    { 0x623B,  40918 }, // 戻
    { 0x623F,  40959 }, // 房
    { 0x6240,  41000 }, // 所
    { 0x6247,  41041 }, // 扇
    { 0x6249,  41082 }, // 扉
    { 0x624B,  41123 }, // 手
    { 0x624D,  41164 }, // 才
    { 0x6253,  41205 }, // 打
    { 0x6255,  41246 }, // 払
    { 0x6271,  41287 }, // 扱
    { 0x6276,  41328 }, // 扶
    { 0x6279,  41369 }, // 批
    { 0x627F,  41410 }, // 承
    { 0x6280,  41451 }, // 技
    { 0x6284,  41492 }, // 抄
    { 0x628A,  41533 }, // 把
    { 0x6291,  41574 }, // 抑
    { 0x6295,  41615 }, // 投
    { 0x6297,  41656 }, // 抗
    { 0x6298,  41697 }, // 折
    { 0x629C,  41738 }, // 抜
    { 0x629E,  41779 }, // 択
    { 0x62AB,  41820 }, // 披
    { 0x62B1,  41861 }, // 抱
    { 0x62B5,  41902 }, // 抵
    { 0x62B9,  41943 }, // 抹
    { 0x62BC,  41984 }, // 押
    { 0x62BD,  42025 }, // 抽
    { 0x62C5,  42066 }, // 担
    { 0x62C9,  42107 }, // 拉
    { 0x62CD,  42148 }, // 拍
    { 0x62D0,  42189 }, // 拐
    { 0x62D2,  42230 }, // 拒
    { 0x62D3,  42271 }, // 拓
    { 0x62D8,  42312 }, // 拘
    { 0x62D9,  42353 }, // 拙
    { 0x62DB,  42394 }, // 招
    { 0x62DD,  42435 }, // 拝
    { 0x62E0,  42476 }, // 拠
    { 0x62E1,  42517 }, // 拡
    { 0x62EC,  42558 }, // 括
    { 0x62ED,  42599 }, // 拭
    { 0x62F3,  42640 }, // 拳
    { 0x62F6,  42681 }, // 拶
    { 0x62F7,  42722 }, // 拷
    { 0x62FE,  42763 }, // 拾
    { 0x6301,  42804 }, // 持
    { 0x6307,  42845 }, // 指
    { 0x6311,  42886 }, // 挑
    { 0x6319,  42927 }, // 挙
    { 0x631F,  42968 }, // 挟
    { 0x6328,  43009 }, // 挨
    { 0x632B,  43050 }, // 挫
    { 0x632F,  43091 }, // 振
    { 0x633F,  43132 }, // 挿
    { 0x6349,  43173 }, // 捉
    { 0x6355,  43214 }, // 捕
    { 0x6357,  43255 }, // 捗
    { 0x635C,  43296 }, // 捜
    { 0x6368,  43337 }, // 捨
    { 0x636E,  43378 }, // 据
    { 0x637B,  43419 }, // 捻
    { 0x6383,  43460 }, // 掃
    { 0x6388,  43501 }, // 授
    { 0x638C,  43542 }, // 掌
    { 0x6392,  43583 }, // 排
    { 0x6398,  43624 }, // 掘
    { 0x639B,  43665 }, // 掛
    { 0x63A1,  43706 }, // 採
    { 0x63A2,  43747 }, // 探
    { 0x63A5,  43788 }, // 接
    { 0x63A7,  43829 }, // 控
    { 0x63A8,  43870 }, // 推
    { 0x63AA,  43911 }, // 措
    { 0x63B2,  43952 }, // 掲
    { 0x63CF,  43993 }, // 描
    { 0x63D0,  44034 }, // 提
    { 0x63DA,  44075 }, // 揚
    { 0x63DB,  44116 }, // 換
    { 0x63E1,  44157 }, // 握
    { 0x63EE,  44198 }, // 揮
    { 0x63F4,  44239 }, // 援
    { 0x63FA,  44280 }, // 揺
    { 0x640D,  44321 }, // 損
    { 0x642C,  44362 }, // 搬
    { 0x642D,  44403 }, // 搭
    { 0x643A,  44444 }, // 携
    { 0x643E,  44485 }, // 搾
    { 0x6442,  44526 }, // 摂
    { 0x6458,  44567 }, // 摘
    { 0x6469,  44608 }, // 摩
    { 0x646F,  44649 }, // 摯
    { 0x6483,  44690 }, // 撃
    { 0x64A4,  44731 }, // 撤
    { 0x64AE,  44772 }, // 撮
    { 0x64B2,  44813 }, // 撲
    { 0x64C1,  44854 }, // 擁
    { 0x64CD,  44895 }, // 操
    { 0x64E6,  44936 }, // 擦
    { 0x64EC,  44977 }, // 擬
    { 0x652F,  45018 }, // 支
    { 0x6539,  45059 }, // 改
    { 0x653B,  45100 }, // 攻
    { 0x653E,  45141 }, // 放
    { 0x653F,  45182 }, // 政
    { 0x6545,  45223 }, // 故
    { 0x654F,  45264 }, // 敏
    { 0x6551,  45305 }, // 救
    { 0x6557,  45346 }, // 敗
    { 0x6559,  45387 }, // 教
    { 0x6562,  45428 }, // 敢
    { 0x6563,  45469 }, // 散
    { 0x656C,  45510 }, // 敬
    { 0x6570,  45551 }, // 数
    { 0x6574,  45592 }, // 整
    { 0x6575,  45633 }, // 敵
    { 0x6577,  45674 }, // 敷
    { 0x6587,  45715 }, // 文
    { 0x6589,  45756 }, // 斉
    { 0x658E,  45797 }, // 斎
    { 0x6591,  45838 }, // 斑
    { 0x6597,  45879 }, // 斗
    { 0x6599,  45920 }, // 料
    { 0x659C,  45961 }, // 斜
    { 0x65A4,  46002 }, // 斤
    { 0x65A5,  46043 }, // 斥
    { 0x65AC,  46084 }, // 斬
    { 0x65AD,  46125 }, // 断
    { 0x65B0,  46166 }, // 新
    { 0x65B9,  46207 }, // 方
    { 0x65BD,  46248 }, // 施
    { 0x65C5,  46289 }, // 旅
    { 0x65CB,  46330 }, // 旋
    { 0x65CF,  46371 }, // 族
    { 0x65D7,  46412 }, // 旗
    { 0x65E2,  46453 }, // 既
    { 0x65E5,  46494 }, // 日
    { 0x65E6,  46535 }, // 旦
    { 0x65E7,  46576 }, // 旧
    { 0x65E8,  46617 }, // 旨
    { 0x65E9,  46658 }, // 早
    { 0x65EC,  46699 }, // 旬
    { 0x65FA,  46740 }, // 旺
    { 0x6606,  46781 }, // 昆
    { 0x6607,  46822 }, // 昇
    { 0x660E,  46863 }, // 明
    { 0x6613,  46904 }, // 易
    { 0x6614,  46945 }, // 昔
    { 0x661F,  46986 }, // 星
    { 0x6620,  47027 }, // 映
    { 0x6625,  47068 }, // 春
    { 0x6627,  47109 }, // 昧
    { 0x6628,  47150 }, // 昨
    { 0x662D,  47191 }, // 昭
    { 0x662F,  47232 }, // 是
    { 0x663C,  47273 }, // 昼
    { 0x6642,  47314 }, // 時
    { 0x6669,  47355 }, // 晩
    { 0x666E,  47396 }, // 普
    { 0x666F,  47437 }, // 景
    { 0x6674,  47478 }, // 晴
    { 0x6676,  47519 }, // 晶
    { 0x6681,  47560 }, // 暁
    { 0x6687,  47601 }, // 暇
    { 0x6691,  47642 }, // 暑
    { 0x6696,  47683 }, // 暖
    { 0x6697,  47724 }, // 暗
    { 0x66A6,  47765 }, // 暦
    { 0x66AB,  47806 }, // 暫
    { 0x66AE,  47847 }, // 暮
    { 0x66B4,  47888 }, // 暴
    { 0x66C7,  47929 }, // 曇
    { 0x66D6,  47970 }, // 曖
    { 0x66DC,  48011 }, // 曜
    { 0x66F2,  48052 }, // 曲
    { 0x66F4,  48093 }, // 更
    { 0x66F8,  48134 }, // 書
    { 0x66F9,  48175 }, // 曹
    { 0x66FD,  48216 }, // 曽
    { 0x66FF,  48257 }, // 替
    { 0x6700,  48298 }, // 最
    { 0x6708,  48339 }, // 月
    { 0x6709,  48380 }, // 有
    { 0x670D,  48421 }, // 服
    { 0x6715,  48462 }, // 朕
    { 0x6717,  48503 }, // 朗
    { 0x671B,  48544 }, // 望
    { 0x671D,  48585 }, // 朝
    { 0x671F,  48626 }, // 期
    { 0x6728,  48667 }, // 木
    { 0x672A,  48708 }, // 未
    { 0x672B,  48749 }, // 末
    { 0x672C,  48790 }, // 本
    { 0x672D,  48831 }, // 札
    { 0x6731,  48872 }, // 朱
    { 0x6734,  48913 }, // 朴
    { 0x673A,  48954 }, // 机
    { 0x673D,  48995 }, // 朽
    { 0x6749,  49036 }, // 杉
    { 0x6750,  49077 }, // 材
    { 0x6751,  49118 }, // 村
    { 0x675F,  49159 }, // 束
    { 0x6761,  49200 }, // 条
    { 0x6765,  49241 }, // 来
    { 0x676F,  49282 }, // 杯
    { 0x6771,  49323 }, // 東
    { 0x677E,  49364 }, // 松
    { 0x677F,  49405 }, // 板
    { 0x6790,  49446 }, // 析
    { 0x6795,  49487 }, // 枕
    { 0x6797,  49528 }, // 林
    { 0x679A,  49569 }, // 枚
    { 0x679C,  49610 }, // 果
    { 0x679D,  49651 }, // 枝
    { 0x67A0,  49692 }, // 枠
    { 0x67A2,  49733 }, // 枢
    { 0x67AF,  49774 }, // 枯
    { 0x67B6,  49815 }, // 架
    { 0x67C4,  49856 }, // 柄
    { 0x67D0,  49897 }, // 某
    { 0x67D3,  49938 }, // 染
    { 0x67D4,  49979 }, // 柔
    { 0x67F1,  50020 }, // 柱
    { 0x67F3,  50061 }, // 柳
    { 0x67F5,  50102 }, // 柵
    { 0x67FB,  50143 }, // 査
    { 0x67FF,  50184 }, // 柿
    { 0x6803,  50225 }, // 栃
    { 0x6804,  50266 }, // 栄
    { 0x6813,  50307 }, // 栓
    { 0x6821,  50348 }, // 校
    { 0x682A,  50389 }, // 株
    { 0x6838,  50430 }, // 核
    { 0x6839,  50471 }, // 根
    { 0x683C,  50512 }, // 格
    { 0x683D,  50553 }, // 栽
    { 0x6841,  50594 }, // 桁
    { 0x6843,  50635 }, // 桃
    { 0x6848,  50676 }, // 案
    { 0x6851,  50717 }, // 桑
    { 0x685C,  50758 }, // 桜
    { 0x685F,  50799 }, // 桟
    { 0x6885,  50840 }, // 梅
    { 0x6897,  50881 }, // 梗
    { 0x68A8,  50922 }, // 梨
    { 0x68B0,  50963 }, // 械
    { 0x68C4,  51004 }, // 棄
    { 0x68CB,  51045 }, // 棋
    { 0x68D2,  51086 }, // 棒
    { 0x68DA,  51127 }, // 棚
    { 0x68DF,  51168 }, // 棟
    { 0x68EE,  51209 }, // 森
    { 0x68FA,  51250 }, // 棺
    { 0x6905,  51291 }, // 椅
    { 0x690D,  51332 }, // 植
    { 0x690E,  51373 }, // 椎
    { 0x691C,  51414 }, // 検
    { 0x696D,  51455 }, // 業
    { 0x6975,  51496 }, // 極
    { 0x6977,  51537 }, // 楷
    { 0x697C,  51578 }, // 楼
    { 0x697D,  51619 }, // 楽
    { 0x6982,  51660 }, // 概
    { 0x69CB,  51701 }, // 構
    { 0x69D8,  51742 }, // 様
    { 0x69FD,  51783 }, // 槽
    { 0x6A19,  51824 }, // 標
    { 0x6A21,  51865 }, // 模
    { 0x6A29,  51906 }, // 権
    { 0x6A2A,  51947 }, // 横
    { 0x6A39,  51988 }, // 樹
    { 0x6A4B,  52029 }, // 橋
    { 0x6A5F,  52070 }, // 機
    { 0x6B04,  52111 }, // 欄
    { 0x6B20,  52152 }, // 欠
    { 0x6B21,  52193 }, // 次
    { 0x6B27,  52234 }, // 欧
    { 0x6B32,  52275 }, // 欲
    { 0x6B3A,  52316 }, // 欺
    { 0x6B3E,  52357 }, // 款
    { 0x6B4C,  52398 }, // 歌
    { 0x6B53,  52439 }, // 歓
    { 0x6B62,  52480 }, // 止
    { 0x6B63,  52521 }, // 正
    { 0x6B66,  52562 }, // 武
    { 0x6B69,  52603 }, // 歩
    { 0x6B6F,  52644 }, // 歯
    { 0x6B73,  52685 }, // 歳
    { 0x6B74,  52726 }, // 歴
    { 0x6B7B,  52767 }, // 死
    { 0x6B89,  52808 }, // 殉
    { 0x6B8A,  52849 }, // 殊
    { 0x6B8B,  52890 }, // 残
    { 0x6B96,  52931 }, // 殖
    { 0x6BB4,  52972 }, // 殴
    { 0x6BB5,  53013 }, // 段
    { 0x6BBA,  53054 }, // 殺
    { 0x6BBB,  53095 }, // 殻
    { 0x6BBF,  53136 }, // 殿
    { 0x6BC0,  53177 }, // 毀
    { 0x6BCD,  53218 }, // 母
    { 0x6BCE,  53259 }, // 毎
    { 0x6BD2,  53300 }, // 毒
    { 0x6BD4,  53341 }, // 比
    { 0x6BDB,  53382 }, // 毛
    { 0x6C0F,  53423 }, // 氏
    { 0x6C11,  53464 }, // 民
    { 0x6C17,  53505 }, // 気
    { 0x6C34,  53546 }, // 水
    { 0x6C37,  53587 }, // 氷
    { 0x6C38,  53628 }, // 永
    { 0x6C3E,  53669 }, // 氾
    { 0x6C41,  53710 }, // 汁
    { 0x6C42,  53751 }, // 求
    { 0x6C4E,  53792 }, // 汎
    { 0x6C57,  53833 }, // 汗
    { 0x6C5A,  53874 }, // 汚
    { 0x6C5F,  53915 }, // 江
    { 0x6C60,  53956 }, // 池
    { 0x6C70,  53997 }, // 汰
    { 0x6C7A,  54038 }, // 決
    { 0x6C7D,  54079 }, // 汽
    { 0x6C83,  54120 }, // 沃
    { 0x6C88,  54161 }, // 沈
    { 0x6C96,  54202 }, // 沖
    { 0x6C99,  54243 }, // 沙
    { 0x6CA1,  54284 }, // 没
    { 0x6CA2,  54325 }, // 沢
    { 0x6CB3,  54366 }, // 河
    { 0x6CB8,  54407 }, // 沸
    { 0x6CB9,  54448 }, // 油
    { 0x6CBB,  54489 }, // 治
    { 0x6CBC,  54530 }, // 沼
    { 0x6CBF,  54571 }, // 沿
    { 0x6CC1,  54612 }, // 況
    { 0x6CC9,  54653 }, // 泉
    { 0x6CCA,  54694 }, // 泊
    { 0x6CCC,  54735 }, // 泌
    { 0x6CD5,  54776 }, // 法
    { 0x6CE1,  54817 }, // 泡
    { 0x6CE2,  54858 }, // 波
    { 0x6CE3,  54899 }, // 泣
    { 0x6CE5,  54940 }, // 泥
    { 0x6CE8,  54981 }, // 注
    { 0x6CF0,  55022 }, // 泰
    { 0x6CF3,  55063 }, // 泳
    { 0x6D0B,  55104 }, // 洋
    { 0x6D17,  55145 }, // 洗
    { 0x6D1E,  55186 }, // 洞
    { 0x6D25,  55227 }, // 津
    { 0x6D2A,  55268 }, // 洪
    { 0x6D3B,  55309 }, // 活
    { 0x6D3E,  55350 }, // 派
    { 0x6D41,  55391 }, // 流
    { 0x6D44,  55432 }, // 浄
    { 0x6D45,  55473 }, // 浅
    { 0x6D5C,  55514 }, // 浜
    { 0x6D66,  55555 }, // 浦
    { 0x6D6A,  55596 }, // 浪
    { 0x6D6E,  55637 }, // 浮
    { 0x6D74,  55678 }, // 浴
    { 0x6D77,  55719 }, // 海
    { 0x6D78,  55760 }, // 浸
    { 0x6D88,  55801 }, // 消
    { 0x6D99,  55842 }, // 涙
    { 0x6DAF,  55883 }, // 涯
    { 0x6DB2,  55924 }, // 液
    { 0x6DBC,  55965 }, // 涼
    { 0x6DD1,  56006 }, // 淑
    { 0x6DE1,  56047 }, // 淡
    { 0x6DEB,  56088 }, // 淫
    { 0x6DF1,  56129 }, // 深
    { 0x6DF7,  56170 }, // 混
    { 0x6DFB,  56211 }, // 添
    { 0x6E05,  56252 }, // 清
    { 0x6E07,  56293 }, // 渇
    { 0x6E08,  56334 }, // 済
    { 0x6E09,  56375 }, // 渉
    { 0x6E0B,  56416 }, // 渋
    { 0x6E13,  56457 }, // 渓
    { 0x6E1B,  56498 }, // 減
    { 0x6E21,  56539 }, // 渡
    { 0x6E26,  56580 }, // 渦
    { 0x6E29,  56621 }, // 温
    { 0x6E2C,  56662 }, // 測
    { 0x6E2F,  56703 }, // 港
    { 0x6E56,  56744 }, // 湖
    { 0x6E67,  56785 }, // 湧
    { 0x6E6F,  56826 }, // 湯
    { 0x6E7E,  56867 }, // 湾
    { 0x6E7F,  56908 }, // 湿
    { 0x6E80,  56949 }, // 満
    { 0x6E90,  56990 }, // 源
    { 0x6E96,  57031 }, // 準
    { 0x6E9D,  57072 }, // 溝
    { 0x6EB6,  57113 }, // 溶
    { 0x6EBA,  57154 }, // 溺
    { 0x6EC5,  57195 }, // 滅
    { 0x6ECB,  57236 }, // 滋
    { 0x6ED1,  57277 }, // 滑
    { 0x6EDD,  57318 }, // 滝
    { 0x6EDE,  57359 }, // 滞
    { 0x6EF4,  57400 }, // 滴
    { 0x6F01,  57441 }, // 漁
    { 0x6F02,  57482 }, // 漂
    { 0x6F06,  57523 }, // 漆
    { 0x6F0F,  57564 }, // 漏
    { 0x6F14,  57605 }, // 演
    { 0x6F20,  57646 }, // 漠
    { 0x6F22,  57687 }, // 漢
    { 0x6F2B,  57728 }, // 漫
    { 0x6F2C,  57769 }, // 漬
    { 0x6F38,  57810 }, // 漸
    { 0x6F54,  57851 }, // 潔
    { 0x6F5C,  57892 }, // 潜
    { 0x6F5F,  57933 }, // 潟
    { 0x6F64,  57974 }, // 潤
    { 0x6F6E,  58015 }, // 潮
    { 0x6F70,  58056 }, // 潰
    { 0x6F84,  58097 }, // 澄
    { 0x6FC0,  58138 }, // 激
    { 0x6FC1,  58179 }, // 濁
    { 0x6FC3,  58220 }, // 濃
    { 0x6FEB,  58261 }, // 濫
    { 0x6FEF,  58302 }, // 濯
    { 0x702C,  58343 }, // 瀬
    { 0x706B,  58384 }, // 火
    { 0x706F,  58425 }, // 灯
    { 0x7070,  58466 }, // 灰
    { 0x707D,  58507 }, // 災
    { 0x7089,  58548 }, // 炉
    { 0x708A,  58589 }, // 炊
    { 0x708E,  58630 }, // 炎
    { 0x70AD,  58671 }, // 炭
    { 0x70B9,  58712 }, // 点
    { 0x70BA,  58753 }, // 為
    { 0x70C8,  58794 }, // 烈
    { 0x7121,  58835 }, // 無
    { 0x7126,  58876 }, // 焦
    { 0x7136,  58917 }, // 然
    { 0x713C,  58958 }, // 焼
    { 0x714E,  58999 }, // 煎
    { 0x7159,  59040 }, // 煙
    { 0x7167,  59081 }, // 照
    { 0x7169,  59122 }, // 煩
    { 0x716E,  59163 }, // 煮
    { 0x718A,  59204 }, // 熊
    { 0x719F,  59245 }, // 熟
    { 0x71B1,  59286 }, // 熱
    { 0x71C3,  59327 }, // 燃
    { 0x71E5,  59368 }, // 燥
    { 0x7206,  59409 }, // 爆
    { 0x722A,  59450 }, // 爪
    { 0x7235,  59491 }, // 爵
    { 0x7236,  59532 }, // 父
    { 0x723D,  59573 }, // 爽
    { 0x7247,  59614 }, // 片
    { 0x7248,  59655 }, // 版
    { 0x7259,  59696 }, // 牙
    { 0x725B,  59737 }, // 牛
    { 0x7267,  59778 }, // 牧
    { 0x7269,  59819 }, // 物
    { 0x7272,  59860 }, // 牲
    { 0x7279,  59901 }, // 特
    { 0x72A0,  59942 }, // 犠
    { 0x72AC,  59983 }, // 犬
    { 0x72AF,  60024 }, // 犯
    { 0x72B6,  60065 }, // 状
    { 0x72C2,  60106 }, // 狂
    { 0x72D9,  60147 }, // 狙
    { 0x72E9,  60188 }, // 狩
    { 0x72EC,  60229 }, // 独
    { 0x72ED,  60270 }, // 狭
    { 0x731B,  60311 }, // 猛
    { 0x731F,  60352 }, // 猟
    { 0x732B,  60393 }, // 猫
    { 0x732E,  60434 }, // 献
    { 0x7336,  60475 }, // 猶
    { 0x733F,  60516 }, // 猿
    { 0x7344,  60557 }, // 獄
    { 0x7363,  60598 }, // 獣
    { 0x7372,  60639 }, // 獲
    { 0x7384,  60680 }, // 玄
    { 0x7387,  60721 }, // 率
    { 0x7389,  60762 }, // 玉
    { 0x738B,  60803 }, // 王
    { 0x73A9,  60844 }, // 玩
    { 0x73CD,  60885 }, // 珍
    { 0x73E0,  60926 }, // 珠
    { 0x73ED,  60967 }, // 班
    { 0x73FE,  61008 }, // 現
    { 0x7403,  61049 }, // 球
    { 0x7406,  61090 }, // 理
    { 0x7434,  61131 }, // 琴
    { 0x7460,  61172 }, // 瑠
    { 0x7483,  61213 }, // 璃
    { 0x74A7,  61254 }, // 璧
    { 0x74B0,  61295 }, // 環
    { 0x74BD,  61336 }, // 璽
    { 0x74E6,  61377 }, // 瓦
    { 0x74F6,  61418 }, // 瓶
    { 0x7518,  61459 }, // 甘
    { 0x751A,  61500 }, // 甚
    { 0x751F,  61541 }, // 生
    { 0x7523,  61582 }, // 産
    { 0x7528,  61623 }, // 用
    { 0x7530,  61664 }, // 田
    { 0x7531,  61705 }, // 由
    { 0x7532,  61746 }, // 甲
    { 0x7533,  61787 }, // 申
    { 0x7537,  61828 }, // 男
    { 0x753A,  61869 }, // 町
    { 0x753B,  61910 }, // 画
    { 0x754C,  61951 }, // 界
    { 0x754F,  61992 }, // 畏
    { 0x7551,  62033 }, // 畑
    { 0x7554,  62074 }, // 畔
    { 0x7559,  62115 }, // 留
    { 0x755C,  62156 }, // 畜
    { 0x755D,  62197 }, // 畝
    { 0x7565,  62238 }, // 略
    { 0x756A,  62279 }, // 番
    { 0x7570,  62320 }, // 異
    { 0x7573,  62361 }, // 畳
    { 0x757F,  62402 }, // 畿
    { 0x758E,  62443 }, // 疎
    { 0x7591,  62484 }, // 疑
    { 0x75AB,  62525 }, // 疫
    { 0x75B2,  62566 }, // 疲
    { 0x75BE,  62607 }, // 疾
    { 0x75C5,  62648 }, // 病
    { 0x75C7,  62689 }, // 症
    { 0x75D5,  62730 }, // 痕
    { 0x75D8,  62771 }, // 痘
    { 0x75DB,  62812 }, // 痛
    { 0x75E2,  62853 }, // 痢
    { 0x75E9,  62894 }, // 痩
    { 0x75F4,  62935 }, // 痴
    { 0x760D,  62976 }, // 瘍
    { 0x7642,  63017 }, // 療
    { 0x7652,  63058 }, // 癒
    { 0x7656,  63099 }, // 癖
    { 0x767A,  63140 }, // 発
    { 0x767B,  63181 }, // 登
    { 0x767D,  63222 }, // 白
    { 0x767E,  63263 }, // 百
    { 0x7684,  63304 }, // 的
    { 0x7686,  63345 }, // 皆
    { 0x7687,  63386 }, // 皇
    { 0x76AE,  63427 }, // 皮
    { 0x76BF,  63468 }, // 皿
    { 0x76C6,  63509 }, // 盆
    { 0x76CA,  63550 }, // 益
    { 0x76D7,  63591 }, // 盗
    { 0x76DB,  63632 }, // 盛
    { 0x76DF,  63673 }, // 盟
    { 0x76E3,  63714 }, // 監
    { 0x76E4,  63755 }, // 盤
    { 0x76EE,  63796 }, // 目
    { 0x76F2,  63837 }, // 盲
    { 0x76F4,  63878 }, // 直
    { 0x76F8,  63919 }, // 相
    { 0x76FE,  63960 }, // 盾
    { 0x7701,  64001 }, // 省
    { 0x7709,  64042 }, // 眉
    { 0x770B,  64083 }, // 看
    { 0x770C,  64124 }, // 県
    { 0x771F,  64165 }, // 真
    { 0x7720,  64206 }, // 眠
    { 0x773A,  64247 }, // 眺
    { 0x773C,  64288 }, // 眼
    { 0x7740,  64329 }, // 着
    { 0x7761,  64370 }, // 睡
    { 0x7763,  64411 }, // 督
    { 0x7766,  64452 }, // 睦
    { 0x77AC,  64493 }, // 瞬
    { 0x77AD,  64534 }, // 瞭
    { 0x77B3,  64575 }, // 瞳
    { 0x77DB,  64616 }, // 矛
    { 0x77E2,  64657 }, // 矢
    { 0x77E5,  64698 }, // 知
    { 0x77ED,  64739 }, // 短
    { 0x77EF,  64780 }, // 矯
    { 0x77F3,  64821 }, // 石
    { 0x7802,  64862 }, // 砂
    { 0x7814,  64903 }, // 研
    { 0x7815,  64944 }, // 砕
    { 0x7832,  64985 }, // 砲
    { 0x7834,  65026 }, // 破
    { 0x785D,  65067 }, // 硝
    { 0x786B,  65108 }, // 硫
    { 0x786C,  65149 }, // 硬
    { 0x7881,  65190 }, // 碁
    { 0x7891,  65231 }, // 碑
    { 0x78BA,  65272 }, // 確
    { 0x78C1,  65313 }, // 磁
    { 0x78E8,  65354 }, // 磨
    { 0x7901,  65395 }, // 礁
    { 0x790E,  65436 }, // 礎
    { 0x793A,  65477 }, // 示
    { 0x793C,  65518 }, // 礼
    { 0x793E,  65559 }, // 社
    { 0x7948,  65600 }, // 祈
    { 0x7949,  65641 }, // 祉
    { 0x7956,  65682 }, // 祖
    { 0x795D,  65723 }, // 祝
    { 0x795E,  65764 }, // 神
    { 0x7965,  65805 }, // 祥
    { 0x7968,  65846 }, // 票
    { 0x796D,  65887 }, // 祭
    { 0x7981,  65928 }, // 禁
    { 0x7985,  65969 }, // 禅
    { 0x798D,  66010 }, // 禍
    { 0x798F,  66051 }, // 福
    { 0x79C0,  66092 }, // 秀
    { 0x79C1,  66133 }, // 私
    { 0x79CB,  66174 }, // 秋
    { 0x79D1,  66215 }, // 科
    { 0x79D2,  66256 }, // 秒
    { 0x79D8,  66297 }, // 秘
    { 0x79DF,  66338 }, // 租
    { 0x79E9,  66379 }, // 秩
    { 0x79F0,  66420 }, // 称
    { 0x79FB,  66461 }, // 移
    { 0x7A0B,  66502 }, // 程
    { 0x7A0E,  66543 }, // 税
    { 0x7A1A,  66584 }, // 稚
    { 0x7A2E,  66625 }, // 種
    { 0x7A32,  66666 }, // 稲
    { 0x7A3C,  66707 }, // 稼
    { 0x7A3D,  66748 }, // 稽
    { 0x7A3F,  66789 }, // 稿
    { 0x7A40,  66830 }, // 穀
    { 0x7A42,  66871 }, // 穂
    { 0x7A4D,  66912 }, // 積
    { 0x7A4F,  66953 }, // 穏
    { 0x7A6B,  66994 }, // 穫
    { 0x7A74,  67035 }, // 穴
    { 0x7A76,  67076 }, // 究
    { 0x7A7A,  67117 }, // 空
    { 0x7A81,  67158 }, // 突
    { 0x7A83,  67199 }, // 窃
    { 0x7A92,  67240 }, // 窒
    { 0x7A93,  67281 }, // 窓
    { 0x7A9F,  67322 }, // 窟
    { 0x7AAE,  67363 }, // 窮
    { 0x7AAF,  67404 }, // 窯
    { 0x7ACB,  67445 }, // 立
    { 0x7ADC,  67486 }, // 竜
    { 0x7AE0,  67527 }, // 章
    { 0x7AE5,  67568 }, // 童
    { 0x7AEF,  67609 }, // 端
    { 0x7AF6,  67650 }, // 競
    { 0x7AF9,  67691 }, // 竹
    { 0x7B11,  67732 }, // 笑
    { 0x7B1B,  67773 }, // 笛
    { 0x7B26,  67814 }, // 符
    { 0x7B2C,  67855 }, // 第
    { 0x7B46,  67896 }, // 筆
    { 0x7B49,  67937 }, // 等
    { 0x7B4B,  67978 }, // 筋
    { 0x7B52,  68019 }, // 筒
    { 0x7B54,  68060 }, // 答
    { 0x7B56,  68101 }, // 策
    { 0x7B87,  68142 }, // 箇
    { 0x7B8B,  68183 }, // 箋
    { 0x7B97,  68224 }, // 算
    { 0x7BA1,  68265 }, // 管
    { 0x7BB1,  68306 }, // 箱
    { 0x7BB8,  68347 }, // 箸
    { 0x7BC0,  68388 }, // 節
    { 0x7BC4,  68429 }, // 範
    { 0x7BC9,  68470 }, // 築
    { 0x7BE4,  68511 }, // 篤
    { 0x7C21,  68552 }, // 簡
    { 0x7C3F,  68593 }, // 簿
    { 0x7C4D,  68634 }, // 籍
    { 0x7C60,  68675 }, // 籠
    { 0x7C73,  68716 }, // 米
    { 0x7C89,  68757 }, // 粉
    { 0x7C8B,  68798 }, // 粋
    { 0x7C92,  68839 }, // 粒
    { 0x7C97,  68880 }, // 粗
    { 0x7C98,  68921 }, // 粘
    { 0x7C9B,  68962 }, // 粛
    { 0x7CA7,  69003 }, // 粧
    { 0x7CBE,  69044 }, // 精
    { 0x7CD6,  69085 }, // 糖
    { 0x7CE7,  69126 }, // 糧
    { 0x7CF8,  69167 }, // 糸
    { 0x7CFB,  69208 }, // 系
    { 0x7CFE,  69249 }, // 糾
    { 0x7D00,  69290 }, // 紀
    { 0x7D04,  69331 }, // 約
    { 0x7D05,  69372 }, // 紅
    { 0x7D0B,  69413 }, // 紋
    { 0x7D0D,  69454 }, // 納
    { 0x7D14,  69495 }, // 純
    { 0x7D19,  69536 }, // 紙
    { 0x7D1A,  69577 }, // 級
    { 0x7D1B,  69618 }, // 紛
    { 0x7D20,  69659 }, // 素
    { 0x7D21,  69700 }, // 紡
    { 0x7D22,  69741 }, // 索
    { 0x7D2B,  69782 }, // 紫
    { 0x7D2F,  69823 }, // 累
    { 0x7D30,  69864 }, // 細
    { 0x7D33,  69905 }, // 紳
    { 0x7D39,  69946 }, // 紹
    { 0x7D3A,  69987 }, // 紺
    { 0x7D42,  70028 }, // 終
    { 0x7D44,  70069 }, // 組
    { 0x7D4C,  70110 }, // 経
    { 0x7D50,  70151 }, // 結
    { 0x7D5E,  70192 }, // 絞
    { 0x7D61,  70233 }, // 絡
    { 0x7D66,  70274 }, // 給
    { 0x7D71,  70315 }, // 統
    { 0x7D75,  70356 }, // 絵
    { 0x7D76,  70397 }, // 絶
    { 0x7D79,  70438 }, // 絹
    { 0x7D99,  70479 }, // 継
    { 0x7D9A,  70520 }, // 続
    { 0x7DAD,  70561 }, // 維
    { 0x7DB1,  70602 }, // 綱
    { 0x7DB2,  70643 }, // 網
    { 0x7DBB,  70684 }, // 綻
    { 0x7DBF,  70725 }, // 綿
    { 0x7DCA,  70766 }, // 緊
    { 0x7DCF,  70807 }, // 総
    { 0x7DD1,  70848 }, // 緑
    { 0x7DD2,  70889 }, // 緒
    { 0x7DDA,  70930 }, // 線
    { 0x7DE0,  70971 }, // 締
    { 0x7DE8,  71012 }, // 編
    { 0x7DE9,  71053 }, // 緩
    { 0x7DEF,  71094 }, // 緯
    { 0x7DF4,  71135 }, // 練
    { 0x7DFB,  71176 }, // 緻
    { 0x7E01,  71217 }, // 縁
    { 0x7E04,  71258 }, // 縄
    { 0x7E1B,  71299 }, // 縛
    { 0x7E26,  71340 }, // 縦
    { 0x7E2B,  71381 }, // 縫
    { 0x7E2E,  71422 }, // 縮
    { 0x7E3E,  71463 }, // 績
    { 0x7E41,  71504 }, // 繁
    { 0x7E4A,  71545 }, // 繊
    { 0x7E54,  71586 }, // 織
    { 0x7E55,  71627 }, // 繕
    { 0x7E6D,  71668 }, // 繭
    { 0x7E70,  71709 }, // 繰
    { 0x7F36,  71750 }, // 缶
    { 0x7F6A,  71791 }, // 罪
    { 0x7F6E,  71832 }, // 置
    { 0x7F70,  71873 }, // 罰
    { 0x7F72,  71914 }, // 署
    { 0x7F75,  71955 }, // 罵
    { 0x7F77,  71996 }, // 罷
    { 0x7F85,  72037 }, // 羅
    { 0x7F8A,  72078 }, // 羊
    { 0x7F8E,  72119 }, // 美
    { 0x7F9E,  72160 }, // 羞
    { 0x7FA4,  72201 }, // 群
    { 0x7FA8,  72242 }, // 羨
    { 0x7FA9,  72283 }, // 義
    { 0x7FBD,  72324 }, // 羽
    { 0x7FC1,  72365 }, // 翁
    { 0x7FCC,  72406 }, // 翌
    { 0x7FD2,  72447 }, // 習
    { 0x7FFB,  72488 }, // 翻
    { 0x7FFC,  72529 }, // 翼
    { 0x8001,  72570 }, // 老
    { 0x8003,  72611 }, // 考
    { 0x8005,  72652 }, // 者
    { 0x8010,  72693 }, // 耐
    { 0x8015,  72734 }, // 耕
    { 0x8017,  72775 }, // 耗
    { 0x8033,  72816 }, // 耳
    { 0x8056,  72857 }, // 聖
    { 0x805E,  72898 }, // 聞
    { 0x8074,  72939 }, // 聴
    { 0x8077,  72980 }, // 職
    { 0x8089,  73021 }, // 肉
    { 0x808C,  73062 }, // 肌
    { 0x8096,  73103 }, // 肖
    { 0x8098,  73144 }, // 肘
    { 0x809D,  73185 }, // 肝
    { 0x80A1,  73226 }, // 股
    { 0x80A2,  73267 }, // 肢
    { 0x80A5,  73308 }, // 肥
    { 0x80A9,  73349 }, // 肩
    { 0x80AA,  73390 }, // 肪
    { 0x80AF,  73431 }, // 肯
    { 0x80B2,  73472 }, // 育
    { 0x80BA,  73513 }, // 肺
    { 0x80C3,  73554 }, // 胃
    { 0x80C6,  73595 }, // 胆
    { 0x80CC,  73636 }, // 背
    { 0x80CE,  73677 }, // 胎
    { 0x80DE,  73718 }, // 胞
    { 0x80F4,  73759 }, // 胴
    { 0x80F8,  73800 }, // 胸
    { 0x80FD,  73841 }, // 能
    { 0x8102,  73882 }, // 脂
    { 0x8105,  73923 }, // 脅
    { 0x8107,  73964 }, // 脇
    { 0x8108,  74005 }, // 脈
    { 0x810A,  74046 }, // 脊
    { 0x811A,  74087 }, // 脚
    { 0x8131,  74128 }, // 脱
    { 0x8133,  74169 }, // 脳
    { 0x814E,  74210 }, // 腎
    { 0x8150,  74251 }, // 腐
    { 0x8155,  74292 }, // 腕
    { 0x816B,  74333 }, // 腫
    { 0x8170,  74374 }, // 腰
    { 0x8178,  74415 }, // 腸
    { 0x8179,  74456 }, // 腹
    { 0x817A,  74497 }, // 腺
    { 0x819A,  74538 }, // 膚
    { 0x819C,  74579 }, // 膜
    { 0x819D,  74620 }, // 膝
    { 0x81A8,  74661 }, // 膨
    { 0x81B3,  74702 }, // 膳
    { 0x81C6,  74743 }, // 臆
    { 0x81D3,  74784 }, // 臓
    { 0x81E3,  74825 }, // 臣
    { 0x81E8,  74866 }, // 臨
    { 0x81EA,  74907 }, // 自
    { 0x81ED,  74948 }, // 臭
    { 0x81F3,  74989 }, // 至
    { 0x81F4,  75030 }, // 致
    { 0x81FC,  75071 }, // 臼
    { 0x8208,  75112 }, // 興
    { 0x820C,  75153 }, // 舌
    { 0x820E,  75194 }, // 舎
    { 0x8217,  75235 }, // 舗
    { 0x821E,  75276 }, // 舞
    { 0x821F,  75317 }, // 舟
    { 0x822A,  75358 }, // 航
    { 0x822C,  75399 }, // 般
    { 0x8236,  75440 }, // 舶
    { 0x8237,  75481 }, // 舷
    { 0x8239,  75522 }, // 船
    { 0x8247,  75563 }, // 艇
    { 0x8266,  75604 }, // 艦
    { 0x826F,  75645 }, // 良
    { 0x8272,  75686 }, // 色
    { 0x8276,  75727 }, // 艶
    { 0x828B,  75768 }, // 芋
    { 0x829D,  75809 }, // 芝
    { 0x82AF,  75850 }, // 芯
    { 0x82B1,  75891 }, // 花
    { 0x82B3,  75932 }, // 芳
    { 0x82B8,  75973 }, // 芸
    { 0x82BD,  76014 }, // 芽
    { 0x82D7,  76055 }, // 苗
    { 0x82DB,  76096 }, // 苛
    { 0x82E5,  76137 }, // 若
    { 0x82E6,  76178 }, // 苦
    { 0x82F1,  76219 }, // 英
    { 0x8302,  76260 }, // 茂
    { 0x830E,  76301 }, // 茎
    { 0x8328,  76342 }, // 茨
    { 0x8336,  76383 }, // 茶
    { 0x8349,  76424 }, // 草
    { 0x8352,  76465 }, // 荒
    { 0x8358,  76506 }, // 荘
    { 0x8377,  76547 }, // 荷
    { 0x83CA,  76588 }, // 菊
    { 0x83CC,  76629 }, // 菌
    { 0x83D3,  76670 }, // 菓
    { 0x83DC,  76711 }, // 菜
    { 0x83EF,  76752 }, // 華
    { 0x840E,  76793 }, // 萎
    { 0x843D,  76834 }, // 落
    { 0x8449,  76875 }, // 葉
    { 0x8457,  76916 }, // 著
    { 0x845B,  76957 }, // 葛
    { 0x846C,  76998 }, // 葬
    { 0x84B8,  77039 }, // 蒸
    { 0x84C4,  77080 }, // 蓄
    { 0x84CB,  77121 }, // 蓋
    { 0x8511,  77162 }, // 蔑
    { 0x8535,  77203 }, // 蔵
    { 0x853D,  77244 }, // 蔽
    { 0x8584,  77285 }, // 薄
    { 0x85A6,  77326 }, // 薦
    { 0x85AA,  77367 }, // 薪
    { 0x85AB,  77408 }, // 薫
    { 0x85AC,  77449 }, // 薬
    { 0x85CD,  77490 }, // 藍
    { 0x85E4,  77531 }, // 藤
    { 0x85E9,  77572 }, // 藩
    { 0x85FB,  77613 }, // 藻
    { 0x864E,  77654 }, // 虎
    { 0x8650,  77695 }, // 虐
    { 0x865A,  77736 }, // 虚
    { 0x865C,  77777 }, // 虜
    { 0x865E,  77818 }, // 虞
    { 0x866B,  77859 }, // 虫
    { 0x8679,  77900 }, // 虹
    { 0x868A,  77941 }, // 蚊
    { 0x8695,  77982 }, // 蚕
    { 0x86C7,  78023 }, // 蛇
    { 0x86CD,  78064 }, // 蛍
    { 0x86EE,  78105 }, // 蛮
    { 0x8702,  78146 }, // 蜂
    { 0x871C,  78187 }, // 蜜
    { 0x878D,  78228 }, // 融
    { 0x8840,  78269 }, // 血
    { 0x8846,  78310 }, // 衆
    { 0x884C,  78351 }, // 行
    { 0x8853,  78392 }, // 術
    { 0x8857,  78433 }, // 街
    { 0x885B,  78474 }, // 衛
    { 0x885D,  78515 }, // 衝
    { 0x8861,  78556 }, // 衡
    { 0x8863,  78597 }, // 衣
    { 0x8868,  78638 }, // 表
    { 0x8870,  78679 }, // 衰
    { 0x8877,  78720 }, // 衷
    { 0x888B,  78761 }, // 袋
    { 0x8896,  78802 }, // 袖
    { 0x88AB,  78843 }, // 被
    { 0x88C1,  78884 }, // 裁
    { 0x88C2,  78925 }, // 裂
    { 0x88C5,  78966 }, // 装
    { 0x88CF,  79007 }, // 裏
    { 0x88D5,  79048 }, // 裕
    { 0x88DC,  79089 }, // 補
    { 0x88F8,  79130 }, // 裸
    { 0x88FD,  79171 }, // 製
    { 0x88FE,  79212 }, // 裾
    { 0x8907,  79253 }, // 複
    { 0x8910,  79294 }, // 褐
    { 0x8912,  79335 }, // 褒
    { 0x895F,  79376 }, // 襟
    { 0x8972,  79417 }, // 襲
    { 0x897F,  79458 }, // 西
    { 0x8981,  79499 }, // 要
    { 0x8986,  79540 }, // 覆
    { 0x8987,  79581 }, // 覇
    { 0x898B,  79622 }, // 見
    { 0x898F,  79663 }, // 規
    { 0x8996,  79704 }, // 視
    { 0x899A,  79745 }, // 覚
    { 0x89A7,  79786 }, // 覧
    { 0x89AA,  79827 }, // 親
    { 0x89B3,  79868 }, // 観
    { 0x89D2,  79909 }, // 角
    { 0x89E3,  79950 }, // 解
    { 0x89E6,  79991 }, // 触
    { 0x8A00,  80032 }, // 言
    { 0x8A02,  80073 }, // 訂
    { 0x8A03,  80114 }, // 訃
    { 0x8A08,  80155 }, // 計
    { 0x8A0E,  80196 }, // 討
    { 0x8A13,  80237 }, // 訓
    { 0x8A17,  80278 }, // 託
    { 0x8A18,  80319 }, // 記
    { 0x8A1F,  80360 }, // 訟
    { 0x8A2A,  80401 }, // 訪
    { 0x8A2D,  80442 }, // 設
    { 0x8A31,  80483 }, // 許
    { 0x8A33,  80524 }, // 訳
    { 0x8A34,  80565 }, // 訴
    { 0x8A3A,  80606 }, // 診
    { 0x8A3C,  80647 }, // 証
    { 0x8A50,  80688 }, // 詐
    { 0x8A54,  80729 }, // 詔
    { 0x8A55,  80770 }, // 評
    { 0x8A5E,  80811 }, // 詞
    { 0x8A60,  80852 }, // 詠
    { 0x8A63,  80893 }, // 詣
    { 0x8A66,  80934 }, // 試
    { 0x8A69,  80975 }, // 詩
    { 0x8A6E,  81016 }, // 詮
    { 0x8A70,  81057 }, // 詰
    { 0x8A71,  81098 }, // 話
    { 0x8A72,  81139 }, // 該
    { 0x8A73,  81180 }, // 詳
    { 0x8A87,  81221 }, // 誇
    { 0x8A89,  81262 }, // 誉
    { 0x8A8C,  81303 }, // 誌
    { 0x8A8D,  81344 }, // 認
    { 0x8A93,  81385 }, // 誓
    { 0x8A95,  81426 }, // 誕
    { 0x8A98,  81467 }, // 誘
    { 0x8A9E,  81508 }, // 語
    { 0x8AA0,  81549 }, // 誠
    { 0x8AA4,  81590 }, // 誤
    { 0x8AAC,  81631 }, // 説
    { 0x8AAD,  81672 }, // 読
    { 0x8AB0,  81713 }, // 誰
    { 0x8AB2,  81754 }, // 課
    { 0x8ABF,  81795 }, // 調
    { 0x8AC7,  81836 }, // 談
    { 0x8ACB,  81877 }, // 請
    { 0x8AD6,  81918 }, // 論
    { 0x8AE6,  81959 }, // 諦
    { 0x8AE7,  82000 }, // 諧
    { 0x8AED,  82041 }, // 諭
    { 0x8AEE,  82082 }, // 諮
    { 0x8AF8,  82123 }, // 諸
    { 0x8AFE,  82164 }, // 諾
    { 0x8B00,  82205 }, // 謀
    { 0x8B01,  82246 }, // 謁
    { 0x8B04,  82287 }, // 謄
    { 0x8B0E,  82328 }, // 謎
    { 0x8B19,  82369 }, // 謙
    { 0x8B1B,  82410 }, // 講
    { 0x8B1D,  82451 }, // 謝
    { 0x8B21,  82492 }, // 謡
    { 0x8B39,  82533 }, // 謹
    { 0x8B58,  82574 }, // 識
    { 0x8B5C,  82615 }, // 譜
    { 0x8B66,  82656 }, // 警
    { 0x8B70,  82697 }, // 議
    { 0x8B72,  82738 }, // 譲
    { 0x8B77,  82779 }, // 護
    { 0x8C37,  82820 }, // 谷
    { 0x8C46,  82861 }, // 豆
    { 0x8C4A,  82902 }, // 豊
    { 0x8C5A,  82943 }, // 豚
    { 0x8C61,  82984 }, // 象
    { 0x8C6A,  83025 }, // 豪
    { 0x8C8C,  83066 }, // 貌
    { 0x8C9D,  83107 }, // 貝
    { 0x8C9E,  83148 }, // 貞
    { 0x8CA0,  83189 }, // 負
    { 0x8CA1,  83230 }, // 財
    { 0x8CA2,  83271 }, // 貢
    { 0x8CA7,  83312 }, // 貧
    { 0x8CA8,  83353 }, // 貨
    { 0x8CA9,  83394 }, // 販
    { 0x8CAA,  83435 }, // 貪
    { 0x8CAB,  83476 }, // 貫
    { 0x8CAC,  83517 }, // 責
    { 0x8CAF,  83558 }, // 貯
    { 0x8CB4,  83599 }, // 貴
    { 0x8CB7,  83640 }, // 買
    { 0x8CB8,  83681 }, // 貸
    { 0x8CBB,  83722 }, // 費
    { 0x8CBC,  83763 }, // 貼
    { 0x8CBF,  83804 }, // 貿
    { 0x8CC0,  83845 }, // 賀
    { 0x8CC2,  83886 }, // 賂
    { 0x8CC3,  83927 }, // 賃
    { 0x8CC4,  83968 }, // 賄
    { 0x8CC7,  84009 }, // 資
    { 0x8CCA,  84050 }, // 賊
    { 0x8CD3,  84091 }, // 賓
    { 0x8CDB,  84132 }, // 賛
    { 0x8CDC,  84173 }, // 賜
    { 0x8CDE,  84214 }, // 賞
    { 0x8CE0,  84255 }, // 賠
    { 0x8CE2,  84296 }, // 賢
    { 0x8CE6,  84337 }, // 賦
    { 0x8CEA,  84378 }, // 質
    { 0x8CED,  84419 }, // 賭
    { 0x8CFC,  84460 }, // 購
    { 0x8D08,  84501 }, // 贈
    { 0x8D64,  84542 }, // 赤
    { 0x8D66,  84583 }, // 赦
    { 0x8D70,  84624 }, // 走
    { 0x8D74,  84665 }, // 赴
    { 0x8D77,  84706 }, // 起
    { 0x8D85,  84747 }, // 超
    { 0x8D8A,  84788 }, // 越
    { 0x8DA3,  84829 }, // 趣
    { 0x8DB3,  84870 }, // 足
    { 0x8DDD,  84911 }, // 距
    { 0x8DE1,  84952 }, // 跡
    { 0x8DEF,  84993 }, // 路
    { 0x8DF3,  85034 }, // 跳
    { 0x8DF5,  85075 }, // 践
    { 0x8E0A,  85116 }, // 踊
    { 0x8E0F,  85157 }, // 踏
    { 0x8E2A,  85198 }, // 踪
    { 0x8E74,  85239 }, // 蹴
    { 0x8E8D,  85280 }, // 躍
    { 0x8EAB,  85321 }, // 身
    { 0x8ECA,  85362 }, // 車
    { 0x8ECC,  85403 }, // 軌
    { 0x8ECD,  85444 }, // 軍
    { 0x8ED2,  85485 }, // 軒
    { 0x8EDF,  85526 }, // 軟
    { 0x8EE2,  85567 }, // 転
    { 0x8EF8,  85608 }, // 軸
    { 0x8EFD,  85649 }, // 軽
    { 0x8F03,  85690 }, // 較
    { 0x8F09,  85731 }, // 載
    { 0x8F1D,  85772 }, // 輝
    { 0x8F29,  85813 }, // 輩
    { 0x8F2A,  85854 }, // 輪
    { 0x8F38,  85895 }, // 輸
    { 0x8F44,  85936 }, // 轄
    { 0x8F9B,  85977 }, // 辛
    { 0x8F9E,  86018 }, // 辞
    { 0x8FA3,  86059 }, // 辣
    { 0x8FB1,  86100 }, // 辱
    { 0x8FB2,  86141 }, // 農
    { 0x8FBA,  86182 }, // 辺
    { 0x8FBC,  86223 }, // 込
    { 0x8FC5,  86264 }, // 迅
    { 0x8FCE,  86305 }, // 迎
    { 0x8FD1,  86346 }, // 近
    { 0x8FD4,  86387 }, // 返
    { 0x8FEB,  86428 }, // 迫
    { 0x8FED,  86469 }, // 迭
    { 0x8FF0,  86510 }, // 述
    { 0x8FF7,  86551 }, // 迷
    { 0x8FFD,  86592 }, // 追
    { 0x9000,  86633 }, // 退
    { 0x9001,  86674 }, // 送
    { 0x9003,  86715 }, // 逃
    { 0x9006,  86756 }, // 逆
    { 0x900F,  86797 }, // 透
    { 0x9010,  86838 }, // 逐
    { 0x9013,  86879 }, // 逓
    { 0x9014,  86920 }, // 途
    { 0x901A,  86961 }, // 通
    { 0x901D,  87002 }, // 逝
    { 0x901F,  87043 }, // 速
    { 0x9020,  87084 }, // 造
    { 0x9023,  87125 }, // 連
    { 0x902E,  87166 }, // 逮
    { 0x9031,  87207 }, // 週
    { 0x9032,  87248 }, // 進
    { 0x9038,  87289 }, // 逸
    { 0x9042,  87330 }, // 遂
    { 0x9045,  87371 }, // 遅
    { 0x9047,  87412 }, // 遇
    { 0x904A,  87453 }, // 遊
    { 0x904B,  87494 }, // 運
    { 0x904D,  87535 }, // 遍
    { 0x904E,  87576 }, // 過
    { 0x9053,  87617 }, // 道
    { 0x9054,  87658 }, // 達
    { 0x9055,  87699 }, // 違
    { 0x905C,  87740 }, // 遜
    { 0x9060,  87781 }, // 遠
    { 0x9061,  87822 }, // 遡
    { 0x9063,  87863 }, // 遣
    { 0x9069,  87904 }, // 適
    { 0x906D,  87945 }, // 遭
    { 0x906E,  87986 }, // 遮
    { 0x9075,  88027 }, // 遵
    { 0x9077,  88068 }, // 遷
    { 0x9078,  88109 }, // 選
    { 0x907A,  88150 }, // 遺
    { 0x907F,  88191 }, // 避
    { 0x9084,  88232 }, // 還
    { 0x90A3,  88273 }, // 那
    { 0x90A6,  88314 }, // 邦
    { 0x90AA,  88355 }, // 邪
    { 0x90B8,  88396 }, // 邸
    { 0x90CA,  88437 }, // 郊
    { 0x90CE,  88478 }, // 郎
    { 0x90E1,  88519 }, // 郡
    { 0x90E8,  88560 }, // 部
    { 0x90ED,  88601 }, // 郭
    { 0x90F5,  88642 }, // 郵
    { 0x90F7,  88683 }, // 郷
    { 0x90FD,  88724 }, // 都
    { 0x914C,  88765 }, // 酌
    { 0x914D,  88806 }, // 配
    { 0x914E,  88847 }, // 酎
    { 0x9152,  88888 }, // 酒
    { 0x9154,  88929 }, // 酔
    { 0x9162,  88970 }, // 酢
    { 0x916A,  89011 }, // 酪
    { 0x916C,  89052 }, // 酬
    { 0x9175,  89093 }, // 酵
    { 0x9177,  89134 }, // 酷
    { 0x9178,  89175 }, // 酸
    { 0x9192,  89216 }, // 醒
    { 0x919C,  89257 }, // 醜
    { 0x91B8,  89298 }, // 醸
    { 0x91C7,  89339 }, // 采
    { 0x91C8,  89380 }, // 釈
    { 0x91CC,  89421 }, // 里
    { 0x91CD,  89462 }, // 重
    { 0x91CE,  89503 }, // 野
    { 0x91CF,  89544 }, // 量
    { 0x91D1,  89585 }, // 金
    { 0x91DC,  89626 }, // 釜
    { 0x91DD,  89667 }, // 針
    { 0x91E3,  89708 }, // 釣
    { 0x920D,  89749 }, // 鈍
    { 0x9234,  89790 }, // 鈴
    { 0x9244,  89831 }, // 鉄
    { 0x925B,  89872 }, // 鉛
    { 0x9262,  89913 }, // 鉢
    { 0x9271,  89954 }, // 鉱
    { 0x9280,  89995 }, // 銀
    { 0x9283,  90036 }, // 銃
    { 0x9285,  90077 }, // 銅
    { 0x9298,  90118 }, // 銘
    { 0x92AD,  90159 }, // 銭
    { 0x92ED,  90200 }, // 鋭
    { 0x92F3,  90241 }, // 鋳
    { 0x92FC,  90282 }, // 鋼
    { 0x9320,  90323 }, // 錠
    { 0x9326,  90364 }, // 錦
    { 0x932C,  90405 }, // 錬
    { 0x932E,  90446 }, // 錮
    { 0x932F,  90487 }, // 錯
    { 0x9332,  90528 }, // 録
    { 0x934B,  90569 }, // 鍋
    { 0x935B,  90610 }, // 鍛
    { 0x9375,  90651 }, // 鍵
    { 0x938C,  90692 }, // 鎌
    { 0x9396,  90733 }, // 鎖
    { 0x93AE,  90774 }, // 鎮
    { 0x93E1,  90815 }, // 鏡
    { 0x9418,  90856 }, // 鐘
    { 0x9451,  90897 }, // 鑑
    { 0x9577,  90938 }, // 長
    { 0x9580,  90979 }, // 門
    { 0x9589,  91020 }, // 閉
    { 0x958B,  91061 }, // 開
    { 0x9591,  91102 }, // 閑
    { 0x9593,  91143 }, // 間
    { 0x95A2,  91184 }, // 関
    { 0x95A3,  91225 }, // 閣
    { 0x95A5,  91266 }, // 閥
    { 0x95B2,  91307 }, // 閲
    { 0x95C7,  91348 }, // 闇
    { 0x95D8,  91389 }, // 闘
    { 0x961C,  91430 }, // 阜
    { 0x962A,  91471 }, // 阪
    { 0x9632,  91512 }, // 防
    { 0x963B,  91553 }, // 阻
    { 0x9644,  91594 }, // 附
    { 0x964D,  91635 }, // 降
    { 0x9650,  91676 }, // 限
    { 0x965B,  91717 }, // 陛
    { 0x9662,  91758 }, // 院
    { 0x9663,  91799 }, // 陣
    { 0x9664,  91840 }, // 除
    { 0x9665,  91881 }, // 陥
    { 0x966A,  91922 }, // 陪
    { 0x9670,  91963 }, // 陰
    { 0x9673,  92004 }, // 陳
    { 0x9675,  92045 }, // 陵
    { 0x9676,  92086 }, // 陶
    { 0x9678,  92127 }, // 陸
    { 0x967A,  92168 }, // 険
    { 0x967D,  92209 }, // 陽
    { 0x9685,  92250 }, // 隅
    { 0x9686,  92291 }, // 隆
    { 0x968A,  92332 }, // 隊
    { 0x968E,  92373 }, // 階
    { 0x968F,  92414 }, // 随
    { 0x9694,  92455 }, // 隔
    { 0x9699,  92496 }, // 隙
    { 0x969B,  92537 }, // 際
    { 0x969C,  92578 }, // 障
    { 0x96A0,  92619 }, // 隠
    { 0x96A3,  92660 }, // 隣
    { 0x96B7,  92701 }, // 隷
    { 0x96BB,  92742 }, // 隻
    { 0x96C4,  92783 }, // 雄
    { 0x96C5,  92824 }, // 雅
    { 0x96C6,  92865 }, // 集
    { 0x96C7,  92906 }, // 雇
    { 0x96CC,  92947 }, // 雌
    { 0x96D1,  92988 }, // 雑
    { 0x96E2,  93029 }, // 離
    { 0x96E3,  93070 }, // 難
    { 0x96E8,  93111 }, // 雨
    { 0x96EA,  93152 }, // 雪
    { 0x96F0,  93193 }, // 雰
    { 0x96F2,  93234 }, // 雲
    { 0x96F6,  93275 }, // 零
    { 0x96F7,  93316 }, // 雷
    { 0x96FB,  93357 }, // 電
    { 0x9700,  93398 }, // 需
    { 0x9707,  93439 }, // 震
    { 0x970A,  93480 }, // 霊
    { 0x971C,  93521 }, // 霜
    { 0x9727,  93562 }, // 霧
    { 0x9732,  93603 }, // 露
    { 0x9752,  93644 }, // 青
    { 0x9759,  93685 }, // 静
    { 0x975E,  93726 }, // 非
    { 0x9762,  93767 }, // 面
    { 0x9769,  93808 }, // 革
    { 0x9774,  93849 }, // 靴
    { 0x97D3,  93890 }, // 韓
    { 0x97F3,  93931 }, // 音
    { 0x97FB,  93972 }, // 韻
    { 0x97FF,  94013 }, // 響
    { 0x9802,  94054 }, // 頂
    { 0x9803,  94095 }, // 頃
    { 0x9805,  94136 }, // 項
    { 0x9806,  94177 }, // 順
    { 0x9808,  94218 }, // 須
    { 0x9810,  94259 }, // 預
    { 0x9811,  94300 }, // 頑
    { 0x9812,  94341 }, // 頒
    { 0x9813,  94382 }, // 頓
    { 0x9818,  94423 }, // 領
    { 0x982C,  94464 }, // 頬
    { 0x982D,  94505 }, // 頭
    { 0x983B,  94546 }, // 頻
    { 0x983C,  94587 }, // 頼
    { 0x984C,  94628 }, // 題
    { 0x984D,  94669 }, // 額
    { 0x984E,  94710 }, // 顎
    { 0x9854,  94751 }, // 顔
    { 0x9855,  94792 }, // 顕
    { 0x9858,  94833 }, // 願
    { 0x985E,  94874 }, // 類
    { 0x9867,  94915 }, // 顧
    { 0x98A8,  94956 }, // 風
    { 0x98DB,  94997 }, // 飛
    { 0x98DF,  95038 }, // 食
    { 0x98E2,  95079 }, // 飢
    { 0x98EF,  95120 }, // 飯
    { 0x98F2,  95161 }, // 飲
    { 0x98FC,  95202 }, // 飼
    { 0x98FD,  95243 }, // 飽
    { 0x98FE,  95284 }, // 飾
    { 0x9905,  95325 }, // 餅
    { 0x990A,  95366 }, // 養
    { 0x990C,  95407 }, // 餌
    { 0x9913,  95448 }, // 餓
    { 0x9928,  95489 }, // 館
    { 0x9996,  95530 }, // 首
    { 0x9999,  95571 }, // 香
    { 0x99AC,  95612 }, // 馬
    { 0x99C4,  95653 }, // 駄
    { 0x99C5,  95694 }, // 駅
    { 0x99C6,  95735 }, // 駆
    { 0x99D0,  95776 }, // 駐
    { 0x99D2,  95817 }, // 駒
    { 0x9A0E,  95858 }, // 騎
    { 0x9A12,  95899 }, // 騒
    { 0x9A13,  95940 }, // 験
    { 0x9A30,  95981 }, // 騰
    { 0x9A5A,  96022 }, // 驚
    { 0x9AA8,  96063 }, // 骨
    { 0x9AB8,  96104 }, // 骸
    { 0x9AC4,  96145 }, // 髄
    { 0x9AD8,  96186 }, // 高
    { 0x9AEA,  96227 }, // 髪
    { 0x9B31,  96268 }, // 鬱
    { 0x9B3C,  96309 }, // 鬼
    { 0x9B42,  96350 }, // 魂
    { 0x9B45,  96391 }, // 魅
    { 0x9B54,  96432 }, // 魔
    { 0x9B5A,  96473 }, // 魚
    { 0x9BAE,  96514 }, // 鮮
    { 0x9BE8,  96555 }, // 鯨
    { 0x9CE5,  96596 }, // 鳥
    { 0x9CF4,  96637 }, // 鳴
    { 0x9D8F,  96678 }, // 鶏
    { 0x9DB4,  96719 }, // 鶴
    { 0x9E7F,  96760 }, // 鹿
    { 0x9E93,  96801 }, // 麓
    { 0x9E97,  96842 }, // 麗
    { 0x9EA6,  96883 }, // 麦
    { 0x9EBA,  96924 }, // 麺
    { 0x9EBB,  96965 }, // 麻
    { 0x9EC4,  97006 }, // 黄
    { 0x9ED2,  97047 }, // 黒
    { 0x9ED9,  97088 }, // 黙
    { 0x9F13,  97129 }, // 鼓
    { 0x9F3B,  97170 }, // 鼻
    { 0x9F62,  97211 }, // 齢
    { 0xFF01,  97252 }, // ！
    { 0xFF02,  97293 }, // ＂
    { 0xFF03,  97334 }, // ＃
    { 0xFF04,  97375 }, // ＄
    { 0xFF05,  97416 }, // ％
    { 0xFF06,  97457 }, // ＆
    { 0xFF07,  97498 }, // ＇
    { 0xFF08,  97539 }, // （
    { 0xFF09,  97580 }, // ）
    { 0xFF0A,  97621 }, // ＊
    { 0xFF0B,  97662 }, // ＋
    { 0xFF0C,  97703 }, // ，
    { 0xFF0D,  97744 }, // －
    { 0xFF0E,  97785 }, // ．
    { 0xFF0F,  97826 }, // ／
    { 0xFF10,  97867 }, // ０
    { 0xFF11,  97908 }, // １
    { 0xFF12,  97949 }, // ２
    { 0xFF13,  97990 }, // ３
    { 0xFF14,  98031 }, // ４
    { 0xFF15,  98072 }, // ５
    { 0xFF16,  98113 }, // ６
    { 0xFF17,  98154 }, // ７
    { 0xFF18,  98195 }, // ８
    { 0xFF19,  98236 }, // ９
    { 0xFF1A,  98277 }, // ：
    { 0xFF1B,  98318 }, // ；
    { 0xFF1C,  98359 }, // ＜
    { 0xFF1D,  98400 }, // ＝
    { 0xFF1E,  98441 }, // ＞
    { 0xFF1F,  98482 }, // ？
    { 0xFF20,  98523 }, // ＠
    { 0xFF21,  98564 }, // Ａ
    { 0xFF22,  98605 }, // Ｂ
    { 0xFF23,  98646 }, // Ｃ
    { 0xFF24,  98687 }, // Ｄ
    { 0xFF25,  98728 }, // Ｅ
    { 0xFF26,  98769 }, // Ｆ
    { 0xFF27,  98810 }, // Ｇ
    { 0xFF28,  98851 }, // Ｈ
    { 0xFF29,  98892 }, // Ｉ
    { 0xFF2A,  98933 }, // Ｊ
    { 0xFF2B,  98974 }, // Ｋ
    { 0xFF2C,  99015 }, // Ｌ
    { 0xFF2D,  99056 }, // Ｍ
    { 0xFF2E,  99097 }, // Ｎ
    { 0xFF2F,  99138 }, // Ｏ
    { 0xFF30,  99179 }, // Ｐ
    { 0xFF31,  99220 }, // Ｑ
    { 0xFF32,  99261 }, // Ｒ
    { 0xFF33,  99302 }, // Ｓ
    { 0xFF34,  99343 }, // Ｔ
    { 0xFF35,  99384 }, // Ｕ
    { 0xFF36,  99425 }, // Ｖ
    { 0xFF37,  99466 }, // Ｗ
    { 0xFF38,  99507 }, // Ｘ
    { 0xFF39,  99548 }, // Ｙ
    { 0xFF3A,  99589 }, // Ｚ
    { 0xFF3B,  99630 }, // ［
    { 0xFF3C,  99671 }, // ＼
    { 0xFF3D,  99712 }, // ］
    { 0xFF3E,  99753 }, // ＾
    { 0xFF3F,  99794 }, // ＿
    { 0xFF40,  99835 }, // ｀
    { 0xFF41,  99876 }, // ａ
    { 0xFF42,  99917 }, // ｂ
    { 0xFF43,  99958 }, // ｃ
    { 0xFF44,  99999 }, // ｄ
    { 0xFF45, 100040 }, // ｅ
    { 0xFF46, 100081 }, // ｆ
    { 0xFF47, 100122 }, // ｇ
    { 0xFF48, 100163 }, // ｈ
    { 0xFF49, 100204 }, // ｉ
    { 0xFF4A, 100245 }, // ｊ
    { 0xFF4B, 100286 }, // ｋ
    { 0xFF4C, 100327 }, // ｌ
    { 0xFF4D, 100368 }, // ｍ
    { 0xFF4E, 100409 }, // ｎ
    { 0xFF4F, 100450 }, // ｏ
    { 0xFF50, 100491 }, // ｐ
    { 0xFF51, 100532 }, // ｑ
    { 0xFF52, 100573 }, // ｒ
    { 0xFF53, 100614 }, // ｓ
    { 0xFF54, 100655 }, // ｔ
    { 0xFF55, 100696 }, // ｕ
    { 0xFF56, 100737 }, // ｖ
    { 0xFF57, 100778 }, // ｗ
    { 0xFF58, 100819 }, // ｘ
    { 0xFF59, 100860 }, // ｙ
    { 0xFF5A, 100901 }, // ｚ
    { 0xFF5B, 100942 }, // ｛
    { 0xFF5C, 100983 }, // ｜
    { 0xFF5D, 101024 }, // ｝
    { 0xFF5E, 101065 }, // ～
    { 0xFF65, 101106 }, // ･
    { 0xFF66, 101147 }, // ｦ
    { 0xFF67, 101188 }, // ｧ
    { 0xFF68, 101229 }, // ｨ
    { 0xFF69, 101270 }, // ｩ
    { 0xFF6A, 101311 }, // ｪ
    { 0xFF6B, 101352 }, // ｫ
    { 0xFF6C, 101393 }, // ｬ
    { 0xFF6D, 101434 }, // ｭ
    { 0xFF6E, 101475 }, // ｮ
    { 0xFF6F, 101516 }, // ｯ
    { 0xFF70, 101557 }, // ｰ
    { 0xFF71, 101598 }, // ｱ
    { 0xFF72, 101639 }, // ｲ
    { 0xFF73, 101680 }, // ｳ
    { 0xFF74, 101721 }, // ｴ
    { 0xFF75, 101762 }, // ｵ
    { 0xFF76, 101803 }, // ｶ
    { 0xFF77, 101844 }, // ｷ
    { 0xFF78, 101885 }, // ｸ
    { 0xFF79, 101926 }, // ｹ
    { 0xFF7A, 101967 }, // ｺ
    { 0xFF7B, 102008 }, // ｻ
    { 0xFF7C, 102049 }, // ｼ
    { 0xFF7D, 102090 }, // ｽ
    { 0xFF7E, 102131 }, // ｾ
    { 0xFF7F, 102172 }, // ｿ
    { 0xFF80, 102213 }, // ﾀ
    { 0xFF81, 102254 }, // ﾁ
    { 0xFF82, 102295 }, // ﾂ
    { 0xFF83, 102336 }, // ﾃ
    { 0xFF84, 102377 }, // ﾄ
    { 0xFF85, 102418 }, // ﾅ
    { 0xFF86, 102459 }, // ﾆ
    { 0xFF87, 102500 }, // ﾇ
    { 0xFF88, 102541 }, // ﾈ
    { 0xFF89, 102582 }, // ﾉ
    { 0xFF8A, 102623 }, // ﾊ
    { 0xFF8B, 102664 }, // ﾋ
    { 0xFF8C, 102705 }, // ﾌ
    { 0xFF8D, 102746 }, // ﾍ
    { 0xFF8E, 102787 }, // ﾎ
    { 0xFF8F, 102828 }, // ﾏ
    { 0xFF90, 102869 }, // ﾐ
    { 0xFF91, 102910 }, // ﾑ
    { 0xFF92, 102951 }, // ﾒ
    { 0xFF93, 102992 }, // ﾓ
    { 0xFF94, 103033 }, // ﾔ
    { 0xFF95, 103074 }, // ﾕ
    { 0xFF96, 103115 }, // ﾖ
    { 0xFF97, 103156 }, // ﾗ
    { 0xFF98, 103197 }, // ﾘ
    { 0xFF99, 103238 }, // ﾙ
    { 0xFF9A, 103279 }, // ﾚ
    { 0xFF9B, 103320 }, // ﾛ
    { 0xFF9C, 103361 }, // ﾜ
    { 0xFF9D, 103402 }, // ﾝ
    { 0xFF9E, 103443 }, // ﾞ
    { 0xFF9F, 103484 }, // ﾟ
    { 0xFFE0, 103525 }, // ￠
    { 0xFFE1, 103566 }, // ￡
    { 0xFFE5, 103607 }, // ￥
};

const NicheGraphics::CJKFont CJKFontDotGothic18px PROGMEM = {
    CJKFontDotGothic18pxBitmaps,
    CJKFontDotGothic18pxGlyphs,
    2528,  // glyphCount
    18,    // width
    18,    // height
    19,    // xAdvance
    -18,     // yOffset
};

// Codepoint aliases: map unsupported codepoints to existing glyphs
// Used for characters like 𠮟 (U+20B9F) which should display as 叱 (U+53F1)
struct CJKAlias {
    uint32_t from;  // Requested codepoint
    uint32_t to;    // Codepoint to use instead
};

const CJKAlias CJKFontDotGothic18pxAliases[] PROGMEM = {
    { 0x20B9F, 0x53F1 },  // U+20B9F -> 叱
};
const uint16_t CJKFontDotGothic18pxAliasCount = 1;
