// Unified font: Noto Sans Regular (Latin/Cyrillic) + Noto Sans JP (Japanese)
// European: 185, Hiragana: 95, Katakana: 96, Kanji: 948
// Render: 22px, threshold: p>96
// Total: 1628 glyphs, 52096 bytes

#pragma once

#include <stdint.h>
#ifdef __AVR__
#include <avr/pgmspace.h>
#else
#define PROGMEM
#endif

#include "graphics/niche/Fonts/CJK/CJKFont.h"

namespace NicheGraphics {

const uint8_t UnifiedFont16px_Bitmap[] PROGMEM = {
    0x00, 0x00, 0x00, 0x00, 0x00, 0x00, 0x00, 0x00, 0x00, 0x00, 0x00, 0x00, 0x00, 0x00, 0x00, 0x00,
    0x00, 0x00, 0x00, 0x00, 0x00, 0x00, 0x00, 0x00, 0x00, 0x00, 0x00, 0x00, 0x00, 0x00, 0x00, 0x00,
    0x00, 0x00, 0x18, 0x00, 0x18, 0x00, 0x18, 0x00, 0x18, 0x00, 0x18, 0x00, 0x18, 0x00, 0x18, 0x00,
    0x18, 0x00, 0x00, 0x00, 0x00, 0x00, 0x18, 0x00, 0x00, 0x00, 0x00, 0x00, 0x00, 0x00, 0x00, 0x00,
    0x00, 0x00, 0x36, 0x00, 0x36, 0x00, 0x36, 0x00, 0x36, 0x00, 0x00, 0x00, 0x00, 0x00, 0x00, 0x00,
    0x00, 0x00, 0x00, 0x00, 0x00, 0x00, 0x00, 0x00, 0x00, 0x00, 0x00, 0x00, 0x00, 0x00, 0x00, 0x00,
    0x00, 0x00, 0x06, 0x40, 0x06, 0x40, 0x04, 0x40, 0x1F, 0xF0, 0x04, 0xC0, 0x04, 0x80, 0x0C, 0x80,
    0x3F, 0xE0, 0x09, 0x80, 0x09, 0x00, 0x09, 0x00, 0x00, 0x00, 0x00, 0x00, 0x00, 0x00, 0x00, 0x00,
    0x00, 0x00, 0x06, 0x00, 0x0F, 0x80, 0x1E, 0x80, 0x16, 0x00, 0x16, 0x00, 0x1E, 0x00, 0x07, 0x00,
    0x06, 0x80, 0x06, 0xC0, 0x06, 0xC0, 0x1F, 0x80, 0x1F, 0x00, 0x02, 0x00, 0x00, 0x00, 0x00, 0x00,
    0x08, 0x00, 0x3C, 0x20, 0x36, 0x40, 0x26, 0x40, 0x26, 0x80, 0x26, 0xF0, 0x37, 0xD8, 0x1F, 0xC8,
    0x02, 0xC8, 0x06, 0xC8, 0x04, 0x48, 0x0C, 0x78, 0x00, 0x20, 0x00, 0x00, 0x00, 0x00, 0x00, 0x00,
    0x03, 0x00, 0x07, 0x80, 0x0C, 0xC0, 0x08, 0xC0, 0x0D, 0x80, 0x07, 0x00, 0x0F, 0x00, 0x19, 0x98,
    0x10, 0xD0, 0x30, 0x70, 0x10, 0x70, 0x1F, 0xD8, 0x07, 0x08, 0x00, 0x00, 0x00, 0x00, 0x00, 0x00,
    0x00, 0x00, 0x30, 0x00, 0x30, 0x00, 0x30, 0x00, 0x30, 0x00, 0x00, 0x00, 0x00, 0x00, 0x00, 0x00,
    0x00, 0x00, 0x00, 0x00, 0x00, 0x00, 0x00, 0x00, 0x00, 0x00, 0x00, 0x00, 0x00, 0x00, 0x00, 0x00,
    0x00, 0x00, 0x08, 0x00, 0x10, 0x00, 0x10, 0x00, 0x30, 0x00, 0x20, 0x00, 0x20, 0x00, 0x20, 0x00,
    0x20, 0x00, 0x20, 0x00, 0x30, 0x00, 0x30, 0x00, 0x10, 0x00, 0x18, 0x00, 0x08, 0x00, 0x00, 0x00,
    0x00, 0x00, 0x30, 0x00, 0x10, 0x00, 0x18, 0x00, 0x18, 0x00, 0x08, 0x00, 0x08, 0x00, 0x08, 0x00,
    0x08, 0x00, 0x08, 0x00, 0x08, 0x00, 0x18, 0x00, 0x18, 0x00, 0x30, 0x00, 0x20, 0x00, 0x00, 0x00,
    0x00, 0x00, 0x06, 0x00, 0x06, 0x00, 0x3F, 0xC0, 0x0F, 0x00, 0x07, 0x00, 0x09, 0x80, 0x00, 0x00,
    0x00, 0x00, 0x00, 0x00, 0x00, 0x00, 0x00, 0x00, 0x00, 0x00, 0x00, 0x00, 0x00, 0x00, 0x00, 0x00,
    0x00, 0x00, 0x00, 0x00, 0x00, 0x00, 0x06, 0x00, 0x06, 0x00, 0x06, 0x00, 0x3F, 0x80, 0x06, 0x00,
    0x06, 0x00, 0x06, 0x00, 0x00, 0x00, 0x00, 0x00, 0x00, 0x00, 0x00, 0x00, 0x00, 0x00, 0x00, 0x00,
    0x00, 0x00, 0x00, 0x00, 0x00, 0x00, 0x00, 0x00, 0x00, 0x00, 0x00, 0x00, 0x00, 0x00, 0x00, 0x00,
    0x00, 0x00, 0x00, 0x00, 0x10, 0x00, 0x10, 0x00, 0x30, 0x00, 0x20, 0x00, 0x20, 0x00, 0x00, 0x00,
    0x00, 0x00, 0x00, 0x00, 0x00, 0x00, 0x00, 0x00, 0x00, 0x00, 0x00, 0x00, 0x00, 0x00, 0x3C, 0x00,
    0x00, 0x00, 0x00, 0x00, 0x00, 0x00, 0x00, 0x00, 0x00, 0x00, 0x00, 0x00, 0x00, 0x00, 0x00, 0x00,
    0x00, 0x00, 0x00, 0x00, 0x00, 0x00, 0x00, 0x00, 0x00, 0x00, 0x00, 0x00, 0x00, 0x00, 0x00, 0x00,
    0x00, 0x00, 0x00, 0x00, 0x00, 0x00, 0x10, 0x00, 0x00, 0x00, 0x00, 0x00, 0x00, 0x00, 0x00, 0x00,
    0x00, 0x00, 0x06, 0x00, 0x04, 0x00, 0x04, 0x00, 0x0C, 0x00, 0x08, 0x00, 0x08, 0x00, 0x18, 0x00,
    0x10, 0x00, 0x30, 0x00, 0x30, 0x00, 0x20, 0x00, 0x00, 0x00, 0x00, 0x00, 0x00, 0x00, 0x00, 0x00,
    0x04, 0x00, 0x1F, 0x00, 0x11, 0x80, 0x30, 0x80, 0x20, 0xC0, 0x20, 0xC0, 0x20, 0xC0, 0x20, 0xC0,
    0x20, 0xC0, 0x30, 0x80, 0x11, 0x80, 0x1F, 0x00, 0x06, 0x00, 0x00, 0x00, 0x00, 0x00, 0x00, 0x00,
    0x00, 0x00, 0x0E, 0x00, 0x1E, 0x00, 0x16, 0x00, 0x06, 0x00, 0x06, 0x00, 0x06, 0x00, 0x06, 0x00,
    0x06, 0x00, 0x06, 0x00, 0x06, 0x00, 0x06, 0x00, 0x00, 0x00, 0x00, 0x00, 0x00, 0x00, 0x00, 0x00,
    0x04, 0x00, 0x1F, 0x00, 0x01, 0x80, 0x00, 0x80, 0x01, 0x80, 0x01, 0x80, 0x01, 0x00, 0x02, 0x00,
    0x06, 0x00, 0x0C, 0x00, 0x18, 0x00, 0x3F, 0x80, 0x3F, 0x80, 0x00, 0x00, 0x00, 0x00, 0x00, 0x00,
    0x06, 0x00, 0x1F, 0x80, 0x10, 0xC0, 0x00, 0xC0, 0x00, 0xC0, 0x01, 0x80, 0x0F, 0x00, 0x00, 0x80,
    0x00, 0xC0, 0x00, 0xC0, 0x00, 0x80, 0x3F, 0x80, 0x0E, 0x00, 0x00, 0x00, 0x00, 0x00, 0x00, 0x00,
    0x00, 0x00, 0x01, 0x80, 0x03, 0x80, 0x02, 0x80, 0x04, 0x80, 0x0C, 0x80, 0x18, 0x80, 0x10, 0x80,
    0x37, 0xC0, 0x3F, 0xE0, 0x00, 0x80, 0x00, 0x80, 0x00, 0x00, 0x00, 0x00, 0x00, 0x00, 0x00, 0x00,
    0x0F, 0x00, 0x1F, 0x80, 0x10, 0x00, 0x10, 0x00, 0x10, 0x00, 0x1F, 0x00, 0x01, 0x80, 0x00, 0xC0,
    0x00, 0xC0, 0x00, 0xC0, 0x00, 0x80, 0x3F, 0x00, 0x0E, 0x00, 0x00, 0x00, 0x00, 0x00, 0x00, 0x00,
    0x01, 0x80, 0x07, 0x80, 0x0C, 0x00, 0x18, 0x00, 0x10, 0x00, 0x17, 0x80, 0x18, 0xC0, 0x10, 0x40,
    0x10, 0x40, 0x10, 0x40, 0x18, 0xC0, 0x0F, 0x80, 0x03, 0x00, 0x00, 0x00, 0x00, 0x00, 0x00, 0x00,
    0x1F, 0x00, 0x3F, 0xC0, 0x00, 0x80, 0x01, 0x80, 0x01, 0x00, 0x01, 0x00, 0x03, 0x00, 0x02, 0x00,
    0x06, 0x00, 0x04, 0x00, 0x0C, 0x00, 0x08, 0x00, 0x00, 0x00, 0x00, 0x00, 0x00, 0x00, 0x00, 0x00,
    0x04, 0x00, 0x1F, 0x00, 0x31, 0x80, 0x20, 0x80, 0x31, 0x80, 0x1F, 0x00, 0x1F, 0x00, 0x31, 0x80,
    0x20, 0xC0, 0x20, 0xC0, 0x30, 0x80, 0x1F, 0x80, 0x0E, 0x00, 0x00, 0x00, 0x00, 0x00, 0x00, 0x00,
    0x04, 0x00, 0x1F, 0x00, 0x31, 0x80, 0x20, 0x80, 0x20, 0xC0, 0x20, 0xC0, 0x31, 0xC0, 0x1F, 0xC0,
    0x00, 0x80, 0x00, 0x80, 0x01, 0x80, 0x1F, 0x00, 0x1C, 0x00, 0x00, 0x00, 0x00, 0x00, 0x00, 0x00,
    0x00, 0x00, 0x00, 0x00, 0x00, 0x00, 0x00, 0x00, 0x10, 0x00, 0x00, 0x00, 0x00, 0x00, 0x00, 0x00,
    0x00, 0x00, 0x00, 0x00, 0x00, 0x00, 0x10, 0x00, 0x00, 0x00, 0x00, 0x00, 0x00, 0x00, 0x00, 0x00,
    0x00, 0x00, 0x00, 0x00, 0x00, 0x00, 0x00, 0x00, 0x10, 0x00, 0x00, 0x00, 0x00, 0x00, 0x00, 0x00,
    0x00, 0x00, 0x00, 0x00, 0x10, 0x00, 0x10, 0x00, 0x30, 0x00, 0x20, 0x00, 0x00, 0x00, 0x00, 0x00,
    0x00, 0x00, 0x00, 0x00, 0x00, 0x00, 0x01, 0xC0, 0x07, 0x00, 0x0C, 0x00, 0x30, 0x00, 0x1C, 0x00,
    0x07, 0x00, 0x01, 0x80, 0x00, 0x00, 0x00, 0x00, 0x00, 0x00, 0x00, 0x00, 0x00, 0x00, 0x00, 0x00,
    0x00, 0x00, 0x00, 0x00, 0x00, 0x00, 0x00, 0x00, 0x00, 0x00, 0x3F, 0xC0, 0x00, 0x00, 0x00, 0x00,
    0x3F, 0xC0, 0x00, 0x00, 0x00, 0x00, 0x00, 0x00, 0x00, 0x00, 0x00, 0x00, 0x00, 0x00, 0x00, 0x00,
    0x00, 0x00, 0x00, 0x00, 0x00, 0x00, 0x30, 0x00, 0x1C, 0x00, 0x03, 0x00, 0x01, 0x80, 0x03, 0x80,
    0x0E, 0x00, 0x38, 0x00, 0x00, 0x00, 0x00, 0x00, 0x00, 0x00, 0x00, 0x00, 0x00, 0x00, 0x00, 0x00,
    0x0C, 0x00, 0x3E, 0x00, 0x03, 0x00, 0x01, 0x00, 0x01, 0x00, 0x03, 0x00, 0x06, 0x00, 0x0C, 0x00,
    0x08, 0x00, 0x00, 0x00, 0x00, 0x00, 0x18, 0x00, 0x00, 0x00, 0x00, 0x00, 0x00, 0x00, 0x00, 0x00,
    0x00, 0xC0, 0x07, 0xF0, 0x0C, 0x08, 0x11, 0xC4, 0x33, 0xE6, 0x26, 0x26, 0x24, 0x26, 0x24, 0x26,
    0x24, 0x64, 0x37, 0xFC, 0x11, 0x00, 0x18, 0x00, 0x0F, 0xE0, 0x00, 0x00, 0x00, 0x00, 0x00, 0x00,
    0x00, 0x00, 0x06, 0x00, 0x07, 0x00, 0x05, 0x00, 0x0D, 0x00, 0x09, 0x80, 0x18, 0x80, 0x1F, 0xC0,
    0x10, 0xC0, 0x30, 0x40, 0x20, 0x60, 0x60, 0x20, 0x00, 0x00, 0x00, 0x00, 0x00, 0x00, 0x00, 0x00,
    0x0E, 0x00, 0x3F, 0xC0, 0x30, 0x40, 0x30, 0x40, 0x30, 0x40, 0x30, 0xC0, 0x1F, 0x80, 0x30, 0xC0,
    0x30, 0x40, 0x30, 0x40, 0x30, 0x40, 0x3F, 0x80, 0x1F, 0x00, 0x00, 0x00, 0x00, 0x00, 0x00, 0x00,
    0x01, 0x80, 0x07, 0xE0, 0x0C, 0x00, 0x18, 0x00, 0x10, 0x00, 0x10, 0x00, 0x30, 0x00, 0x10, 0x00,
    0x10, 0x00, 0x18, 0x00, 0x08, 0x00, 0x07, 0xE0, 0x03, 0xC0, 0x00, 0x00, 0x00, 0x00, 0x00, 0x00,
    0x0E, 0x00, 0x3F, 0xC0, 0x30, 0x60, 0x30, 0x20, 0x30, 0x30, 0x30, 0x30, 0x30, 0x30, 0x30, 0x30,
    0x30, 0x30, 0x30, 0x20, 0x30, 0x60, 0x3F, 0xC0, 0x1E, 0x00, 0x00, 0x00, 0x00, 0x00, 0x00, 0x00,
    0x0F, 0x80, 0x3F, 0x80, 0x30, 0x00, 0x30, 0x00, 0x30, 0x00, 0x30, 0x00, 0x1F, 0x80, 0x30, 0x00,
    0x30, 0x00, 0x30, 0x00, 0x30, 0x00, 0x3F, 0x80, 0x1F, 0x80, 0x00, 0x00, 0x00, 0x00, 0x00, 0x00,
    0x0F, 0x80, 0x3F, 0x80, 0x30, 0x00, 0x30, 0x00, 0x30, 0x00, 0x30, 0x00, 0x1F, 0x80, 0x1F, 0x00,
    0x30, 0x00, 0x30, 0x00, 0x30, 0x00, 0x30, 0x00, 0x00, 0x00, 0x00, 0x00, 0x00, 0x00, 0x00, 0x00,
    0x00, 0xC0, 0x07, 0xF0, 0x0C, 0x00, 0x18, 0x00, 0x10, 0x00, 0x10, 0x00, 0x30, 0xF0, 0x10, 0xF8,
    0x10, 0x18, 0x18, 0x18, 0x0C, 0x18, 0x07, 0xF0, 0x01, 0xE0, 0x00, 0x00, 0x00, 0x00, 0x00, 0x00,
    0x00, 0x00, 0x30, 0x20, 0x30, 0x20, 0x30, 0x20, 0x30, 0x20, 0x30, 0x60, 0x1F, 0xE0, 0x30, 0x20,
    0x30, 0x20, 0x30, 0x20, 0x30, 0x20, 0x30, 0x20, 0x00, 0x00, 0x00, 0x00, 0x00, 0x00, 0x00, 0x00,
    0x08, 0x00, 0x38, 0x00, 0x18, 0x00, 0x18, 0x00, 0x18, 0x00, 0x18, 0x00, 0x18, 0x00, 0x18, 0x00,
    0x18, 0x00, 0x18, 0x00, 0x18, 0x00, 0x18, 0x00, 0x18, 0x00, 0x00, 0x00, 0x00, 0x00, 0x00, 0x00,
    0x00, 0x00, 0x30, 0x00, 0x30, 0x00, 0x30, 0x00, 0x30, 0x00, 0x30, 0x00, 0x30, 0x00, 0x30, 0x00,
    0x30, 0x00, 0x30, 0x00, 0x30, 0x00, 0x30, 0x00, 0x30, 0x00, 0x30, 0x00, 0xE0, 0x00, 0xC0, 0x00,
    0x00, 0x00, 0x30, 0xC0, 0x31, 0x80, 0x33, 0x00, 0x36, 0x00, 0x34, 0x00, 0x1E, 0x00, 0x12, 0x00,
    0x33, 0x00, 0x31, 0x80, 0x30, 0x80, 0x30, 0x40, 0x00, 0x00, 0x00, 0x00, 0x00, 0x00, 0x00, 0x00,
    0x00, 0x00, 0x30, 0x00, 0x30, 0x00, 0x30, 0x00, 0x30, 0x00, 0x30, 0x00, 0x30, 0x00, 0x30, 0x00,
    0x30, 0x00, 0x30, 0x00, 0x30, 0x00, 0x3F, 0x80, 0x1F, 0x80, 0x00, 0x00, 0x00, 0x00, 0x00, 0x00,
    0x00, 0x00, 0x18, 0x0C, 0x18, 0x1C, 0x3C, 0x1C, 0x34, 0x14, 0x34, 0x34, 0x36, 0x24, 0x32, 0x64,
    0x33, 0x44, 0x33, 0x44, 0x31, 0xC4, 0x31, 0x84, 0x00, 0x00, 0x00, 0x00, 0x00, 0x00, 0x00, 0x00,
    0x00, 0x00, 0x18, 0x20, 0x18, 0x20, 0x3C, 0x20, 0x34, 0x20, 0x36, 0x20, 0x33, 0x20, 0x31, 0x20,
    0x31, 0xA0, 0x30, 0xE0, 0x30, 0x60, 0x30, 0x60, 0x00, 0x20, 0x00, 0x00, 0x00, 0x00, 0x00, 0x00,
    0x01, 0x80, 0x07, 0xE0, 0x0C, 0x30, 0x18, 0x18, 0x10, 0x08, 0x10, 0x08, 0x30, 0x08, 0x10, 0x08,
    0x10, 0x08, 0x18, 0x18, 0x08, 0x30, 0x07, 0xE0, 0x01, 0x80, 0x00, 0x00, 0x00, 0x00, 0x00, 0x00,
    0x0E, 0x00, 0x3F, 0x80, 0x30, 0x80, 0x30, 0xC0, 0x30, 0xC0, 0x30, 0x80, 0x1F, 0x80, 0x1E, 0x00,
    0x30, 0x00, 0x30, 0x00, 0x30, 0x00, 0x30, 0x00, 0x00, 0x00, 0x00, 0x00, 0x00, 0x00, 0x00, 0x00,
    0x01, 0x80, 0x07, 0xE0, 0x0C, 0x30, 0x18, 0x18, 0x10, 0x08, 0x10, 0x08, 0x30, 0x08, 0x10, 0x08,
    0x10, 0x08, 0x18, 0x18, 0x08, 0x30, 0x07, 0xE0, 0x03, 0xC0, 0x00, 0x60, 0x00, 0x30, 0x00, 0x00,
    0x0E, 0x00, 0x3F, 0x80, 0x30, 0x80, 0x30, 0xC0, 0x30, 0xC0, 0x30, 0x80, 0x1F, 0x80, 0x1F, 0x00,
    0x31, 0x00, 0x31, 0x80, 0x30, 0x80, 0x30, 0xC0, 0x00, 0x40, 0x00, 0x00, 0x00, 0x00, 0x00, 0x00,
    0x06, 0x00, 0x1F, 0x00, 0x30, 0x00, 0x20, 0x00, 0x20, 0x00, 0x38, 0x00, 0x0E, 0x00, 0x03, 0x00,
    0x01, 0x80, 0x00, 0x80, 0x01, 0x80, 0x3F, 0x00, 0x1C, 0x00, 0x00, 0x00, 0x00, 0x00, 0x00, 0x00,
    0x1D, 0xC0, 0x3F, 0xC0, 0x06, 0x00, 0x06, 0x00, 0x06, 0x00, 0x06, 0x00, 0x06, 0x00, 0x06, 0x00,
    0x06, 0x00, 0x06, 0x00, 0x06, 0x00, 0x06, 0x00, 0x00, 0x00, 0x00, 0x00, 0x00, 0x00, 0x00, 0x00,
    0x00, 0x00, 0x30, 0x30, 0x30, 0x30, 0x30, 0x30, 0x30, 0x30, 0x30, 0x30, 0x30, 0x30, 0x30, 0x30,
    0x30, 0x30, 0x10, 0x30, 0x18, 0x20, 0x0F, 0xC0, 0x03, 0x80, 0x00, 0x00, 0x00, 0x00, 0x00, 0x00,
    0x00, 0x00, 0x60, 0x60, 0x20, 0x40, 0x30, 0x40, 0x10, 0xC0, 0x10, 0x80, 0x19, 0x80, 0x09, 0x80,
    0x09, 0x00, 0x0F, 0x00, 0x07, 0x00, 0x06, 0x00, 0x00, 0x00, 0x00, 0x00, 0x00, 0x00, 0x00, 0x00,
    0x00, 0x00, 0x20, 0xC3, 0x31, 0xC2, 0x31, 0xC2, 0x11, 0x46, 0x11, 0x66, 0x1B, 0x24, 0x1A, 0x24,
    0x0A, 0x2C, 0x0E, 0x38, 0x0E, 0x18, 0x0C, 0x18, 0x00, 0x00, 0x00, 0x00, 0x00, 0x00, 0x00, 0x00,
    0x00, 0x00, 0x30, 0xC0, 0x10, 0x80, 0x19, 0x00, 0x0B, 0x00, 0x06, 0x00, 0x06, 0x00, 0x0E, 0x00,
    0x09, 0x00, 0x19, 0x80, 0x30, 0x80, 0x20, 0xC0, 0x00, 0x00, 0x00, 0x00, 0x00, 0x00, 0x00, 0x00,
    0x00, 0x00, 0x20, 0x40, 0x10, 0xC0, 0x18, 0x80, 0x09, 0x80, 0x0D, 0x00, 0x07, 0x00, 0x06, 0x00,
    0x06, 0x00, 0x06, 0x00, 0x06, 0x00, 0x06, 0x00, 0x00, 0x00, 0x00, 0x00, 0x00, 0x00, 0x00, 0x00,
    0x1F, 0x80, 0x1F, 0xC0, 0x00, 0xC0, 0x01, 0x80, 0x01, 0x00, 0x03, 0x00, 0x06, 0x00, 0x06, 0x00,
    0x0C, 0x00, 0x18, 0x00, 0x18, 0x00, 0x3F, 0xC0, 0x1F, 0xC0, 0x00, 0x00, 0x00, 0x00, 0x00, 0x00,
    0x0C, 0x00, 0x3C, 0x00, 0x30, 0x00, 0x30, 0x00, 0x30, 0x00, 0x30, 0x00, 0x30, 0x00, 0x30, 0x00,
    0x30, 0x00, 0x30, 0x00, 0x30, 0x00, 0x30, 0x00, 0x30, 0x00, 0x30, 0x00, 0x1C, 0x00, 0x00, 0x00,
    0x00, 0x00, 0x20, 0x00, 0x20, 0x00, 0x30, 0x00, 0x10, 0x00, 0x18, 0x00, 0x18, 0x00, 0x08, 0x00,
    0x0C, 0x00, 0x04, 0x00, 0x04, 0x00, 0x06, 0x00, 0x00, 0x00, 0x00, 0x00, 0x00, 0x00, 0x00, 0x00,
    0x30, 0x00, 0x38, 0x00, 0x08, 0x00, 0x08, 0x00, 0x08, 0x00, 0x08, 0x00, 0x08, 0x00, 0x08, 0x00,
    0x08, 0x00, 0x08, 0x00, 0x08, 0x00, 0x08, 0x00, 0x08, 0x00, 0x08, 0x00, 0x38, 0x00, 0x00, 0x00,
    0x00, 0x00, 0x06, 0x00, 0x06, 0x00, 0x09, 0x00, 0x09, 0x00, 0x10, 0x80, 0x10, 0x80, 0x20, 0x40,
    0x00, 0x00, 0x00, 0x00, 0x00, 0x00, 0x00, 0x00, 0x00, 0x00, 0x00, 0x00, 0x00, 0x00, 0x00, 0x00,
    0x00, 0x00, 0x00, 0x00, 0x00, 0x00, 0x00, 0x00, 0x00, 0x00, 0x00, 0x00, 0x00, 0x00, 0x00, 0x00,
    0x00, 0x00, 0x00, 0x00, 0x00, 0x00, 0x00, 0x00, 0x00, 0x00, 0x00, 0x00, 0x7F, 0x00, 0x00, 0x00,
    0x30, 0x00, 0x10, 0x00, 0x08, 0x00, 0x00, 0x00, 0x00, 0x00, 0x00, 0x00, 0x00, 0x00, 0x00, 0x00,
    0x00, 0x00, 0x00, 0x00, 0x00, 0x00, 0x00, 0x00, 0x00, 0x00, 0x00, 0x00, 0x00, 0x00, 0x00, 0x00,
    0x00, 0x00, 0x00, 0x00, 0x00, 0x00, 0x0E, 0x00, 0x1F, 0x00, 0x01, 0x80, 0x00, 0x80, 0x0F, 0x80,
    0x39, 0x80, 0x20, 0x80, 0x21, 0x80, 0x3F, 0x80, 0x0C, 0x00, 0x00, 0x00, 0x00, 0x00, 0x00, 0x00,
    0x00, 0x00, 0x30, 0x00, 0x30, 0x00, 0x33, 0x00, 0x3F, 0x80, 0x18, 0xC0, 0x30, 0x40, 0x30, 0x40,
    0x30, 0x40, 0x30, 0x40, 0x18, 0xC0, 0x3F, 0x80, 0x07, 0x00, 0x00, 0x00, 0x00, 0x00, 0x00, 0x00,
    0x00, 0x00, 0x00, 0x00, 0x00, 0x00, 0x06, 0x00, 0x1F, 0x00, 0x30, 0x00, 0x20, 0x00, 0x20, 0x00,
    0x20, 0x00, 0x20, 0x00, 0x30, 0x00, 0x1F, 0x00, 0x06, 0x00, 0x00, 0x00, 0x00, 0x00, 0x00, 0x00,
    0x00, 0x00, 0x00, 0xC0, 0x00, 0xC0, 0x06, 0xC0, 0x1F, 0xC0, 0x30, 0xC0, 0x20, 0xC0, 0x20, 0xC0,
    0x20, 0xC0, 0x20, 0xC0, 0x30, 0xC0, 0x1F, 0xC0, 0x06, 0x00, 0x00, 0x00, 0x00, 0x00, 0x00, 0x00,
    0x00, 0x00, 0x00, 0x00, 0x00, 0x00, 0x06, 0x00, 0x1F, 0x00, 0x31, 0x80, 0x20, 0x80, 0x3F, 0x80,
    0x20, 0x00, 0x20, 0x00, 0x30, 0x00, 0x1F, 0x00, 0x06, 0x00, 0x00, 0x00, 0x00, 0x00, 0x00, 0x00,
    0x06, 0x00, 0x0E, 0x00, 0x18, 0x00, 0x3C, 0x00, 0x3C, 0x00, 0x18, 0x00, 0x18, 0x00, 0x18, 0x00,
    0x18, 0x00, 0x18, 0x00, 0x18, 0x00, 0x18, 0x00, 0x00, 0x00, 0x00, 0x00, 0x00, 0x00, 0x00, 0x00,
    0x00, 0x00, 0x00, 0x00, 0x00, 0x00, 0x06, 0x00, 0x1F, 0xC0, 0x30, 0xC0, 0x20, 0xC0, 0x20, 0xC0,
    0x20, 0xC0, 0x20, 0xC0, 0x30, 0xC0, 0x1F, 0xC0, 0x06, 0xC0, 0x00, 0xC0, 0x01, 0x80, 0x1F, 0x00,
    0x00, 0x00, 0x30, 0x00, 0x30, 0x00, 0x37, 0x00, 0x3F, 0x80, 0x10, 0xC0, 0x30, 0xC0, 0x30, 0xC0,
    0x30, 0xC0, 0x30, 0xC0, 0x30, 0xC0, 0x30, 0xC0, 0x00, 0x00, 0x00, 0x00, 0x00, 0x00, 0x00, 0x00,
    0x00, 0x00, 0x10, 0x00, 0x00, 0x00, 0x00, 0x00, 0x30, 0x00, 0x30, 0x00, 0x30, 0x00, 0x30, 0x00,
    0x30, 0x00, 0x30, 0x00, 0x30, 0x00, 0x30, 0x00, 0x00, 0x00, 0x00, 0x00, 0x00, 0x00, 0x00, 0x00,
    0x00, 0x00, 0x10, 0x00, 0x00, 0x00, 0x00, 0x00, 0x30, 0x00, 0x30, 0x00, 0x30, 0x00, 0x30, 0x00,
    0x30, 0x00, 0x30, 0x00, 0x30, 0x00, 0x30, 0x00, 0x30, 0x00, 0x30, 0x00, 0x30, 0x00, 0x60, 0x00,
    0x00, 0x00, 0x30, 0x00, 0x30, 0x00, 0x30, 0x00, 0x31, 0x80, 0x33, 0x00, 0x36, 0x00, 0x3C, 0x00,
    0x1E, 0x00, 0x32, 0x00, 0x31, 0x00, 0x31, 0x80, 0x00, 0x80, 0x00, 0x00, 0x00, 0x00, 0x00, 0x00,
    0x00, 0x00, 0x30, 0x00, 0x30, 0x00, 0x30, 0x00, 0x30, 0x00, 0x30, 0x00, 0x30, 0x00, 0x30, 0x00,
    0x30, 0x00, 0x30, 0x00, 0x30, 0x00, 0x30, 0x00, 0x00, 0x00, 0x00, 0x00, 0x00, 0x00, 0x00, 0x00,
    0x00, 0x00, 0x00, 0x00, 0x00, 0x00, 0x06, 0x30, 0x3F, 0xF8, 0x11, 0x8C, 0x30, 0x84, 0x30, 0x84,
    0x30, 0x84, 0x30, 0x84, 0x30, 0x84, 0x30, 0x84, 0x00, 0x00, 0x00, 0x00, 0x00, 0x00, 0x00, 0x00,
    0x00, 0x00, 0x00, 0x00, 0x00, 0x00, 0x07, 0x00, 0x3F, 0x80, 0x10, 0xC0, 0x30, 0xC0, 0x30, 0xC0,
    0x30, 0xC0, 0x30, 0xC0, 0x30, 0xC0, 0x30, 0xC0, 0x00, 0x00, 0x00, 0x00, 0x00, 0x00, 0x00, 0x00,
    0x00, 0x00, 0x00, 0x00, 0x00, 0x00, 0x06, 0x00, 0x1F, 0x00, 0x30, 0x80, 0x20, 0xC0, 0x20, 0xC0,
    0x20, 0xC0, 0x20, 0xC0, 0x30, 0x80, 0x1F, 0x00, 0x06, 0x00, 0x00, 0x00, 0x00, 0x00, 0x00, 0x00,
    0x00, 0x00, 0x00, 0x00, 0x00, 0x00, 0x03, 0x00, 0x3F, 0x80, 0x18, 0xC0, 0x30, 0x40, 0x30, 0x40,
    0x30, 0x40, 0x30, 0x40, 0x18, 0xC0, 0x3F, 0x80, 0x37, 0x00, 0x30, 0x00, 0x30, 0x00, 0x30, 0x00,
    0x00, 0x00, 0x00, 0x00, 0x00, 0x00, 0x06, 0x00, 0x1F, 0xC0, 0x30, 0xC0, 0x20, 0xC0, 0x20, 0xC0,
    0x20, 0xC0, 0x20, 0xC0, 0x30, 0xC0, 0x1F, 0xC0, 0x0E, 0xC0, 0x00, 0xC0, 0x00, 0xC0, 0x00, 0xC0,
    0x00, 0x00, 0x00, 0x00, 0x00, 0x00, 0x06, 0x00, 0x3E, 0x00, 0x10, 0x00, 0x30, 0x00, 0x30, 0x00,
    0x30, 0x00, 0x30, 0x00, 0x30, 0x00, 0x30, 0x00, 0x00, 0x00, 0x00, 0x00, 0x00, 0x00, 0x00, 0x00,
    0x00, 0x00, 0x00, 0x00, 0x00, 0x00, 0x0E, 0x00, 0x3F, 0x00, 0x20, 0x00, 0x30, 0x00, 0x1C, 0x00,
    0x07, 0x00, 0x01, 0x00, 0x01, 0x00, 0x3F, 0x00, 0x1C, 0x00, 0x00, 0x00, 0x00, 0x00, 0x00, 0x00,
    0x00, 0x00, 0x10, 0x00, 0x10, 0x00, 0x3C, 0x00, 0x3C, 0x00, 0x10, 0x00, 0x30, 0x00, 0x30, 0x00,
    0x30, 0x00, 0x30, 0x00, 0x10, 0x00, 0x1C, 0x00, 0x0C, 0x00, 0x00, 0x00, 0x00, 0x00, 0x00, 0x00,
    0x00, 0x00, 0x00, 0x00, 0x00, 0x00, 0x00, 0x00, 0x30, 0xC0, 0x30, 0xC0, 0x30, 0xC0, 0x30, 0xC0,
    0x30, 0xC0, 0x30, 0xC0, 0x10, 0xC0, 0x1F, 0xC0, 0x06, 0x00, 0x00, 0x00, 0x00, 0x00, 0x00, 0x00,
    0x00, 0x00, 0x00, 0x00, 0x00, 0x00, 0x00, 0x00, 0x61, 0x80, 0x21, 0x00, 0x31, 0x00, 0x13, 0x00,
    0x12, 0x00, 0x1A, 0x00, 0x0E, 0x00, 0x0C, 0x00, 0x00, 0x00, 0x00, 0x00, 0x00, 0x00, 0x00, 0x00,
    0x00, 0x00, 0x00, 0x00, 0x00, 0x00, 0x00, 0x00, 0x23, 0x08, 0x23, 0x98, 0x32, 0x98, 0x36, 0x90,
    0x16, 0xD0, 0x1C, 0x70, 0x1C, 0x60, 0x0C, 0x60, 0x00, 0x00, 0x00, 0x00, 0x00, 0x00, 0x00, 0x00,
    0x00, 0x00, 0x00, 0x00, 0x00, 0x00, 0x00, 0x00, 0x31, 0x80, 0x1B, 0x00, 0x0A, 0x00, 0x0E, 0x00,
    0x0E, 0x00, 0x0A, 0x00, 0x11, 0x00, 0x31, 0x80, 0x00, 0x00, 0x00, 0x00, 0x00, 0x00, 0x00, 0x00,
    0x00, 0x00, 0x00, 0x00, 0x00, 0x00, 0x00, 0x00, 0x61, 0x80, 0x21, 0x00, 0x31, 0x00, 0x13, 0x00,
    0x1A, 0x00, 0x1A, 0x00, 0x0E, 0x00, 0x0C, 0x00, 0x0C, 0x00, 0x08, 0x00, 0x18, 0x00, 0x70, 0x00,
    0x00, 0x00, 0x00, 0x00, 0x00, 0x00, 0x3F, 0x00, 0x3F, 0x00, 0x02, 0x00, 0x06, 0x00, 0x04, 0x00,
    0x08, 0x00, 0x18, 0x00, 0x10, 0x00, 0x3F, 0x00, 0x3F, 0x00, 0x00, 0x00, 0x00, 0x00, 0x00, 0x00,
    0x00, 0x00, 0x0C, 0x00, 0x18, 0x00, 0x18, 0x00, 0x18, 0x00, 0x18, 0x00, 0x18, 0x00, 0x30, 0x00,
    0x30, 0x00, 0x18, 0x00, 0x18, 0x00, 0x18, 0x00, 0x18, 0x00, 0x0C, 0x00, 0x04, 0x00, 0x00, 0x00,
    0x00, 0x00, 0x06, 0x00, 0x06, 0x00, 0x06, 0x00, 0x06, 0x00, 0x06, 0x00, 0x06, 0x00, 0x06, 0x00,
    0x06, 0x00, 0x06, 0x00, 0x06, 0x00, 0x06, 0x00, 0x06, 0x00, 0x06, 0x00, 0x06, 0x00, 0x06, 0x00,
    0x00, 0x00, 0x30, 0x00, 0x18, 0x00, 0x18, 0x00, 0x18, 0x00, 0x18, 0x00, 0x18, 0x00, 0x0C, 0x00,
    0x0C, 0x00, 0x18, 0x00, 0x18, 0x00, 0x18, 0x00, 0x18, 0x00, 0x30, 0x00, 0x20, 0x00, 0x00, 0x00,
    0x00, 0x00, 0x00, 0x00, 0x00, 0x00, 0x00, 0x00, 0x00, 0x00, 0x00, 0x00, 0x3F, 0x80, 0x01, 0x00,
    0x00, 0x00, 0x00, 0x00, 0x00, 0x00, 0x00, 0x00, 0x00, 0x00, 0x00, 0x00, 0x00, 0x00, 0x00, 0x00,
    0x01, 0x00, 0x07, 0xC0, 0x0C, 0x00, 0x08, 0x00, 0x08, 0x00, 0x08, 0x00, 0x3F, 0x00, 0x3F, 0x00,
    0x08, 0x00, 0x08, 0x00, 0x08, 0x00, 0x3F, 0xC0, 0x3F, 0xC0, 0x00, 0x00, 0x00, 0x00, 0x00, 0x00,
    0x00, 0x00, 0x30, 0x40, 0x10, 0xC0, 0x18, 0x80, 0x09, 0x80, 0x0D, 0x00, 0x06, 0x00, 0x1F, 0x80,
    0x06, 0x00, 0x1F, 0x80, 0x16, 0x80, 0x06, 0x00, 0x00, 0x00, 0x00, 0x00, 0x00, 0x00, 0x00, 0x00,
    0x01, 0x00, 0x07, 0xE0, 0x18, 0x30, 0x13, 0xC8, 0x36, 0x0C, 0x24, 0x04, 0x24, 0x04, 0x24, 0x04,
    0x36, 0x0C, 0x13, 0xC8, 0x18, 0x18, 0x0F, 0xF0, 0x03, 0xC0, 0x00, 0x00, 0x00, 0x00, 0x00, 0x00,
    0x00, 0x00, 0x00, 0x00, 0x00, 0x00, 0x00, 0x00, 0x00, 0x00, 0x09, 0x00, 0x1B, 0x00, 0x36, 0x00,
    0x36, 0x00, 0x1B, 0x00, 0x09, 0x00, 0x00, 0x00, 0x00, 0x00, 0x00, 0x00, 0x00, 0x00, 0x00, 0x00,
    0x01, 0x00, 0x07, 0xE0, 0x18, 0x30, 0x13, 0xC8, 0x36, 0x4C, 0x26, 0x44, 0x27, 0xC4, 0x27, 0x84,
    0x36, 0xCC, 0x16, 0x48, 0x18, 0x18, 0x0F, 0xF0, 0x03, 0xC0, 0x00, 0x00, 0x00, 0x00, 0x00, 0x00,
    0x1E, 0x00, 0x12, 0x00, 0x33, 0x00, 0x12, 0x00, 0x1E, 0x00, 0x00, 0x00, 0x00, 0x00, 0x00, 0x00,
    0x00, 0x00, 0x00, 0x00, 0x00, 0x00, 0x00, 0x00, 0x00, 0x00, 0x00, 0x00, 0x00, 0x00, 0x00, 0x00,
    0x00, 0x00, 0x00, 0x00, 0x00, 0x00, 0x06, 0x00, 0x06, 0x00, 0x06, 0x00, 0x3F, 0x80, 0x3F, 0x80,
    0x06, 0x00, 0x06, 0x00, 0x00, 0x00, 0x3F, 0x80, 0x3F, 0x80, 0x00, 0x00, 0x00, 0x00, 0x00, 0x00,
    0x00, 0x00, 0x00, 0x00, 0x00, 0x00, 0x00, 0x00, 0x00, 0x00, 0x24, 0x00, 0x12, 0x00, 0x1B, 0x00,
    0x1B, 0x00, 0x12, 0x00, 0x24, 0x00, 0x00, 0x00, 0x00, 0x00, 0x00, 0x00, 0x00, 0x00, 0x00, 0x00,
    0x00, 0x00, 0x00, 0x00, 0x00, 0x00, 0x10, 0x80, 0x19, 0x80, 0x0F, 0x00, 0x06, 0x00, 0x0F, 0x00,
    0x19, 0x80, 0x10, 0x80, 0x00, 0x00, 0x00, 0x00, 0x00, 0x00, 0x00, 0x00, 0x00, 0x00, 0x00, 0x00,
    0x00, 0x00, 0x00, 0x00, 0x00, 0x00, 0x06, 0x00, 0x00, 0x00, 0x00, 0x00, 0x3F, 0x80, 0x3F, 0x80,
    0x00, 0x00, 0x06, 0x00, 0x00, 0x00, 0x00, 0x00, 0x00, 0x00, 0x00, 0x00, 0x00, 0x00, 0x00, 0x00,
    0x0F, 0x80, 0x3F, 0x80, 0x30, 0x00, 0x30, 0x00, 0x30, 0x00, 0x30, 0x00, 0x1F, 0x80, 0x30, 0x00,
    0x30, 0x00, 0x30, 0x00, 0x30, 0x00, 0x3F, 0x80, 0x1F, 0x80, 0x00, 0x00, 0x00, 0x00, 0x00, 0x00,
    0x01, 0x80, 0x07, 0xE0, 0x0C, 0x00, 0x18, 0x00, 0x10, 0x00, 0x10, 0x00, 0x1F, 0xC0, 0x10, 0x00,
    0x10, 0x00, 0x18, 0x00, 0x0C, 0x00, 0x07, 0xE0, 0x01, 0xC0, 0x00, 0x00, 0x00, 0x00, 0x00, 0x00,
    0x00, 0x00, 0x30, 0x00, 0x30, 0x00, 0x30, 0x00, 0x30, 0x00, 0x30, 0x00, 0x30, 0x00, 0x30, 0x00,
    0x30, 0x00, 0x30, 0x00, 0x30, 0x00, 0x30, 0x00, 0x00, 0x00, 0x00, 0x00, 0x00, 0x00, 0x00, 0x00,
    0x00, 0x00, 0x18, 0x00, 0x18, 0x00, 0x18, 0x00, 0x18, 0x00, 0x18, 0x00, 0x18, 0x00, 0x18, 0x00,
    0x18, 0x00, 0x18, 0x00, 0x18, 0x00, 0x18, 0x00, 0x00, 0x00, 0x00, 0x00, 0x00, 0x00, 0x00, 0x00,
    0x00, 0x00, 0x06, 0x00, 0x07, 0x00, 0x05, 0x00, 0x0D, 0x00, 0x09, 0x80, 0x18, 0x80, 0x1F, 0xC0,
    0x10, 0xC0, 0x30, 0x40, 0x20, 0x60, 0x60, 0x20, 0x00, 0x00, 0x00, 0x00, 0x00, 0x00, 0x00, 0x00,
    0x0F, 0x00, 0x3F, 0x80, 0x30, 0x00, 0x30, 0x00, 0x30, 0x00, 0x30, 0x00, 0x1F, 0x80, 0x30, 0x80,
    0x30, 0xC0, 0x30, 0xC0, 0x30, 0x80, 0x3F, 0x80, 0x1E, 0x00, 0x00, 0x00, 0x00, 0x00, 0x00, 0x00,
    0x0E, 0x00, 0x3F, 0xC0, 0x30, 0x40, 0x30, 0x40, 0x30, 0x40, 0x30, 0xC0, 0x1F, 0x80, 0x30, 0xC0,
    0x30, 0x40, 0x30, 0x40, 0x30, 0x40, 0x3F, 0x80, 0x1F, 0x00, 0x00, 0x00, 0x00, 0x00, 0x00, 0x00,
    0x0F, 0x00, 0x3F, 0x80, 0x30, 0x00, 0x30, 0x00, 0x30, 0x00, 0x30, 0x00, 0x30, 0x00, 0x30, 0x00,
    0x30, 0x00, 0x30, 0x00, 0x30, 0x00, 0x30, 0x00, 0x00, 0x00, 0x00, 0x00, 0x00, 0x00, 0x00, 0x00,
    0x03, 0xE0, 0x07, 0xF0, 0x04, 0x10, 0x04, 0x30, 0x04, 0x30, 0x04, 0x30, 0x04, 0x30, 0x0C, 0x30,
    0x0C, 0x30, 0x08, 0x30, 0x08, 0x10, 0x3F, 0xF8, 0x3F, 0xF8, 0x20, 0x08, 0x20, 0x08, 0x00, 0x00,
    0x0F, 0x00, 0x3F, 0x80, 0x30, 0x00, 0x30, 0x00, 0x30, 0x00, 0x30, 0x00, 0x1F, 0x80, 0x30, 0x00,
    0x30, 0x00, 0x30, 0x00, 0x30, 0x00, 0x3F, 0x80, 0x1F, 0x80, 0x00, 0x00, 0x00, 0x00, 0x00, 0x00,
    0x00, 0x00, 0x20, 0x86, 0x10, 0x8C, 0x18, 0x88, 0x0C, 0x98, 0x07, 0xB0, 0x07, 0xF0, 0x0C, 0xB0,
    0x08, 0x98, 0x18, 0x8C, 0x30, 0x84, 0x20, 0x86, 0x00, 0x00, 0x00, 0x00, 0x00, 0x00, 0x00, 0x00,
    0x06, 0x00, 0x1F, 0x80, 0x00, 0xC0, 0x00, 0xC0, 0x00, 0xC0, 0x01, 0x80, 0x0F, 0x00, 0x00, 0x80,
    0x00, 0xC0, 0x00, 0xC0, 0x00, 0x80, 0x3F, 0x80, 0x0E, 0x00, 0x00, 0x00, 0x00, 0x00, 0x00, 0x00,
    0x00, 0x00, 0x30, 0x30, 0x30, 0x70, 0x30, 0xF0, 0x30, 0x90, 0x31, 0xB0, 0x33, 0x30, 0x32, 0x30,
    0x36, 0x30, 0x3C, 0x30, 0x18, 0x30, 0x18, 0x30, 0x00, 0x00, 0x00, 0x00, 0x00, 0x00, 0x00, 0x00,
    0x00, 0x00, 0x30, 0x30, 0x30, 0x70, 0x30, 0xF0, 0x30, 0x90, 0x31, 0xB0, 0x33, 0x30, 0x32, 0x30,
    0x36, 0x30, 0x3C, 0x30, 0x18, 0x30, 0x18, 0x30, 0x00, 0x00, 0x00, 0x00, 0x00, 0x00, 0x00, 0x00,
    0x00, 0x00, 0x30, 0xC0, 0x31, 0x80, 0x31, 0x00, 0x33, 0x00, 0x36, 0x00, 0x1E, 0x00, 0x36, 0x00,
    0x33, 0x00, 0x31, 0x80, 0x30, 0x80, 0x30, 0xC0, 0x00, 0x40, 0x00, 0x00, 0x00, 0x00, 0x00, 0x00,
    0x07, 0xC0, 0x0F, 0xE0, 0x08, 0x20, 0x08, 0x20, 0x08, 0x20, 0x08, 0x20, 0x08, 0x20, 0x08, 0x20,
    0x08, 0x20, 0x08, 0x20, 0x18, 0x20, 0x30, 0x20, 0x20, 0x00, 0x00, 0x00, 0x00, 0x00, 0x00, 0x00,
    0x00, 0x00, 0x18, 0x0C, 0x18, 0x1C, 0x3C, 0x1C, 0x34, 0x14, 0x34, 0x34, 0x36, 0x24, 0x32, 0x64,
    0x33, 0x44, 0x33, 0x44, 0x31, 0xC4, 0x31, 0x84, 0x00, 0x00, 0x00, 0x00, 0x00, 0x00, 0x00, 0x00,
    0x00, 0x00, 0x30, 0x20, 0x30, 0x20, 0x30, 0x20, 0x30, 0x20, 0x30, 0x60, 0x1F, 0xE0, 0x30, 0x20,
    0x30, 0x20, 0x30, 0x20, 0x30, 0x20, 0x30, 0x20, 0x00, 0x00, 0x00, 0x00, 0x00, 0x00, 0x00, 0x00,
    0x01, 0x80, 0x07, 0xE0, 0x0C, 0x30, 0x18, 0x18, 0x10, 0x08, 0x10, 0x08, 0x30, 0x08, 0x10, 0x08,
    0x10, 0x08, 0x18, 0x18, 0x08, 0x30, 0x07, 0xE0, 0x01, 0x80, 0x00, 0x00, 0x00, 0x00, 0x00, 0x00,
    0x0F, 0xC0, 0x3F, 0xE0, 0x30, 0x20, 0x30, 0x20, 0x30, 0x20, 0x30, 0x20, 0x30, 0x20, 0x30, 0x20,
    0x30, 0x20, 0x30, 0x20, 0x30, 0x20, 0x30, 0x20, 0x00, 0x00, 0x00, 0x00, 0x00, 0x00, 0x00, 0x00,
    0x0E, 0x00, 0x3F, 0x80, 0x30, 0x80, 0x30, 0xC0, 0x30, 0xC0, 0x30, 0x80, 0x3F, 0x80, 0x3E, 0x00,
    0x30, 0x00, 0x30, 0x00, 0x30, 0x00, 0x30, 0x00, 0x00, 0x00, 0x00, 0x00, 0x00, 0x00, 0x00, 0x00,
    0x01, 0x80, 0x07, 0xE0, 0x0C, 0x00, 0x18, 0x00, 0x10, 0x00, 0x10, 0x00, 0x30, 0x00, 0x10, 0x00,
    0x10, 0x00, 0x18, 0x00, 0x08, 0x00, 0x07, 0xE0, 0x01, 0xC0, 0x00, 0x00, 0x00, 0x00, 0x00, 0x00,
    0x1D, 0xC0, 0x3F, 0xC0, 0x06, 0x00, 0x06, 0x00, 0x06, 0x00, 0x06, 0x00, 0x06, 0x00, 0x06, 0x00,
    0x06, 0x00, 0x06, 0x00, 0x06, 0x00, 0x06, 0x00, 0x00, 0x00, 0x00, 0x00, 0x00, 0x00, 0x00, 0x00,
    0x00, 0x00, 0x20, 0x60, 0x30, 0x40, 0x10, 0xC0, 0x18, 0xC0, 0x08, 0x80, 0x0D, 0x80, 0x07, 0x00,
    0x07, 0x00, 0x02, 0x00, 0x06, 0x00, 0x1C, 0x00, 0x18, 0x00, 0x00, 0x00, 0x00, 0x00, 0x00, 0x00,
    0x00, 0x00, 0x01, 0x00, 0x0F, 0xE0, 0x19, 0x30, 0x31, 0x18, 0x21, 0x08, 0x21, 0x08, 0x21, 0x08,
    0x31, 0x18, 0x19, 0x30, 0x0F, 0xE0, 0x01, 0x00, 0x00, 0x00, 0x00, 0x00, 0x00, 0x00, 0x00, 0x00,
    0x00, 0x00, 0x30, 0xC0, 0x10, 0x80, 0x19, 0x80, 0x0B, 0x00, 0x06, 0x00, 0x06, 0x00, 0x0F, 0x00,
    0x09, 0x00, 0x19, 0x80, 0x10, 0x80, 0x20, 0xC0, 0x00, 0x00, 0x00, 0x00, 0x00, 0x00, 0x00, 0x00,
    0x00, 0x00, 0x30, 0x20, 0x30, 0x20, 0x30, 0x20, 0x30, 0x20, 0x30, 0x20, 0x30, 0x20, 0x30, 0x20,
    0x30, 0x20, 0x30, 0x20, 0x30, 0x20, 0x3F, 0xF0, 0x1F, 0xF8, 0x00, 0x18, 0x00, 0x18, 0x00, 0x00,
    0x00, 0x00, 0x30, 0x40, 0x30, 0x40, 0x30, 0x40, 0x30, 0x40, 0x10, 0x40, 0x18, 0x40, 0x0F, 0xC0,
    0x00, 0x40, 0x00, 0x40, 0x00, 0x40, 0x00, 0x40, 0x00, 0x00, 0x00, 0x00, 0x00, 0x00, 0x00, 0x00,
    0x00, 0x00, 0x30, 0xC3, 0x30, 0xC3, 0x30, 0xC3, 0x30, 0xC3, 0x30, 0xC3, 0x30, 0xC3, 0x30, 0xC3,
    0x30, 0xC3, 0x30, 0xC3, 0x30, 0xC3, 0x3F, 0xFF, 0x1F, 0xFE, 0x00, 0x00, 0x00, 0x00, 0x00, 0x00,
    0x00, 0x00, 0x30, 0xC3, 0x30, 0xC3, 0x30, 0xC3, 0x30, 0xC3, 0x30, 0xC3, 0x30, 0xC3, 0x30, 0xC3,
    0x30, 0xC3, 0x30, 0xC3, 0x30, 0xC3, 0x3F, 0xFF, 0x1F, 0xFF, 0x00, 0x00, 0x00, 0x00, 0x00, 0x00,
    0x30, 0x00, 0x38, 0x00, 0x08, 0x00, 0x08, 0x00, 0x08, 0x00, 0x0C, 0x00, 0x0F, 0xC0, 0x08, 0x60,
    0x08, 0x20, 0x08, 0x20, 0x08, 0x60, 0x0F, 0xC0, 0x07, 0x00, 0x00, 0x00, 0x00, 0x00, 0x00, 0x00,
    0x00, 0x00, 0x30, 0x18, 0x30, 0x18, 0x30, 0x18, 0x30, 0x18, 0x30, 0x18, 0x1F, 0x98, 0x30, 0x98,
    0x30, 0xD8, 0x30, 0xD8, 0x30, 0x98, 0x3F, 0x98, 0x1E, 0x00, 0x00, 0x00, 0x00, 0x00, 0x00, 0x00,
    0x00, 0x00, 0x30, 0x00, 0x30, 0x00, 0x30, 0x00, 0x30, 0x00, 0x30, 0x00, 0x1F, 0x80, 0x30, 0x80,
    0x30, 0xC0, 0x30, 0xC0, 0x30, 0x80, 0x3F, 0x80, 0x1E, 0x00, 0x00, 0x00, 0x00, 0x00, 0x00, 0x00,
    0x0C, 0x00, 0x3F, 0x00, 0x01, 0x80, 0x00, 0xC0, 0x00, 0x40, 0x00, 0x40, 0x1F, 0xC0, 0x00, 0x40,
    0x00, 0x40, 0x00, 0xC0, 0x00, 0x80, 0x3F, 0x00, 0x1C, 0x00, 0x00, 0x00, 0x00, 0x00, 0x00, 0x00,
    0x00, 0x30, 0x31, 0xFC, 0x33, 0x06, 0x32, 0x03, 0x32, 0x01, 0x36, 0x01, 0x1E, 0x01, 0x36, 0x01,
    0x32, 0x01, 0x32, 0x03, 0x33, 0x06, 0x31, 0xFC, 0x00, 0x70, 0x00, 0x00, 0x00, 0x00, 0x00, 0x00,
    0x03, 0x00, 0x0F, 0xC0, 0x10, 0xC0, 0x30, 0xC0, 0x10, 0xC0, 0x10, 0xC0, 0x0F, 0xC0, 0x07, 0xC0,
    0x0C, 0xC0, 0x08, 0xC0, 0x18, 0xC0, 0x30, 0xC0, 0x00, 0x00, 0x00, 0x00, 0x00, 0x00, 0x00, 0x00,
    0x00, 0x00, 0x00, 0x00, 0x00, 0x00, 0x0E, 0x00, 0x1F, 0x00, 0x01, 0x80, 0x00, 0x80, 0x0F, 0x80,
    0x39, 0x80, 0x20, 0x80, 0x21, 0x80, 0x3F, 0x80, 0x0C, 0x00, 0x00, 0x00, 0x00, 0x00, 0x00, 0x00,
    0x07, 0xC0, 0x0C, 0x00, 0x18, 0x00, 0x13, 0x00, 0x1F, 0x80, 0x18, 0xC0, 0x30, 0x40, 0x30, 0x40,
    0x10, 0x40, 0x10, 0x40, 0x18, 0xC0, 0x0F, 0x80, 0x07, 0x00, 0x00, 0x00, 0x00, 0x00, 0x00, 0x00,
    0x00, 0x00, 0x00, 0x00, 0x00, 0x00, 0x1E, 0x00, 0x3F, 0x80, 0x31, 0x80, 0x31, 0x80, 0x1F, 0x00,
    0x31, 0x80, 0x30, 0xC0, 0x30, 0xC0, 0x3F, 0x80, 0x1F, 0x00, 0x00, 0x00, 0x00, 0x00, 0x00, 0x00,
    0x00, 0x00, 0x00, 0x00, 0x00, 0x00, 0x1F, 0x00, 0x3F, 0x00, 0x30, 0x00, 0x30, 0x00, 0x30, 0x00,
    0x30, 0x00, 0x30, 0x00, 0x30, 0x00, 0x30, 0x00, 0x00, 0x00, 0x00, 0x00, 0x00, 0x00, 0x00, 0x00,
    0x00, 0x00, 0x00, 0x00, 0x00, 0x00, 0x07, 0x80, 0x0F, 0xC0, 0x08, 0xC0, 0x08, 0xC0, 0x08, 0xC0,
    0x08, 0xC0, 0x08, 0xC0, 0x18, 0xC0, 0x3F, 0xE0, 0x3F, 0xE0, 0x20, 0x20, 0x20, 0x20, 0x00, 0x00,
    0x00, 0x00, 0x00, 0x00, 0x00, 0x00, 0x06, 0x00, 0x1F, 0x00, 0x31, 0x80, 0x20, 0x80, 0x3F, 0x80,
    0x20, 0x00, 0x20, 0x00, 0x30, 0x00, 0x1F, 0x00, 0x06, 0x00, 0x00, 0x00, 0x00, 0x00, 0x00, 0x00,
    0x00, 0x00, 0x00, 0x00, 0x00, 0x00, 0x00, 0x00, 0x31, 0x08, 0x19, 0x10, 0x09, 0x30, 0x0F, 0xE0,
    0x0D, 0x70, 0x19, 0x30, 0x11, 0x18, 0x31, 0x08, 0x00, 0x00, 0x00, 0x00, 0x00, 0x00, 0x00, 0x00,
    0x00, 0x00, 0x00, 0x00, 0x00, 0x00, 0x0C, 0x00, 0x1F, 0x00, 0x01, 0x00, 0x01, 0x00, 0x0E, 0x00,
    0x03, 0x00, 0x01, 0x00, 0x01, 0x00, 0x3F, 0x00, 0x1C, 0x00, 0x00, 0x00, 0x00, 0x00, 0x00, 0x00,
    0x00, 0x00, 0x00, 0x00, 0x00, 0x00, 0x00, 0x80, 0x30, 0xC0, 0x31, 0xC0, 0x33, 0xC0, 0x32, 0xC0,
    0x36, 0xC0, 0x34, 0xC0, 0x38, 0xC0, 0x18, 0xC0, 0x10, 0x00, 0x00, 0x00, 0x00, 0x00, 0x00, 0x00,
    0x00, 0x00, 0x09, 0x00, 0x07, 0x00, 0x00, 0x80, 0x30, 0xC0, 0x31, 0xC0, 0x33, 0xC0, 0x32, 0xC0,
    0x36, 0xC0, 0x34, 0xC0, 0x38, 0xC0, 0x18, 0xC0, 0x10, 0x00, 0x00, 0x00, 0x00, 0x00, 0x00, 0x00,
    0x00, 0x00, 0x00, 0x00, 0x00, 0x00, 0x00, 0x00, 0x31, 0x80, 0x33, 0x00, 0x33, 0x00, 0x1E, 0x00,
    0x36, 0x00, 0x33, 0x00, 0x31, 0x80, 0x31, 0x80, 0x00, 0x00, 0x00, 0x00, 0x00, 0x00, 0x00, 0x00,
    0x00, 0x00, 0x00, 0x00, 0x00, 0x00, 0x0F, 0x00, 0x1F, 0x80, 0x18, 0x80, 0x18, 0x80, 0x18, 0x80,
    0x18, 0x80, 0x18, 0x80, 0x10, 0x80, 0x30, 0x80, 0x20, 0x00, 0x00, 0x00, 0x00, 0x00, 0x00, 0x00,
    0x00, 0x00, 0x00, 0x00, 0x00, 0x00, 0x10, 0x00, 0x18, 0x30, 0x18, 0x70, 0x3C, 0x70, 0x34, 0xD0,
    0x34, 0x90, 0x36, 0xB0, 0x33, 0xB0, 0x33, 0x30, 0x00, 0x00, 0x00, 0x00, 0x00, 0x00, 0x00, 0x00,
    0x00, 0x00, 0x00, 0x00, 0x00, 0x00, 0x00, 0x00, 0x30, 0xC0, 0x30, 0xC0, 0x30, 0xC0, 0x1F, 0xC0,
    0x30, 0xC0, 0x30, 0xC0, 0x30, 0xC0, 0x30, 0xC0, 0x00, 0x00, 0x00, 0x00, 0x00, 0x00, 0x00, 0x00,
    0x00, 0x00, 0x00, 0x00, 0x00, 0x00, 0x06, 0x00, 0x1F, 0x00, 0x30, 0x80, 0x20, 0xC0, 0x20, 0xC0,
    0x20, 0xC0, 0x20, 0xC0, 0x30, 0x80, 0x1F, 0x00, 0x06, 0x00, 0x00, 0x00, 0x00, 0x00, 0x00, 0x00,
    0x00, 0x00, 0x00, 0x00, 0x00, 0x00, 0x1F, 0x80, 0x3F, 0xC0, 0x30, 0xC0, 0x30, 0xC0, 0x30, 0xC0,
    0x30, 0xC0, 0x30, 0xC0, 0x30, 0xC0, 0x30, 0xC0, 0x00, 0x00, 0x00, 0x00, 0x00, 0x00, 0x00, 0x00,
    0x00, 0x00, 0x00, 0x00, 0x00, 0x00, 0x03, 0x00, 0x3F, 0x80, 0x18, 0xC0, 0x30, 0x40, 0x30, 0x40,
    0x30, 0x40, 0x30, 0x40, 0x18, 0xC0, 0x3F, 0x80, 0x33, 0x00, 0x30, 0x00, 0x30, 0x00, 0x30, 0x00,
    0x00, 0x00, 0x00, 0x00, 0x00, 0x00, 0x06, 0x00, 0x1F, 0x00, 0x30, 0x00, 0x20, 0x00, 0x20, 0x00,
    0x20, 0x00, 0x20, 0x00, 0x30, 0x00, 0x1F, 0x00, 0x06, 0x00, 0x00, 0x00, 0x00, 0x00, 0x00, 0x00,
    0x00, 0x00, 0x00, 0x00, 0x00, 0x00, 0x3F, 0x80, 0x3F, 0x80, 0x04, 0x00, 0x04, 0x00, 0x04, 0x00,
    0x04, 0x00, 0x04, 0x00, 0x04, 0x00, 0x04, 0x00, 0x00, 0x00, 0x00, 0x00, 0x00, 0x00, 0x00, 0x00,
    0x00, 0x00, 0x00, 0x00, 0x00, 0x00, 0x00, 0x00, 0x30, 0xC0, 0x10, 0x80, 0x11, 0x80, 0x19, 0x00,
    0x0B, 0x00, 0x0B, 0x00, 0x0E, 0x00, 0x06, 0x00, 0x04, 0x00, 0x04, 0x00, 0x0C, 0x00, 0x38, 0x00,
    0x03, 0x00, 0x03, 0x00, 0x02, 0x00, 0x07, 0x00, 0x1F, 0xC0, 0x33, 0x60, 0x23, 0x30, 0x23, 0x30,
    0x23, 0x30, 0x23, 0x30, 0x33, 0x60, 0x1F, 0xC0, 0x07, 0x80, 0x02, 0x00, 0x03, 0x00, 0x03, 0x00,
    0x00, 0x00, 0x00, 0x00, 0x00, 0x00, 0x00, 0x00, 0x31, 0x80, 0x13, 0x00, 0x0E, 0x00, 0x0C, 0x00,
    0x0E, 0x00, 0x1A, 0x00, 0x13, 0x00, 0x31, 0x80, 0x00, 0x00, 0x00, 0x00, 0x00, 0x00, 0x00, 0x00,
    0x00, 0x00, 0x00, 0x00, 0x00, 0x00, 0x00, 0x00, 0x30, 0xC0, 0x30, 0xC0, 0x30, 0xC0, 0x30, 0xC0,
    0x30, 0xC0, 0x30, 0xC0, 0x30, 0xC0, 0x3F, 0xE0, 0x1F, 0xE0, 0x00, 0x20, 0x00, 0x20, 0x00, 0x00,
    0x00, 0x00, 0x00, 0x00, 0x00, 0x00, 0x00, 0x00, 0x30, 0xC0, 0x30, 0xC0, 0x30, 0xC0, 0x10, 0xC0,
    0x1F, 0xC0, 0x0F, 0xC0, 0x00, 0xC0, 0x00, 0xC0, 0x00, 0x00, 0x00, 0x00, 0x00, 0x00, 0x00, 0x00,
    0x00, 0x00, 0x00, 0x00, 0x00, 0x00, 0x00, 0x00, 0x30, 0x84, 0x30, 0x84, 0x30, 0x84, 0x30, 0x84,
    0x30, 0x84, 0x30, 0x84, 0x30, 0x84, 0x3F, 0xFC, 0x1F, 0xF8, 0x00, 0x00, 0x00, 0x00, 0x00, 0x00,
    0x00, 0x00, 0x00, 0x00, 0x00, 0x00, 0x00, 0x00, 0x30, 0x84, 0x30, 0x84, 0x30, 0x84, 0x30, 0x84,
    0x30, 0x84, 0x30, 0x84, 0x30, 0x84, 0x3F, 0xFE, 0x1F, 0xFF, 0x00, 0x03, 0x00, 0x02, 0x00, 0x00,
    0x00, 0x00, 0x00, 0x00, 0x00, 0x00, 0x38, 0x00, 0x38, 0x00, 0x08, 0x00, 0x08, 0x00, 0x0F, 0x80,
    0x0C, 0xC0, 0x08, 0x40, 0x08, 0x40, 0x0F, 0xC0, 0x07, 0x00, 0x00, 0x00, 0x00, 0x00, 0x00, 0x00,
    0x00, 0x00, 0x00, 0x00, 0x00, 0x00, 0x00, 0x00, 0x30, 0x20, 0x30, 0x20, 0x30, 0x20, 0x1F, 0x20,
    0x31, 0xA0, 0x30, 0xA0, 0x31, 0xA0, 0x3F, 0x20, 0x1E, 0x00, 0x00, 0x00, 0x00, 0x00, 0x00, 0x00,
    0x00, 0x00, 0x00, 0x00, 0x00, 0x00, 0x00, 0x00, 0x30, 0x00, 0x30, 0x00, 0x30, 0x00, 0x1F, 0x00,
    0x31, 0x80, 0x30, 0x80, 0x31, 0x80, 0x3F, 0x00, 0x1E, 0x00, 0x00, 0x00, 0x00, 0x00, 0x00, 0x00,
    0x00, 0x00, 0x00, 0x00, 0x00, 0x00, 0x1C, 0x00, 0x1F, 0x00, 0x01, 0x00, 0x01, 0x80, 0x1F, 0x80,
    0x01, 0x80, 0x01, 0x80, 0x01, 0x00, 0x3F, 0x00, 0x1C, 0x00, 0x00, 0x00, 0x00, 0x00, 0x00, 0x00,
    0x00, 0x00, 0x00, 0x00, 0x00, 0x00, 0x00, 0xE0, 0x31, 0xF0, 0x33, 0x18, 0x32, 0x08, 0x1E, 0x08,
    0x36, 0x08, 0x32, 0x08, 0x33, 0x18, 0x31, 0xF0, 0x00, 0xE0, 0x00, 0x00, 0x00, 0x00, 0x00, 0x00,
    0x00, 0x00, 0x00, 0x00, 0x00, 0x00, 0x07, 0x80, 0x1F, 0xC0, 0x10, 0xC0, 0x30, 0xC0, 0x18, 0xC0,
    0x0F, 0xC0, 0x0C, 0xC0, 0x18, 0xC0, 0x10, 0xC0, 0x00, 0x00, 0x00, 0x00, 0x00, 0x00, 0x00, 0x00,
    0x00, 0x00, 0x0B, 0x00, 0x00, 0x00, 0x04, 0x00, 0x1F, 0x00, 0x31, 0x80, 0x20, 0x80, 0x3F, 0x80,
    0x20, 0x00, 0x20, 0x00, 0x30, 0x00, 0x1F, 0x00, 0x06, 0x00, 0x00, 0x00, 0x00, 0x00, 0x00, 0x00,
    0x00, 0x00, 0x00, 0x00, 0x00, 0x00, 0x06, 0x00, 0x1F, 0x00, 0x30, 0x00, 0x20, 0x00, 0x3F, 0x00,
    0x20, 0x00, 0x20, 0x00, 0x30, 0x00, 0x1F, 0x00, 0x06, 0x00, 0x00, 0x00, 0x00, 0x00, 0x00, 0x00,
    0x00, 0x00, 0x10, 0x00, 0x00, 0x00, 0x00, 0x00, 0x30, 0x00, 0x30, 0x00, 0x30, 0x00, 0x30, 0x00,
    0x30, 0x00, 0x30, 0x00, 0x30, 0x00, 0x30, 0x00, 0x00, 0x00, 0x00, 0x00, 0x00, 0x00, 0x00, 0x00,
    0x00, 0x00, 0x28, 0x00, 0x00, 0x00, 0x00, 0x00, 0x30, 0x00, 0x30, 0x00, 0x30, 0x00, 0x30, 0x00,
    0x30, 0x00, 0x30, 0x00, 0x30, 0x00, 0x30, 0x00, 0x00, 0x00, 0x00, 0x00, 0x00, 0x00, 0x00, 0x00,
    0x0F, 0x80, 0x3F, 0x80, 0x30, 0x00, 0x30, 0x00, 0x30, 0x00, 0x30, 0x00, 0x30, 0x00, 0x30, 0x00,
    0x30, 0x00, 0x30, 0x00, 0x30, 0x00, 0x30, 0x00, 0x00, 0x00, 0x00, 0x00, 0x00, 0x00, 0x00, 0x00,
    0x00, 0x00, 0x01, 0x00, 0x01, 0x00, 0x1F, 0x00, 0x3F, 0x00, 0x30, 0x00, 0x30, 0x00, 0x30, 0x00,
    0x30, 0x00, 0x30, 0x00, 0x30, 0x00, 0x30, 0x00, 0x00, 0x00, 0x00, 0x00, 0x00, 0x00, 0x00, 0x00,
    0x00, 0x00, 0x00, 0x00, 0x00, 0x00, 0x00, 0x00, 0x00, 0x00, 0x00, 0x00, 0x00, 0x00, 0x3F, 0x80,
    0x00, 0x00, 0x00, 0x00, 0x00, 0x00, 0x00, 0x00, 0x00, 0x00, 0x00, 0x00, 0x00, 0x00, 0x00, 0x00,
    0x00, 0x00, 0x00, 0x00, 0x00, 0x00, 0x00, 0x00, 0x00, 0x00, 0x00, 0x00, 0x00, 0x00, 0x3F, 0xFF,
    0x00, 0x00, 0x00, 0x00, 0x00, 0x00, 0x00, 0x00, 0x00, 0x00, 0x00, 0x00, 0x00, 0x00, 0x00, 0x00,
    0x00, 0x00, 0x00, 0x00, 0x00, 0x00, 0x00, 0x00, 0x00, 0x00, 0x00, 0x00, 0x00, 0x00, 0x00, 0x00,
    0x00, 0x00, 0x00, 0x00, 0x00, 0x00, 0x1B, 0x30, 0x00, 0x00, 0x00, 0x00, 0x00, 0x00, 0x00, 0x00,
    0x01, 0x80, 0x07, 0xC0, 0x0C, 0x00, 0x08, 0x00, 0x18, 0x00, 0x3F, 0x80, 0x18, 0x00, 0x3F, 0x00,
    0x18, 0x00, 0x08, 0x00, 0x0C, 0x00, 0x07, 0xC0, 0x01, 0x80, 0x00, 0x00, 0x00, 0x00, 0x00, 0x00,
    0x00, 0x00, 0x10, 0x20, 0x18, 0x20, 0x1C, 0x20, 0x14, 0x20, 0x16, 0x27, 0x13, 0x2C, 0x11, 0x28,
    0x11, 0xAC, 0x10, 0xE7, 0x10, 0x60, 0x10, 0x67, 0x00, 0x07, 0x00, 0x00, 0x00, 0x00, 0x00, 0x00,
    0x00, 0x00, 0x3B, 0x30, 0x13, 0x30, 0x13, 0x30, 0x13, 0xF0, 0x13, 0xD0, 0x10, 0x10, 0x00, 0x00,
    0x00, 0x00, 0x00, 0x00, 0x00, 0x00, 0x00, 0x00, 0x00, 0x00, 0x00, 0x00, 0x00, 0x00, 0x00, 0x00,
    0x00, 0x00, 0x00, 0x00, 0x00, 0x00, 0x00, 0x00, 0x00, 0x00, 0x00, 0x00, 0x00, 0x00, 0x00, 0x00,
    0x00, 0x00, 0x00, 0x00, 0x00, 0x00, 0x00, 0x00, 0x00, 0x00, 0x00, 0x00, 0x00, 0x00, 0x00, 0x00,
    0x00, 0x00, 0x00, 0x00, 0x00, 0x00, 0x00, 0x00, 0x00, 0x00, 0x00, 0x00, 0x00, 0x00, 0x00, 0x00,
    0x00, 0x00, 0x30, 0x00, 0x18, 0x00, 0x0C, 0x00, 0x06, 0x00, 0x00, 0x00, 0x00, 0x00, 0x00, 0x00,
    0x00, 0x00, 0x00, 0x00, 0x00, 0x00, 0x00, 0x00, 0x00, 0x00, 0x00, 0x00, 0x00, 0x00, 0x00, 0x00,
    0x08, 0x00, 0x1E, 0x00, 0x22, 0x00, 0x23, 0x00, 0x36, 0x00, 0x1C, 0x00, 0x00, 0x00, 0x00, 0x00,
    0x00, 0x00, 0x00, 0x00, 0x00, 0x08, 0x01, 0x8C, 0x01, 0x98, 0x03, 0x18, 0x03, 0x10, 0x02, 0x30,
    0x06, 0x30, 0x06, 0x20, 0x00, 0x00, 0x00, 0x00, 0x00, 0x00, 0x00, 0x00, 0x00, 0x00, 0x00, 0x00,
    0x06, 0x0C, 0x0C, 0x0E, 0x18, 0x0B, 0x30, 0x09, 0x20, 0xC9, 0x20, 0x70, 0x20, 0xC0, 0x21, 0xC0,
    0x23, 0xC1, 0x33, 0x01, 0x19, 0x03, 0x0D, 0x86, 0x07, 0x1C, 0x00, 0x70, 0x00, 0x00, 0x00, 0x00,
    0x01, 0x80, 0x01, 0x80, 0x01, 0x80, 0x03, 0xFE, 0x03, 0x0E, 0x06, 0x0C, 0x0C, 0x08, 0x1D, 0x18,
    0x19, 0xF0, 0x00, 0xF0, 0x00, 0x38, 0x00, 0x18, 0x00, 0x00, 0x00, 0x00, 0x00, 0x00, 0x00, 0x00,
    0x00, 0x02, 0x00, 0x06, 0x00, 0x0C, 0x03, 0x98, 0x01, 0xF8, 0x00, 0xF0, 0x00, 0x78, 0x00, 0xDC,
    0x0D, 0x8E, 0x0D, 0x82, 0x0F, 0x00, 0x0E, 0x00, 0x0C, 0x00, 0x00, 0x00, 0x00, 0x00, 0x00, 0x00,
    0x07, 0xFC, 0x0E, 0x0E, 0x18, 0x03, 0x18, 0x03, 0x30, 0x01, 0x30, 0x01, 0x30, 0x01, 0x30, 0x01,
    0x30, 0x01, 0x18, 0x03, 0x18, 0x03, 0x0E, 0x0E, 0x07, 0xFC, 0x01, 0xF0, 0x00, 0x00, 0x00, 0x00,
    0x00, 0x03, 0x00, 0x02, 0x00, 0x06, 0x00, 0x0C, 0x00, 0x0C, 0x00, 0x18, 0x00, 0x18, 0x00, 0x18,
    0x00, 0x0C, 0x00, 0x04, 0x00, 0x06, 0x00, 0x03, 0x00, 0x01, 0x00, 0x01, 0x00, 0x00, 0x00, 0x00,
    0x18, 0x00, 0x18, 0x00, 0x0C, 0x00, 0x06, 0x00, 0x06, 0x00, 0x03, 0x00, 0x03, 0x00, 0x02, 0x00,
    0x06, 0x00, 0x0C, 0x00, 0x0C, 0x00, 0x18, 0x00, 0x10, 0x00, 0x30, 0x00, 0x00, 0x00, 0x00, 0x00,
    0x00, 0x0D, 0x00, 0x09, 0x00, 0x1B, 0x00, 0x12, 0x00, 0x16, 0x00, 0x24, 0x00, 0x2C, 0x00, 0x34,
    0x00, 0x16, 0x00, 0x1A, 0x00, 0x0B, 0x00, 0x0D, 0x00, 0x05, 0x00, 0x04, 0x00, 0x00, 0x00, 0x00,
    0x36, 0x00, 0x16, 0x00, 0x1A, 0x00, 0x0B, 0x00, 0x0D, 0x00, 0x05, 0x80, 0x06, 0x80, 0x05, 0x80,
    0x0D, 0x00, 0x0B, 0x00, 0x1A, 0x00, 0x16, 0x00, 0x34, 0x00, 0x24, 0x00, 0x00, 0x00, 0x00, 0x00,
    0x00, 0x08, 0x00, 0x08, 0x00, 0x08, 0x00, 0x08, 0x00, 0x08, 0x00, 0x08, 0x00, 0x08, 0x00, 0x08,
    0x00, 0x08, 0x00, 0x00, 0x00, 0x00, 0x00, 0x00, 0x00, 0x00, 0x00, 0x00, 0x00, 0x00, 0x00, 0x00,
    0x00, 0x00, 0x00, 0x00, 0x00, 0x00, 0x02, 0x00, 0x02, 0x00, 0x02, 0x00, 0x02, 0x00, 0x02, 0x00,
    0x02, 0x00, 0x02, 0x00, 0x02, 0x00, 0x02, 0x00, 0x3E, 0x00, 0x3E, 0x00, 0x00, 0x00, 0x00, 0x00,
    0x00, 0x10, 0x00, 0x17, 0x00, 0x14, 0x00, 0x14, 0x00, 0x14, 0x00, 0x14, 0x00, 0x14, 0x00, 0x14,
    0x00, 0x14, 0x00, 0x1C, 0x00, 0x00, 0x00, 0x00, 0x00, 0x00, 0x00, 0x00, 0x00, 0x00, 0x00, 0x00,
    0x00, 0x00, 0x00, 0x00, 0x00, 0x00, 0x07, 0x00, 0x05, 0x00, 0x05, 0x00, 0x05, 0x00, 0x05, 0x00,
    0x05, 0x00, 0x05, 0x00, 0x05, 0x00, 0x3D, 0x00, 0x21, 0x00, 0x3F, 0x00, 0x00, 0x00, 0x00, 0x00,
    0x00, 0x0F, 0x00, 0x0E, 0x00, 0x0E, 0x00, 0x0C, 0x00, 0x0C, 0x00, 0x0C, 0x00, 0x0C, 0x00, 0x0C,
    0x00, 0x0C, 0x00, 0x0C, 0x00, 0x0E, 0x00, 0x0E, 0x00, 0x0F, 0x00, 0x0F, 0x00, 0x00, 0x00, 0x00,
    0x1E, 0x00, 0x0E, 0x00, 0x0E, 0x00, 0x0E, 0x00, 0x06, 0x00, 0x06, 0x00, 0x06, 0x00, 0x06, 0x00,
    0x06, 0x00, 0x0E, 0x00, 0x0E, 0x00, 0x0E, 0x00, 0x1E, 0x00, 0x3E, 0x00, 0x00, 0x00, 0x00, 0x00,
    0x00, 0x00, 0x0F, 0xFE, 0x00, 0x00, 0x00, 0x00, 0x0F, 0xFE, 0x0F, 0xFE, 0x00, 0x60, 0x00, 0x60,
    0x00, 0x60, 0x00, 0x60, 0x00, 0x60, 0x00, 0x60, 0x00, 0x40, 0x00, 0x00, 0x00, 0x00, 0x00, 0x00,
    0x1F, 0xFF, 0x1F, 0xFF, 0x1F, 0xFF, 0x1F, 0xFF, 0x1F, 0xFF, 0x00, 0x00, 0x00, 0x00, 0x00, 0x00,
    0x1F, 0xFF, 0x1F, 0xFF, 0x1F, 0xFF, 0x1F, 0xFF, 0x1F, 0xFF, 0x00, 0x00, 0x00, 0x00, 0x00, 0x00,
    0x00, 0x06, 0x00, 0x0C, 0x00, 0x0C, 0x00, 0x0C, 0x00, 0x0C, 0x00, 0x0C, 0x00, 0x0C, 0x00, 0x0C,
    0x00, 0x0C, 0x00, 0x0C, 0x00, 0x0C, 0x00, 0x06, 0x00, 0x03, 0x00, 0x01, 0x00, 0x00, 0x00, 0x00,
    0x0C, 0x00, 0x04, 0x00, 0x04, 0x00, 0x04, 0x00, 0x04, 0x00, 0x04, 0x00, 0x04, 0x00, 0x04, 0x00,
    0x04, 0x00, 0x04, 0x00, 0x06, 0x00, 0x0C, 0x00, 0x18, 0x00, 0x30, 0x00, 0x00, 0x00, 0x00, 0x00,
    0x00, 0x12, 0x00, 0x14, 0x00, 0x10, 0x00, 0x10, 0x00, 0x10, 0x00, 0x10, 0x00, 0x10, 0x00, 0x10,
    0x00, 0x10, 0x00, 0x10, 0x00, 0x14, 0x00, 0x10, 0x00, 0x11, 0x00, 0x1F, 0x00, 0x00, 0x00, 0x00,
    0x08, 0x00, 0x08, 0x00, 0x04, 0x00, 0x02, 0x00, 0x02, 0x00, 0x02, 0x00, 0x02, 0x00, 0x02, 0x00,
    0x02, 0x00, 0x04, 0x00, 0x04, 0x00, 0x08, 0x00, 0x10, 0x00, 0x3E, 0x00, 0x00, 0x00, 0x00, 0x00,
    0x00, 0x0C, 0x00, 0x1B, 0x00, 0x12, 0x00, 0x12, 0x00, 0x12, 0x00, 0x12, 0x00, 0x12, 0x00, 0x12,
    0x00, 0x12, 0x00, 0x12, 0x00, 0x12, 0x00, 0x09, 0x00, 0x06, 0x00, 0x03, 0x00, 0x00, 0x00, 0x00,
    0x26, 0x00, 0x1A, 0x00, 0x0A, 0x00, 0x0A, 0x00, 0x0A, 0x00, 0x0A, 0x00, 0x0A, 0x00, 0x0A, 0x00,
    0x0A, 0x00, 0x0A, 0x00, 0x0A, 0x00, 0x32, 0x00, 0x2C, 0x00, 0x10, 0x00, 0x00, 0x00, 0x00, 0x00,
    0x00, 0x0B, 0x00, 0x0B, 0x00, 0x0B, 0x00, 0x0B, 0x00, 0x0B, 0x00, 0x0B, 0x00, 0x0B, 0x00, 0x0B,
    0x00, 0x0B, 0x00, 0x0B, 0x00, 0x0B, 0x00, 0x0B, 0x00, 0x0F, 0x00, 0x0F, 0x00, 0x00, 0x00, 0x00,
    0x1A, 0x00, 0x1A, 0x00, 0x1A, 0x00, 0x1A, 0x00, 0x1A, 0x00, 0x1A, 0x00, 0x1A, 0x00, 0x1A, 0x00,
    0x1A, 0x00, 0x1A, 0x00, 0x1A, 0x00, 0x1A, 0x00, 0x1E, 0x00, 0x3E, 0x00, 0x00, 0x00, 0x00, 0x00,
    0x00, 0x00, 0x00, 0x00, 0x00, 0x00, 0x00, 0x00, 0x07, 0x00, 0x1F, 0xC1, 0x38, 0xE3, 0x30, 0x7F,
    0x00, 0x1C, 0x00, 0x00, 0x00, 0x00, 0x00, 0x00, 0x00, 0x00, 0x00, 0x00, 0x00, 0x00, 0x00, 0x00,
    0x00, 0x07, 0x00, 0x01, 0x00, 0x0C, 0x00, 0x07, 0x00, 0x01, 0x00, 0x00, 0x00, 0x00, 0x00, 0x00,
    0x00, 0x00, 0x00, 0x00, 0x00, 0x00, 0x00, 0x00, 0x00, 0x00, 0x00, 0x00, 0x00, 0x00, 0x00, 0x00,
    0x1C, 0x00, 0x30, 0x00, 0x06, 0x00, 0x1C, 0x00, 0x30, 0x00, 0x00, 0x00, 0x00, 0x00, 0x00, 0x00,
    0x00, 0x00, 0x00, 0x00, 0x00, 0x00, 0x00, 0x00, 0x00, 0x00, 0x00, 0x00, 0x00, 0x00, 0x00, 0x00,
    0x00, 0x00, 0x00, 0x00, 0x00, 0x00, 0x00, 0x00, 0x00, 0x00, 0x00, 0x00, 0x00, 0x00, 0x00, 0x00,
    0x38, 0x00, 0x0E, 0x00, 0x04, 0x00, 0x38, 0x00, 0x0E, 0x00, 0x04, 0x00, 0x00, 0x00, 0x00, 0x00,
    0x00, 0x00, 0x0F, 0xFE, 0x00, 0x00, 0x0F, 0xFE, 0x0F, 0xFE, 0x36, 0x4D, 0x27, 0x5E, 0x26, 0x4A,
    0x16, 0x4D, 0x09, 0x12, 0x0D, 0xF4, 0x03, 0xF8, 0x00, 0xE0, 0x00, 0x00, 0x00, 0x00, 0x00, 0x00,
    0x00, 0x40, 0x00, 0x40, 0x00, 0x40, 0x00, 0x40, 0x00, 0x40, 0x00, 0x40, 0x00, 0x40, 0x00, 0x40,
    0x00, 0x40, 0x00, 0x40, 0x00, 0x40, 0x00, 0x40, 0x00, 0x40, 0x00, 0x40, 0x00, 0x00, 0x00, 0x00,
    0x00, 0x10, 0x01, 0x10, 0x03, 0x10, 0x03, 0x10, 0x03, 0x10, 0x03, 0x10, 0x03, 0x10, 0x03, 0x10,
    0x03, 0x10, 0x03, 0x10, 0x03, 0x10, 0x01, 0x10, 0x00, 0x10, 0x00, 0x10, 0x00, 0x00, 0x00, 0x00,
    0x04, 0x06, 0x06, 0x46, 0x06, 0x46, 0x06, 0x46, 0x06, 0x46, 0x06, 0x46, 0x06, 0x46, 0x06, 0x46,
    0x06, 0x46, 0x06, 0x46, 0x06, 0x06, 0x04, 0x06, 0x00, 0x06, 0x00, 0x06, 0x00, 0x00, 0x00, 0x00,
    0x00, 0x04, 0x06, 0x0C, 0x07, 0x0C, 0x01, 0x8C, 0x00, 0xD8, 0x00, 0x78, 0x00, 0x30, 0x00, 0x78,
    0x00, 0xEC, 0x01, 0xCE, 0x07, 0x86, 0x1E, 0x02, 0x08, 0x00, 0x00, 0x00, 0x00, 0x00, 0x00, 0x00,
    0x01, 0x00, 0x03, 0x30, 0x03, 0x10, 0x06, 0x18, 0x07, 0x30, 0x01, 0xE0, 0x03, 0xF0, 0x03, 0x18,
    0x06, 0x18, 0x06, 0x18, 0x06, 0x18, 0x03, 0xF0, 0x01, 0xE0, 0x00, 0x00, 0x00, 0x00, 0x00, 0x00,
    0x00, 0xC0, 0x00, 0xC0, 0x00, 0xC0, 0x00, 0x40, 0x3F, 0xFF, 0x00, 0x00, 0x00, 0x00, 0x00, 0x00,
    0x00, 0x00, 0x00, 0x00, 0x00, 0x00, 0x00, 0x00, 0x00, 0x00, 0x00, 0x00, 0x00, 0x00, 0x00, 0x00,
    0x00, 0xC0, 0x00, 0xC0, 0x00, 0xC0, 0x1F, 0xFF, 0x3F, 0xFF, 0x00, 0x00, 0x00, 0x00, 0x00, 0x00,
    0x00, 0x00, 0x0F, 0xFC, 0x00, 0x00, 0x00, 0x00, 0x00, 0x00, 0x00, 0x00, 0x00, 0x00, 0x00, 0x00,
    0x00, 0xC0, 0x00, 0xC0, 0x00, 0x40, 0x3F, 0xFF, 0x1F, 0xFF, 0x00, 0x00, 0x00, 0x00, 0x07, 0xFC,
    0x00, 0x00, 0x00, 0x00, 0x00, 0x00, 0x3F, 0xFF, 0x1F, 0xFF, 0x00, 0x00, 0x00, 0x00, 0x00, 0x00,
    0x00, 0x40, 0x00, 0x40, 0x0F, 0xFE, 0x0F, 0xFE, 0x04, 0x0C, 0x06, 0x0C, 0x07, 0x18, 0x03, 0xB0,
    0x00, 0xF0, 0x00, 0xF0, 0x03, 0xB8, 0x0F, 0x0F, 0x1C, 0x03, 0x00, 0x00, 0x00, 0x00, 0x00, 0x00,
    0x02, 0x0C, 0x08, 0x00, 0x10, 0x02, 0x10, 0x00, 0x20, 0x00, 0x30, 0x00, 0x00, 0x00, 0x30, 0x00,
    0x00, 0x01, 0x10, 0x00, 0x00, 0x03, 0x0C, 0x00, 0x02, 0xAC, 0x02, 0xB0, 0x30, 0x00, 0x70, 0x00,
    0x02, 0x0C, 0x08, 0x00, 0x10, 0x02, 0x10, 0x00, 0x20, 0x00, 0x30, 0x00, 0x00, 0x00, 0x30, 0x00,
    0x00, 0x01, 0x10, 0x00, 0x00, 0x03, 0x0C, 0x00, 0x02, 0xAC, 0x02, 0xB0, 0x00, 0x00, 0x00, 0x00,
    0x02, 0x0C, 0x08, 0x00, 0x10, 0x02, 0x10, 0x00, 0x20, 0x00, 0x30, 0x00, 0x00, 0x00, 0x30, 0x00,
    0x00, 0x01, 0x10, 0x00, 0x00, 0x03, 0x0C, 0x00, 0x02, 0xAC, 0x02, 0xB0, 0x00, 0x00, 0x00, 0x00,
    0x02, 0x0C, 0x08, 0x00, 0x10, 0x02, 0x10, 0x00, 0x20, 0x00, 0x30, 0x00, 0x00, 0x00, 0x30, 0x00,
    0x00, 0x01, 0x10, 0x00, 0x00, 0x03, 0x0C, 0x00, 0x02, 0xAC, 0x02, 0xB0, 0x00, 0x01, 0x00, 0x03,
    0x02, 0x0C, 0x08, 0x00, 0x10, 0x02, 0x10, 0x00, 0x20, 0x00, 0x30, 0x00, 0x00, 0x00, 0x30, 0x00,
    0x00, 0x01, 0x10, 0x00, 0x00, 0x03, 0x0C, 0x00, 0x02, 0xAC, 0x02, 0xB0, 0x00, 0x00, 0x00, 0x00,
    0x02, 0x0C, 0x08, 0x00, 0x10, 0x02, 0x10, 0x00, 0x20, 0x00, 0x30, 0x00, 0x00, 0x00, 0x30, 0x00,
    0x00, 0x01, 0x10, 0x00, 0x00, 0x03, 0x0C, 0x00, 0x02, 0xAC, 0x02, 0xB0, 0x00, 0x00, 0x00, 0x00,
    0x00, 0x00, 0x00, 0x00, 0x00, 0x00, 0x00, 0x00, 0x60, 0xE0, 0x31, 0xB1, 0x11, 0x11, 0x1B, 0x1B,
    0x0E, 0x0E, 0x00, 0x00, 0x00, 0x00, 0x00, 0x00, 0x00, 0x00, 0x00, 0x00, 0x00, 0x00, 0x00, 0x00,
    0x03, 0x00, 0x03, 0x00, 0x06, 0x00, 0x06, 0x00, 0x0C, 0x00, 0x0C, 0x00, 0x0C, 0x00, 0x06, 0x00,
    0x06, 0x00, 0x03, 0x00, 0x03, 0x00, 0x01, 0x80, 0x00, 0xC0, 0x00, 0xC0, 0x00, 0x60, 0x00, 0x60,
    0x03, 0x08, 0x03, 0x00, 0x06, 0x00, 0x06, 0x00, 0x0C, 0x00, 0x0C, 0x00, 0x0C, 0x00, 0x06, 0x00,
    0x06, 0x00, 0x03, 0x00, 0x03, 0x00, 0x01, 0x80, 0x00, 0xC0, 0x00, 0xC0, 0x00, 0x60, 0x00, 0x60,
    0x00, 0x30, 0x00, 0x30, 0x00, 0x60, 0x00, 0x60, 0x00, 0xC0, 0x00, 0xC0, 0x01, 0x80, 0x01, 0x80,
    0x03, 0x00, 0x03, 0x00, 0x06, 0x00, 0x06, 0x00, 0x0C, 0x00, 0x0C, 0x00, 0x00, 0x00, 0x00, 0x00,
    0x00, 0x30, 0x00, 0x30, 0x00, 0x60, 0x00, 0x60, 0x00, 0xC0, 0x00, 0xC4, 0x01, 0x96, 0x01, 0x9A,
    0x03, 0x08, 0x03, 0x00, 0x06, 0x00, 0x06, 0x00, 0x0C, 0x00, 0x0C, 0x00, 0x00, 0x00, 0x00, 0x00,
    0x06, 0x00, 0x03, 0x00, 0x03, 0x00, 0x01, 0x80, 0x00, 0xC0, 0x00, 0xC0, 0x00, 0x60, 0x00, 0x60,
    0x00, 0x30, 0x00, 0x30, 0x00, 0x18, 0x00, 0x18, 0x00, 0x18, 0x00, 0x00, 0x00, 0x00, 0x00, 0x00,
    0x0C, 0x04, 0x08, 0x02, 0x10, 0x01, 0x17, 0xFD, 0x20, 0x00, 0x27, 0xFC, 0x27, 0xFC, 0x20, 0x40,
    0x20, 0x40, 0x10, 0x41, 0x10, 0x43, 0x08, 0x42, 0x06, 0x0C, 0x01, 0xF0, 0x00, 0x00, 0x00, 0x00,
    0x31, 0xB1, 0x19, 0x33, 0x1B, 0x1B, 0x0B, 0x1A, 0x0E, 0x0E, 0x06, 0x0E, 0x06, 0x04, 0x06, 0x0E,
    0x0F, 0x0E, 0x0B, 0x1B, 0x19, 0x1B, 0x11, 0xB1, 0x31, 0xB1, 0x00, 0x20, 0x00, 0x00, 0x00, 0x00,
    0x00, 0x40, 0x00, 0x40, 0x00, 0x40, 0x00, 0xC0, 0x3F, 0xFF, 0x00, 0xC0, 0x00, 0x40, 0x00, 0x40,
    0x00, 0x40, 0x00, 0x40, 0x00, 0x40, 0x00, 0x40, 0x00, 0x40, 0x00, 0x40, 0x00, 0x00, 0x00, 0x00,
    0x03, 0x18, 0x03, 0x18, 0x03, 0x10, 0x1F, 0xFF, 0x3F, 0xFF, 0x03, 0x18, 0x03, 0x18, 0x03, 0x18,
    0x03, 0x18, 0x03, 0x18, 0x03, 0x18, 0x03, 0x18, 0x03, 0x18, 0x03, 0x10, 0x00, 0x00, 0x00, 0x00,
    0x06, 0x46, 0x06, 0x46, 0x06, 0x46, 0x06, 0xE6, 0x3F, 0xFF, 0x06, 0x46, 0x06, 0x46, 0x06, 0x46,
    0x0C, 0x46, 0x0C, 0x46, 0x0C, 0x46, 0x18, 0x46, 0x18, 0x06, 0x10, 0x06, 0x00, 0x00, 0x00, 0x00,
    0x03, 0x00, 0x01, 0x80, 0x00, 0xC0, 0x00, 0x70, 0x00, 0x78, 0x07, 0xC0, 0x03, 0x00, 0x03, 0x00,
    0x01, 0x80, 0x00, 0xE0, 0x00, 0x78, 0x00, 0xF8, 0x01, 0xC0, 0x01, 0x00, 0x00, 0x00, 0x00, 0x00,
    0x1F, 0xFE, 0x10, 0x06, 0x10, 0x0B, 0x10, 0x1B, 0x10, 0x33, 0x10, 0x63, 0x10, 0xC3, 0x11, 0x83,
    0x13, 0x03, 0x16, 0x03, 0x1C, 0x03, 0x1F, 0xFF, 0x1F, 0xFE, 0x00, 0x00, 0x00, 0x00, 0x00, 0x00,
    0x00, 0x00, 0x06, 0xE0, 0x1B, 0x20, 0x10, 0x10, 0x00, 0x10, 0x00, 0x18, 0x00, 0x08, 0x00, 0x0C,
    0x00, 0x04, 0x00, 0x02, 0x00, 0x03, 0x00, 0x01, 0x00, 0x00, 0x00, 0x00, 0x00, 0x00, 0x00, 0x00,
    0x20, 0x00, 0x00, 0x00, 0x20, 0x00, 0x03, 0xF8, 0x20, 0x70, 0x20, 0x20, 0x01, 0xF0, 0x21, 0xF0,
    0x01, 0xF0, 0x00, 0x80, 0x20, 0x00, 0x00, 0x00, 0x20, 0x00, 0x35, 0xBD, 0x00, 0x00, 0x00, 0x00,
    0x07, 0xFC, 0x04, 0x04, 0x05, 0x14, 0x05, 0x14, 0x04, 0xA4, 0x04, 0xE4, 0x04, 0x44, 0x04, 0xE4,
    0x04, 0xA4, 0x05, 0x14, 0x07, 0x14, 0x04, 0x04, 0x07, 0xFC, 0x00, 0x00, 0x00, 0x00, 0x00, 0x00,
    0x00, 0x00, 0x00, 0x00, 0x00, 0x80, 0x07, 0xFC, 0x07, 0xD0, 0x00, 0x98, 0x01, 0xFC, 0x03, 0xB6,
    0x07, 0xA2, 0x0C, 0xE2, 0x0C, 0xC6, 0x0F, 0xCC, 0x02, 0x38, 0x00, 0x00, 0x00, 0x00, 0x00, 0x00,
    0x01, 0x80, 0x0F, 0xFC, 0x0F, 0xF0, 0x01, 0x88, 0x01, 0xF8, 0x03, 0xFE, 0x07, 0xB3, 0x0D, 0xB3,
    0x19, 0xE3, 0x19, 0xC3, 0x19, 0x87, 0x1F, 0x8E, 0x04, 0x38, 0x00, 0x00, 0x00, 0x00, 0x00, 0x00,
    0x00, 0x00, 0x00, 0x00, 0x00, 0x00, 0x04, 0x00, 0x0C, 0x0C, 0x0C, 0x0C, 0x0C, 0x06, 0x0C, 0x06,
    0x04, 0x06, 0x04, 0x42, 0x06, 0xC2, 0x07, 0xC0, 0x03, 0x80, 0x00, 0x00, 0x00, 0x00, 0x00, 0x00,
    0x00, 0x00, 0x18, 0x00, 0x18, 0x0C, 0x18, 0x06, 0x18, 0x06, 0x18, 0x03, 0x08, 0x03, 0x08, 0x03,
    0x0C, 0x41, 0x0C, 0xC1, 0x06, 0xC0, 0x07, 0x80, 0x01, 0x00, 0x00, 0x00, 0x00, 0x00, 0x00, 0x00,
    0x00, 0x00, 0x00, 0x00, 0x01, 0xC0, 0x01, 0xF8, 0x00, 0x00, 0x03, 0xF8, 0x07, 0xDC, 0x00, 0x0C,
    0x00, 0x0C, 0x00, 0x0C, 0x00, 0x18, 0x00, 0x70, 0x01, 0xE0, 0x00, 0x00, 0x00, 0x00, 0x00, 0x00,
    0x03, 0xF8, 0x01, 0xF8, 0x00, 0x00, 0x00, 0x60, 0x0F, 0xF8, 0x0E, 0x0C, 0x00, 0x06, 0x00, 0x06,
    0x00, 0x06, 0x00, 0x0C, 0x00, 0x18, 0x00, 0xF0, 0x01, 0xE0, 0x00, 0x00, 0x00, 0x00, 0x00, 0x00,
    0x00, 0x00, 0x00, 0x00, 0x01, 0xF0, 0x00, 0xF0, 0x00, 0x00, 0x07, 0xF8, 0x07, 0xF0, 0x00, 0x60,
    0x00, 0xC0, 0x01, 0xE0, 0x03, 0x20, 0x06, 0x30, 0x04, 0x1E, 0x00, 0x00, 0x00, 0x00, 0x00, 0x00,
    0x03, 0xF8, 0x00, 0x38, 0x00, 0x00, 0x00, 0xF8, 0x0F, 0xF8, 0x00, 0x30, 0x00, 0x60, 0x00, 0xC0,
    0x01, 0xE0, 0x03, 0x20, 0x06, 0x30, 0x0C, 0x3F, 0x08, 0x1F, 0x00, 0x00, 0x00, 0x00, 0x00, 0x00,
    0x00, 0x00, 0x00, 0x00, 0x00, 0x00, 0x01, 0x80, 0x07, 0xEE, 0x0F, 0xE7, 0x01, 0x80, 0x01, 0xF8,
    0x03, 0xCC, 0x07, 0x86, 0x0D, 0x86, 0x0D, 0x84, 0x07, 0xBC, 0x03, 0x30, 0x00, 0x00, 0x00, 0x00,
    0x03, 0x00, 0x03, 0x04, 0x1F, 0xE6, 0x1F, 0x83, 0x03, 0x01, 0x03, 0x00, 0x03, 0xFC, 0x07, 0x86,
    0x0F, 0x02, 0x1B, 0x02, 0x1B, 0x06, 0x1F, 0x3C, 0x0F, 0x78, 0x00, 0x00, 0x00, 0x00, 0x00, 0x00,
    0x01, 0x00, 0x03, 0x04, 0x03, 0x06, 0x1F, 0xF2, 0x1F, 0x33, 0x02, 0x11, 0x06, 0x11, 0x06, 0x11,
    0x04, 0x10, 0x0C, 0x30, 0x0C, 0x30, 0x19, 0xF0, 0x19, 0xE0, 0x00, 0x00, 0x00, 0x00, 0x00, 0x00,
    0x01, 0x02, 0x01, 0x02, 0x03, 0x06, 0x1F, 0xF6, 0x1F, 0x33, 0x02, 0x13, 0x06, 0x11, 0x06, 0x11,
    0x04, 0x10, 0x0C, 0x30, 0x0C, 0x30, 0x19, 0xF0, 0x19, 0xE0, 0x00, 0x00, 0x00, 0x00, 0x00, 0x00,
    0x00, 0x60, 0x0E, 0x7C, 0x0F, 0xF8, 0x00, 0x20, 0x00, 0x3E, 0x0F, 0xFE, 0x00, 0x18, 0x00, 0x0C,
    0x0C, 0x3C, 0x0C, 0x00, 0x0C, 0x00, 0x07, 0x18, 0x03, 0xF8, 0x00, 0x00, 0x00, 0x00, 0x00, 0x00,
    0x00, 0xC5, 0x0E, 0xFE, 0x0F, 0xF8, 0x00, 0x60, 0x00, 0x3E, 0x1F, 0xFC, 0x03, 0x30, 0x00, 0x18,
    0x0C, 0x78, 0x08, 0x38, 0x08, 0x00, 0x0C, 0x00, 0x0F, 0xF8, 0x03, 0xF0, 0x00, 0x00, 0x00, 0x00,
    0x00, 0x38, 0x00, 0x70, 0x00, 0xE0, 0x01, 0x80, 0x03, 0x00, 0x06, 0x00, 0x06, 0x00, 0x07, 0x00,
    0x03, 0x80, 0x00, 0xC0, 0x00, 0x60, 0x00, 0x30, 0x00, 0x18, 0x00, 0x00, 0x00, 0x00, 0x00, 0x00,
    0x00, 0x30, 0x00, 0x70, 0x00, 0xC0, 0x01, 0x94, 0x03, 0x1E, 0x06, 0x08, 0x0C, 0x00, 0x07, 0x00,
    0x03, 0x80, 0x01, 0xC0, 0x00, 0x60, 0x00, 0x30, 0x00, 0x18, 0x00, 0x00, 0x00, 0x00, 0x00, 0x00,
    0x08, 0x0C, 0x08, 0x0C, 0x18, 0x0C, 0x18, 0xFF, 0x18, 0xFC, 0x18, 0x0C, 0x18, 0x0C, 0x1C, 0x0C,
    0x1C, 0x0C, 0x1C, 0x0C, 0x18, 0x18, 0x08, 0x30, 0x00, 0x60, 0x00, 0x00, 0x00, 0x00, 0x00, 0x00,
    0x08, 0x0F, 0x18, 0x1A, 0x18, 0x08, 0x18, 0xFF, 0x19, 0xFF, 0x18, 0x08, 0x18, 0x08, 0x18, 0x08,
    0x1C, 0x18, 0x1C, 0x18, 0x18, 0x18, 0x18, 0x30, 0x08, 0x60, 0x00, 0x40, 0x00, 0x00, 0x00, 0x00,
    0x00, 0x00, 0x07, 0xFC, 0x07, 0xFC, 0x00, 0x00, 0x00, 0x00, 0x00, 0x00, 0x00, 0x00, 0x00, 0x00,
    0x0C, 0x00, 0x0C, 0x00, 0x0C, 0x00, 0x07, 0xFE, 0x03, 0xFE, 0x00, 0x00, 0x00, 0x00, 0x00, 0x00,
    0x00, 0x07, 0x07, 0xFE, 0x07, 0xF8, 0x00, 0x00, 0x00, 0x00, 0x00, 0x00, 0x00, 0x00, 0x00, 0x00,
    0x08, 0x00, 0x08, 0x00, 0x0C, 0x00, 0x0F, 0xFE, 0x07, 0xFC, 0x00, 0x00, 0x00, 0x00, 0x00, 0x00,
    0x00, 0x60, 0x00, 0x32, 0x0F, 0xFE, 0x0F, 0xF8, 0x00, 0x18, 0x00, 0x08, 0x00, 0x0C, 0x04, 0x3C,
    0x0C, 0x04, 0x0C, 0x00, 0x0C, 0x00, 0x07, 0x9C, 0x03, 0xFC, 0x00, 0x00, 0x00, 0x00, 0x00, 0x00,
    0x00, 0x62, 0x00, 0x32, 0x0F, 0xFE, 0x0F, 0xF8, 0x00, 0x10, 0x00, 0x18, 0x00, 0x0C, 0x00, 0x2C,
    0x04, 0x3C, 0x0C, 0x00, 0x0C, 0x00, 0x0C, 0x00, 0x07, 0xFC, 0x03, 0xF8, 0x00, 0x00, 0x00, 0x00,
    0x06, 0x00, 0x06, 0x00, 0x06, 0x00, 0x06, 0x00, 0x06, 0x00, 0x06, 0x00, 0x06, 0x00, 0x06, 0x00,
    0x06, 0x00, 0x06, 0x02, 0x06, 0x07, 0x06, 0x0E, 0x03, 0xFC, 0x01, 0xF0, 0x00, 0x00, 0x00, 0x00,
    0x04, 0x00, 0x06, 0x0C, 0x06, 0x34, 0x06, 0x16, 0x06, 0x18, 0x06, 0x00, 0x06, 0x00, 0x06, 0x00,
    0x06, 0x00, 0x06, 0x02, 0x06, 0x07, 0x06, 0x0E, 0x07, 0xFC, 0x01, 0xF0, 0x00, 0x00, 0x00, 0x00,
    0x00, 0x30, 0x03, 0xFF, 0x1F, 0xFF, 0x00, 0x30, 0x00, 0xF0, 0x03, 0xF0, 0x03, 0x30, 0x03, 0x30,
    0x03, 0xF0, 0x01, 0xF0, 0x00, 0x60, 0x00, 0xE0, 0x03, 0x80, 0x00, 0x00, 0x00, 0x00, 0x00, 0x00,
    0x00, 0x6D, 0x00, 0x65, 0x3F, 0xFF, 0x1E, 0x6A, 0x01, 0xE0, 0x03, 0xE0, 0x02, 0x30, 0x02, 0x30,
    0x03, 0x70, 0x01, 0xE0, 0x00, 0x60, 0x01, 0xC0, 0x03, 0x80, 0x00, 0x00, 0x00, 0x00, 0x00, 0x00,
    0x02, 0x0C, 0x02, 0x0C, 0x02, 0x0C, 0x03, 0xFF, 0x3F, 0xFF, 0x36, 0x0C, 0x02, 0x0C, 0x02, 0x3C,
    0x02, 0x38, 0x02, 0x00, 0x03, 0x00, 0x03, 0xFE, 0x00, 0xF8, 0x00, 0x00, 0x00, 0x00, 0x00, 0x00,
    0x00, 0x0B, 0x06, 0x1A, 0x06, 0x08, 0x06, 0x1F, 0x3F, 0xFF, 0x3F, 0x18, 0x06, 0x18, 0x06, 0x18,
    0x06, 0x78, 0x06, 0x00, 0x06, 0x00, 0x07, 0xFC, 0x03, 0xFC, 0x00, 0x00, 0x00, 0x00, 0x00, 0x00,
    0x03, 0xFC, 0x03, 0xF8, 0x00, 0x30, 0x00, 0xE0, 0x01, 0xC0, 0x03, 0xFF, 0x1F, 0xF0, 0x00, 0xC0,
    0x01, 0x80, 0x01, 0x80, 0x01, 0x80, 0x00, 0xF0, 0x00, 0x7C, 0x00, 0x00, 0x00, 0x00, 0x00, 0x00,
    0x07, 0xF8, 0x07, 0xFA, 0x00, 0x6F, 0x00, 0xC5, 0x01, 0x80, 0x07, 0xFE, 0x3F, 0xF0, 0x01, 0x80,
    0x01, 0x00, 0x03, 0x00, 0x03, 0x00, 0x01, 0xE0, 0x00, 0xF8, 0x00, 0x00, 0x00, 0x00, 0x00, 0x00,
    0x01, 0x00, 0x03, 0x00, 0x1F, 0xE0, 0x1F, 0x80, 0x03, 0x3E, 0x02, 0x3F, 0x06, 0x00, 0x06, 0x00,
    0x06, 0x40, 0x0C, 0x40, 0x0C, 0x40, 0x08, 0x7F, 0x18, 0x3F, 0x00, 0x00, 0x00, 0x00, 0x00, 0x00,
    0x01, 0x05, 0x03, 0x07, 0x1F, 0xE2, 0x1F, 0x80, 0x03, 0x3E, 0x02, 0x3E, 0x06, 0x00, 0x06, 0x00,
    0x06, 0x40, 0x0C, 0x40, 0x0C, 0x40, 0x08, 0x7E, 0x18, 0x3F, 0x00, 0x00, 0x00, 0x00, 0x00, 0x00,
    0x03, 0x00, 0x03, 0x0C, 0x1F, 0xFC, 0x0F, 0x80, 0x02, 0x00, 0x06, 0x30, 0x07, 0xFC, 0x07, 0x06,
    0x0C, 0x06, 0x00, 0x06, 0x00, 0x06, 0x01, 0x3C, 0x03, 0xF8, 0x00, 0x00, 0x00, 0x00, 0x00, 0x00,
    0x03, 0x06, 0x03, 0x0E, 0x1F, 0xFC, 0x1F, 0x80, 0x02, 0x00, 0x06, 0x00, 0x07, 0xFC, 0x07, 0x0E,
    0x0C, 0x06, 0x00, 0x06, 0x00, 0x06, 0x00, 0x1C, 0x03, 0xF8, 0x00, 0x00, 0x00, 0x00, 0x00, 0x00,
    0x00, 0x00, 0x00, 0x00, 0x00, 0x00, 0x00, 0x00, 0x00, 0x78, 0x03, 0xFC, 0x0F, 0x06, 0x00, 0x02,
    0x00, 0x02, 0x00, 0x06, 0x00, 0x0C, 0x00, 0xF8, 0x01, 0xE0, 0x00, 0x00, 0x00, 0x00, 0x00, 0x00,
    0x00, 0x00, 0x00, 0x00, 0x00, 0xFC, 0x07, 0xFE, 0x1E, 0x03, 0x10, 0x03, 0x00, 0x03, 0x00, 0x03,
    0x00, 0x03, 0x00, 0x0E, 0x00, 0x7C, 0x01, 0xF0, 0x00, 0x00, 0x00, 0x00, 0x00, 0x00, 0x00, 0x00,
    0x00, 0x05, 0x00, 0x02, 0x00, 0xFC, 0x07, 0xFE, 0x1E, 0x03, 0x10, 0x03, 0x00, 0x03, 0x00, 0x03,
    0x00, 0x03, 0x00, 0x0E, 0x00, 0x3C, 0x01, 0xF0, 0x00, 0x80, 0x00, 0x00, 0x00, 0x00, 0x00, 0x00,
    0x00, 0x00, 0x1F, 0xFF, 0x1F, 0xF0, 0x00, 0x60, 0x00, 0xC0, 0x00, 0x80, 0x01, 0x80, 0x01, 0x80,
    0x01, 0x80, 0x00, 0xC0, 0x00, 0xE0, 0x00, 0x7C, 0x00, 0x1C, 0x00, 0x00, 0x00, 0x00, 0x00, 0x00,
    0x00, 0x00, 0x07, 0xFF, 0x1F, 0xF8, 0x00, 0x60, 0x00, 0xCF, 0x00, 0x85, 0x01, 0x84, 0x01, 0x80,
    0x01, 0x80, 0x00, 0xC0, 0x00, 0xE0, 0x00, 0x7C, 0x00, 0x1C, 0x00, 0x00, 0x00, 0x00, 0x00, 0x00,
    0x06, 0x00, 0x06, 0x00, 0x02, 0x0C, 0x03, 0x3C, 0x01, 0xF0, 0x01, 0xC0, 0x03, 0x00, 0x06, 0x00,
    0x0C, 0x00, 0x0C, 0x00, 0x0C, 0x00, 0x07, 0xFE, 0x03, 0xFE, 0x00, 0x00, 0x00, 0x00, 0x00, 0x00,
    0x04, 0x07, 0x06, 0x02, 0x06, 0x0C, 0x03, 0x3C, 0x03, 0xF0, 0x01, 0xC0, 0x03, 0x00, 0x06, 0x00,
    0x0C, 0x00, 0x0C, 0x00, 0x0C, 0x00, 0x07, 0x9E, 0x03, 0xFE, 0x00, 0x00, 0x00, 0x00, 0x00, 0x00,
    0x01, 0x80, 0x01, 0x00, 0x1F, 0xEC, 0x1F, 0x8F, 0x02, 0x13, 0x06, 0x10, 0x04, 0x10, 0x0C, 0x18,
    0x18, 0xF8, 0x19, 0xFC, 0x03, 0x1E, 0x03, 0x1B, 0x01, 0xF0, 0x00, 0xF0, 0x00, 0x00, 0x00, 0x00,
    0x0C, 0x00, 0x0C, 0x7F, 0x0C, 0x7F, 0x08, 0x00, 0x08, 0x00, 0x08, 0x00, 0x18, 0x00, 0x18, 0x00,
    0x1E, 0xC0, 0x1C, 0xC0, 0x0C, 0xE1, 0x0C, 0x7F, 0x0C, 0x00, 0x00, 0x00, 0x00, 0x00, 0x00, 0x00,
    0x00, 0x60, 0x08, 0x60, 0x19, 0xF8, 0x0F, 0xFC, 0x0E, 0x46, 0x0C, 0xC2, 0x1E, 0xC2, 0x16, 0x82,
    0x33, 0xBE, 0x33, 0x7E, 0x33, 0x47, 0x1E, 0x7D, 0x08, 0x38, 0x00, 0x00, 0x00, 0x00, 0x00, 0x00,
    0x03, 0x00, 0x03, 0x00, 0x0F, 0x3C, 0x1F, 0xF6, 0x03, 0x83, 0x03, 0x03, 0x06, 0x03, 0x0E, 0x03,
    0x1E, 0x3F, 0x1A, 0x7F, 0x32, 0x43, 0x02, 0x7E, 0x02, 0x3C, 0x00, 0x00, 0x00, 0x00, 0x00, 0x00,
    0x00, 0x00, 0x01, 0xF8, 0x07, 0xEC, 0x0C, 0x46, 0x18, 0x43, 0x18, 0xC3, 0x18, 0xC3, 0x10, 0x83,
    0x19, 0x83, 0x19, 0x83, 0x0F, 0x0E, 0x06, 0x3C, 0x00, 0x30, 0x00, 0x00, 0x00, 0x00, 0x00, 0x00,
    0x0C, 0x18, 0x08, 0x18, 0x18, 0x1B, 0x19, 0xFF, 0x18, 0x18, 0x18, 0x08, 0x18, 0x08, 0x18, 0x08,
    0x1C, 0xFC, 0x1D, 0x9E, 0x19, 0x8B, 0x19, 0xF9, 0x08, 0xF0, 0x00, 0x00, 0x00, 0x00, 0x00, 0x00,
    0x08, 0x0A, 0x18, 0x1B, 0x18, 0x18, 0x19, 0xFF, 0x18, 0xFC, 0x10, 0x08, 0x10, 0x18, 0x10, 0x08,
    0x1C, 0x78, 0x1C, 0xFE, 0x19, 0x8F, 0x19, 0x99, 0x18, 0xF8, 0x00, 0x00, 0x00, 0x00, 0x00, 0x00,
    0x18, 0x1E, 0x18, 0x1B, 0x18, 0x19, 0x19, 0xFF, 0x18, 0xFC, 0x10, 0x08, 0x10, 0x08, 0x10, 0x08,
    0x1C, 0x78, 0x1C, 0xFC, 0x19, 0x8F, 0x19, 0x99, 0x18, 0xF8, 0x00, 0x00, 0x00, 0x00, 0x00, 0x00,
    0x00, 0x00, 0x03, 0x88, 0x1F, 0x8C, 0x03, 0x0C, 0x06, 0x0C, 0x04, 0x0E, 0x0C, 0x0E, 0x0C, 0x0F,
    0x08, 0x0D, 0x08, 0x0C, 0x08, 0x18, 0x0C, 0x18, 0x07, 0xF0, 0x03, 0xE0, 0x00, 0x00, 0x00, 0x00,
    0x00, 0x03, 0x03, 0x8A, 0x1F, 0x8A, 0x13, 0x0C, 0x06, 0x0C, 0x04, 0x0E, 0x0C, 0x0E, 0x08, 0x0F,
    0x08, 0x0D, 0x18, 0x08, 0x18, 0x18, 0x0C, 0x38, 0x0F, 0xF0, 0x03, 0xC0, 0x00, 0x00, 0x00, 0x00,
    0x00, 0x02, 0x1F, 0x8E, 0x1F, 0x8F, 0x03, 0x0C, 0x06, 0x0C, 0x0C, 0x0E, 0x0C, 0x0F, 0x08, 0x0F,
    0x08, 0x0D, 0x18, 0x08, 0x08, 0x18, 0x0C, 0x18, 0x0F, 0xF0, 0x03, 0xE0, 0x00, 0x00, 0x00, 0x00,
    0x00, 0xC0, 0x00, 0xF0, 0x00, 0x30, 0x00, 0x30, 0x00, 0x00, 0x00, 0x80, 0x00, 0xC6, 0x00, 0x62,
    0x06, 0x33, 0x0E, 0x11, 0x1C, 0x11, 0x11, 0xF0, 0x01, 0xF0, 0x00, 0x00, 0x00, 0x00, 0x00, 0x00,
    0x01, 0x80, 0x00, 0xE1, 0x00, 0x77, 0x00, 0x72, 0x00, 0x00, 0x01, 0x80, 0x00, 0xC4, 0x00, 0x66,
    0x06, 0x62, 0x0C, 0x33, 0x38, 0x31, 0x33, 0xF1, 0x03, 0xE0, 0x00, 0x00, 0x00, 0x00, 0x00, 0x00,
    0x01, 0x80, 0x00, 0xE7, 0x00, 0x34, 0x00, 0x67, 0x00, 0x03, 0x01, 0x80, 0x00, 0xC4, 0x00, 0x66,
    0x06, 0x62, 0x0C, 0x33, 0x38, 0x33, 0x33, 0xF1, 0x03, 0xE0, 0x00, 0x00, 0x00, 0x00, 0x00, 0x00,
    0x00, 0x00, 0x00, 0x00, 0x01, 0x80, 0x03, 0xC0, 0x06, 0x60, 0x0E, 0x30, 0x0C, 0x18, 0x18, 0x1C,
    0x10, 0x0E, 0x00, 0x07, 0x00, 0x03, 0x00, 0x01, 0x00, 0x00, 0x00, 0x00, 0x00, 0x00, 0x00, 0x00,
    0x00, 0x00, 0x00, 0x02, 0x01, 0x8B, 0x03, 0xCD, 0x07, 0xE4, 0x06, 0x70, 0x0C, 0x30, 0x18, 0x18,
    0x30, 0x0C, 0x00, 0x06, 0x00, 0x03, 0x00, 0x01, 0x00, 0x00, 0x00, 0x00, 0x00, 0x00, 0x00, 0x00,
    0x00, 0x04, 0x00, 0x0E, 0x00, 0x1B, 0x03, 0x9B, 0x07, 0xCE, 0x0E, 0x60, 0x0C, 0x30, 0x18, 0x38,
    0x30, 0x1C, 0x00, 0x0E, 0x00, 0x07, 0x00, 0x03, 0x00, 0x00, 0x00, 0x00, 0x00, 0x00, 0x00, 0x00,
    0x08, 0x00, 0x08, 0xFF, 0x18, 0x18, 0x18, 0x08, 0x18, 0xFF, 0x18, 0xFF, 0x18, 0x08, 0x18, 0x08,
    0x1C, 0x78, 0x1C, 0xFE, 0x19, 0x8F, 0x19, 0xF9, 0x08, 0xF0, 0x00, 0x00, 0x00, 0x00, 0x00, 0x00,
    0x08, 0x02, 0x18, 0xFF, 0x18, 0x18, 0x18, 0x18, 0x18, 0x1A, 0x10, 0xFF, 0x10, 0x18, 0x10, 0x18,
    0x1C, 0x78, 0x1C, 0xFC, 0x19, 0x8F, 0x19, 0x99, 0x18, 0xF0, 0x18, 0x00, 0x00, 0x00, 0x00, 0x00,
    0x18, 0x06, 0x18, 0xFF, 0x18, 0x18, 0x18, 0x18, 0x18, 0x1A, 0x10, 0xFF, 0x10, 0x18, 0x10, 0x18,
    0x1C, 0x78, 0x1C, 0xFC, 0x19, 0x8F, 0x19, 0x9B, 0x18, 0xF0, 0x18, 0x00, 0x00, 0x00, 0x00, 0x00,
    0x00, 0x60, 0x06, 0x6E, 0x0F, 0xFE, 0x00, 0x60, 0x00, 0x62, 0x0F, 0xFE, 0x00, 0x60, 0x00, 0x60,
    0x03, 0xE0, 0x07, 0xF8, 0x0C, 0x6E, 0x0C, 0x66, 0x07, 0xC0, 0x00, 0x00, 0x00, 0x00, 0x00, 0x00,
    0x00, 0xE0, 0x07, 0xE0, 0x00, 0x60, 0x00, 0x40, 0x00, 0xC2, 0x03, 0xE2, 0x0F, 0xFE, 0x19, 0x0F,
    0x33, 0x07, 0x32, 0x0C, 0x1E, 0x0C, 0x1C, 0x38, 0x00, 0x70, 0x00, 0x00, 0x00, 0x00, 0x00, 0x00,
    0x06, 0x00, 0x02, 0x40, 0x1F, 0xEC, 0x0F, 0x07, 0x06, 0x03, 0x0E, 0x00, 0x1B, 0x00, 0x13, 0x00,
    0x1A, 0x06, 0x1E, 0x06, 0x06, 0x06, 0x06, 0x0C, 0x03, 0xF8, 0x00, 0x00, 0x00, 0x00, 0x00, 0x00,
    0x00, 0x10, 0x0C, 0x30, 0x04, 0xF8, 0x07, 0xFE, 0x06, 0x26, 0x0E, 0x63, 0x1B, 0x43, 0x11, 0xC3,
    0x11, 0x83, 0x13, 0xC3, 0x1F, 0x06, 0x0C, 0x3C, 0x00, 0x30, 0x00, 0x00, 0x00, 0x00, 0x00, 0x00,
    0x01, 0x80, 0x01, 0x00, 0x1F, 0xE0, 0x0F, 0xE0, 0x03, 0x00, 0x03, 0x00, 0x1F, 0xE6, 0x0F, 0xE6,
    0x03, 0x02, 0x03, 0x02, 0x03, 0x06, 0x03, 0x9E, 0x01, 0xF8, 0x00, 0x00, 0x00, 0x00, 0x00, 0x00,
    0x00, 0x00, 0x00, 0x00, 0x00, 0xC0, 0x04, 0x60, 0x06, 0x7C, 0x03, 0xFE, 0x07, 0x82, 0x0F, 0x06,
    0x01, 0xBE, 0x01, 0xB8, 0x00, 0xC0, 0x00, 0xC0, 0x00, 0xC0, 0x00, 0x00, 0x00, 0x00, 0x00, 0x00,
    0x00, 0xC0, 0x0C, 0x60, 0x0C, 0x3E, 0x07, 0xFF, 0x07, 0x83, 0x1F, 0x03, 0x33, 0x03, 0x01, 0x3E,
    0x01, 0x9C, 0x01, 0x80, 0x00, 0xC0, 0x00, 0xC0, 0x00, 0xC0, 0x00, 0x00, 0x00, 0x00, 0x00, 0x00,
    0x00, 0x00, 0x00, 0x00, 0x00, 0x20, 0x04, 0x20, 0x04, 0x7C, 0x05, 0xFE, 0x0F, 0x32, 0x0E, 0x32,
    0x0E, 0x32, 0x05, 0xA6, 0x04, 0xFC, 0x04, 0x78, 0x00, 0xC0, 0x00, 0x80, 0x00, 0x00, 0x00, 0x00,
    0x00, 0x60, 0x08, 0x30, 0x08, 0xFC, 0x09, 0xB6, 0x1B, 0x33, 0x1E, 0x33, 0x1C, 0x33, 0x19, 0x33,
    0x09, 0xA7, 0x08, 0xFE, 0x08, 0x78, 0x00, 0xC0, 0x01, 0xC0, 0x00, 0x00, 0x00, 0x00, 0x00, 0x00,
    0x00, 0x00, 0x00, 0x00, 0x00, 0x40, 0x00, 0x40, 0x00, 0x6C, 0x00, 0x7C, 0x00, 0x40, 0x00, 0x40,
    0x00, 0x40, 0x07, 0xE0, 0x0E, 0xF8, 0x0C, 0x5C, 0x0F, 0xC4, 0x07, 0x80, 0x00, 0x00, 0x00, 0x00,
    0x00, 0x40, 0x00, 0x40, 0x00, 0x40, 0x00, 0x7E, 0x00, 0x60, 0x00, 0x40, 0x00, 0x40, 0x00, 0x40,
    0x07, 0xE0, 0x0C, 0xFC, 0x18, 0x6E, 0x0E, 0xC6, 0x0F, 0xC0, 0x00, 0x00, 0x00, 0x00, 0x00, 0x00,
    0x01, 0xC0, 0x01, 0xF8, 0x00, 0x08, 0x06, 0x00, 0x06, 0x00, 0x04, 0x78, 0x05, 0xFC, 0x0F, 0x06,
    0x0E, 0x02, 0x04, 0x02, 0x00, 0x06, 0x00, 0x1C, 0x03, 0xF8, 0x00, 0x00, 0x00, 0x00, 0x00, 0x00,
    0x06, 0x00, 0x06, 0xF8, 0x07, 0x8C, 0x07, 0x0C, 0x06, 0x06, 0x06, 0x06, 0x06, 0x06, 0x06, 0x06,
    0x06, 0x0C, 0x00, 0x0C, 0x00, 0x18, 0x00, 0x70, 0x01, 0xE0, 0x00, 0x00, 0x00, 0x00, 0x00, 0x00,
    0x00, 0x38, 0x07, 0xF8, 0x00, 0x30, 0x00, 0x60, 0x00, 0xC0, 0x03, 0xF8, 0x07, 0x8C, 0x0C, 0x06,
    0x18, 0x82, 0x03, 0xE2, 0x03, 0x36, 0x03, 0x3C, 0x01, 0xF8, 0x00, 0x00, 0x00, 0x00, 0x00, 0x00,
    0x03, 0x00, 0x03, 0x00, 0x0F, 0x3C, 0x1F, 0x7E, 0x03, 0xC6, 0x03, 0x06, 0x06, 0x04, 0x0E, 0x04,
    0x0E, 0x0C, 0x1A, 0x0C, 0x12, 0x0C, 0x02, 0x0F, 0x02, 0x07, 0x00, 0x00, 0x00, 0x00, 0x00, 0x00,
    0x00, 0x78, 0x07, 0xF8, 0x00, 0x30, 0x00, 0x60, 0x00, 0xC0, 0x01, 0xF8, 0x07, 0x8E, 0x0E, 0x06,
    0x18, 0x02, 0x00, 0x06, 0x00, 0x06, 0x00, 0x3C, 0x03, 0xF8, 0x00, 0x00, 0x00, 0x00, 0x00, 0x00,
    0x00, 0x00, 0x00, 0x00, 0x01, 0x00, 0x01, 0x00, 0x03, 0x00, 0x0F, 0xFC, 0x01, 0xC6, 0x03, 0x02,
    0x07, 0x02, 0x07, 0x02, 0x0D, 0x06, 0x0B, 0x3C, 0x03, 0x30, 0x00, 0x00, 0x00, 0x00, 0x00, 0x00,
    0x03, 0x00, 0x03, 0x00, 0x0F, 0x00, 0x1F, 0x7E, 0x03, 0xE7, 0x03, 0x01, 0x06, 0x01, 0x0E, 0x01,
    0x1E, 0x01, 0x1A, 0x03, 0x32, 0x0E, 0x02, 0x3C, 0x02, 0x10, 0x00, 0x00, 0x00, 0x00, 0x00, 0x00,
    0x07, 0xE0, 0x07, 0xE0, 0x00, 0x60, 0x00, 0xF8, 0x03, 0xFC, 0x06, 0xC6, 0x0C, 0x83, 0x19, 0x83,
    0x19, 0x23, 0x13, 0x7B, 0x16, 0xCF, 0x1E, 0xCE, 0x08, 0x7C, 0x00, 0x00, 0x00, 0x00, 0x00, 0x00,
    0x07, 0xF8, 0x07, 0xF0, 0x00, 0xE0, 0x03, 0xFC, 0x0E, 0x0C, 0x0D, 0xE6, 0x03, 0x66, 0x03, 0xFC,
    0x01, 0xF0, 0x07, 0x1C, 0x0F, 0xBE, 0x18, 0xE3, 0x10, 0xC1, 0x00, 0x00, 0x00, 0x00, 0x00, 0x00,
    0x01, 0x80, 0x1F, 0xF8, 0x1F, 0xF0, 0x03, 0x00, 0x06, 0x02, 0x07, 0xEE, 0x0C, 0x78, 0x18, 0xE0,
    0x01, 0xE0, 0x03, 0x60, 0x02, 0x00, 0x03, 0x04, 0x01, 0xFE, 0x00, 0x00, 0x00, 0x00, 0x00, 0x00,
    0x00, 0xC0, 0x00, 0xC0, 0x01, 0x80, 0x01, 0x00, 0x03, 0x00, 0x03, 0xC0, 0x07, 0xE0, 0x06, 0x60,
    0x0C, 0x61, 0x08, 0x61, 0x18, 0x63, 0x18, 0x3E, 0x10, 0x3C, 0x00, 0x00, 0x00, 0x00, 0x00, 0x00,
    0x07, 0xF0, 0x03, 0xF9, 0x00, 0x07, 0x00, 0x66, 0x0F, 0xF8, 0x0E, 0x1C, 0x00, 0x0C, 0x00, 0x0C,
    0x00, 0x0C, 0x00, 0x08, 0x00, 0x38, 0x00, 0xF0, 0x03, 0xC0, 0x00, 0x00, 0x00, 0x00, 0x00, 0x00,
    0x00, 0x00, 0x00, 0x00, 0x00, 0x80, 0x01, 0x80, 0x01, 0x84, 0x0F, 0xF6, 0x0F, 0xB2, 0x01, 0x13,
    0x03, 0x13, 0x03, 0x10, 0x02, 0x30, 0x06, 0x30, 0x04, 0xF0, 0x0C, 0xE0, 0x00, 0x00, 0x00, 0x00,
    0x00, 0x00, 0x00, 0x00, 0x00, 0x00, 0x04, 0x08, 0x04, 0x08, 0x0C, 0xFE, 0x0C, 0xFE, 0x0C, 0x08,
    0x0C, 0x08, 0x0E, 0x08, 0x0E, 0x18, 0x0C, 0x18, 0x04, 0x30, 0x00, 0x20, 0x00, 0x00, 0x00, 0x00,
    0x1C, 0x07, 0x14, 0x05, 0x16, 0x09, 0x13, 0x19, 0x11, 0xB1, 0x10, 0xE1, 0x10, 0x41, 0x10, 0xE1,
    0x11, 0xB1, 0x13, 0x19, 0x16, 0x09, 0x14, 0x05, 0x18, 0x07, 0x1B, 0xFB, 0x1F, 0xFF, 0x00, 0x00,
    0x1C, 0x07, 0x14, 0x05, 0x16, 0x09, 0x13, 0x19, 0x11, 0xB1, 0x10, 0xE1, 0x10, 0x41, 0x10, 0xE1,
    0x11, 0xB1, 0x13, 0x19, 0x16, 0x09, 0x14, 0x05, 0x18, 0x07, 0x1B, 0xFB, 0x1F, 0xFF, 0x00, 0x00,
    0x02, 0x0E, 0x08, 0x03, 0x10, 0x00, 0x10, 0x00, 0x20, 0x00, 0x30, 0x00, 0x00, 0x00, 0x30, 0x00,
    0x00, 0x01, 0x10, 0x00, 0x00, 0x03, 0x0C, 0x00, 0x02, 0xAC, 0x02, 0xB0, 0x00, 0x00, 0x00, 0x00,
    0x02, 0x0E, 0x08, 0x03, 0x10, 0x03, 0x10, 0x00, 0x20, 0x00, 0x30, 0x00, 0x00, 0x00, 0x30, 0x00,
    0x00, 0x01, 0x10, 0x00, 0x00, 0x03, 0x0C, 0x00, 0x02, 0xAC, 0x02, 0xB0, 0x00, 0x00, 0x00, 0x00,
    0x2C, 0x00, 0x34, 0x00, 0x10, 0x00, 0x00, 0x00, 0x00, 0x00, 0x00, 0x00, 0x00, 0x00, 0x00, 0x00,
    0x00, 0x00, 0x00, 0x00, 0x00, 0x00, 0x00, 0x00, 0x00, 0x00, 0x00, 0x00, 0x00, 0x00, 0x00, 0x00,
    0x24, 0x00, 0x24, 0x00, 0x18, 0x00, 0x00, 0x00, 0x00, 0x00, 0x00, 0x00, 0x00, 0x00, 0x00, 0x00,
    0x00, 0x00, 0x00, 0x00, 0x00, 0x00, 0x00, 0x00, 0x00, 0x00, 0x00, 0x00, 0x00, 0x00, 0x00, 0x00,
    0x00, 0x00, 0x00, 0x00, 0x01, 0x00, 0x01, 0x80, 0x00, 0xC0, 0x00, 0x60, 0x00, 0x30, 0x00, 0x18,
    0x00, 0x1C, 0x00, 0x78, 0x00, 0xE0, 0x00, 0x00, 0x00, 0x00, 0x00, 0x00, 0x00, 0x00, 0x00, 0x00,
    0x00, 0x08, 0x00, 0x2C, 0x00, 0x34, 0x03, 0x10, 0x01, 0x80, 0x00, 0xC0, 0x00, 0x60, 0x00, 0x30,
    0x00, 0x18, 0x00, 0x78, 0x01, 0xE0, 0x01, 0x80, 0x00, 0x00, 0x00, 0x00, 0x00, 0x00, 0x00, 0x00,
    0x00, 0x60, 0x00, 0x60, 0x00, 0x7C, 0x00, 0xDE, 0x00, 0x80, 0x01, 0x80, 0x01, 0xF8, 0x03, 0x98,
    0x06, 0x08, 0x06, 0x08, 0x0C, 0x18, 0x18, 0x18, 0x1B, 0xF0, 0x01, 0xE0, 0x00, 0x00, 0x00, 0x00,
    0x00, 0x00, 0x00, 0x00, 0x00, 0x00, 0x00, 0x00, 0x03, 0xF8, 0x00, 0x00, 0x00, 0x00, 0x03, 0xF8,
    0x00, 0x00, 0x00, 0x00, 0x00, 0x00, 0x00, 0x00, 0x00, 0x00, 0x00, 0x00, 0x00, 0x00, 0x00, 0x00,
    0x00, 0x00, 0x00, 0x00, 0x00, 0x00, 0x07, 0xFE, 0x0F, 0xFE, 0x00, 0x06, 0x00, 0x4C, 0x00, 0x58,
    0x00, 0xC0, 0x00, 0xC0, 0x00, 0xC0, 0x01, 0x80, 0x07, 0x00, 0x02, 0x00, 0x00, 0x00, 0x00, 0x00,
    0x00, 0x00, 0x1F, 0xFF, 0x00, 0x03, 0x00, 0x06, 0x00, 0x4E, 0x00, 0x5C, 0x00, 0xC8, 0x00, 0xC0,
    0x00, 0xC0, 0x00, 0xC0, 0x01, 0x80, 0x07, 0x00, 0x06, 0x00, 0x00, 0x00, 0x00, 0x00, 0x00, 0x00,
    0x00, 0x00, 0x00, 0x00, 0x00, 0x00, 0x00, 0x0C, 0x00, 0x18, 0x00, 0x70, 0x00, 0xE0, 0x07, 0xC0,
    0x1E, 0x40, 0x08, 0x40, 0x00, 0x40, 0x00, 0x40, 0x00, 0x40, 0x00, 0x40, 0x00, 0x00, 0x00, 0x00,
    0x00, 0x06, 0x00, 0x0E, 0x00, 0x1C, 0x00, 0x30, 0x00, 0xE0, 0x03, 0xE0, 0x1F, 0x60, 0x18, 0x60,
    0x00, 0x60, 0x00, 0x60, 0x00, 0x60, 0x00, 0x60, 0x00, 0x60, 0x00, 0x00, 0x00, 0x00, 0x00, 0x00,
    0x00, 0x00, 0x00, 0x00, 0x00, 0x40, 0x00, 0x40, 0x0F, 0xFE, 0x0F, 0xFE, 0x0C, 0x06, 0x0C, 0x04,
    0x0C, 0x0C, 0x00, 0x0C, 0x00, 0x18, 0x00, 0x70, 0x01, 0xE0, 0x00, 0x00, 0x00, 0x00, 0x00, 0x00,
    0x00, 0x40, 0x00, 0x40, 0x0F, 0xFF, 0x1F, 0xFF, 0x18, 0x02, 0x18, 0x06, 0x18, 0x06, 0x00, 0x06,
    0x00, 0x0C, 0x00, 0x18, 0x00, 0x70, 0x01, 0xE0, 0x01, 0x80, 0x00, 0x00, 0x00, 0x00, 0x00, 0x00,
    0x00, 0x00, 0x00, 0x00, 0x00, 0x00, 0x00, 0x00, 0x0F, 0xFE, 0x00, 0xC0, 0x00, 0x40, 0x00, 0x40,
    0x00, 0x40, 0x00, 0x40, 0x00, 0xC0, 0x0F, 0xFE, 0x00, 0x00, 0x00, 0x00, 0x00, 0x00, 0x00, 0x00,
    0x00, 0x00, 0x0F, 0xFE, 0x0F, 0xFE, 0x00, 0x40, 0x00, 0x40, 0x00, 0x40, 0x00, 0x40, 0x00, 0x40,
    0x00, 0x40, 0x00, 0x40, 0x1F, 0xFF, 0x1F, 0xFF, 0x00, 0x00, 0x00, 0x00, 0x00, 0x00, 0x00, 0x00,
    0x00, 0x00, 0x00, 0x00, 0x00, 0x20, 0x00, 0x30, 0x00, 0x30, 0x0F, 0xFE, 0x07, 0xFE, 0x00, 0x70,
    0x00, 0xF0, 0x01, 0xB0, 0x07, 0x30, 0x0E, 0x30, 0x00, 0xF0, 0x00, 0xF0, 0x00, 0x00, 0x00, 0x00,
    0x00, 0x30, 0x00, 0x30, 0x1F, 0xFE, 0x1F, 0xFF, 0x00, 0x70, 0x00, 0xF0, 0x01, 0xF0, 0x03, 0xB0,
    0x07, 0x30, 0x1C, 0x30, 0x18, 0x30, 0x00, 0xF0, 0x01, 0xF0, 0x00, 0x00, 0x00, 0x00, 0x00, 0x00,
    0x00, 0xC0, 0x00, 0xC0, 0x00, 0xC0, 0x1F, 0xFE, 0x01, 0xC6, 0x01, 0x82, 0x01, 0x82, 0x01, 0x86,
    0x03, 0x06, 0x03, 0x06, 0x0E, 0x06, 0x1C, 0x7C, 0x08, 0x38, 0x00, 0x00, 0x00, 0x00, 0x00, 0x00,
    0x00, 0xC7, 0x00, 0xC2, 0x00, 0xC0, 0x1F, 0xFE, 0x01, 0xC6, 0x01, 0x82, 0x01, 0x82, 0x01, 0x86,
    0x03, 0x06, 0x03, 0x06, 0x06, 0x06, 0x0C, 0x3E, 0x18, 0x7C, 0x00, 0x00, 0x00, 0x00, 0x00, 0x00,
    0x01, 0x80, 0x00, 0x80, 0x00, 0xFE, 0x1F, 0xF8, 0x1C, 0xC0, 0x00, 0xC0, 0x00, 0x7F, 0x07, 0xFE,
    0x1F, 0xE0, 0x00, 0x60, 0x00, 0x60, 0x00, 0x20, 0x00, 0x30, 0x00, 0x00, 0x00, 0x00, 0x00, 0x00,
    0x01, 0x87, 0x01, 0x86, 0x01, 0xFC, 0x1F, 0xFC, 0x1F, 0xC0, 0x00, 0xC0, 0x00, 0xC6, 0x01, 0xFE,
    0x1F, 0xE0, 0x18, 0x60, 0x00, 0x60, 0x00, 0x60, 0x00, 0x60, 0x00, 0x00, 0x00, 0x00, 0x00, 0x00,
    0x00, 0xC0, 0x01, 0xFC, 0x01, 0xFE, 0x03, 0x06, 0x06, 0x06, 0x0C, 0x0C, 0x18, 0x0C, 0x00, 0x18,
    0x00, 0x30, 0x00, 0x70, 0x00, 0xE0, 0x07, 0x80, 0x06, 0x00, 0x00, 0x00, 0x00, 0x00, 0x00, 0x00,
    0x01, 0x87, 0x01, 0x82, 0x03, 0xFE, 0x03, 0xFE, 0x06, 0x0C, 0x1C, 0x0C, 0x18, 0x18, 0x00, 0x18,
    0x00, 0x30, 0x00, 0x60, 0x00, 0xC0, 0x03, 0x80, 0x0F, 0x00, 0x00, 0x00, 0x00, 0x00, 0x00, 0x00,
    0x03, 0x00, 0x03, 0x00, 0x06, 0x00, 0x07, 0xFF, 0x0C, 0x30, 0x1C, 0x30, 0x18, 0x30, 0x10, 0x60,
    0x00, 0x60, 0x00, 0xC0, 0x00, 0xC0, 0x03, 0x80, 0x03, 0x00, 0x00, 0x00, 0x00, 0x00, 0x00, 0x00,
    0x03, 0x05, 0x03, 0x06, 0x06, 0x00, 0x07, 0xFF, 0x0F, 0xFE, 0x0C, 0x30, 0x18, 0x30, 0x10, 0x60,
    0x00, 0x60, 0x00, 0x60, 0x00, 0xC0, 0x01, 0x80, 0x03, 0x00, 0x00, 0x00, 0x00, 0x00, 0x00, 0x00,
    0x00, 0x00, 0x0F, 0xFE, 0x0F, 0xFE, 0x00, 0x02, 0x00, 0x02, 0x00, 0x02, 0x00, 0x02, 0x00, 0x02,
    0x00, 0x02, 0x00, 0x02, 0x0F, 0xFE, 0x0F, 0xFE, 0x00, 0x02, 0x00, 0x00, 0x00, 0x00, 0x00, 0x00,
    0x00, 0x0D, 0x00, 0x04, 0x0F, 0xFE, 0x0F, 0xFE, 0x00, 0x06, 0x00, 0x06, 0x00, 0x06, 0x00, 0x06,
    0x00, 0x06, 0x00, 0x06, 0x00, 0x06, 0x1F, 0xFE, 0x00, 0x06, 0x00, 0x00, 0x00, 0x00, 0x00, 0x00,
    0x02, 0x18, 0x02, 0x18, 0x02, 0x18, 0x3F, 0xFF, 0x1F, 0xFF, 0x02, 0x18, 0x02, 0x18, 0x02, 0x18,
    0x02, 0x18, 0x00, 0x10, 0x00, 0x30, 0x00, 0xE0, 0x00, 0xC0, 0x00, 0x00, 0x00, 0x00, 0x00, 0x00,
    0x02, 0x0B, 0x02, 0x1A, 0x02, 0x08, 0x1F, 0xFF, 0x3F, 0xFF, 0x02, 0x18, 0x02, 0x18, 0x02, 0x18,
    0x02, 0x18, 0x00, 0x18, 0x00, 0x30, 0x00, 0x70, 0x00, 0xE0, 0x00, 0x80, 0x00, 0x00, 0x00, 0x00,
    0x02, 0x00, 0x03, 0x80, 0x01, 0xC0, 0x00, 0x00, 0x1C, 0x01, 0x0E, 0x03, 0x02, 0x06, 0x00, 0x0C,
    0x00, 0x18, 0x00, 0x70, 0x01, 0xE0, 0x0F, 0x80, 0x0C, 0x00, 0x00, 0x00, 0x00, 0x00, 0x00, 0x00,
    0x02, 0x0B, 0x03, 0x8D, 0x01, 0x84, 0x00, 0x00, 0x18, 0x03, 0x0E, 0x03, 0x06, 0x06, 0x00, 0x0C,
    0x00, 0x18, 0x00, 0x70, 0x01, 0xE0, 0x0F, 0x80, 0x0E, 0x00, 0x00, 0x00, 0x00, 0x00, 0x00, 0x00,
    0x00, 0x00, 0x0F, 0xFC, 0x00, 0x0C, 0x00, 0x08, 0x00, 0x18, 0x00, 0x30, 0x00, 0x30, 0x00, 0x70,
    0x01, 0xD8, 0x03, 0x8C, 0x0F, 0x06, 0x1C, 0x03, 0x00, 0x00, 0x00, 0x00, 0x00, 0x00, 0x00, 0x00,
    0x00, 0x07, 0x0F, 0xFE, 0x0F, 0xFC, 0x00, 0x08, 0x00, 0x18, 0x00, 0x30, 0x00, 0x30, 0x00, 0x60,
    0x00, 0xF0, 0x01, 0x98, 0x07, 0x0C, 0x1E, 0x06, 0x18, 0x02, 0x00, 0x00, 0x00, 0x00, 0x00, 0x00,
    0x03, 0x00, 0x03, 0x00, 0x03, 0x0F, 0x03, 0xFF, 0x1F, 0xE6, 0x1F, 0x04, 0x03, 0x0C, 0x03, 0x18,
    0x03, 0x00, 0x03, 0x00, 0x03, 0x00, 0x01, 0xFE, 0x00, 0x78, 0x00, 0x00, 0x00, 0x00, 0x00, 0x00,
    0x02, 0x05, 0x02, 0x06, 0x02, 0x00, 0x02, 0x3E, 0x0F, 0xFE, 0x3F, 0x0C, 0x32, 0x0C, 0x02, 0x18,
    0x02, 0x10, 0x02, 0x00, 0x02, 0x00, 0x03, 0xFE, 0x01, 0xFE, 0x00, 0x00, 0x00, 0x00, 0x00, 0x00,
    0x00, 0x00, 0x08, 0x06, 0x0C, 0x06, 0x0E, 0x06, 0x06, 0x0C, 0x02, 0x0C, 0x00, 0x0C, 0x00, 0x18,
    0x00, 0x30, 0x00, 0x60, 0x00, 0xE0, 0x03, 0x80, 0x03, 0x00, 0x00, 0x00, 0x00, 0x00, 0x00, 0x00,
    0x00, 0x05, 0x18, 0x04, 0x18, 0x06, 0x0C, 0x06, 0x06, 0x0C, 0x06, 0x0C, 0x00, 0x08, 0x00, 0x18,
    0x00, 0x30, 0x00, 0x70, 0x00, 0xE0, 0x03, 0xC0, 0x03, 0x00, 0x00, 0x00, 0x00, 0x00, 0x00, 0x00,
    0x00, 0xC0, 0x01, 0xD4, 0x01, 0xFE, 0x03, 0x06, 0x06, 0x06, 0x0C, 0x8C, 0x18, 0xCC, 0x00, 0x78,
    0x00, 0x38, 0x00, 0x7C, 0x00, 0xE4, 0x03, 0x80, 0x07, 0x00, 0x00, 0x00, 0x00, 0x00, 0x00, 0x00,
    0x00, 0x87, 0x01, 0x86, 0x01, 0xFE, 0x03, 0xFE, 0x06, 0x04, 0x0C, 0x0C, 0x19, 0x88, 0x10, 0xF8,
    0x00, 0x78, 0x00, 0x7C, 0x00, 0xCC, 0x03, 0x80, 0x0F, 0x00, 0x04, 0x00, 0x00, 0x00, 0x00, 0x00,
    0x00, 0x3C, 0x0F, 0xF8, 0x00, 0xC0, 0x00, 0x40, 0x00, 0x40, 0x3F, 0xFF, 0x1F, 0xFF, 0x00, 0x40,
    0x00, 0xC0, 0x00, 0xC0, 0x01, 0x80, 0x03, 0x00, 0x06, 0x00, 0x00, 0x00, 0x00, 0x00, 0x00, 0x00,
    0x00, 0x0C, 0x0F, 0xFC, 0x0F, 0xE5, 0x00, 0x47, 0x00, 0x42, 0x3F, 0xFF, 0x1F, 0xFF, 0x00, 0xC0,
    0x00, 0xC0, 0x00, 0xC0, 0x01, 0x80, 0x03, 0x00, 0x06, 0x00, 0x00, 0x00, 0x00, 0x00, 0x00, 0x00,
    0x00, 0x00, 0x00, 0x00, 0x00, 0x00, 0x00, 0x80, 0x0C, 0xC6, 0x0C, 0x46, 0x06, 0x44, 0x06, 0x0C,
    0x00, 0x0C, 0x00, 0x18, 0x00, 0x30, 0x00, 0xE0, 0x03, 0xC0, 0x01, 0x00, 0x00, 0x00, 0x00, 0x00,
    0x00, 0x80, 0x10, 0x83, 0x18, 0xC3, 0x08, 0xC2, 0x0C, 0x46, 0x0C, 0x06, 0x00, 0x0C, 0x00, 0x0C,
    0x00, 0x18, 0x00, 0x30, 0x00, 0xE0, 0x03, 0xC0, 0x03, 0x00, 0x00, 0x00, 0x00, 0x00, 0x00, 0x00,
    0x00, 0x07, 0x01, 0x80, 0x18, 0x82, 0x18, 0xC6, 0x08, 0xC6, 0x0C, 0x06, 0x00, 0x0C, 0x00, 0x0C,
    0x00, 0x18, 0x00, 0x30, 0x00, 0xE0, 0x01, 0xC0, 0x03, 0x00, 0x00, 0x00, 0x00, 0x00, 0x00, 0x00,
    0x00, 0x00, 0x07, 0xFE, 0x00, 0x00, 0x00, 0x00, 0x1F, 0xFF, 0x1F, 0xFF, 0x00, 0x60, 0x00, 0x60,
    0x00, 0x60, 0x00, 0xC0, 0x00, 0xC0, 0x03, 0x80, 0x03, 0x00, 0x00, 0x00, 0x00, 0x00, 0x00, 0x00,
    0x00, 0x06, 0x0F, 0xFA, 0x00, 0x00, 0x00, 0x00, 0x1F, 0xFF, 0x1F, 0xFF, 0x00, 0x40, 0x00, 0x40,
    0x00, 0xC0, 0x00, 0xC0, 0x01, 0x80, 0x03, 0x00, 0x06, 0x00, 0x00, 0x00, 0x00, 0x00, 0x00, 0x00,
    0x01, 0x80, 0x01, 0x80, 0x01, 0x80, 0x01, 0x80, 0x01, 0xC0, 0x01, 0xF0, 0x01, 0xBE, 0x01, 0x86,
    0x01, 0x80, 0x01, 0x80, 0x01, 0x80, 0x01, 0x80, 0x01, 0x80, 0x00, 0x00, 0x00, 0x00, 0x00, 0x00,
    0x03, 0x06, 0x03, 0x1A, 0x03, 0x0A, 0x03, 0x08, 0x03, 0x00, 0x03, 0xE0, 0x03, 0x7C, 0x03, 0x1E,
    0x03, 0x00, 0x03, 0x00, 0x03, 0x00, 0x03, 0x00, 0x03, 0x00, 0x00, 0x00, 0x00, 0x00, 0x00, 0x00,
    0x00, 0x60, 0x00, 0x60, 0x00, 0x60, 0x0F, 0xFF, 0x1F, 0xFF, 0x00, 0x60, 0x00, 0x60, 0x00, 0x60,
    0x00, 0x40, 0x00, 0xC0, 0x01, 0x80, 0x03, 0x80, 0x06, 0x00, 0x00, 0x00, 0x00, 0x00, 0x00, 0x00,
    0x00, 0x00, 0x00, 0x00, 0x0F, 0xFC, 0x0F, 0xFC, 0x00, 0x00, 0x00, 0x00, 0x00, 0x00, 0x00, 0x00,
    0x00, 0x00, 0x00, 0x00, 0x1F, 0xFF, 0x1F, 0xFF, 0x00, 0x00, 0x00, 0x00, 0x00, 0x00, 0x00, 0x00,
    0x00, 0x00, 0x0F, 0xFE, 0x00, 0x0C, 0x00, 0x0C, 0x02, 0x0C, 0x07, 0x18, 0x01, 0xF8, 0x00, 0x70,
    0x00, 0x78, 0x00, 0xDC, 0x03, 0x8E, 0x0F, 0x00, 0x0C, 0x00, 0x00, 0x00, 0x00, 0x00, 0x00, 0x00,
    0x00, 0x40, 0x00, 0x40, 0x0F, 0xFC, 0x0F, 0xFC, 0x00, 0x18, 0x00, 0x30, 0x00, 0x60, 0x01, 0xCC,
    0x0F, 0xCE, 0x1C, 0x43, 0x00, 0x40, 0x00, 0x40, 0x00, 0x40, 0x00, 0x00, 0x00, 0x00, 0x00, 0x00,
    0x00, 0x04, 0x00, 0x0C, 0x00, 0x0C, 0x00, 0x08, 0x00, 0x18, 0x00, 0x18, 0x00, 0x30, 0x00, 0x60,
    0x00, 0xE0, 0x01, 0xC0, 0x07, 0x80, 0x0E, 0x00, 0x0C, 0x00, 0x00, 0x00, 0x00, 0x00, 0x00, 0x00,
    0x00, 0x00, 0x01, 0x10, 0x03, 0x18, 0x03, 0x18, 0x03, 0x0C, 0x02, 0x0C, 0x06, 0x06, 0x06, 0x06,
    0x0C, 0x02, 0x0C, 0x03, 0x18, 0x03, 0x18, 0x03, 0x00, 0x00, 0x00, 0x00, 0x00, 0x00, 0x00, 0x00,
    0x00, 0x05, 0x00, 0x16, 0x03, 0x18, 0x03, 0x18, 0x02, 0x08, 0x06, 0x0C, 0x06, 0x0C, 0x06, 0x06,
    0x0C, 0x06, 0x0C, 0x02, 0x18, 0x03, 0x18, 0x03, 0x00, 0x00, 0x00, 0x00, 0x00, 0x00, 0x00, 0x00,
    0x00, 0x04, 0x00, 0x14, 0x03, 0x13, 0x03, 0x18, 0x02, 0x18, 0x06, 0x0C, 0x06, 0x0C, 0x04, 0x06,
    0x0C, 0x06, 0x0C, 0x06, 0x18, 0x03, 0x30, 0x03, 0x00, 0x00, 0x00, 0x00, 0x00, 0x00, 0x00, 0x00,
    0x06, 0x00, 0x06, 0x00, 0x06, 0x06, 0x06, 0x1E, 0x07, 0xF8, 0x07, 0xC0, 0x06, 0x00, 0x06, 0x00,
    0x06, 0x00, 0x06, 0x00, 0x06, 0x02, 0x07, 0xFE, 0x01, 0xF8, 0x00, 0x00, 0x00, 0x00, 0x00, 0x00,
    0x04, 0x0F, 0x0C, 0x05, 0x0C, 0x04, 0x0C, 0x0C, 0x0C, 0x78, 0x0F, 0xE0, 0x0F, 0x00, 0x0C, 0x00,
    0x0C, 0x00, 0x0C, 0x00, 0x0C, 0x00, 0x0F, 0xFE, 0x07, 0xFE, 0x00, 0x00, 0x00, 0x00, 0x00, 0x00,
    0x0C, 0x04, 0x0C, 0x04, 0x0C, 0x07, 0x0C, 0x1C, 0x0C, 0xF8, 0x0F, 0xC0, 0x0E, 0x00, 0x0C, 0x00,
    0x0C, 0x00, 0x0C, 0x00, 0x0C, 0x00, 0x0F, 0xFE, 0x07, 0xFE, 0x00, 0x00, 0x00, 0x00, 0x00, 0x00,
    0x00, 0x00, 0x0F, 0xFE, 0x0F, 0xFE, 0x00, 0x06, 0x00, 0x06, 0x00, 0x04, 0x00, 0x0C, 0x00, 0x0C,
    0x00, 0x18, 0x00, 0x30, 0x00, 0xE0, 0x03, 0xC0, 0x03, 0x00, 0x00, 0x00, 0x00, 0x00, 0x00, 0x00,
    0x00, 0x06, 0x0F, 0xFE, 0x1F, 0xFE, 0x00, 0x06, 0x00, 0x06, 0x00, 0x0C, 0x00, 0x0C, 0x00, 0x18,
    0x00, 0x18, 0x00, 0x70, 0x00, 0xE0, 0x07, 0xC0, 0x07, 0x00, 0x00, 0x00, 0x00, 0x00, 0x00, 0x00,
    0x00, 0x02, 0x0F, 0xFE, 0x0F, 0xFF, 0x00, 0x06, 0x00, 0x06, 0x00, 0x04, 0x00, 0x0C, 0x00, 0x0C,
    0x00, 0x18, 0x00, 0x30, 0x00, 0xE0, 0x03, 0xC0, 0x03, 0x00, 0x00, 0x00, 0x00, 0x00, 0x00, 0x00,
    0x00, 0x00, 0x00, 0x00, 0x01, 0x80, 0x03, 0xC0, 0x06, 0x60, 0x0E, 0x30, 0x0C, 0x18, 0x18, 0x0C,
    0x10, 0x06, 0x00, 0x03, 0x00, 0x03, 0x00, 0x01, 0x00, 0x00, 0x00, 0x00, 0x00, 0x00, 0x00, 0x00,
    0x00, 0x00, 0x00, 0x02, 0x01, 0x8B, 0x03, 0xCD, 0x07, 0xE0, 0x06, 0x70, 0x0C, 0x38, 0x18, 0x1C,
    0x30, 0x0E, 0x00, 0x07, 0x00, 0x03, 0x00, 0x01, 0x00, 0x00, 0x00, 0x00, 0x00, 0x00, 0x00, 0x00,
    0x00, 0x04, 0x00, 0x0E, 0x01, 0x9B, 0x03, 0xCE, 0x06, 0xE4, 0x0C, 0x70, 0x18, 0x38, 0x38, 0x18,
    0x30, 0x0C, 0x00, 0x06, 0x00, 0x03, 0x00, 0x00, 0x00, 0x00, 0x00, 0x00, 0x00, 0x00, 0x00, 0x00,
    0x00, 0x40, 0x00, 0x40, 0x1F, 0xFF, 0x1F, 0xFF, 0x00, 0x40, 0x00, 0x40, 0x06, 0x4C, 0x0C, 0x46,
    0x0C, 0x43, 0x18, 0x43, 0x10, 0x40, 0x01, 0xC0, 0x03, 0xC0, 0x00, 0x00, 0x00, 0x00, 0x00, 0x00,
    0x00, 0x45, 0x00, 0x46, 0x00, 0xC0, 0x1F, 0xFF, 0x00, 0xE0, 0x00, 0x40, 0x06, 0x4C, 0x0C, 0x46,
    0x0C, 0x46, 0x18, 0x43, 0x10, 0x41, 0x00, 0xC0, 0x03, 0xC0, 0x00, 0x00, 0x00, 0x00, 0x00, 0x00,
    0x00, 0x45, 0x00, 0x47, 0x00, 0xC2, 0x1F, 0xFF, 0x00, 0xE0, 0x00, 0x40, 0x06, 0x44, 0x0C, 0x44,
    0x0C, 0x46, 0x18, 0x43, 0x10, 0x41, 0x00, 0xC0, 0x03, 0xC0, 0x00, 0x00, 0x00, 0x00, 0x00, 0x00,
    0x00, 0x00, 0x1F, 0xFF, 0x1F, 0xFF, 0x00, 0x03, 0x00, 0x06, 0x00, 0x0C, 0x06, 0x18, 0x03, 0x30,
    0x01, 0xE0, 0x00, 0xE0, 0x00, 0x70, 0x00, 0x38, 0x00, 0x18, 0x00, 0x00, 0x00, 0x00, 0x00, 0x00,
    0x03, 0x80, 0x03, 0xF8, 0x00, 0x3C, 0x00, 0x00, 0x06, 0x00, 0x07, 0xE0, 0x00, 0xF8, 0x00, 0x08,
    0x00, 0x00, 0x0F, 0x00, 0x0F, 0xE0, 0x00, 0xFC, 0x00, 0x0C, 0x00, 0x00, 0x00, 0x00, 0x00, 0x00,
    0x00, 0xC0, 0x00, 0xC0, 0x01, 0x80, 0x01, 0x80, 0x01, 0x80, 0x03, 0x00, 0x03, 0x0C, 0x03, 0x0C,
    0x02, 0x06, 0x06, 0x06, 0x1F, 0xFF, 0x1F, 0xC3, 0x00, 0x01, 0x00, 0x00, 0x00, 0x00, 0x00, 0x00,
    0x00, 0x04, 0x00, 0x0C, 0x00, 0x0C, 0x07, 0x08, 0x03, 0x98, 0x00, 0xF0, 0x00, 0x70, 0x00, 0x78,
    0x00, 0xDC, 0x01, 0x8E, 0x07, 0x06, 0x0E, 0x00, 0x08, 0x00, 0x00, 0x00, 0x00, 0x00, 0x00, 0x00,
    0x00, 0x00, 0x0F, 0xFE, 0x00, 0xC0, 0x00, 0xC0, 0x00, 0xC0, 0x00, 0xC0, 0x1F, 0xFF, 0x00, 0xC0,
    0x00, 0xC0, 0x00, 0xC0, 0x00, 0xC0, 0x00, 0xFF, 0x00, 0x3E, 0x00, 0x00, 0x00, 0x00, 0x00, 0x00,
    0x00, 0x00, 0x00, 0x00, 0x00, 0x00, 0x03, 0x00, 0x01, 0x0E, 0x01, 0xFE, 0x0F, 0xC4, 0x01, 0x8C,
    0x00, 0x98, 0x00, 0xD0, 0x00, 0xC0, 0x00, 0x40, 0x00, 0x60, 0x00, 0x60, 0x00, 0x00, 0x00, 0x00,
    0x06, 0x00, 0x02, 0x00, 0x03, 0x3F, 0x07, 0xFF, 0x3F, 0x86, 0x01, 0x8C, 0x01, 0x98, 0x01, 0x98,
    0x00, 0x80, 0x00, 0xC0, 0x00, 0xC0, 0x00, 0xC0, 0x00, 0x40, 0x00, 0x00, 0x00, 0x00, 0x00, 0x00,
    0x00, 0x00, 0x00, 0x00, 0x00, 0x00, 0x00, 0x00, 0x07, 0xF8, 0x07, 0xF8, 0x00, 0x08, 0x00, 0x18,
    0x00, 0x18, 0x00, 0x18, 0x00, 0x18, 0x0F, 0xFE, 0x00, 0x00, 0x00, 0x00, 0x00, 0x00, 0x00, 0x00,
    0x00, 0x00, 0x07, 0xFC, 0x0F, 0xFC, 0x00, 0x0C, 0x00, 0x0C, 0x00, 0x0C, 0x00, 0x0C, 0x00, 0x0C,
    0x00, 0x08, 0x00, 0x08, 0x1F, 0xFF, 0x1F, 0xFF, 0x00, 0x00, 0x00, 0x00, 0x00, 0x00, 0x00, 0x00,
    0x00, 0x00, 0x00, 0x00, 0x00, 0x00, 0x07, 0xF8, 0x07, 0xFC, 0x00, 0x0C, 0x00, 0x0C, 0x07, 0xFC,
    0x07, 0xFC, 0x00, 0x0C, 0x00, 0x0C, 0x07, 0xFC, 0x0F, 0xFC, 0x00, 0x0C, 0x00, 0x00, 0x00, 0x00,
    0x00, 0x00, 0x0F, 0xFE, 0x00, 0x06, 0x00, 0x06, 0x00, 0x06, 0x00, 0x06, 0x0F, 0xFE, 0x00, 0x06,
    0x00, 0x06, 0x00, 0x06, 0x00, 0x06, 0x1F, 0xFE, 0x08, 0x06, 0x00, 0x00, 0x00, 0x00, 0x00, 0x00,
    0x00, 0x00, 0x07, 0xFE, 0x00, 0x00, 0x00, 0x00, 0x0F, 0xFE, 0x0F, 0xFE, 0x00, 0x06, 0x00, 0x06,
    0x00, 0x0C, 0x00, 0x18, 0x00, 0x38, 0x00, 0xE0, 0x03, 0xC0, 0x00, 0x00, 0x00, 0x00, 0x00, 0x00,
    0x06, 0x0C, 0x06, 0x0C, 0x06, 0x0C, 0x06, 0x0C, 0x06, 0x0C, 0x06, 0x0C, 0x06, 0x0C, 0x06, 0x0C,
    0x00, 0x0C, 0x00, 0x18, 0x00, 0x30, 0x00, 0xE0, 0x00, 0xC0, 0x00, 0x00, 0x00, 0x00, 0x00, 0x00,
    0x02, 0x30, 0x02, 0x30, 0x02, 0x30, 0x02, 0x30, 0x02, 0x30, 0x02, 0x30, 0x06, 0x30, 0x06, 0x31,
    0x06, 0x33, 0x06, 0x37, 0x0C, 0x3E, 0x18, 0x38, 0x10, 0x30, 0x00, 0x00, 0x00, 0x00, 0x00, 0x00,
    0x06, 0x00, 0x06, 0x00, 0x06, 0x00, 0x06, 0x00, 0x06, 0x00, 0x06, 0x00, 0x06, 0x03, 0x06, 0x07,
    0x06, 0x0C, 0x06, 0x38, 0x06, 0xF0, 0x07, 0xC0, 0x02, 0x00, 0x00, 0x00, 0x00, 0x00, 0x00, 0x00,
    0x00, 0x00, 0x0F, 0xFE, 0x0F, 0xFE, 0x08, 0x02, 0x08, 0x02, 0x08, 0x02, 0x08, 0x02, 0x08, 0x02,
    0x08, 0x02, 0x08, 0x02, 0x0F, 0xFE, 0x0F, 0xFE, 0x08, 0x02, 0x00, 0x00, 0x00, 0x00, 0x00, 0x00,
    0x00, 0x00, 0x00, 0x00, 0x00, 0x00, 0x00, 0x00, 0x0F, 0xFE, 0x0C, 0x06, 0x0C, 0x04, 0x0C, 0x0C,
    0x04, 0x0C, 0x00, 0x18, 0x00, 0x18, 0x00, 0x70, 0x01, 0xE0, 0x01, 0x80, 0x00, 0x00, 0x00, 0x00,
    0x00, 0x00, 0x1F, 0xFE, 0x18, 0x06, 0x18, 0x02, 0x18, 0x06, 0x18, 0x06, 0x08, 0x06, 0x00, 0x0C,
    0x00, 0x18, 0x00, 0x38, 0x00, 0x70, 0x01, 0xC0, 0x01, 0x80, 0x00, 0x00, 0x00, 0x00, 0x00, 0x00,
    0x00, 0x18, 0x00, 0x18, 0x1F, 0xFF, 0x1F, 0xFE, 0x02, 0x10, 0x02, 0x18, 0x02, 0x18, 0x02, 0x18,
    0x3F, 0xFF, 0x1F, 0xFF, 0x00, 0x18, 0x00, 0x18, 0x00, 0x18, 0x00, 0x00, 0x00, 0x00, 0x00, 0x00,
    0x00, 0x00, 0x0F, 0xFF, 0x0F, 0xFF, 0x00, 0x06, 0x00, 0x4E, 0x00, 0x5C, 0x00, 0x40, 0x00, 0x40,
    0x00, 0x40, 0x00, 0x40, 0x1F, 0xFF, 0x1F, 0xFF, 0x00, 0x00, 0x00, 0x00, 0x00, 0x00, 0x00, 0x00,
    0x00, 0x00, 0x0F, 0xFE, 0x00, 0x02, 0x00, 0x02, 0x00, 0x06, 0x0F, 0xFE, 0x07, 0xFC, 0x00, 0x0C,
    0x00, 0x18, 0x00, 0x38, 0x00, 0x70, 0x01, 0xE0, 0x03, 0x80, 0x00, 0x00, 0x00, 0x00, 0x00, 0x00,
    0x00, 0x00, 0x0E, 0x00, 0x07, 0x00, 0x03, 0x81, 0x01, 0x83, 0x00, 0x03, 0x00, 0x06, 0x00, 0x0C,
    0x00, 0x18, 0x00, 0x70, 0x01, 0xE0, 0x0F, 0x80, 0x0C, 0x00, 0x00, 0x00, 0x00, 0x00, 0x00, 0x00,
    0x00, 0xC5, 0x00, 0xC4, 0x1F, 0xFE, 0x1F, 0xFE, 0x10, 0x06, 0x18, 0x06, 0x18, 0x0C, 0x00, 0x0C,
    0x00, 0x18, 0x00, 0x38, 0x00, 0x70, 0x03, 0xC0, 0x03, 0x80, 0x00, 0x00, 0x00, 0x00, 0x00, 0x00,
    0x00, 0x00, 0x00, 0x00, 0x00, 0x00, 0x00, 0xC0, 0x00, 0xC0, 0x0F, 0xFE, 0x07, 0xFE, 0x00, 0x86,
    0x01, 0x86, 0x01, 0x84, 0x03, 0x04, 0x06, 0x0C, 0x0C, 0x7C, 0x00, 0x00, 0x00, 0x00, 0x00, 0x00,
    0x00, 0x00, 0x00, 0x00, 0x00, 0x00, 0x03, 0x00, 0x03, 0x00, 0x03, 0xFE, 0x07, 0xFE, 0x0C, 0x30,
    0x08, 0x20, 0x00, 0x60, 0x00, 0x60, 0x00, 0xC0, 0x01, 0x80, 0x01, 0x00, 0x00, 0x00, 0x00, 0x00,
    0x00, 0x05, 0x1F, 0xFC, 0x1F, 0xFE, 0x18, 0x06, 0x18, 0x06, 0x18, 0x04, 0x18, 0x0C, 0x00, 0x0C,
    0x00, 0x18, 0x00, 0x38, 0x00, 0x70, 0x01, 0xE0, 0x03, 0x80, 0x00, 0x00, 0x00, 0x00, 0x00, 0x00,
    0x00, 0x1F, 0x00, 0x12, 0x1F, 0xFE, 0x1F, 0xFE, 0x02, 0x10, 0x02, 0x18, 0x02, 0x18, 0x02, 0x18,
    0x3F, 0xFF, 0x1F, 0xFF, 0x00, 0x18, 0x00, 0x18, 0x00, 0x18, 0x00, 0x00, 0x00, 0x00, 0x00, 0x00,
    0x00, 0x05, 0x1F, 0xFE, 0x1F, 0xFE, 0x00, 0x06, 0x00, 0xCC, 0x00, 0xD8, 0x00, 0xD8, 0x00, 0xC0,
    0x00, 0xC0, 0x00, 0xC0, 0x00, 0xC0, 0x3F, 0xFF, 0x00, 0x00, 0x00, 0x00, 0x00, 0x00, 0x00, 0x00,
    0x00, 0x05, 0x0F, 0xFE, 0x1F, 0xFE, 0x00, 0x06, 0x00, 0x06, 0x0F, 0xFC, 0x0F, 0xFC, 0x00, 0x0C,
    0x00, 0x18, 0x00, 0x30, 0x00, 0x60, 0x01, 0xC0, 0x07, 0x80, 0x00, 0x00, 0x00, 0x00, 0x00, 0x00,
    0x00, 0x00, 0x00, 0x00, 0x00, 0x00, 0x00, 0x00, 0x00, 0x60, 0x00, 0xF0, 0x00, 0xF0, 0x00, 0xE0,
    0x00, 0x00, 0x00, 0x00, 0x00, 0x00, 0x00, 0x00, 0x00, 0x00, 0x00, 0x00, 0x00, 0x00, 0x00, 0x00,
    0x00, 0x00, 0x00, 0x00, 0x00, 0x00, 0x00, 0x00, 0x00, 0x00, 0x00, 0x00, 0x1F, 0xFF, 0x00, 0x00,
    0x00, 0x00, 0x00, 0x00, 0x00, 0x00, 0x00, 0x00, 0x00, 0x00, 0x00, 0x00, 0x00, 0x00, 0x00, 0x00,
    0x00, 0x00, 0x00, 0x00, 0x00, 0x00, 0x03, 0x00, 0x03, 0x80, 0x00, 0xC0, 0x00, 0x60, 0x00, 0x70,
    0x00, 0x38, 0x00, 0x18, 0x00, 0x08, 0x00, 0x00, 0x00, 0x00, 0x00, 0x00, 0x00, 0x00, 0x00, 0x00,
    0x00, 0x00, 0x00, 0x2C, 0x00, 0x34, 0x03, 0x14, 0x03, 0x80, 0x01, 0xC0, 0x00, 0xC0, 0x00, 0x60,
    0x00, 0x30, 0x00, 0x18, 0x00, 0x18, 0x00, 0x00, 0x00, 0x00, 0x00, 0x00, 0x00, 0x00, 0x00, 0x00,
    0x0F, 0xFC, 0x07, 0xFC, 0x00, 0x0C, 0x00, 0x0C, 0x00, 0x0C, 0x00, 0x0C, 0x00, 0x0C, 0x00, 0x0C,
    0x00, 0x0C, 0x00, 0x0C, 0x00, 0x0C, 0x00, 0x0C, 0x00, 0x0C, 0x00, 0x0C, 0x00, 0x00, 0x00, 0x00,
    0x00, 0x00, 0x00, 0x00, 0x00, 0x00, 0x00, 0x00, 0x00, 0x00, 0x3F, 0xFF, 0x3F, 0xFF, 0x00, 0x00,
    0x00, 0x00, 0x00, 0x00, 0x00, 0x00, 0x00, 0x00, 0x00, 0x00, 0x00, 0x00, 0x00, 0x00, 0x00, 0x00,
    0x03, 0x00, 0x03, 0x00, 0x03, 0x00, 0x03, 0x0F, 0x07, 0xFF, 0x3F, 0xC0, 0x33, 0x00, 0x03, 0x00,
    0x03, 0x00, 0x03, 0x01, 0x03, 0x03, 0x03, 0x83, 0x01, 0xFE, 0x00, 0x00, 0x00, 0x00, 0x00, 0x00,
    0x1F, 0xFE, 0x1F, 0xFE, 0x00, 0x00, 0x00, 0x00, 0x00, 0x00, 0x00, 0x00, 0x0F, 0xFC, 0x00, 0x00,
    0x00, 0x00, 0x00, 0x00, 0x00, 0x00, 0x3F, 0xFF, 0x1F, 0xFF, 0x00, 0x00, 0x00, 0x00, 0x00, 0x00,
    0x00, 0xC0, 0x00, 0xC0, 0x00, 0xC0, 0x00, 0xC0, 0x00, 0xFF, 0x00, 0xC0, 0x00, 0xC0, 0x00, 0xC0,
    0x00, 0xC0, 0x00, 0xC0, 0x00, 0xC0, 0x1F, 0xFF, 0x3F, 0xFF, 0x00, 0x00, 0x00, 0x00, 0x00, 0x00,
    0x3F, 0xFF, 0x1F, 0xFF, 0x00, 0x40, 0x00, 0x40, 0x00, 0x70, 0x00, 0x78, 0x00, 0x4E, 0x00, 0x47,
    0x00, 0x40, 0x00, 0x40, 0x00, 0x40, 0x00, 0x40, 0x00, 0x40, 0x00, 0x40, 0x00, 0x00, 0x00, 0x00,
    0x0F, 0xFC, 0x0C, 0x0C, 0x0C, 0x0C, 0x0F, 0xFC, 0x0F, 0xFC, 0x0C, 0x0C, 0x0C, 0x0C, 0x0F, 0xFC,
    0x0F, 0xFC, 0x0C, 0x0C, 0x0C, 0x0C, 0x0C, 0x0C, 0x3F, 0xFF, 0x00, 0x00, 0x00, 0x00, 0x00, 0x00,
    0x0C, 0x46, 0x0C, 0x46, 0x0C, 0x46, 0x3F, 0xFF, 0x0C, 0x46, 0x0C, 0x46, 0x0C, 0x46, 0x0C, 0x7E,
    0x0C, 0x7E, 0x0C, 0x44, 0x0C, 0x00, 0x0F, 0xFF, 0x0F, 0xFF, 0x0C, 0x00, 0x00, 0x00, 0x00, 0x00,
    0x03, 0xFC, 0x0F, 0xC0, 0x0C, 0x00, 0x0C, 0x00, 0x0F, 0xFE, 0x0F, 0xFF, 0x0C, 0x18, 0x0C, 0x18,
    0x0C, 0x18, 0x0C, 0x18, 0x0C, 0x18, 0x0C, 0x18, 0x3F, 0xFF, 0x00, 0x00, 0x00, 0x00, 0x00, 0x00,
    0x00, 0x40, 0x0F, 0xFE, 0x1F, 0xFF, 0x10, 0x43, 0x10, 0x43, 0x10, 0x43, 0x10, 0x43, 0x1F, 0xFF,
    0x1F, 0xFF, 0x10, 0x41, 0x00, 0x40, 0x00, 0x40, 0x00, 0x40, 0x00, 0x40, 0x00, 0x00, 0x00, 0x00,
    0x03, 0xF8, 0x1F, 0xFE, 0x18, 0x42, 0x18, 0xC2, 0x1F, 0xFE, 0x00, 0xC0, 0x1F, 0xFF, 0x1F, 0xFF,
    0x10, 0x43, 0x18, 0xC3, 0x1F, 0xFF, 0x10, 0xC3, 0x00, 0x40, 0x00, 0x40, 0x00, 0x00, 0x00, 0x00,
    0x01, 0x80, 0x01, 0x80, 0x1F, 0xFC, 0x1F, 0xFC, 0x01, 0x8C, 0x09, 0x8C, 0x0F, 0x8C, 0x07, 0x0C,
    0x03, 0x8C, 0x03, 0xCC, 0x06, 0x6C, 0x0C, 0x0C, 0x18, 0x0F, 0x30, 0x07, 0x00, 0x00, 0x00, 0x00,
    0x00, 0xE0, 0x00, 0x60, 0x1F, 0xFF, 0x1F, 0xFF, 0x00, 0x40, 0x00, 0x40, 0x00, 0xE0, 0x0F, 0xFE,
    0x00, 0x40, 0x00, 0x40, 0x00, 0x40, 0x00, 0xE0, 0x3F, 0xFF, 0x00, 0x00, 0x00, 0x00, 0x00, 0x00,
    0x03, 0x00, 0x03, 0xF0, 0x07, 0xF0, 0x0C, 0x30, 0x0C, 0x30, 0x18, 0x60, 0x30, 0x60, 0x00, 0xF0,
    0x00, 0xD0, 0x01, 0x98, 0x07, 0x0C, 0x0E, 0x06, 0x3C, 0x03, 0x10, 0x01, 0x00, 0x00, 0x00, 0x00,
    0x1F, 0xFC, 0x1F, 0xFC, 0x00, 0x38, 0x00, 0x60, 0x00, 0xC0, 0x01, 0x80, 0x03, 0x00, 0x06, 0x00,
    0x0C, 0x00, 0x18, 0x01, 0x10, 0x01, 0x1C, 0x03, 0x0F, 0xFF, 0x00, 0x00, 0x00, 0x00, 0x00, 0x00,
    0x01, 0x80, 0x01, 0x80, 0x01, 0x80, 0x1F, 0xFC, 0x1F, 0xFC, 0x01, 0x8C, 0x01, 0x0C, 0x03, 0x0C,
    0x03, 0x0C, 0x03, 0x0C, 0x06, 0x0C, 0x0C, 0x0C, 0x1C, 0x0F, 0x30, 0x07, 0x00, 0x00, 0x00, 0x00,
    0x06, 0x00, 0x0F, 0xFF, 0x0C, 0x00, 0x18, 0x00, 0x37, 0xFC, 0x07, 0xF8, 0x00, 0x70, 0x01, 0xC0,
    0x03, 0x80, 0x06, 0x00, 0x0C, 0x01, 0x08, 0x01, 0x0F, 0xFF, 0x07, 0xFF, 0x00, 0x00, 0x00, 0x00,
    0x1F, 0x90, 0x3F, 0xBF, 0x06, 0x3F, 0x1F, 0xE0, 0x10, 0xFE, 0x1F, 0xBF, 0x10, 0x86, 0x19, 0x8C,
    0x1F, 0x98, 0x06, 0x18, 0x3F, 0xF0, 0x06, 0x20, 0x06, 0x3F, 0x06, 0x3F, 0x00, 0x00, 0x00, 0x00,
    0x07, 0xF0, 0x0C, 0x70, 0x3F, 0xFE, 0x1F, 0xFE, 0x0F, 0xFE, 0x0F, 0xFE, 0x00, 0xC0, 0x1F, 0xFF,
    0x1F, 0xFF, 0x1F, 0xFF, 0x18, 0xC3, 0x1F, 0xFF, 0x10, 0x41, 0x00, 0x7F, 0x00, 0x00, 0x00, 0x00,
    0x3F, 0xFF, 0x00, 0x40, 0x0F, 0xFE, 0x0C, 0x42, 0x0F, 0xFE, 0x00, 0x40, 0x0F, 0xFE, 0x0F, 0xFF,
    0x3F, 0xFF, 0x00, 0x43, 0x0F, 0xFF, 0x00, 0x42, 0x00, 0xC0, 0x03, 0xC0, 0x00, 0x00, 0x00, 0x00,
    0x00, 0x00, 0x0F, 0xFE, 0x0F, 0xFF, 0x00, 0x00, 0x00, 0x00, 0x00, 0x00, 0x00, 0x00, 0x00, 0x00,
    0x00, 0x00, 0x00, 0x00, 0x00, 0x00, 0x3F, 0xFF, 0x00, 0x00, 0x00, 0x00, 0x00, 0x00, 0x00, 0x00,
    0x1F, 0xFF, 0x1F, 0xFF, 0x03, 0x00, 0x03, 0xFC, 0x03, 0xFC, 0x06, 0x0C, 0x06, 0x0C, 0x06, 0x0C,
    0x07, 0xF8, 0x0C, 0x18, 0x00, 0x08, 0x00, 0x18, 0x3F, 0xFF, 0x00, 0x00, 0x00, 0x00, 0x00, 0x00,
    0x1F, 0xFE, 0x1F, 0xFE, 0x00, 0x80, 0x01, 0x80, 0x01, 0x80, 0x0F, 0xFC, 0x07, 0xFC, 0x01, 0x0C,
    0x03, 0x0C, 0x03, 0x0C, 0x03, 0x0C, 0x1F, 0xFF, 0x3F, 0xFF, 0x00, 0x00, 0x00, 0x00, 0x00, 0x00,
    0x1F, 0xFF, 0x01, 0x30, 0x01, 0x30, 0x1F, 0xFE, 0x1F, 0xFE, 0x19, 0x32, 0x19, 0x32, 0x19, 0x32,
    0x1F, 0xFE, 0x1B, 0x32, 0x01, 0x30, 0x3F, 0xFF, 0x3F, 0xFF, 0x00, 0x00, 0x00, 0x00, 0x00, 0x00,
    0x00, 0xE0, 0x3F, 0xFF, 0x02, 0x08, 0x06, 0x0C, 0x0C, 0x06, 0x1A, 0x1B, 0x13, 0x19, 0x01, 0xB0,
    0x01, 0xF0, 0x00, 0xE0, 0x01, 0xF0, 0x0F, 0x1E, 0x3C, 0x0F, 0x00, 0x00, 0x00, 0x00, 0x00, 0x00,
    0x3F, 0xFF, 0x00, 0x00, 0x07, 0xFE, 0x0C, 0x06, 0x0C, 0x06, 0x07, 0xFE, 0x0F, 0xFE, 0x0F, 0xFE,
    0x00, 0x78, 0x3F, 0xFF, 0x3F, 0xFF, 0x00, 0x40, 0x00, 0xC0, 0x03, 0xC0, 0x00, 0x00, 0x00, 0x00,
    0x00, 0xE0, 0x3F, 0xFF, 0x00, 0x00, 0x0F, 0xFC, 0x0F, 0xFE, 0x0C, 0x06, 0x0C, 0x06, 0x0F, 0xFE,
    0x00, 0x40, 0x04, 0x4C, 0x0C, 0x46, 0x18, 0x43, 0x33, 0xC1, 0x03, 0xC0, 0x00, 0x00, 0x00, 0x00,
    0x00, 0xC0, 0x00, 0xC0, 0x00, 0xC0, 0x00, 0xE0, 0x00, 0xE0, 0x01, 0xE0, 0x01, 0xB0, 0x01, 0xB0,
    0x03, 0x18, 0x06, 0x18, 0x06, 0x0C, 0x1C, 0x07, 0x38, 0x03, 0x00, 0x00, 0x00, 0x00, 0x00, 0x00,
    0x01, 0xE0, 0x03, 0xB0, 0x07, 0x18, 0x0E, 0x0E, 0x1F, 0xFF, 0x30, 0x01, 0x00, 0x00, 0x0F, 0xFC,
    0x0F, 0xFC, 0x00, 0x0C, 0x00, 0x08, 0x00, 0x18, 0x00, 0x10, 0x00, 0x30, 0x00, 0x00, 0x00, 0x00,
    0x00, 0xE0, 0x01, 0xB0, 0x03, 0x18, 0x06, 0x0C, 0x1C, 0x07, 0x3A, 0x19, 0x02, 0x18, 0x02, 0x18,
    0x02, 0x18, 0x06, 0x18, 0x06, 0x18, 0x0C, 0x18, 0x1C, 0x18, 0x18, 0x08, 0x00, 0x00, 0x00, 0x00,
    0x06, 0x10, 0x04, 0x10, 0x0C, 0x10, 0x1C, 0x18, 0x3F, 0xFF, 0x3C, 0x18, 0x0C, 0x10, 0x0C, 0x10,
    0x0C, 0x10, 0x0C, 0x10, 0x0C, 0x10, 0x0D, 0xFF, 0x0D, 0xFF, 0x0C, 0x00, 0x00, 0x00, 0x00, 0x00,
    0x04, 0x18, 0x0D, 0x98, 0x09, 0x9F, 0x19, 0xBF, 0x39, 0xF9, 0x3B, 0xD9, 0x0B, 0x99, 0x09, 0x99,
    0x09, 0x9F, 0x09, 0x9E, 0x09, 0x80, 0x09, 0x81, 0x09, 0xFF, 0x08, 0xFF, 0x00, 0x00, 0x00, 0x00,
    0x02, 0x36, 0x06, 0x33, 0x0C, 0x31, 0x0C, 0x37, 0x1D, 0xFF, 0x3D, 0xF0, 0x2C, 0x10, 0x0C, 0x10,
    0x0C, 0x18, 0x0C, 0x18, 0x0C, 0x08, 0x0C, 0x0C, 0x0C, 0x07, 0x0C, 0x03, 0x00, 0x00, 0x00, 0x00,
    0x0C, 0x03, 0x0C, 0xC2, 0x0C, 0xC2, 0x0C, 0x66, 0x0C, 0x26, 0x0C, 0x06, 0x0C, 0x0C, 0x0C, 0x0C,
    0x0D, 0x9C, 0x0F, 0x1E, 0x3C, 0x33, 0x30, 0xE1, 0x03, 0xC1, 0x01, 0x00, 0x00, 0x00, 0x00, 0x00,
    0x06, 0xFF, 0x04, 0xC0, 0x0C, 0xC0, 0x1C, 0xC0, 0x3C, 0xFF, 0x3C, 0xE1, 0x0C, 0xE3, 0x0C, 0xB3,
    0x0C, 0x92, 0x0D, 0x9E, 0x0D, 0x8C, 0x0D, 0x9E, 0x0F, 0x73, 0x0F, 0x61, 0x00, 0x00, 0x00, 0x00,
    0x06, 0xEF, 0x0D, 0x9F, 0x0D, 0x99, 0x19, 0x99, 0x39, 0x99, 0x39, 0x99, 0x09, 0x99, 0x09, 0x99,
    0x09, 0x99, 0x09, 0xFB, 0x0B, 0xDF, 0x08, 0x18, 0x08, 0x18, 0x08, 0x18, 0x00, 0x00, 0x00, 0x00,
    0x04, 0x90, 0x0D, 0x90, 0x09, 0xFF, 0x19, 0xFF, 0x3B, 0x10, 0x38, 0x10, 0x08, 0x38, 0x0B, 0xFF,
    0x08, 0x10, 0x08, 0x10, 0x08, 0x10, 0x08, 0x10, 0x08, 0x10, 0x08, 0x10, 0x00, 0x00, 0x00, 0x00,
    0x01, 0xE0, 0x03, 0x30, 0x07, 0x1C, 0x0E, 0x4E, 0x18, 0x47, 0x30, 0x41, 0x0C, 0x60, 0x0C, 0x7E,
    0x0C, 0x40, 0x0C, 0x40, 0x0C, 0x40, 0x0C, 0xE0, 0x3F, 0xFF, 0x3F, 0xFF, 0x00, 0x00, 0x00, 0x00,
    0x06, 0x10, 0x0F, 0xFF, 0x0D, 0xFF, 0x1C, 0x18, 0x3C, 0x18, 0x3D, 0xFF, 0x2D, 0xFF, 0x0C, 0xC3,
    0x0C, 0x66, 0x0C, 0x7C, 0x0C, 0x38, 0x0C, 0x7C, 0x0D, 0xE7, 0x0F, 0x01, 0x00, 0x00, 0x00, 0x00,
    0x06, 0x10, 0x06, 0x10, 0x0C, 0x10, 0x1F, 0xFF, 0x3C, 0x38, 0x3C, 0x7C, 0x2C, 0x7C, 0x0C, 0xD6,
    0x0C, 0xD2, 0x0D, 0x93, 0x0F, 0x11, 0x0E, 0x10, 0x0C, 0x10, 0x0C, 0x10, 0x00, 0x00, 0x00, 0x00,
    0x01, 0xE0, 0x03, 0xB0, 0x07, 0x1C, 0x0E, 0x0E, 0x3F, 0xFF, 0x20, 0x00, 0x00, 0x00, 0x1F, 0xFF,
    0x01, 0x80, 0x03, 0x18, 0x02, 0x0C, 0x07, 0xFE, 0x1F, 0xFF, 0x00, 0x00, 0x00, 0x00, 0x00, 0x00,
    0x05, 0xFF, 0x0C, 0x01, 0x09, 0xFD, 0x19, 0xFD, 0x38, 0x01, 0x39, 0xF9, 0x09, 0x99, 0x09, 0x89,
    0x09, 0x89, 0x09, 0xF9, 0x09, 0xF1, 0x09, 0x01, 0x08, 0x0F, 0x08, 0x0F, 0x00, 0x00, 0x00, 0x00,
    0x07, 0x83, 0x0D, 0xA3, 0x0D, 0xB3, 0x19, 0x93, 0x39, 0x9B, 0x39, 0x83, 0x29, 0x82, 0x09, 0x86,
    0x09, 0xB6, 0x09, 0xEE, 0x0B, 0x8E, 0x08, 0x3B, 0x08, 0xF1, 0x08, 0xC0, 0x00, 0x00, 0x00, 0x00,
    0x06, 0x10, 0x04, 0x10, 0x0D, 0xFF, 0x1D, 0xFF, 0x3C, 0x82, 0x3C, 0xC6, 0x0C, 0xC6, 0x0C, 0x46,
    0x0C, 0x44, 0x0C, 0x6C, 0x0C, 0x4C, 0x0D, 0xFF, 0x0D, 0xFF, 0x0C, 0x00, 0x00, 0x00, 0x00, 0x00,
    0x06, 0x38, 0x0C, 0x1C, 0x0D, 0xFF, 0x1C, 0x18, 0x3C, 0x18, 0x3C, 0x18, 0x0C, 0x18, 0x0D, 0xFF,
    0x0C, 0x18, 0x0C, 0x18, 0x0C, 0x18, 0x0D, 0xFF, 0x0F, 0xFF, 0x0C, 0x00, 0x00, 0x00, 0x00, 0x00,
    0x06, 0x20, 0x04, 0x60, 0x0D, 0xFF, 0x1D, 0xFF, 0x3C, 0x40, 0x2C, 0xC0, 0x0C, 0xFF, 0x0C, 0xDC,
    0x0D, 0x88, 0x0D, 0x08, 0x0F, 0x08, 0x0E, 0x5D, 0x0C, 0xFF, 0x0C, 0x00, 0x00, 0x00, 0x00, 0x00,
    0x06, 0x10, 0x0C, 0x10, 0x0F, 0xFF, 0x19, 0xFF, 0x38, 0x78, 0x38, 0x7C, 0x08, 0xD6, 0x08, 0xD6,
    0x09, 0x93, 0x0B, 0xFF, 0x0A, 0xFE, 0x08, 0x10, 0x08, 0x10, 0x08, 0x10, 0x00, 0x00, 0x00, 0x00,
    0x07, 0xFF, 0x0D, 0xFF, 0x0C, 0x03, 0x1C, 0x03, 0x1D, 0xFB, 0x3D, 0x9B, 0x0D, 0x9B, 0x0D, 0x9B,
    0x0D, 0xFB, 0x0D, 0xF3, 0x0D, 0x83, 0x0C, 0x03, 0x0C, 0x0F, 0x0C, 0x1F, 0x00, 0x00, 0x00, 0x00,
    0x06, 0x60, 0x06, 0x6F, 0x0C, 0xFF, 0x1D, 0xB0, 0x1D, 0xB0, 0x3F, 0x3F, 0x0C, 0x30, 0x0C, 0x30,
    0x0C, 0x34, 0x0C, 0x3F, 0x0C, 0x30, 0x0C, 0x30, 0x0C, 0x30, 0x0C, 0x30, 0x00, 0x00, 0x00, 0x00,
    0x06, 0x18, 0x0D, 0xFF, 0x0C, 0x18, 0x18, 0x10, 0x39, 0xFF, 0x39, 0xFF, 0x08, 0x10, 0x08, 0x18,
    0x09, 0xFF, 0x08, 0x38, 0x08, 0x10, 0x09, 0xFF, 0x0B, 0xFF, 0x08, 0x00, 0x00, 0x00, 0x00, 0x00,
    0x06, 0x3E, 0x07, 0xFF, 0x0C, 0x18, 0x1D, 0xFF, 0x3D, 0xFF, 0x3D, 0x99, 0x0D, 0x99, 0x0D, 0xFF,
    0x0D, 0x90, 0x0C, 0x90, 0x0C, 0x70, 0x0C, 0x78, 0x0D, 0xDF, 0x0D, 0x03, 0x00, 0x00, 0x00, 0x00,
    0x06, 0x18, 0x0D, 0xFF, 0x0C, 0x18, 0x18, 0x10, 0x3B, 0xFF, 0x3B, 0xFF, 0x08, 0x06, 0x0B, 0xFF,
    0x08, 0x86, 0x08, 0xC6, 0x08, 0x46, 0x08, 0x66, 0x08, 0x1E, 0x08, 0x1C, 0x00, 0x00, 0x00, 0x00,
    0x06, 0x46, 0x0C, 0x44, 0x09, 0xFF, 0x19, 0xFF, 0x38, 0x44, 0x38, 0x46, 0x08, 0x44, 0x0B, 0xFF,
    0x0B, 0xFF, 0x08, 0x40, 0x08, 0xC6, 0x09, 0x83, 0x0B, 0x83, 0x0B, 0x01, 0x00, 0x00, 0x00, 0x00,
    0x0C, 0x30, 0x0F, 0xFF, 0x1F, 0xFF, 0x18, 0x70, 0x38, 0xD1, 0x29, 0xDB, 0x0B, 0x9E, 0x0E, 0x8C,
    0x08, 0x8C, 0x08, 0x8C, 0x08, 0x9E, 0x08, 0xFF, 0x0B, 0xC3, 0x0A, 0x01, 0x00, 0x00, 0x00, 0x00,
    0x07, 0xFF, 0x0D, 0xFF, 0x08, 0x6C, 0x18, 0x6C, 0x39, 0xFF, 0x39, 0xFF, 0x09, 0x6D, 0x09, 0x6D,
    0x09, 0x6D, 0x09, 0x6D, 0x09, 0x6D, 0x09, 0xFF, 0x09, 0xFF, 0x09, 0x01, 0x00, 0x00, 0x00, 0x00,
    0x04, 0xFE, 0x0C, 0x06, 0x08, 0x06, 0x1B, 0xFF, 0x38, 0xC0, 0x39, 0xFF, 0x29, 0xFF, 0x0B, 0x10,
    0x0B, 0xFF, 0x0B, 0xFF, 0x08, 0x38, 0x08, 0x6C, 0x09, 0xC7, 0x0B, 0x01, 0x00, 0x00, 0x00, 0x00,
    0x07, 0xFF, 0x0D, 0xF0, 0x08, 0x66, 0x19, 0xCC, 0x38, 0xD8, 0x38, 0x72, 0x08, 0x63, 0x0B, 0xFF,
    0x08, 0x10, 0x08, 0x92, 0x09, 0x93, 0x09, 0x11, 0x0B, 0x11, 0x08, 0x10, 0x00, 0x00, 0x00, 0x00,
    0x07, 0xFF, 0x05, 0x83, 0x0D, 0x83, 0x1D, 0xFF, 0x1D, 0xFF, 0x3C, 0x18, 0x0C, 0x18, 0x0F, 0xFF,
    0x0C, 0x3C, 0x0C, 0x7C, 0x0C, 0xD6, 0x0D, 0x9B, 0x0F, 0x19, 0x0C, 0x10, 0x00, 0x00, 0x00, 0x00,
    0x06, 0x60, 0x0F, 0xFF, 0x0C, 0xCE, 0x18, 0x96, 0x3B, 0xFF, 0x3F, 0xBB, 0x09, 0x93, 0x09, 0xFF,
    0x09, 0xB3, 0x09, 0xB3, 0x09, 0xFF, 0x09, 0xB0, 0x08, 0x19, 0x08, 0x1F, 0x00, 0x00, 0x00, 0x00,
    0x0D, 0xFF, 0x0D, 0x11, 0x09, 0x11, 0x19, 0xFD, 0x39, 0x7D, 0x39, 0x11, 0x09, 0x7D, 0x09, 0x65,
    0x09, 0x45, 0x09, 0x7D, 0x09, 0x01, 0x09, 0xFF, 0x09, 0xFF, 0x09, 0x01, 0x00, 0x00, 0x00, 0x00,
    0x0C, 0x7E, 0x0F, 0x02, 0x0B, 0x17, 0x1B, 0xFF, 0x3B, 0x60, 0x3B, 0x7F, 0x2B, 0xFF, 0x0B, 0x98,
    0x0B, 0xFF, 0x0B, 0xFF, 0x0B, 0x1C, 0x08, 0x36, 0x08, 0xE3, 0x08, 0xC1, 0x00, 0x00, 0x00, 0x00,
    0x06, 0x78, 0x0C, 0xCC, 0x0D, 0x87, 0x1B, 0xFF, 0x38, 0x7C, 0x39, 0xFF, 0x09, 0x33, 0x09, 0x33,
    0x09, 0xFF, 0x09, 0xFE, 0x08, 0x78, 0x08, 0xEC, 0x0B, 0xC7, 0x0B, 0x03, 0x00, 0x00, 0x00, 0x00,
    0x07, 0xFE, 0x0C, 0x62, 0x0F, 0xFF, 0x1B, 0xFF, 0x39, 0xFF, 0x39, 0x83, 0x09, 0x83, 0x09, 0xFF,
    0x09, 0xFF, 0x09, 0xFF, 0x08, 0x98, 0x0B, 0xFF, 0x08, 0x18, 0x08, 0x08, 0x00, 0x00, 0x00, 0x00,
    0x0F, 0xBF, 0x0F, 0xBF, 0x19, 0x09, 0x1B, 0x7F, 0x3B, 0x09, 0x3F, 0xFF, 0x1C, 0x88, 0x1D, 0xFF,
    0x1F, 0x88, 0x1B, 0xFF, 0x1B, 0x1C, 0x1B, 0x08, 0x1F, 0xFF, 0x0C, 0x7F, 0x00, 0x00, 0x00, 0x00,
    0x05, 0xFF, 0x0D, 0x93, 0x0D, 0xFF, 0x19, 0x93, 0x39, 0x93, 0x39, 0xFF, 0x08, 0x10, 0x0B, 0xFF,
    0x0B, 0x11, 0x0B, 0x15, 0x0B, 0xFF, 0x0B, 0x63, 0x0B, 0x01, 0x0B, 0x07, 0x00, 0x00, 0x00, 0x00,
    0x04, 0xB0, 0x0C, 0xB0, 0x0F, 0xFE, 0x18, 0x66, 0x38, 0x7F, 0x38, 0xFF, 0x09, 0x83, 0x09, 0xFF,
    0x0F, 0x7D, 0x0F, 0x55, 0x09, 0x5B, 0x0B, 0x69, 0x0B, 0x63, 0x08, 0x0F, 0x00, 0x00, 0x00, 0x00,
    0x0C, 0xE3, 0x0D, 0xFF, 0x0B, 0x3B, 0x1B, 0xEB, 0x38, 0xFF, 0x38, 0xDF, 0x09, 0x93, 0x09, 0x1A,
    0x0B, 0xFF, 0x08, 0x3C, 0x08, 0x7E, 0x09, 0xD7, 0x0B, 0x13, 0x08, 0x10, 0x00, 0x00, 0x00, 0x00,
    0x01, 0xF0, 0x03, 0x18, 0x0E, 0x4E, 0x3E, 0xCF, 0x26, 0x5C, 0x1B, 0xF6, 0x16, 0xE8, 0x0E, 0x4C,
    0x1B, 0xF6, 0x19, 0xF3, 0x3F, 0xFF, 0x00, 0x40, 0x00, 0x40, 0x00, 0x40, 0x00, 0x00, 0x00, 0x00,
    0x05, 0x91, 0x0D, 0xFF, 0x09, 0xFF, 0x18, 0x88, 0x39, 0xFF, 0x39, 0xFF, 0x0B, 0x98, 0x0F, 0xFF,
    0x09, 0x98, 0x09, 0xFF, 0x09, 0x9B, 0x09, 0x98, 0x09, 0xFF, 0x09, 0x80, 0x00, 0x00, 0x00, 0x00,
    0x0D, 0xEC, 0x0F, 0xEC, 0x08, 0xCF, 0x1B, 0xF9, 0x18, 0xD9, 0x38, 0xDB, 0x2B, 0xFF, 0x0B, 0xF7,
    0x09, 0xC6, 0x09, 0xF6, 0x09, 0x36, 0x09, 0x2F, 0x0B, 0x39, 0x0E, 0xF0, 0x00, 0x00, 0x00, 0x00,
    0x07, 0xFF, 0x0D, 0xFF, 0x09, 0xFF, 0x1B, 0xFF, 0x38, 0x00, 0x39, 0xFF, 0x09, 0xFF, 0x09, 0xFF,
    0x09, 0xFF, 0x09, 0x83, 0x09, 0xFF, 0x08, 0x46, 0x09, 0xC7, 0x0B, 0x01, 0x00, 0x00, 0x00, 0x00,
    0x0E, 0x7F, 0x0A, 0x08, 0x1A, 0x7F, 0x1A, 0xE1, 0x3B, 0xFF, 0x7A, 0x63, 0x1A, 0x61, 0x1A, 0x7F,
    0x1A, 0x61, 0x1A, 0xFF, 0x1B, 0xFF, 0x18, 0x32, 0x18, 0xE3, 0x18, 0xC1, 0x00, 0x00, 0x00, 0x00,
    0x07, 0xFF, 0x0D, 0xFF, 0x0C, 0x7E, 0x18, 0x7C, 0x39, 0xFF, 0x39, 0x93, 0x09, 0xFF, 0x08, 0x38,
    0x09, 0xFF, 0x09, 0xFF, 0x09, 0xFF, 0x08, 0x10, 0x0B, 0xFF, 0x0B, 0xFF, 0x00, 0x00, 0x00, 0x00,
    0x07, 0xFF, 0x0D, 0xFF, 0x0D, 0xFF, 0x18, 0x10, 0x3B, 0xFF, 0x3B, 0xFF, 0x09, 0xEF, 0x08, 0xCD,
    0x0B, 0xFF, 0x08, 0xCD, 0x0B, 0xF7, 0x0A, 0xC6, 0x08, 0xDF, 0x09, 0xD3, 0x00, 0x00, 0x00, 0x00,
    0x07, 0xFF, 0x0C, 0xC6, 0x08, 0xC4, 0x1B, 0xFF, 0x38, 0x00, 0x39, 0xFF, 0x09, 0xFF, 0x09, 0xBB,
    0x09, 0x8F, 0x08, 0xFE, 0x09, 0x5A, 0x09, 0x43, 0x0B, 0x65, 0x08, 0x7C, 0x00, 0x00, 0x00, 0x00,
    0x0F, 0xFE, 0x0F, 0xFE, 0x00, 0x00, 0x00, 0x00, 0x3F, 0xFF, 0x3F, 0xFF, 0x03, 0x10, 0x03, 0x10,
    0x03, 0x10, 0x02, 0x10, 0x06, 0x10, 0x0C, 0x11, 0x1C, 0x1F, 0x30, 0x1F, 0x00, 0x00, 0x00, 0x00,
    0x0F, 0xFE, 0x0C, 0x06, 0x08, 0x02, 0x08, 0x02, 0x08, 0x02, 0x0F, 0xFE, 0x0F, 0xFE, 0x02, 0x30,
    0x02, 0x30, 0x06, 0x30, 0x06, 0x30, 0x0C, 0x30, 0x38, 0x3F, 0x30, 0x1F, 0x00, 0x00, 0x00, 0x00,
    0x08, 0x42, 0x0C, 0x46, 0x04, 0x44, 0x06, 0x4C, 0x00, 0xC0, 0x3F, 0xFF, 0x3F, 0xFF, 0x03, 0x10,
    0x03, 0x10, 0x02, 0x10, 0x06, 0x11, 0x0C, 0x11, 0x38, 0x1F, 0x30, 0x1F, 0x00, 0x00, 0x00, 0x00,
    0x3F, 0xFF, 0x1F, 0xFF, 0x00, 0x40, 0x07, 0xFC, 0x0F, 0xFE, 0x0C, 0x06, 0x0C, 0x06, 0x0F, 0xFE,
    0x0F, 0xFC, 0x03, 0x30, 0x03, 0x30, 0x06, 0x31, 0x1C, 0x3F, 0x38, 0x1F, 0x00, 0x00, 0x00, 0x00,
    0x19, 0xFE, 0x19, 0x82, 0x19, 0x82, 0x19, 0xFE, 0x19, 0x86, 0x19, 0x82, 0x19, 0xFE, 0x19, 0xFE,
    0x01, 0x10, 0x03, 0x10, 0x02, 0x10, 0x06, 0x11, 0x1C, 0x1F, 0x38, 0x1F, 0x00, 0x00, 0x00, 0x00,
    0x07, 0xC0, 0x07, 0xC0, 0x00, 0x40, 0x00, 0xE0, 0x00, 0xE0, 0x00, 0xE0, 0x01, 0xA0, 0x01, 0xB0,
    0x03, 0x10, 0x03, 0x18, 0x06, 0x0C, 0x0C, 0x06, 0x38, 0x03, 0x30, 0x01, 0x00, 0x00, 0x00, 0x00,
    0x01, 0xF0, 0x03, 0x38, 0x06, 0x1C, 0x0C, 0x06, 0x3D, 0xB7, 0x37, 0xFD, 0x00, 0x40, 0x00, 0x40,
    0x0F, 0xFE, 0x0F, 0xFE, 0x00, 0x40, 0x00, 0x40, 0x1F, 0xFF, 0x3F, 0xFF, 0x00, 0x00, 0x00, 0x00,
    0x03, 0x18, 0x06, 0x0C, 0x06, 0x0C, 0x0C, 0x06, 0x18, 0x03, 0x38, 0xC1, 0x01, 0x80, 0x01, 0x80,
    0x01, 0x18, 0x03, 0x0C, 0x02, 0x06, 0x06, 0xFE, 0x1F, 0xFF, 0x00, 0x01, 0x00, 0x00, 0x00, 0x00,
    0x02, 0x18, 0x02, 0x18, 0x1F, 0xFF, 0x1F, 0xFF, 0x02, 0x18, 0x02, 0x18, 0x02, 0x08, 0x3F, 0xFF,
    0x3F, 0xFF, 0x01, 0x10, 0x07, 0x1C, 0x0E, 0x0E, 0x18, 0x03, 0x10, 0x01, 0x00, 0x00, 0x00, 0x00,
    0x07, 0xFE, 0x04, 0x06, 0x07, 0xFE, 0x04, 0x06, 0x07, 0xFE, 0x06, 0x06, 0x04, 0x06, 0x07, 0xFE,
    0x00, 0x00, 0x3F, 0xFF, 0x01, 0x18, 0x07, 0x1C, 0x1E, 0x07, 0x10, 0x01, 0x00, 0x00, 0x00, 0x00,
    0x03, 0x0C, 0x1F, 0xFF, 0x01, 0xB0, 0x0F, 0xFC, 0x0F, 0xFE, 0x01, 0xB3, 0x3F, 0xFF, 0x01, 0xB3,
    0x0F, 0xFE, 0x0F, 0xFE, 0x07, 0xBC, 0x0D, 0xB7, 0x39, 0xB3, 0x11, 0xB0, 0x00, 0x00, 0x00, 0x00,
    0x00, 0x40, 0x1F, 0xFE, 0x1F, 0xFF, 0x10, 0xC3, 0x10, 0xC3, 0x10, 0xE3, 0x10, 0xF3, 0x11, 0xBB,
    0x13, 0x1B, 0x1E, 0x0F, 0x10, 0x03, 0x10, 0x03, 0x10, 0x0F, 0x10, 0x0E, 0x00, 0x00, 0x00, 0x00,
    0x1F, 0xFF, 0x1F, 0xFF, 0x10, 0x41, 0x10, 0x43, 0x10, 0x43, 0x18, 0x63, 0x1F, 0xFF, 0x18, 0x03,
    0x10, 0x03, 0x10, 0x03, 0x10, 0x03, 0x10, 0x01, 0x10, 0x0F, 0x10, 0x0F, 0x00, 0x00, 0x00, 0x00,
    0x1F, 0xFE, 0x19, 0xB2, 0x19, 0xB2, 0x19, 0xB2, 0x19, 0xB2, 0x19, 0xB7, 0x3F, 0xFF, 0x19, 0xB2,
    0x19, 0xB2, 0x19, 0xB2, 0x19, 0xB2, 0x19, 0xB2, 0x19, 0xB6, 0x19, 0xB6, 0x00, 0x00, 0x00, 0x00,
    0x1F, 0xFF, 0x00, 0x40, 0x0F, 0xFC, 0x0F, 0xFE, 0x08, 0x46, 0x0F, 0xFE, 0x0F, 0xFE, 0x08, 0x46,
    0x1C, 0xE6, 0x3F, 0xFF, 0x18, 0x06, 0x08, 0x06, 0x08, 0x1E, 0x08, 0x1C, 0x00, 0x00, 0x00, 0x00,
    0x1F, 0xFF, 0x12, 0x01, 0x13, 0x01, 0x03, 0xFC, 0x06, 0x00, 0x06, 0x00, 0x07, 0xFC, 0x00, 0x0C,
    0x00, 0x0C, 0x3F, 0xFF, 0x00, 0x0C, 0x00, 0x08, 0x00, 0xF8, 0x00, 0xF0, 0x00, 0x00, 0x00, 0x00,
    0x1F, 0xFF, 0x10, 0x01, 0x1F, 0x83, 0x0F, 0x86, 0x00, 0x3F, 0x00, 0x02, 0x3F, 0xF2, 0x0D, 0x92,
    0x0D, 0x9A, 0x0D, 0x82, 0x09, 0x8E, 0x19, 0x80, 0x39, 0xF3, 0x30, 0xFF, 0x00, 0x00, 0x00, 0x00,
    0x33, 0xC3, 0x1B, 0x0F, 0x0B, 0x6E, 0x03, 0xE2, 0x03, 0x1F, 0x03, 0xFF, 0x07, 0xC6, 0x0C, 0x9E,
    0x1F, 0xFF, 0x19, 0x9E, 0x11, 0xDE, 0x31, 0xFE, 0x23, 0x37, 0x06, 0x23, 0x00, 0x00, 0x00, 0x00,
    0x10, 0x19, 0x14, 0x1B, 0x17, 0x33, 0x13, 0xB3, 0x10, 0xE3, 0x10, 0xF3, 0x10, 0xFB, 0x11, 0x9D,
    0x13, 0x0F, 0x16, 0x01, 0x14, 0x03, 0x1F, 0xFF, 0x1F, 0xFF, 0x10, 0x01, 0x00, 0x00, 0x00, 0x00,
    0x1F, 0x3F, 0x1F, 0x3F, 0x11, 0x33, 0x19, 0x33, 0x11, 0x33, 0x11, 0x33, 0x11, 0xF3, 0x10, 0x03,
    0x10, 0x03, 0x10, 0x03, 0x18, 0x03, 0x1F, 0xFF, 0x18, 0x03, 0x10, 0x01, 0x00, 0x00, 0x00, 0x00,
    0x08, 0x42, 0x08, 0x42, 0x08, 0x42, 0x08, 0x42, 0x0F, 0xFE, 0x0F, 0xFE, 0x00, 0x40, 0x18, 0x43,
    0x18, 0x43, 0x18, 0x43, 0x18, 0x43, 0x1F, 0xFF, 0x1F, 0xFF, 0x18, 0x03, 0x00, 0x00, 0x00, 0x00,
    0x03, 0x18, 0x06, 0x0C, 0x0C, 0x06, 0x1C, 0x03, 0x3A, 0x7B, 0x3F, 0xFE, 0x01, 0x86, 0x01, 0x86,
    0x01, 0x86, 0x03, 0x04, 0x03, 0x04, 0x06, 0x0C, 0x1C, 0x3C, 0x18, 0x78, 0x00, 0x00, 0x00, 0x00,
    0x08, 0xFF, 0x08, 0xFF, 0x08, 0x11, 0x1F, 0x91, 0x3C, 0x11, 0x08, 0x11, 0x08, 0x31, 0x08, 0xB1,
    0x09, 0xB1, 0x0F, 0xA1, 0x0F, 0x61, 0x00, 0xC1, 0x01, 0xCF, 0x01, 0x8E, 0x00, 0x00, 0x00, 0x00,
    0x00, 0xC3, 0x30, 0x93, 0x19, 0x9B, 0x0D, 0x9B, 0x0F, 0x1B, 0x07, 0x1B, 0x03, 0x1B, 0x07, 0x1B,
    0x07, 0x9B, 0x0C, 0xC3, 0x18, 0xC3, 0x30, 0x03, 0x30, 0x0F, 0x00, 0x0F, 0x00, 0x00, 0x00, 0x00,
    0x3F, 0xC3, 0x06, 0x1B, 0x06, 0x13, 0x06, 0x13, 0x06, 0x13, 0x3F, 0xD3, 0x3F, 0xD3, 0x06, 0x13,
    0x06, 0x1B, 0x06, 0x13, 0x06, 0x03, 0x06, 0x03, 0x06, 0x0F, 0x06, 0x0F, 0x00, 0x00, 0x00, 0x00,
    0x3F, 0xC1, 0x09, 0x99, 0x09, 0x99, 0x09, 0x99, 0x09, 0x99, 0x3F, 0xF9, 0x3F, 0xD9, 0x09, 0x99,
    0x09, 0x99, 0x19, 0x89, 0x19, 0x81, 0x11, 0x81, 0x31, 0x8F, 0x21, 0x8F, 0x00, 0x00, 0x00, 0x00,
    0x1A, 0x01, 0x1F, 0xED, 0x1F, 0xED, 0x32, 0x0D, 0x3F, 0xED, 0x1F, 0x6D, 0x03, 0x0D, 0x1F, 0xED,
    0x13, 0x6D, 0x12, 0x61, 0x13, 0x61, 0x13, 0xE1, 0x02, 0xC7, 0x02, 0x07, 0x00, 0x00, 0x00, 0x00,
    0x1F, 0xE9, 0x18, 0x69, 0x18, 0x69, 0x1F, 0xE9, 0x19, 0x09, 0x1B, 0xC9, 0x1F, 0xE9, 0x1D, 0x69,
    0x1D, 0x69, 0x1D, 0x69, 0x3D, 0x61, 0x3D, 0xE1, 0x31, 0x07, 0x01, 0x07, 0x00, 0x00, 0x00, 0x00,
    0x06, 0xCC, 0x06, 0xCC, 0x1F, 0xFF, 0x01, 0xB0, 0x1B, 0xFB, 0x3F, 0xFF, 0x06, 0x0C, 0x1F, 0xFE,
    0x3F, 0xFF, 0x21, 0x8C, 0x01, 0x8C, 0x03, 0x0C, 0x0E, 0x38, 0x0C, 0x78, 0x00, 0x00, 0x00, 0x00,
    0x19, 0x93, 0x0F, 0x1B, 0x07, 0x9B, 0x0C, 0xDB, 0x3A, 0x1B, 0x02, 0x1B, 0x3F, 0xDB, 0x3F, 0xDB,
    0x07, 0x1B, 0x0F, 0x93, 0x1A, 0xC3, 0x32, 0x03, 0x22, 0x0F, 0x02, 0x0F, 0x00, 0x00, 0x00, 0x00,
    0x06, 0x01, 0x3F, 0xF9, 0x02, 0x19, 0x1F, 0xD9, 0x1F, 0xD9, 0x12, 0x59, 0x12, 0xD9, 0x16, 0xD9,
    0x07, 0x19, 0x0F, 0x89, 0x1A, 0xC1, 0x32, 0x01, 0x22, 0x07, 0x02, 0x07, 0x00, 0x00, 0x00, 0x00,
    0x02, 0x01, 0x3F, 0xF9, 0x06, 0x19, 0x0C, 0x99, 0x39, 0x99, 0x1B, 0x19, 0x0E, 0x59, 0x0C, 0xD9,
    0x19, 0x99, 0x31, 0x91, 0x07, 0x81, 0x0E, 0xC1, 0x38, 0xEF, 0x30, 0x0F, 0x00, 0x00, 0x00, 0x00,
    0x12, 0x61, 0x1A, 0xC9, 0x1A, 0xD9, 0x1F, 0xD9, 0x1F, 0xD9, 0x18, 0x59, 0x1F, 0xD9, 0x18, 0xD9,
    0x18, 0xD9, 0x1F, 0xC9, 0x18, 0x41, 0x18, 0x41, 0x19, 0xC7, 0x11, 0xC7, 0x00, 0x00, 0x00, 0x00,
    0x02, 0x0C, 0x3F, 0xFF, 0x3F, 0xFF, 0x00, 0x00, 0x1F, 0x93, 0x18, 0x93, 0x18, 0x93, 0x1F, 0x93,
    0x18, 0x93, 0x1F, 0x93, 0x1F, 0x93, 0x18, 0x83, 0x19, 0x8F, 0x1B, 0x8E, 0x00, 0x00, 0x00, 0x00,
    0x1F, 0xE1, 0x14, 0xB9, 0x14, 0xB9, 0x17, 0xB9, 0x1F, 0xF9, 0x13, 0x39, 0x17, 0xB9, 0x1F, 0xB9,
    0x1F, 0xB9, 0x1F, 0xB9, 0x1F, 0xA1, 0x14, 0x21, 0x10, 0x27, 0x10, 0xE7, 0x00, 0x00, 0x00, 0x00,
    0x07, 0x81, 0x0C, 0xD9, 0x1C, 0x79, 0x3F, 0x99, 0x03, 0x19, 0x1F, 0xD9, 0x1B, 0x79, 0x1B, 0x79,
    0x1F, 0xD9, 0x03, 0x09, 0x07, 0x81, 0x0C, 0xC1, 0x18, 0x67, 0x10, 0x07, 0x00, 0x00, 0x00, 0x00,
    0x07, 0x01, 0x3F, 0xF9, 0x0C, 0xC9, 0x07, 0x89, 0x0F, 0xC9, 0x38, 0xE9, 0x08, 0x49, 0x0F, 0xC9,
    0x08, 0x49, 0x0F, 0xC9, 0x18, 0xC1, 0x18, 0x41, 0x30, 0x47, 0x30, 0x47, 0x00, 0x00, 0x00, 0x00,
    0x3F, 0xE9, 0x32, 0x79, 0x3F, 0xF9, 0x1F, 0xD9, 0x02, 0x19, 0x1F, 0xD9, 0x1F, 0xD9, 0x3F, 0xF9,
    0x07, 0x99, 0x1F, 0xC9, 0x18, 0x41, 0x1F, 0xC1, 0x1F, 0xCF, 0x18, 0x4F, 0x00, 0x00, 0x00, 0x00,
    0x03, 0xE1, 0x0F, 0xE9, 0x1F, 0xF9, 0x1B, 0xA9, 0x1F, 0xA9, 0x19, 0xE9, 0x1F, 0xE9, 0x1F, 0xE9,
    0x1F, 0x69, 0x13, 0xC9, 0x1F, 0xC1, 0x33, 0xF1, 0x3E, 0x97, 0x23, 0x07, 0x00, 0x00, 0x00, 0x00,
    0x00, 0xC0, 0x00, 0xC0, 0x1F, 0xFF, 0x1F, 0xFF, 0x00, 0x83, 0x01, 0x83, 0x01, 0x83, 0x01, 0x83,
    0x03, 0x03, 0x03, 0x03, 0x06, 0x03, 0x0C, 0x02, 0x1C, 0x1E, 0x10, 0x3C, 0x00, 0x00, 0x00, 0x00,
    0x00, 0x10, 0x3F, 0x10, 0x0C, 0xFF, 0x0C, 0xFF, 0x0C, 0x11, 0x0C, 0x31, 0x0C, 0x31, 0x0C, 0x31,
    0x0F, 0xB1, 0x3F, 0x61, 0x30, 0x61, 0x00, 0xC1, 0x01, 0x8F, 0x01, 0x0E, 0x00, 0x00, 0x00, 0x00,
    0x0C, 0x1F, 0x1F, 0xBF, 0x3F, 0xF1, 0x0C, 0xF1, 0x0C, 0xF1, 0x0C, 0xF1, 0x0C, 0xF1, 0x0C, 0xF1,
    0x0C, 0xF1, 0x08, 0xB1, 0x18, 0xB1, 0x18, 0xBF, 0x37, 0xBF, 0x37, 0xB1, 0x00, 0x00, 0x00, 0x00,
    0x06, 0x08, 0x3F, 0xC8, 0x08, 0xBF, 0x09, 0xBF, 0x18, 0xC9, 0x30, 0xC9, 0x39, 0x99, 0x0F, 0x19,
    0x07, 0x19, 0x07, 0x11, 0x07, 0xB1, 0x0C, 0xB1, 0x38, 0x67, 0x30, 0x4F, 0x00, 0x00, 0x00, 0x00,
    0x06, 0x18, 0x3F, 0xD8, 0x0C, 0x7F, 0x0D, 0xBF, 0x39, 0x19, 0x1B, 0x19, 0x0E, 0x19, 0x0C, 0xD9,
    0x19, 0x99, 0x33, 0x11, 0x07, 0x31, 0x0F, 0xB1, 0x39, 0xEF, 0x30, 0x6F, 0x00, 0x00, 0x00, 0x00,
    0x1E, 0x08, 0x3F, 0xC8, 0x17, 0x7F, 0x1F, 0xBF, 0x3F, 0xC9, 0x36, 0xC9, 0x3F, 0xD9, 0x3F, 0xD9,
    0x02, 0x19, 0x1F, 0xD1, 0x17, 0x31, 0x07, 0xF1, 0x3F, 0xE7, 0x00, 0x4F, 0x00, 0x00, 0x00, 0x00,
    0x1F, 0xC8, 0x3F, 0xC8, 0x0F, 0xBF, 0x1F, 0xBF, 0x18, 0x89, 0x0F, 0x89, 0x18, 0xC9, 0x3F, 0xF9,
    0x1D, 0x19, 0x1D, 0xD9, 0x18, 0x11, 0x1F, 0xB1, 0x1F, 0xE7, 0x10, 0x2F, 0x00, 0x00, 0x00, 0x00,
    0x3F, 0xC8, 0x3F, 0xC8, 0x1B, 0x3F, 0x3F, 0xFF, 0x36, 0xC9, 0x3F, 0xC9, 0x1F, 0x89, 0x3F, 0xD9,
    0x06, 0x19, 0x1F, 0x99, 0x06, 0xB1, 0x07, 0xF1, 0x3F, 0xE7, 0x20, 0x47, 0x00, 0x00, 0x00, 0x00,
    0x1F, 0xC8, 0x1F, 0xC8, 0x36, 0x3F, 0x3F, 0xFF, 0x0D, 0x09, 0x1F, 0xC9, 0x1F, 0xC9, 0x3B, 0x09,
    0x3F, 0xD9, 0x1F, 0xD9, 0x1B, 0x11, 0x1B, 0x31, 0x1F, 0xE7, 0x18, 0x67, 0x00, 0x00, 0x00, 0x00,
    0x3F, 0x88, 0x3F, 0xFF, 0x1F, 0xFF, 0x1F, 0xDB, 0x1F, 0xC9, 0x1F, 0xDB, 0x1F, 0x9B, 0x1F, 0x93,
    0x0F, 0xB3, 0x3F, 0xE7, 0x08, 0x06, 0x19, 0x36, 0x19, 0x93, 0x31, 0x11, 0x00, 0x00, 0x00, 0x00,
    0x06, 0x00, 0x07, 0xFF, 0x0F, 0xFF, 0x0C, 0x01, 0x19, 0x03, 0x33, 0x03, 0x23, 0x43, 0x02, 0x63,
    0x06, 0x33, 0x1F, 0xF3, 0x1F, 0xFB, 0x00, 0x03, 0x00, 0x3E, 0x00, 0x3E, 0x00, 0x00, 0x00, 0x00,
    0x03, 0x60, 0x06, 0x60, 0x06, 0x60, 0x0C, 0x63, 0x1C, 0x6E, 0x3C, 0x78, 0x3C, 0x70, 0x0C, 0x60,
    0x0C, 0x60, 0x0C, 0x60, 0x0C, 0x61, 0x0C, 0x61, 0x0C, 0x7F, 0x0C, 0x3F, 0x00, 0x00, 0x00, 0x00,
    0x03, 0x30, 0x03, 0x30, 0x03, 0x33, 0x3F, 0x37, 0x03, 0x3C, 0x03, 0x38, 0x03, 0x30, 0x03, 0x30,
    0x03, 0x30, 0x07, 0x30, 0x3F, 0x30, 0x33, 0x30, 0x03, 0x3F, 0x03, 0x1F, 0x00, 0x00, 0x00, 0x00,
    0x1F, 0xFF, 0x18, 0x0C, 0x10, 0x0C, 0x13, 0x08, 0x11, 0x98, 0x10, 0xF0, 0x10, 0x70, 0x10, 0xF8,
    0x11, 0x8C, 0x13, 0x06, 0x12, 0x00, 0x1F, 0xFF, 0x1F, 0xFF, 0x10, 0x00, 0x00, 0x00, 0x00, 0x00,
    0x1F, 0xFF, 0x19, 0x80, 0x11, 0xFE, 0x13, 0xFE, 0x16, 0x20, 0x17, 0xFF, 0x1F, 0xFF, 0x10, 0x70,
    0x10, 0xD8, 0x13, 0x8E, 0x16, 0x07, 0x1F, 0xFF, 0x1F, 0xFF, 0x10, 0x00, 0x00, 0x00, 0x00, 0x00,
    0x00, 0x40, 0x00, 0x40, 0x00, 0x40, 0x00, 0x40, 0x00, 0x40, 0x3F, 0xFF, 0x3F, 0xFF, 0x00, 0x40,
    0x00, 0x40, 0x00, 0x40, 0x00, 0x40, 0x00, 0x40, 0x00, 0x40, 0x00, 0x40, 0x00, 0x00, 0x00, 0x00,
    0x06, 0x00, 0x0F, 0xFF, 0x18, 0xC0, 0x18, 0x40, 0x30, 0x40, 0x00, 0xC0, 0x3F, 0xFF, 0x00, 0xE0,
    0x00, 0x40, 0x00, 0x40, 0x00, 0x40, 0x00, 0x40, 0x00, 0x40, 0x00, 0x40, 0x00, 0x00, 0x00, 0x00,
    0x08, 0xFF, 0x09, 0xFF, 0x08, 0x23, 0x3E, 0x63, 0x3F, 0xCF, 0x09, 0x84, 0x08, 0x84, 0x0B, 0xFF,
    0x09, 0xB5, 0x09, 0xB5, 0x09, 0xAD, 0x09, 0x2D, 0x0B, 0x79, 0x0A, 0xF3, 0x00, 0x00, 0x00, 0x00,
    0x1F, 0x7F, 0x18, 0x61, 0x10, 0x61, 0x10, 0x61, 0x1F, 0x61, 0x1F, 0xE1, 0x10, 0x61, 0x18, 0x61,
    0x18, 0x61, 0x1F, 0xE7, 0x1F, 0x67, 0x10, 0x60, 0x00, 0x60, 0x00, 0x60, 0x00, 0x00, 0x00, 0x00,
    0x07, 0xF0, 0x0C, 0x30, 0x0C, 0x30, 0x1F, 0xFF, 0x38, 0x00, 0x09, 0xFC, 0x09, 0xFE, 0x09, 0x06,
    0x09, 0x04, 0x19, 0x3C, 0x1B, 0x01, 0x13, 0x01, 0x31, 0xFF, 0x21, 0xFF, 0x00, 0x00, 0x00, 0x00,
    0x06, 0x3F, 0x1F, 0xB3, 0x1F, 0xB3, 0x06, 0x33, 0x06, 0x33, 0x3F, 0xF3, 0x3F, 0xB3, 0x0C, 0x33,
    0x09, 0x33, 0x19, 0xB7, 0x1B, 0xB7, 0x3F, 0xF0, 0x00, 0x70, 0x00, 0x30, 0x00, 0x00, 0x00, 0x00,
    0x0F, 0xDF, 0x1F, 0xD1, 0x12, 0x11, 0x13, 0x11, 0x3F, 0xD1, 0x02, 0x11, 0x12, 0x11, 0x1B, 0xD1,
    0x1B, 0x11, 0x1A, 0x13, 0x1B, 0xF7, 0x3F, 0xD0, 0x38, 0x10, 0x00, 0x10, 0x00, 0x00, 0x00, 0x00,
    0x1F, 0xFF, 0x19, 0xFE, 0x1B, 0x03, 0x1B, 0xFE, 0x1B, 0xFE, 0x1B, 0x03, 0x19, 0xFE, 0x19, 0xFE,
    0x18, 0x0E, 0x18, 0x38, 0x1F, 0xFF, 0x10, 0x30, 0x30, 0x30, 0x30, 0xE0, 0x00, 0x00, 0x00, 0x00,
    0x1F, 0xFF, 0x18, 0x20, 0x18, 0x70, 0x1B, 0xFE, 0x1B, 0x02, 0x1B, 0xFE, 0x1B, 0x02, 0x1B, 0xFE,
    0x18, 0x30, 0x19, 0xB6, 0x1B, 0x37, 0x16, 0x33, 0x36, 0x31, 0x30, 0xE0, 0x00, 0x00, 0x00, 0x00,
    0x04, 0xC6, 0x1F, 0xFF, 0x1B, 0xFF, 0x1F, 0xC8, 0x19, 0x9F, 0x1F, 0xFF, 0x1F, 0xF9, 0x1F, 0xFB,
    0x16, 0xEB, 0x17, 0xCE, 0x16, 0xC6, 0x37, 0xCE, 0x3F, 0xFB, 0x20, 0x71, 0x00, 0x00, 0x00, 0x00,
    0x00, 0x40, 0x0F, 0xFE, 0x1F, 0xFF, 0x00, 0x40, 0x00, 0x40, 0x00, 0xC0, 0x3F, 0xFF, 0x01, 0x80,
    0x03, 0x08, 0x03, 0x0C, 0x02, 0x06, 0x06, 0xFF, 0x1F, 0xFF, 0x00, 0x01, 0x00, 0x00, 0x00, 0x00,
    0x03, 0x0C, 0x1F, 0xFE, 0x1F, 0xFB, 0x01, 0x81, 0x3F, 0xFF, 0x07, 0x1C, 0x06, 0xEC, 0x1F, 0x87,
    0x32, 0x31, 0x01, 0xE0, 0x03, 0x8E, 0x00, 0x38, 0x07, 0xE0, 0x07, 0x00, 0x00, 0x00, 0x00, 0x00,
    0x1F, 0xF8, 0x02, 0x18, 0x03, 0x10, 0x03, 0x1F, 0x03, 0x3F, 0x07, 0xB3, 0x06, 0x83, 0x06, 0xC6,
    0x04, 0x6C, 0x0C, 0x7C, 0x18, 0x38, 0x18, 0xFE, 0x33, 0xC7, 0x03, 0x01, 0x00, 0x00, 0x00, 0x00,
    0x3F, 0xC0, 0x19, 0xFF, 0x19, 0xA3, 0x1F, 0xA3, 0x1F, 0xB3, 0x11, 0xB2, 0x1F, 0xB6, 0x1F, 0x9E,
    0x19, 0x9C, 0x1B, 0x8C, 0x3F, 0x9C, 0x31, 0xB6, 0x01, 0xE3, 0x01, 0x81, 0x00, 0x00, 0x00, 0x00,
    0x1F, 0xF0, 0x0C, 0xC6, 0x04, 0x44, 0x1F, 0xFF, 0x3F, 0xFF, 0x30, 0x01, 0x37, 0xFD, 0x07, 0xFC,
    0x06, 0x08, 0x03, 0x38, 0x01, 0xF0, 0x03, 0xF0, 0x1F, 0x3F, 0x18, 0x07, 0x00, 0x00, 0x00, 0x00,
    0x00, 0x00, 0x0F, 0xFF, 0x08, 0x03, 0x08, 0x03, 0x08, 0x03, 0x08, 0x03, 0x08, 0x03, 0x08, 0x03,
    0x08, 0x03, 0x08, 0x03, 0x0F, 0xFF, 0x0F, 0xFF, 0x08, 0x03, 0x08, 0x03, 0x00, 0x00, 0x00, 0x00,
    0x00, 0x40, 0x1F, 0xFF, 0x3F, 0xFF, 0x00, 0x40, 0x00, 0x40, 0x00, 0x40, 0x0F, 0xFC, 0x0F, 0xFE,
    0x08, 0x06, 0x08, 0x06, 0x08, 0x06, 0x0F, 0xFE, 0x0F, 0xFE, 0x08, 0x06, 0x00, 0x00, 0x00, 0x00,
    0x06, 0x00, 0x07, 0xFF, 0x0F, 0xFF, 0x0C, 0x03, 0x1B, 0xE3, 0x37, 0xF3, 0x06, 0x33, 0x06, 0x33,
    0x06, 0x33, 0x07, 0xF3, 0x07, 0xE3, 0x04, 0x02, 0x00, 0x1E, 0x00, 0x3E, 0x00, 0x00, 0x00, 0x00,
    0x3E, 0x66, 0x3E, 0x66, 0x32, 0x66, 0x32, 0x66, 0x32, 0x66, 0x32, 0x66, 0x32, 0x66, 0x33, 0x66,
    0x3E, 0x67, 0x31, 0xFF, 0x31, 0xC6, 0x00, 0x06, 0x00, 0x06, 0x00, 0x06, 0x00, 0x00, 0x00, 0x00,
    0x3F, 0xFF, 0x3F, 0xFF, 0x00, 0x06, 0x0F, 0xC6, 0x0F, 0xE6, 0x08, 0x66, 0x08, 0x66, 0x08, 0x66,
    0x0F, 0xE6, 0x0F, 0xC6, 0x08, 0x06, 0x00, 0x06, 0x00, 0x3E, 0x00, 0x3C, 0x00, 0x00, 0x00, 0x00,
    0x00, 0x30, 0x3E, 0x30, 0x32, 0x33, 0x32, 0x37, 0x32, 0x3E, 0x32, 0x38, 0x32, 0x70, 0x33, 0xF0,
    0x3E, 0x30, 0x3E, 0x30, 0x30, 0x31, 0x00, 0x31, 0x00, 0x3F, 0x00, 0x1F, 0x00, 0x00, 0x00, 0x00,
    0x00, 0x40, 0x0F, 0xFE, 0x1F, 0xFF, 0x18, 0x43, 0x18, 0x43, 0x1F, 0xFF, 0x0F, 0xFE, 0x04, 0x40,
    0x04, 0xC0, 0x06, 0xC0, 0x03, 0x80, 0x03, 0xE0, 0x1E, 0x7F, 0x18, 0x0F, 0x00, 0x00, 0x00, 0x00,
    0x01, 0x80, 0x1D, 0xBF, 0x1F, 0xFF, 0x03, 0x00, 0x03, 0x00, 0x02, 0x00, 0x07, 0xFE, 0x0F, 0x07,
    0x1E, 0x03, 0x32, 0x03, 0x02, 0x03, 0x03, 0xFE, 0x03, 0xFF, 0x02, 0x02, 0x00, 0x00, 0x00, 0x00,
    0x0F, 0xFE, 0x0C, 0x06, 0x0C, 0x06, 0x0F, 0xFE, 0x07, 0xF8, 0x3F, 0xFF, 0x3F, 0xFF, 0x06, 0x00,
    0x07, 0xFE, 0x0C, 0x06, 0x00, 0x06, 0x00, 0x0C, 0x00, 0x7C, 0x00, 0x78, 0x00, 0x00, 0x00, 0x00,
    0x1F, 0xFF, 0x00, 0x03, 0x00, 0x03, 0x1F, 0xFB, 0x00, 0x03, 0x0F, 0xE3, 0x0F, 0xF3, 0x08, 0x33,
    0x08, 0x33, 0x0F, 0xF3, 0x0F, 0xE3, 0x08, 0x03, 0x00, 0x0F, 0x00, 0x0E, 0x00, 0x00, 0x00, 0x00,
    0x03, 0xFC, 0x07, 0xFE, 0x0E, 0x0C, 0x1B, 0xB8, 0x10, 0xF0, 0x01, 0xF0, 0x0F, 0x1E, 0x3C, 0x07,
    0x2F, 0xFE, 0x0C, 0x06, 0x0C, 0x06, 0x0C, 0x06, 0x0F, 0xFE, 0x0C, 0x06, 0x00, 0x00, 0x00, 0x00,
    0x01, 0xF0, 0x03, 0xB8, 0x07, 0x1C, 0x0E, 0x0E, 0x3F, 0xFF, 0x32, 0x09, 0x00, 0x00, 0x0F, 0xFE,
    0x0F, 0xFE, 0x0C, 0x06, 0x0C, 0x06, 0x0C, 0x06, 0x0F, 0xFE, 0x0C, 0x06, 0x00, 0x00, 0x00, 0x00,
    0x00, 0x40, 0x3F, 0xFF, 0x00, 0xE0, 0x00, 0x40, 0x0F, 0xFF, 0x1F, 0xFF, 0x00, 0x00, 0x07, 0xFC,
    0x0F, 0xFE, 0x0C, 0x06, 0x0C, 0x06, 0x0C, 0x06, 0x0F, 0xFE, 0x0C, 0x06, 0x00, 0x00, 0x00, 0x00,
    0x1F, 0xFF, 0x10, 0x01, 0x13, 0xFD, 0x13, 0xFD, 0x10, 0x01, 0x13, 0xF9, 0x13, 0x19, 0x13, 0x09,
    0x13, 0x09, 0x13, 0xF9, 0x13, 0xF9, 0x12, 0x01, 0x10, 0x07, 0x10, 0x07, 0x00, 0x00, 0x00, 0x00,
    0x03, 0xF8, 0x07, 0xFC, 0x0C, 0x18, 0x1E, 0x30, 0x33, 0x30, 0x01, 0xE0, 0x01, 0xC0, 0x03, 0xFF,
    0x0F, 0x03, 0x3B, 0x03, 0x03, 0x03, 0x03, 0x03, 0x03, 0xFF, 0x03, 0x03, 0x00, 0x00, 0x00, 0x00,
    0x0F, 0xFC, 0x0F, 0x00, 0x08, 0x00, 0x0F, 0xFF, 0x0F, 0xFF, 0x08, 0x00, 0x08, 0x00, 0x19, 0xFE,
    0x1B, 0x03, 0x1B, 0x03, 0x1B, 0x03, 0x33, 0xFF, 0x33, 0xFF, 0x21, 0x02, 0x00, 0x00, 0x00, 0x00,
    0x00, 0x80, 0x1F, 0xFE, 0x1F, 0xFF, 0x10, 0x03, 0x10, 0x03, 0x13, 0xFB, 0x13, 0x1B, 0x12, 0x1B,
    0x13, 0x1B, 0x13, 0xFB, 0x13, 0x03, 0x12, 0x03, 0x10, 0x0F, 0x10, 0x0F, 0x00, 0x00, 0x00, 0x00,
    0x1F, 0xFE, 0x01, 0x86, 0x3F, 0xFF, 0x3F, 0xFF, 0x03, 0x06, 0x1F, 0xFE, 0x06, 0x00, 0x06, 0x00,
    0x0F, 0xFE, 0x3E, 0x06, 0x36, 0x06, 0x07, 0xFE, 0x07, 0xFE, 0x06, 0x06, 0x00, 0x00, 0x00, 0x00,
    0x00, 0x3C, 0x3E, 0x6C, 0x32, 0x66, 0x33, 0xC3, 0x33, 0xFF, 0x32, 0x00, 0x32, 0x00, 0x32, 0xFF,
    0x3E, 0x03, 0x3E, 0x02, 0x30, 0x06, 0x00, 0x06, 0x00, 0x0C, 0x00, 0x0C, 0x00, 0x00, 0x00, 0x00,
    0x01, 0xB0, 0x07, 0x1C, 0x0F, 0xFF, 0x38, 0x03, 0x06, 0x00, 0x0F, 0xFC, 0x00, 0x0C, 0x00, 0x18,
    0x0F, 0xFE, 0x0C, 0x06, 0x0C, 0x06, 0x0C, 0x06, 0x0F, 0xFE, 0x0C, 0x06, 0x00, 0x00, 0x00, 0x00,
    0x3F, 0xFC, 0x3E, 0x44, 0x32, 0x4C, 0x32, 0x6C, 0x32, 0xEF, 0x32, 0xED, 0x32, 0xF1, 0x32, 0xF3,
    0x3E, 0x92, 0x31, 0x9E, 0x31, 0x8C, 0x03, 0x1E, 0x06, 0x73, 0x06, 0x41, 0x00, 0x00, 0x00, 0x00,
    0x09, 0xB6, 0x09, 0x06, 0x09, 0x06, 0x09, 0xFE, 0x08, 0xFC, 0x08, 0x00, 0x0F, 0xFE, 0x08, 0x06,
    0x00, 0x06, 0x3F, 0xFF, 0x01, 0x10, 0x07, 0x1E, 0x1E, 0x07, 0x10, 0x01, 0x00, 0x00, 0x00, 0x00,
    0x06, 0x60, 0x0F, 0xFF, 0x0C, 0x60, 0x18, 0x60, 0x10, 0x60, 0x1F, 0xFF, 0x00, 0x00, 0x07, 0xFC,
    0x0F, 0xFE, 0x0C, 0x06, 0x0C, 0x06, 0x0F, 0xFE, 0x0F, 0xFE, 0x0C, 0x06, 0x00, 0x00, 0x00, 0x00,
    0x3E, 0x10, 0x3E, 0xFF, 0x36, 0xFF, 0x36, 0x18, 0x36, 0x18, 0x37, 0xFF, 0x37, 0xFF, 0x36, 0x38,
    0x36, 0x7C, 0x3E, 0x5E, 0x30, 0xDA, 0x01, 0x9B, 0x03, 0x19, 0x00, 0x10, 0x00, 0x00, 0x00, 0x00,
    0x1D, 0xFE, 0x3E, 0x98, 0x36, 0x9B, 0x36, 0x9B, 0x36, 0xDA, 0x36, 0x56, 0x37, 0xFF, 0x37, 0xFF,
    0x3E, 0x18, 0x30, 0x18, 0x30, 0x18, 0x00, 0x18, 0x00, 0x78, 0x00, 0x70, 0x00, 0x00, 0x00, 0x00,
    0x00, 0xC2, 0x3E, 0x66, 0x33, 0xFF, 0x33, 0xFF, 0x32, 0x10, 0x32, 0x18, 0x33, 0xFF, 0x33, 0xFF,
    0x3E, 0x18, 0x30, 0x3C, 0x30, 0x6C, 0x00, 0xC6, 0x03, 0x83, 0x00, 0x01, 0x00, 0x00, 0x00, 0x00,
    0x01, 0xFF, 0x3F, 0x9B, 0x37, 0x9B, 0x37, 0x9B, 0x37, 0xFF, 0x37, 0x9B, 0x37, 0x9B, 0x37, 0x9B,
    0x3F, 0xBF, 0x3D, 0xE7, 0x31, 0x83, 0x01, 0xFF, 0x01, 0xFF, 0x01, 0x81, 0x00, 0x00, 0x00, 0x00,
    0x02, 0xE8, 0x3F, 0xFF, 0x00, 0x00, 0x0F, 0xFE, 0x0C, 0x06, 0x0C, 0x06, 0x0F, 0xFE, 0x07, 0xFF,
    0x03, 0x67, 0x1E, 0x3C, 0x3A, 0x18, 0x02, 0x6C, 0x0F, 0xE7, 0x0C, 0x01, 0x00, 0x00, 0x00, 0x00,
    0x0F, 0xFC, 0x0C, 0x0C, 0x0C, 0x0C, 0x0C, 0x0C, 0x0F, 0xFC, 0x00, 0x00, 0x1F, 0x3F, 0x3F, 0x7F,
    0x31, 0x63, 0x33, 0x63, 0x31, 0x61, 0x3F, 0x7F, 0x3F, 0x7F, 0x31, 0x21, 0x00, 0x00, 0x00, 0x00,
    0x0F, 0xFE, 0x0C, 0x06, 0x0F, 0xFE, 0x00, 0x00, 0x0F, 0xFE, 0x0F, 0xFE, 0x0F, 0xFE, 0x08, 0x02,
    0x0F, 0xFE, 0x08, 0x02, 0x0F, 0xFE, 0x07, 0x1C, 0x1E, 0x0F, 0x10, 0x01, 0x00, 0x00, 0x00, 0x00,
    0x00, 0xFF, 0x3E, 0xC3, 0x32, 0xC3, 0x32, 0xFF, 0x32, 0xC3, 0x32, 0xC3, 0x32, 0xFF, 0x36, 0xC3,
    0x3E, 0xC3, 0x30, 0xFF, 0x30, 0x66, 0x00, 0xC3, 0x03, 0x81, 0x03, 0x00, 0x00, 0x00, 0x00, 0x00,
    0x3E, 0x66, 0x3E, 0x66, 0x37, 0xFF, 0x37, 0xFD, 0x36, 0x4C, 0x37, 0xCF, 0x37, 0x20, 0x36, 0x7E,
    0x3E, 0xFE, 0x33, 0xE6, 0x00, 0x3C, 0x00, 0x7C, 0x03, 0xEF, 0x03, 0x01, 0x00, 0x00, 0x00, 0x00,
    0x1F, 0xBF, 0x10, 0xB3, 0x1F, 0xBF, 0x10, 0xB1, 0x1F, 0xBF, 0x18, 0x03, 0x11, 0xF3, 0x13, 0xFB,
    0x13, 0x1B, 0x13, 0x1B, 0x13, 0xFB, 0x13, 0x01, 0x10, 0x0F, 0x10, 0x0F, 0x00, 0x00, 0x00, 0x00,
    0x3F, 0x98, 0x1F, 0xBF, 0x1F, 0xF3, 0x10, 0xFE, 0x19, 0x8C, 0x1F, 0x9E, 0x10, 0x73, 0x37, 0xF1,
    0x27, 0xFC, 0x0C, 0x06, 0x0C, 0x04, 0x0C, 0x04, 0x0F, 0xFC, 0x04, 0x04, 0x00, 0x00, 0x00, 0x00,
    0x3C, 0xDF, 0x34, 0x83, 0x35, 0xBF, 0x35, 0xFF, 0x37, 0x90, 0x37, 0xBF, 0x35, 0xBF, 0x35, 0xEC,
    0x3D, 0xFF, 0x3D, 0xAF, 0x31, 0x8E, 0x01, 0x9A, 0x01, 0xB3, 0x01, 0xE1, 0x00, 0x00, 0x00, 0x00,
    0x3E, 0x7C, 0x3E, 0xCC, 0x37, 0xFE, 0x37, 0xFF, 0x37, 0xAB, 0x36, 0xAF, 0x36, 0xEF, 0x3E, 0x93,
    0x3F, 0xBB, 0x33, 0xFF, 0x00, 0x38, 0x00, 0x6C, 0x03, 0xC7, 0x03, 0x01, 0x00, 0x00, 0x00, 0x00,
    0x1F, 0xFF, 0x00, 0x40, 0x0F, 0xFE, 0x0F, 0xFE, 0x0F, 0xFE, 0x0C, 0x06, 0x07, 0xFC, 0x03, 0x18,
    0x3F, 0xFF, 0x00, 0x00, 0x0F, 0xFE, 0x0C, 0x06, 0x0F, 0xFE, 0x0C, 0x06, 0x00, 0x00, 0x00, 0x00,
    0x08, 0xFF, 0x3E, 0x83, 0x36, 0xFF, 0x36, 0x83, 0x36, 0xFF, 0x36, 0x60, 0x36, 0xFF, 0x37, 0xDF,
    0x3F, 0x99, 0x37, 0xF1, 0x30, 0x81, 0x00, 0xFD, 0x00, 0xFB, 0x00, 0x0E, 0x00, 0x00, 0x00, 0x00,
    0x3D, 0xFF, 0x3C, 0xCD, 0x34, 0xCD, 0x35, 0xED, 0x34, 0xC9, 0x37, 0xFB, 0x37, 0xB3, 0x34, 0x10,
    0x3F, 0xFF, 0x31, 0xFF, 0x00, 0x38, 0x00, 0xEC, 0x03, 0xC7, 0x03, 0x01, 0x00, 0x00, 0x00, 0x00,
    0x0C, 0xC6, 0x1F, 0xFF, 0x1F, 0xFF, 0x13, 0xF9, 0x17, 0xFD, 0x04, 0x0C, 0x07, 0xFC, 0x03, 0xF8,
    0x00, 0xC0, 0x0F, 0xFE, 0x08, 0x02, 0x08, 0x02, 0x0F, 0xFE, 0x08, 0x02, 0x00, 0x00, 0x00, 0x00,
    0x1C, 0xFE, 0x3E, 0xFE, 0x36, 0xFE, 0x36, 0x82, 0x36, 0xFE, 0x36, 0xC2, 0x36, 0xFE, 0x36, 0x3E,
    0x36, 0xBF, 0x3F, 0xFF, 0x30, 0x38, 0x00, 0x6C, 0x01, 0xC7, 0x01, 0x01, 0x00, 0x00, 0x00, 0x00,
    0x1F, 0xBF, 0x11, 0x81, 0x1F, 0xBF, 0x1F, 0x3D, 0x00, 0x01, 0x3F, 0xBD, 0x3B, 0xA5, 0x3B, 0xA5,
    0x3F, 0xA5, 0x3F, 0xBD, 0x3B, 0xB1, 0x3F, 0x81, 0x3F, 0x87, 0x3B, 0x87, 0x00, 0x00, 0x00, 0x00,
    0x1F, 0xBF, 0x19, 0xB3, 0x19, 0xB3, 0x1F, 0xBF, 0x00, 0xC0, 0x3F, 0xFF, 0x07, 0x38, 0x06, 0x0C,
    0x3F, 0xBF, 0x3F, 0xBF, 0x19, 0xA2, 0x19, 0xB3, 0x1F, 0xBF, 0x19, 0xB2, 0x00, 0x00, 0x00, 0x00,
    0x08, 0xC6, 0x3F, 0xFF, 0x34, 0xC6, 0x34, 0xC6, 0x37, 0xFF, 0x35, 0xEB, 0x37, 0xEB, 0x37, 0xFB,
    0x3F, 0xFB, 0x37, 0xFB, 0x03, 0x5B, 0x03, 0x5B, 0x06, 0x5B, 0x04, 0xD6, 0x00, 0x00, 0x00, 0x00,
    0x1F, 0xFF, 0x1F, 0xFF, 0x11, 0xB1, 0x11, 0xB1, 0x11, 0x31, 0x13, 0x33, 0x13, 0x37, 0x1E, 0x1F,
    0x1C, 0x01, 0x10, 0x01, 0x18, 0x03, 0x1F, 0xFF, 0x18, 0x03, 0x10, 0x00, 0x00, 0x00, 0x00, 0x00,
    0x1F, 0xFF, 0x10, 0x01, 0x10, 0x01, 0x13, 0xF9, 0x13, 0xF9, 0x13, 0x19, 0x13, 0x19, 0x13, 0x19,
    0x13, 0xF9, 0x10, 0x01, 0x10, 0x01, 0x1F, 0xFF, 0x1F, 0xFF, 0x10, 0x01, 0x00, 0x00, 0x00, 0x00,
    0x1F, 0xFF, 0x10, 0x41, 0x10, 0x41, 0x10, 0x41, 0x17, 0xFD, 0x10, 0xE1, 0x10, 0xE1, 0x10, 0xB1,
    0x11, 0x99, 0x17, 0x1D, 0x16, 0x05, 0x1F, 0xFF, 0x1F, 0xFF, 0x10, 0x01, 0x00, 0x00, 0x00, 0x00,
    0x1F, 0xFF, 0x10, 0x41, 0x10, 0x41, 0x17, 0xFD, 0x17, 0xFD, 0x10, 0xE1, 0x11, 0xF1, 0x13, 0x59,
    0x16, 0x4D, 0x16, 0x45, 0x10, 0x41, 0x18, 0x01, 0x1F, 0xFF, 0x10, 0x01, 0x00, 0x00, 0x00, 0x00,
    0x1F, 0xFF, 0x10, 0x11, 0x11, 0x91, 0x17, 0xFD, 0x17, 0xFD, 0x11, 0x11, 0x17, 0xFD, 0x1F, 0xFD,
    0x11, 0x11, 0x13, 0x11, 0x16, 0x11, 0x18, 0x01, 0x1F, 0xFF, 0x10, 0x01, 0x00, 0x00, 0x00, 0x00,
    0x1F, 0xFF, 0x10, 0x41, 0x10, 0x43, 0x17, 0xFF, 0x13, 0xFF, 0x10, 0x43, 0x13, 0xF9, 0x13, 0x09,
    0x12, 0x09, 0x13, 0xF9, 0x11, 0xF1, 0x18, 0x03, 0x1F, 0xFF, 0x10, 0x03, 0x00, 0x00, 0x00, 0x00,
    0x1F, 0xFF, 0x10, 0x01, 0x13, 0xFD, 0x10, 0x41, 0x10, 0x41, 0x13, 0xF9, 0x13, 0xF9, 0x10, 0x59,
    0x10, 0x49, 0x17, 0xFD, 0x13, 0xFD, 0x1F, 0xFF, 0x1F, 0xFF, 0x10, 0x01, 0x00, 0x00, 0x00, 0x00,
    0x1F, 0xFF, 0x12, 0x49, 0x13, 0xD9, 0x13, 0xFD, 0x11, 0xB1, 0x1F, 0xFD, 0x13, 0xFD, 0x1E, 0xF5,
    0x13, 0xF1, 0x13, 0x09, 0x11, 0xF9, 0x18, 0x01, 0x1F, 0xFF, 0x10, 0x01, 0x00, 0x00, 0x00, 0x00,
    0x1F, 0xFF, 0x10, 0x41, 0x13, 0xF9, 0x1F, 0xFD, 0x1F, 0xFD, 0x13, 0xFD, 0x12, 0x0D, 0x13, 0xFD,
    0x11, 0xED, 0x13, 0xF9, 0x1E, 0x4D, 0x18, 0x45, 0x1F, 0xFF, 0x10, 0x01, 0x00, 0x00, 0x00, 0x00,
    0x1F, 0xFF, 0x18, 0x30, 0x18, 0x30, 0x18, 0x30, 0x18, 0x30, 0x1B, 0xFF, 0x1B, 0xFF, 0x18, 0x30,
    0x18, 0x30, 0x18, 0x30, 0x18, 0x30, 0x37, 0xFF, 0x37, 0xFF, 0x00, 0x00, 0x00, 0x00, 0x00, 0x00,
    0x01, 0x80, 0x1F, 0xFF, 0x1F, 0xFF, 0x03, 0x10, 0x06, 0x10, 0x0C, 0x10, 0x0C, 0xFF, 0x1D, 0xFF,
    0x3C, 0x10, 0x0C, 0x10, 0x0C, 0x10, 0x0C, 0x10, 0x0D, 0xFF, 0x0D, 0xFF, 0x00, 0x00, 0x00, 0x00,
    0x0C, 0x88, 0x0C, 0xC8, 0x0C, 0xCF, 0x3E, 0xDF, 0x0C, 0xF9, 0x0D, 0xC9, 0x0D, 0xC9, 0x0C, 0xC9,
    0x0F, 0xCB, 0x1E, 0xCA, 0x38, 0xC0, 0x00, 0xC0, 0x00, 0xFF, 0x00, 0x7F, 0x00, 0x00, 0x00, 0x00,
    0x0C, 0x60, 0x0C, 0x7F, 0x3E, 0xFF, 0x3F, 0x81, 0x0D, 0xF9, 0x0C, 0x7D, 0x0C, 0x01, 0x0C, 0x01,
    0x0F, 0x1D, 0x3C, 0xF9, 0x30, 0xC1, 0x00, 0x01, 0x00, 0x0F, 0x00, 0x0E, 0x00, 0x00, 0x00, 0x00,
    0x0C, 0x10, 0x0D, 0xFF, 0x0F, 0xFF, 0x3E, 0x00, 0x0C, 0x7C, 0x0C, 0x7E, 0x0C, 0x46, 0x0C, 0x46,
    0x0F, 0x46, 0x3E, 0x46, 0x30, 0xC6, 0x00, 0x86, 0x03, 0x87, 0x03, 0x07, 0x00, 0x00, 0x00, 0x00,
    0x1F, 0xF9, 0x04, 0x99, 0x0C, 0xD9, 0x1F, 0xF9, 0x0C, 0xD9, 0x0C, 0x81, 0x18, 0xC7, 0x10, 0x66,
    0x00, 0x60, 0x0F, 0xFE, 0x00, 0x60, 0x3F, 0xFF, 0x3F, 0xFF, 0x00, 0x00, 0x00, 0x00, 0x00, 0x00,
    0x0D, 0xFF, 0x0C, 0x00, 0x0C, 0x7E, 0x3E, 0xFF, 0x0C, 0xC3, 0x0C, 0xDF, 0x0C, 0xFF, 0x0C, 0xC3,
    0x0F, 0xC3, 0x3E, 0xFF, 0x30, 0x00, 0x00, 0x00, 0x03, 0xFF, 0x00, 0x00, 0x00, 0x00, 0x00, 0x00,
    0x08, 0x0D, 0x09, 0xFF, 0x09, 0xFF, 0x3E, 0x0C, 0x1D, 0xED, 0x09, 0xAD, 0x09, 0x2F, 0x09, 0xAF,
    0x0D, 0xE6, 0x0E, 0x16, 0x39, 0xFE, 0x23, 0x9E, 0x00, 0x33, 0x00, 0x23, 0x00, 0x00, 0x00, 0x00,
    0x1F, 0x18, 0x1F, 0x98, 0x06, 0x7E, 0x3F, 0xFE, 0x3F, 0x92, 0x19, 0x1A, 0x1B, 0x72, 0x3F, 0xB2,
    0x04, 0x1E, 0x3F, 0xB6, 0x1F, 0x22, 0x04, 0x63, 0x04, 0xC3, 0x04, 0x81, 0x00, 0x00, 0x00, 0x00,
    0x1F, 0xFF, 0x1F, 0xFF, 0x06, 0x0C, 0x07, 0xFC, 0x07, 0xFC, 0x06, 0x0C, 0x3F, 0xFF, 0x3F, 0xFF,
    0x04, 0x46, 0x1F, 0xFF, 0x33, 0xF9, 0x00, 0x40, 0x1F, 0xFF, 0x1F, 0xFF, 0x00, 0x00, 0x00, 0x00,
    0x0C, 0xFF, 0x0C, 0xFF, 0x0C, 0x1C, 0x3E, 0x77, 0x0C, 0xC1, 0x0D, 0xFF, 0x0D, 0xFF, 0x0C, 0xFB,
    0x0F, 0xDB, 0x3E, 0x9B, 0x30, 0xFB, 0x00, 0xC3, 0x00, 0x03, 0x00, 0x0F, 0x00, 0x00, 0x00, 0x00,
    0x1F, 0xFF, 0x1F, 0x91, 0x1F, 0xD3, 0x18, 0xDE, 0x1F, 0xCC, 0x1B, 0x1E, 0x1F, 0xFB, 0x1F, 0xE1,
    0x00, 0x40, 0x0F, 0xFE, 0x00, 0x60, 0x00, 0x40, 0x3F, 0xFF, 0x3F, 0xFF, 0x00, 0x00, 0x00, 0x00,
    0x09, 0xFF, 0x09, 0xFF, 0x3E, 0x7E, 0x3E, 0x7E, 0x08, 0x42, 0x08, 0x7E, 0x08, 0xC6, 0x0B, 0xFF,
    0x0F, 0xB4, 0x3D, 0xB5, 0x31, 0xE7, 0x01, 0x80, 0x01, 0xFF, 0x01, 0x80, 0x00, 0x00, 0x00, 0x00,
    0x0C, 0xC3, 0x0C, 0xFF, 0x3E, 0xC3, 0x1E, 0xFF, 0x0C, 0x7E, 0x0D, 0xFF, 0x0D, 0xFF, 0x0E, 0xC0,
    0x0F, 0xFF, 0x3F, 0x25, 0x32, 0x69, 0x00, 0xD9, 0x01, 0xB3, 0x00, 0x27, 0x00, 0x00, 0x00, 0x00,
    0x0D, 0xFF, 0x0D, 0xFF, 0x3F, 0x91, 0x3F, 0xFF, 0x0D, 0xFF, 0x0D, 0x99, 0x0D, 0xFF, 0x0C, 0x7F,
    0x0E, 0x5A, 0x3C, 0x5F, 0x30, 0xDF, 0x00, 0xD8, 0x03, 0x9F, 0x03, 0x0F, 0x00, 0x00, 0x00, 0x00,
    0x3F, 0xFF, 0x32, 0x13, 0x33, 0x1B, 0x0F, 0xFE, 0x03, 0x18, 0x0F, 0xFE, 0x17, 0x5B, 0x3F, 0xFF,
    0x06, 0x0C, 0x0C, 0x46, 0x3F, 0xFB, 0x00, 0x40, 0x1F, 0xFE, 0x1F, 0xFF, 0x00, 0x00, 0x00, 0x00,
    0x08, 0xE8, 0x08, 0xFF, 0x09, 0x80, 0x3F, 0xFE, 0x08, 0xC2, 0x08, 0xC6, 0x08, 0xFE, 0x08, 0x00,
    0x0F, 0xFF, 0x3D, 0xAB, 0x31, 0xAB, 0x01, 0xAF, 0x07, 0xFF, 0x07, 0xFF, 0x00, 0x00, 0x00, 0x00,
    0x0C, 0xFF, 0x0C, 0x66, 0x0C, 0x66, 0x3F, 0xFF, 0x0C, 0x00, 0x0C, 0xFF, 0x0C, 0xFF, 0x0C, 0xFF,
    0x0F, 0xC1, 0x1E, 0xFF, 0x38, 0x64, 0x00, 0x64, 0x01, 0xC7, 0x03, 0x07, 0x00, 0x00, 0x00, 0x00,
    0x3E, 0xE3, 0x1B, 0xFF, 0x0F, 0x23, 0x3B, 0x3F, 0x0F, 0xBF, 0x1B, 0xAF, 0x0E, 0xA6, 0x3D, 0xFB,
    0x03, 0x40, 0x0F, 0xFE, 0x0F, 0xFE, 0x00, 0x40, 0x3F, 0xFF, 0x3F, 0xFF, 0x00, 0x00, 0x00, 0x00,
    0x09, 0xFF, 0x08, 0x10, 0x3F, 0xFF, 0x3F, 0xED, 0x09, 0xA9, 0x09, 0xFF, 0x08, 0xFF, 0x0B, 0xFF,
    0x0F, 0xFF, 0x3D, 0xEB, 0x33, 0xCE, 0x00, 0x5E, 0x01, 0xFB, 0x01, 0x81, 0x00, 0x00, 0x00, 0x00,
    0x00, 0x40, 0x00, 0x40, 0x00, 0x40, 0x00, 0xC0, 0x3F, 0xFF, 0x00, 0xC0, 0x00, 0x40, 0x00, 0x40,
    0x00, 0x40, 0x00, 0x40, 0x00, 0x40, 0x1F, 0xFF, 0x1F, 0xFF, 0x00, 0x00, 0x00, 0x00, 0x00, 0x00,
    0x3F, 0xFF, 0x1F, 0xFF, 0x00, 0x40, 0x1F, 0xFF, 0x00, 0x00, 0x0F, 0xFE, 0x0F, 0xFE, 0x08, 0x42,
    0x0F, 0xFE, 0x1F, 0xFE, 0x18, 0x02, 0x18, 0x00, 0x30, 0x00, 0x20, 0x00, 0x00, 0x00, 0x00, 0x00,
    0x3F, 0xFF, 0x1F, 0xFF, 0x00, 0x40, 0x1F, 0xFE, 0x00, 0x00, 0x1F, 0xFF, 0x3F, 0xFF, 0x34, 0x03,
    0x06, 0x79, 0x07, 0xE0, 0x06, 0x00, 0x06, 0x06, 0x07, 0xFE, 0x03, 0xFC, 0x00, 0x00, 0x00, 0x00,
    0x3F, 0xFF, 0x1F, 0xFF, 0x05, 0x94, 0x0D, 0x96, 0x19, 0x13, 0x33, 0x71, 0x07, 0xE0, 0x03, 0xFC,
    0x07, 0x5C, 0x1F, 0x18, 0x11, 0xF0, 0x03, 0xF8, 0x3F, 0x1F, 0x18, 0x03, 0x00, 0x00, 0x00, 0x00,
    0x1F, 0xFF, 0x07, 0xFE, 0x0C, 0x06, 0x0F, 0xFE, 0x0F, 0xFE, 0x0F, 0xFE, 0x0F, 0xFE, 0x03, 0xBC,
    0x03, 0xFC, 0x0F, 0xFC, 0x19, 0x98, 0x00, 0xF0, 0x1F, 0xFF, 0x3E, 0x07, 0x00, 0x00, 0x00, 0x00,
    0x06, 0x0C, 0x07, 0xCC, 0x0F, 0xCC, 0x08, 0xEC, 0x18, 0xFC, 0x3C, 0xDC, 0x37, 0x8C, 0x03, 0x8E,
    0x03, 0x0F, 0x03, 0x0D, 0x06, 0x0C, 0x0C, 0x0C, 0x38, 0x0C, 0x10, 0x0C, 0x00, 0x00, 0x00, 0x00,
    0x00, 0x40, 0x00, 0x40, 0x00, 0x40, 0x1F, 0xFF, 0x3F, 0xFF, 0x00, 0xE0, 0x00, 0xE0, 0x00, 0xB0,
    0x01, 0x90, 0x03, 0x18, 0x03, 0x0C, 0x0E, 0x06, 0x1C, 0x03, 0x10, 0x01, 0x00, 0x00, 0x00, 0x00,
    0x3F, 0xFF, 0x1F, 0xFF, 0x00, 0x40, 0x00, 0x40, 0x00, 0x40, 0x1F, 0xFF, 0x1F, 0xFF, 0x00, 0xE0,
    0x00, 0xF0, 0x01, 0xB0, 0x03, 0x18, 0x0E, 0x0E, 0x3C, 0x07, 0x30, 0x01, 0x00, 0x00, 0x00, 0x00,
    0x00, 0xC0, 0x0F, 0xFE, 0x08, 0xC6, 0x08, 0x46, 0x08, 0x46, 0x08, 0x46, 0x3F, 0xFF, 0x3F, 0xFF,
    0x00, 0xE0, 0x01, 0xB0, 0x03, 0x18, 0x0E, 0x1C, 0x3C, 0x07, 0x30, 0x03, 0x00, 0x00, 0x00, 0x00,
    0x04, 0x40, 0x0F, 0xFE, 0x0F, 0xFE, 0x18, 0x40, 0x18, 0x40, 0x00, 0xC0, 0x3F, 0xFF, 0x00, 0xE0,
    0x00, 0xE0, 0x01, 0xB0, 0x03, 0x18, 0x0E, 0x0E, 0x3C, 0x07, 0x10, 0x01, 0x00, 0x00, 0x00, 0x00,
    0x1F, 0xFF, 0x1F, 0xFF, 0x00, 0xF0, 0x07, 0xBE, 0x1E, 0x07, 0x3F, 0xFF, 0x3F, 0xFF, 0x00, 0x06,
    0x0F, 0xE6, 0x08, 0x66, 0x0C, 0x66, 0x0F, 0xC6, 0x08, 0x1E, 0x00, 0x3C, 0x00, 0x00, 0x00, 0x00,
    0x3F, 0xBF, 0x04, 0x19, 0x06, 0x19, 0x1F, 0x99, 0x04, 0x31, 0x1F, 0xF7, 0x3E, 0x67, 0x00, 0x40,
    0x3F, 0xFF, 0x1F, 0xFF, 0x00, 0xE0, 0x03, 0xB8, 0x3F, 0x0F, 0x38, 0x03, 0x00, 0x00, 0x00, 0x00,
    0x0F, 0xFE, 0x0F, 0xFE, 0x0A, 0x52, 0x0B, 0xF2, 0x0F, 0xFA, 0x09, 0xE2, 0x0B, 0xF2, 0x0A, 0x42,
    0x1C, 0xC7, 0x3F, 0xFF, 0x01, 0xE0, 0x03, 0x38, 0x1E, 0x1F, 0x38, 0x07, 0x00, 0x00, 0x00, 0x00,
    0x00, 0x80, 0x01, 0x80, 0x01, 0x80, 0x3F, 0xFF, 0x07, 0x0E, 0x02, 0x0C, 0x06, 0x0C, 0x06, 0x08,
    0x0F, 0x18, 0x0F, 0xF0, 0x00, 0x78, 0x01, 0xFE, 0x1F, 0x87, 0x1C, 0x03, 0x00, 0x00, 0x00, 0x00,
    0x08, 0xFF, 0x08, 0x07, 0x3F, 0x0E, 0x3F, 0x0C, 0x13, 0x18, 0x13, 0xFF, 0x33, 0xFF, 0x32, 0x18,
    0x3E, 0x18, 0x0E, 0x18, 0x0F, 0x18, 0x1D, 0x18, 0x38, 0x78, 0x30, 0x78, 0x00, 0x00, 0x00, 0x00,
    0x1F, 0xFF, 0x00, 0x40, 0x0F, 0xFE, 0x00, 0xC6, 0x3F, 0xFF, 0x00, 0xE6, 0x0F, 0xFE, 0x01, 0x80,
    0x3F, 0xFF, 0x06, 0x18, 0x07, 0x98, 0x05, 0xF8, 0x0F, 0xDF, 0x1F, 0x03, 0x00, 0x00, 0x00, 0x00,
    0x08, 0x18, 0x08, 0xFF, 0x3F, 0x18, 0x3F, 0x18, 0x1B, 0x7F, 0x13, 0x59, 0x12, 0x59, 0x32, 0x59,
    0x3E, 0x59, 0x0E, 0x59, 0x0F, 0x5B, 0x0D, 0x18, 0x18, 0x18, 0x10, 0x18, 0x00, 0x00, 0x00, 0x00,
    0x08, 0x30, 0x08, 0x36, 0x3F, 0x26, 0x3F, 0x63, 0x1B, 0xFF, 0x13, 0xFD, 0x33, 0x00, 0x32, 0x7F,
    0x3E, 0x7F, 0x0E, 0x43, 0x0F, 0x43, 0x0D, 0x43, 0x38, 0x7F, 0x30, 0x43, 0x00, 0x00, 0x00, 0x00,
    0x0F, 0xF0, 0x00, 0x40, 0x3F, 0xFF, 0x13, 0xF8, 0x07, 0x5C, 0x1C, 0xC7, 0x31, 0xC1, 0x3F, 0xBF,
    0x3F, 0xFF, 0x06, 0x18, 0x0F, 0xB0, 0x01, 0xF8, 0x1F, 0xDF, 0x1C, 0x03, 0x00, 0x00, 0x00, 0x00,
    0x08, 0xFF, 0x08, 0xC1, 0x3F, 0xD9, 0x3F, 0xD9, 0x1B, 0xFF, 0x13, 0xD9, 0x12, 0xD9, 0x32, 0xDD,
    0x3E, 0xDD, 0x0E, 0xF7, 0x0F, 0xC3, 0x0D, 0xFF, 0x18, 0xFF, 0x10, 0xC1, 0x00, 0x00, 0x00, 0x00,
    0x1C, 0xFF, 0x05, 0xFF, 0x01, 0x93, 0x06, 0x3A, 0x1C, 0x6C, 0x31, 0xC7, 0x03, 0x83, 0x1F, 0xFD,
    0x3F, 0xFF, 0x06, 0x18, 0x0F, 0xB8, 0x01, 0xF8, 0x1F, 0xDF, 0x1E, 0x03, 0x00, 0x00, 0x00, 0x00,
    0x00, 0x1B, 0x1F, 0xFF, 0x18, 0x18, 0x1B, 0xD8, 0x1F, 0xF9, 0x1B, 0x1B, 0x1F, 0xFB, 0x1B, 0x4E,
    0x12, 0x4E, 0x16, 0xCC, 0x13, 0xCC, 0x31, 0xDC, 0x37, 0x77, 0x24, 0x23, 0x00, 0x00, 0x00, 0x00,
    0x0C, 0x9F, 0x08, 0xD1, 0x3F, 0xD1, 0x3F, 0xDF, 0x1B, 0xDF, 0x13, 0xFE, 0x13, 0xFF, 0x32, 0x03,
    0x3E, 0x2F, 0x0E, 0xFF, 0x0F, 0x22, 0x0D, 0x63, 0x18, 0xC1, 0x10, 0x80, 0x00, 0x00, 0x00, 0x00,
    0x08, 0x7C, 0x08, 0x4C, 0x3F, 0x7F, 0x1B, 0x6E, 0x1B, 0x46, 0x13, 0xFF, 0x13, 0xE3, 0x32, 0x7F,
    0x3E, 0x63, 0x0E, 0x7F, 0x0F, 0x7F, 0x0F, 0x41, 0x18, 0x7F, 0x10, 0x43, 0x00, 0x00, 0x00, 0x00,
    0x19, 0xFC, 0x18, 0xD3, 0x3E, 0x5A, 0x3F, 0xFF, 0x12, 0xFD, 0x12, 0x60, 0x37, 0xFF, 0x36, 0x60,
    0x3E, 0x7F, 0x0C, 0x62, 0x0E, 0xDE, 0x1B, 0x9C, 0x31, 0xBF, 0x01, 0x61, 0x00, 0x00, 0x00, 0x00,
    0x08, 0x7E, 0x19, 0xFF, 0x3F, 0x81, 0x3E, 0xFF, 0x12, 0x7E, 0x12, 0x69, 0x37, 0xFF, 0x36, 0x3E,
    0x3E, 0xDE, 0x0D, 0xBE, 0x0E, 0x7B, 0x1B, 0xC9, 0x39, 0x38, 0x30, 0x70, 0x00, 0x00, 0x00, 0x00,
    0x18, 0x3F, 0x10, 0xFF, 0x3F, 0xD0, 0x3F, 0xD0, 0x37, 0xFF, 0x36, 0xEC, 0x24, 0xCC, 0x3D, 0xFF,
    0x3F, 0xDF, 0x0C, 0x8C, 0x1E, 0x9E, 0x1F, 0x9B, 0x31, 0x71, 0x20, 0x20, 0x00, 0x00, 0x00, 0x00,
    0x18, 0xE6, 0x19, 0xFF, 0x3E, 0x68, 0x3F, 0xFE, 0x12, 0xFF, 0x33, 0x6F, 0x37, 0xFF, 0x36, 0x6B,
    0x3D, 0xFF, 0x0C, 0x6C, 0x0E, 0xEE, 0x1B, 0xEB, 0x33, 0x69, 0x30, 0x68, 0x00, 0x00, 0x00, 0x00,
    0x0F, 0xFE, 0x0F, 0xFE, 0x00, 0x1C, 0x00, 0x70, 0x00, 0x60, 0x00, 0x40, 0x3F, 0xFF, 0x00, 0xE0,
    0x00, 0x40, 0x00, 0x40, 0x00, 0x40, 0x00, 0x40, 0x03, 0xC0, 0x03, 0xC0, 0x00, 0x00, 0x00, 0x00,
    0x3F, 0xF0, 0x01, 0xB0, 0x03, 0xB0, 0x07, 0x30, 0x06, 0x30, 0x07, 0xF0, 0x3F, 0xB0, 0x76, 0x30,
    0x06, 0x30, 0x06, 0x30, 0x06, 0x31, 0x06, 0x31, 0x1E, 0x3F, 0x1C, 0x1F, 0x00, 0x00, 0x00, 0x00,
    0x1F, 0xFF, 0x1F, 0xFF, 0x10, 0x01, 0x13, 0xFD, 0x17, 0xFC, 0x00, 0x38, 0x00, 0x60, 0x1F, 0xFF,
    0x1F, 0xFF, 0x00, 0x40, 0x00, 0x40, 0x00, 0x40, 0x03, 0xC0, 0x03, 0xC0, 0x00, 0x00, 0x00, 0x00,
    0x0F, 0xF3, 0x0F, 0xFE, 0x00, 0x9C, 0x1F, 0xFF, 0x3F, 0xFF, 0x01, 0xC0, 0x07, 0xFC, 0x3C, 0x18,
    0x30, 0x70, 0x0F, 0xFF, 0x00, 0x60, 0x00, 0x60, 0x01, 0x60, 0x01, 0xC0, 0x00, 0x00, 0x00, 0x00,
    0x1F, 0xF0, 0x00, 0x40, 0x3F, 0xFF, 0x13, 0xF0, 0x07, 0xD8, 0x0C, 0x4E, 0x3F, 0xFF, 0x07, 0xF8,
    0x00, 0x60, 0x3F, 0xFF, 0x1F, 0xFF, 0x00, 0x40, 0x00, 0xC0, 0x03, 0xC0, 0x00, 0x00, 0x00, 0x00,
    0x3F, 0xFE, 0x07, 0xD2, 0x06, 0x92, 0x0C, 0x92, 0x0C, 0x92, 0x0F, 0x92, 0x3F, 0x92, 0x2C, 0x93,
    0x0C, 0x93, 0x0D, 0x9F, 0x0D, 0x97, 0x0D, 0xFF, 0x1F, 0xF7, 0x19, 0x00, 0x00, 0x00, 0x00, 0x00,
    0x0C, 0x46, 0x1F, 0xFF, 0x1F, 0xFF, 0x10, 0x01, 0x17, 0xFD, 0x07, 0xFC, 0x00, 0x30, 0x00, 0x60,
    0x3F, 0xFF, 0x00, 0xE0, 0x00, 0x40, 0x00, 0x40, 0x03, 0xC0, 0x03, 0xC0, 0x00, 0x00, 0x00, 0x00,
    0x1F, 0xFE, 0x3F, 0xFF, 0x30, 0x03, 0x30, 0x03, 0x07, 0xFC, 0x00, 0xC0, 0x00, 0x40, 0x3F, 0xFF,
    0x3F, 0xFF, 0x00, 0x40, 0x00, 0x40, 0x00, 0x40, 0x03, 0xC0, 0x03, 0xC0, 0x00, 0x00, 0x00, 0x00,
    0x1F, 0xFF, 0x1F, 0xFF, 0x10, 0x81, 0x10, 0x81, 0x01, 0x80, 0x3F, 0xFF, 0x1F, 0x6D, 0x02, 0x0C,
    0x06, 0x18, 0x0F, 0xB0, 0x00, 0xF0, 0x01, 0xFC, 0x1F, 0x87, 0x1C, 0x03, 0x00, 0x00, 0x00, 0x00,
    0x1F, 0xFF, 0x1F, 0xFF, 0x10, 0x01, 0x17, 0xFD, 0x07, 0xFC, 0x00, 0x00, 0x3F, 0xFF, 0x3F, 0xFF,
    0x03, 0x30, 0x03, 0x30, 0x02, 0x30, 0x06, 0x30, 0x1C, 0x3F, 0x38, 0x1F, 0x00, 0x00, 0x00, 0x00,
    0x1F, 0xFF, 0x1F, 0xFF, 0x10, 0x01, 0x17, 0xFD, 0x06, 0x0C, 0x06, 0x0C, 0x07, 0xFC, 0x06, 0x00,
    0x06, 0x00, 0x07, 0xFE, 0x06, 0x06, 0x06, 0x06, 0x07, 0xFE, 0x06, 0x06, 0x00, 0x00, 0x00, 0x00,
    0x00, 0xE0, 0x1F, 0xFF, 0x10, 0x01, 0x10, 0x01, 0x07, 0xFC, 0x00, 0x40, 0x04, 0x40, 0x04, 0x7E,
    0x0C, 0x7E, 0x0E, 0x40, 0x0E, 0x40, 0x1B, 0xC0, 0x19, 0xFF, 0x30, 0x7F, 0x00, 0x00, 0x00, 0x00,
    0x02, 0xC0, 0x3F, 0xFF, 0x30, 0x01, 0x34, 0x03, 0x0F, 0xFE, 0x0F, 0xE2, 0x19, 0xE2, 0x3D, 0xA2,
    0x27, 0x6E, 0x03, 0x6C, 0x06, 0x61, 0x0C, 0x61, 0x1C, 0x3F, 0x30, 0x3F, 0x00, 0x00, 0x00, 0x00,
    0x00, 0xE0, 0x1F, 0xFF, 0x10, 0x01, 0x13, 0xF9, 0x07, 0xFC, 0x06, 0x0C, 0x07, 0xFC, 0x07, 0xFC,
    0x06, 0x0C, 0x07, 0xFC, 0x06, 0xEC, 0x06, 0x0C, 0x3F, 0xFF, 0x3F, 0xFF, 0x00, 0x00, 0x00, 0x00,
    0x0F, 0xFE, 0x1F, 0xFF, 0x10, 0x41, 0x1F, 0xFF, 0x0F, 0xFE, 0x00, 0xC0, 0x0F, 0xFE, 0x00, 0xC0,
    0x1F, 0xFF, 0x1F, 0xFF, 0x01, 0xB0, 0x07, 0x1C, 0x1C, 0x0F, 0x10, 0x03, 0x00, 0x00, 0x00, 0x00,
    0x3F, 0xFF, 0x31, 0x83, 0x33, 0x83, 0x07, 0xFC, 0x0F, 0x18, 0x1B, 0xB0, 0x01, 0xE0, 0x07, 0xBC,
    0x3F, 0x3F, 0x3F, 0xFC, 0x0C, 0x0C, 0x0C, 0x0C, 0x0F, 0xFC, 0x0C, 0x0C, 0x00, 0x00, 0x00, 0x00,
    0x3F, 0xFF, 0x30, 0x01, 0x30, 0x01, 0x0F, 0xFE, 0x03, 0x18, 0x03, 0x1C, 0x1F, 0xFE, 0x0E, 0xC3,
    0x00, 0x40, 0x0F, 0xFE, 0x00, 0xC0, 0x00, 0xC0, 0x3F, 0xFF, 0x3F, 0xFF, 0x00, 0x00, 0x00, 0x00,
    0x02, 0xE8, 0x1F, 0xFF, 0x10, 0x01, 0x17, 0xFD, 0x16, 0x0C, 0x06, 0x0C, 0x07, 0xFC, 0x00, 0x40,
    0x0F, 0xFE, 0x0F, 0xFE, 0x0C, 0x02, 0x0C, 0x02, 0x0F, 0xFE, 0x0C, 0x02, 0x00, 0x00, 0x00, 0x00,
    0x3F, 0xFF, 0x30, 0xC3, 0x30, 0x43, 0x0F, 0xFE, 0x06, 0x18, 0x02, 0x18, 0x03, 0x38, 0x3F, 0xFF,
    0x00, 0x40, 0x00, 0xE0, 0x1F, 0xFF, 0x00, 0x40, 0x00, 0xC0, 0x00, 0x40, 0x00, 0x00, 0x00, 0x00,
    0x07, 0xFC, 0x1F, 0xFF, 0x10, 0x63, 0x1F, 0xFF, 0x00, 0x40, 0x0F, 0xFE, 0x00, 0x40, 0x3F, 0xFF,
    0x1F, 0xFF, 0x07, 0xFC, 0x0C, 0x06, 0x0C, 0x06, 0x0F, 0xFE, 0x0C, 0x06, 0x00, 0x00, 0x00, 0x00,
    0x3F, 0xFF, 0x30, 0x01, 0x37, 0xFD, 0x04, 0x0C, 0x07, 0xFC, 0x04, 0x0C, 0x07, 0xFC, 0x07, 0xF8,
    0x3F, 0xFF, 0x06, 0x18, 0x0F, 0xB8, 0x01, 0xF8, 0x1F, 0x8E, 0x18, 0x02, 0x00, 0x00, 0x00, 0x00,
    0x1F, 0xFF, 0x18, 0x03, 0x10, 0x03, 0x07, 0xFC, 0x01, 0xB0, 0x07, 0xB7, 0x1C, 0xDE, 0x03, 0xD8,
    0x0E, 0x68, 0x19, 0xEC, 0x03, 0x26, 0x1E, 0x63, 0x19, 0xE1, 0x01, 0xC0, 0x00, 0x00, 0x00, 0x00,
    0x3F, 0xFF, 0x30, 0x41, 0x37, 0xFD, 0x0F, 0xFE, 0x01, 0xF0, 0x0F, 0x1E, 0x3F, 0xFF, 0x00, 0x0E,
    0x07, 0xC4, 0x0F, 0xE4, 0x0C, 0x64, 0x0F, 0xE4, 0x0C, 0x1C, 0x00, 0x1C, 0x00, 0x00, 0x00, 0x00,
    0x3F, 0xFF, 0x32, 0x13, 0x33, 0x3B, 0x0F, 0xFE, 0x03, 0x10, 0x0F, 0xFC, 0x1F, 0xFF, 0x3F, 0xFF,
    0x06, 0x8C, 0x1C, 0xE6, 0x38, 0x23, 0x27, 0xC0, 0x00, 0xF8, 0x00, 0x08, 0x00, 0x00, 0x00, 0x00,
    0x3F, 0xFF, 0x31, 0x13, 0x33, 0x33, 0x0F, 0xFE, 0x07, 0xFC, 0x0F, 0xFE, 0x0F, 0xFE, 0x0F, 0xFE,
    0x0F, 0xFE, 0x0C, 0x06, 0x0F, 0xFE, 0x03, 0x31, 0x1E, 0x33, 0x38, 0x1F, 0x00, 0x00, 0x00, 0x00,
    0x3F, 0xFF, 0x32, 0x41, 0x16, 0x61, 0x0F, 0xBF, 0x1F, 0xB6, 0x3B, 0x1C, 0x0F, 0xFE, 0x1C, 0x03,
    0x3F, 0xFE, 0x0F, 0xFE, 0x06, 0x4C, 0x0C, 0x46, 0x38, 0xC3, 0x01, 0xC0, 0x00, 0x00, 0x00, 0x00,
    0x3F, 0xFF, 0x30, 0x03, 0x3F, 0xFF, 0x07, 0xFC, 0x07, 0xFC, 0x07, 0xFC, 0x06, 0xFC, 0x3F, 0xFF,
    0x3F, 0xFF, 0x0E, 0x0E, 0x3F, 0xFF, 0x31, 0x89, 0x07, 0x18, 0x0E, 0x38, 0x00, 0x00, 0x00, 0x00,
    0x00, 0xE0, 0x1F, 0xFF, 0x00, 0x40, 0x00, 0xC0, 0x3F, 0xFF, 0x3F, 0xFF, 0x00, 0x08, 0x3F, 0xFF,
    0x1F, 0xFF, 0x06, 0x18, 0x07, 0x18, 0x03, 0x18, 0x00, 0x78, 0x00, 0x78, 0x00, 0x00, 0x00, 0x00,
    0x06, 0x02, 0x3F, 0x82, 0x3F, 0xC2, 0x01, 0x7F, 0x11, 0x86, 0x19, 0x02, 0x0F, 0x22, 0x07, 0x32,
    0x06, 0x12, 0x07, 0x12, 0x0D, 0x82, 0x19, 0x82, 0x38, 0x1E, 0x20, 0x1E, 0x00, 0x00, 0x00, 0x00,
    0x0E, 0x02, 0x1F, 0x82, 0x19, 0x86, 0x1F, 0xFF, 0x19, 0x82, 0x1F, 0x82, 0x19, 0xB2, 0x3F, 0x92,
    0x3F, 0x9A, 0x07, 0x82, 0x0D, 0x82, 0x39, 0x82, 0x31, 0x8E, 0x07, 0x9E, 0x00, 0x00, 0x00, 0x00,
    0x1F, 0xC2, 0x10, 0x42, 0x1F, 0xFF, 0x1F, 0xFF, 0x18, 0x02, 0x1F, 0xD3, 0x18, 0x1A, 0x1F, 0xFA,
    0x11, 0x0A, 0x15, 0x42, 0x3D, 0x62, 0x39, 0x62, 0x39, 0x0E, 0x07, 0x0E, 0x00, 0x00, 0x00, 0x00,
    0x00, 0x40, 0x00, 0x40, 0x00, 0x40, 0x0C, 0x46, 0x0C, 0x46, 0x0C, 0x43, 0x18, 0x43, 0x18, 0x41,
    0x30, 0x41, 0x30, 0x41, 0x00, 0x40, 0x00, 0x40, 0x03, 0xC0, 0x03, 0xC0, 0x00, 0x00, 0x00, 0x00,
    0x00, 0x40, 0x06, 0x4C, 0x0C, 0x46, 0x0C, 0x43, 0x18, 0x43, 0x30, 0x41, 0x30, 0x46, 0x03, 0xCC,
    0x03, 0x8C, 0x00, 0x18, 0x00, 0x70, 0x01, 0xE0, 0x1F, 0x80, 0x08, 0x00, 0x00, 0x00, 0x00, 0x00,
    0x0F, 0xFE, 0x08, 0x02, 0x0C, 0x06, 0x0F, 0xFE, 0x08, 0x00, 0x0F, 0xFF, 0x08, 0x03, 0x19, 0x41,
    0x1B, 0xF9, 0x1A, 0x19, 0x13, 0x7B, 0x33, 0xF3, 0x32, 0x0F, 0x00, 0x0E, 0x00, 0x00, 0x00, 0x00,
    0x1F, 0xFF, 0x18, 0x03, 0x1F, 0xFF, 0x1F, 0xFF, 0x18, 0x30, 0x1F, 0xFF, 0x1F, 0xFF, 0x18, 0x30,
    0x1B, 0xFE, 0x1B, 0xFE, 0x1A, 0x02, 0x33, 0x02, 0x33, 0xFE, 0x23, 0x02, 0x00, 0x00, 0x00, 0x00,
    0x1F, 0xFF, 0x18, 0x03, 0x1C, 0x03, 0x1F, 0xFF, 0x19, 0x32, 0x1B, 0x32, 0x1B, 0x32, 0x1B, 0xFE,
    0x19, 0xFE, 0x1A, 0x31, 0x1A, 0x33, 0x33, 0xFF, 0x33, 0xFF, 0x22, 0x03, 0x00, 0x00, 0x00, 0x00,
    0x0F, 0xFF, 0x08, 0x03, 0x0F, 0xFF, 0x0F, 0xFF, 0x0F, 0xFF, 0x0F, 0xFF, 0x19, 0x8C, 0x1F, 0xFF,
    0x1F, 0xFB, 0x1B, 0xFE, 0x1B, 0xFE, 0x10, 0x20, 0x3F, 0xFF, 0x3F, 0xFF, 0x00, 0x00, 0x00, 0x00,
    0x00, 0x40, 0x00, 0x40, 0x00, 0x40, 0x18, 0x43, 0x18, 0x43, 0x18, 0x43, 0x18, 0x43, 0x18, 0x43,
    0x18, 0x43, 0x18, 0x43, 0x18, 0xC3, 0x1F, 0xFF, 0x18, 0x03, 0x10, 0x01, 0x00, 0x00, 0x00, 0x00,
    0x04, 0x18, 0x04, 0xFF, 0x35, 0xFF, 0x37, 0x18, 0x35, 0x18, 0x35, 0xFF, 0x35, 0x63, 0x37, 0x63,
    0x35, 0x26, 0x3F, 0x3C, 0x3F, 0x1C, 0x31, 0x3C, 0x00, 0xE7, 0x01, 0x81, 0x00, 0x00, 0x00, 0x00,
    0x1F, 0xFF, 0x12, 0x09, 0x13, 0x1B, 0x11, 0x13, 0x1F, 0xFF, 0x1F, 0xFF, 0x10, 0x41, 0x16, 0xCD,
    0x16, 0x4D, 0x17, 0xFD, 0x17, 0xFD, 0x16, 0x09, 0x10, 0x03, 0x10, 0x07, 0x00, 0x00, 0x00, 0x00,
    0x18, 0x43, 0x18, 0x43, 0x1F, 0xFF, 0x03, 0x00, 0x1E, 0xFF, 0x3F, 0xFF, 0x03, 0x00, 0x06, 0x00,
    0x07, 0xFF, 0x1E, 0x03, 0x3E, 0x03, 0x26, 0x03, 0x07, 0xFF, 0x06, 0x03, 0x00, 0x00, 0x00, 0x00,
    0x0F, 0xF0, 0x0C, 0x00, 0x0F, 0xFF, 0x0F, 0xFF, 0x0C, 0x08, 0x0C, 0x08, 0x3F, 0xFF, 0x3F, 0xFF,
    0x08, 0x42, 0x18, 0x43, 0x18, 0x43, 0x0F, 0xFF, 0x1F, 0xFF, 0x08, 0x02, 0x00, 0x00, 0x00, 0x00,
    0x18, 0x43, 0x1F, 0xFF, 0x0F, 0xFF, 0x00, 0x00, 0x0F, 0xFF, 0x18, 0x00, 0x1B, 0xFF, 0x18, 0x30,
    0x18, 0x30, 0x1F, 0xFF, 0x18, 0x30, 0x10, 0x30, 0x30, 0x30, 0x00, 0x30, 0x00, 0x00, 0x00, 0x00,
    0x0C, 0x18, 0x0C, 0xFF, 0x3D, 0x5F, 0x3F, 0x49, 0x3F, 0x4B, 0x3F, 0x6A, 0x3F, 0xFF, 0x3F, 0xFF,
    0x39, 0x1C, 0x3F, 0x1C, 0x3F, 0x36, 0x30, 0x63, 0x01, 0xC3, 0x01, 0x81, 0x00, 0x00, 0x00, 0x00,
    0x0C, 0xFF, 0x0C, 0xFF, 0x3F, 0x3C, 0x3F, 0xE7, 0x3F, 0xFF, 0x3F, 0xFF, 0x3F, 0x03, 0x3F, 0x7B,
    0x3B, 0x4B, 0x3F, 0x4B, 0x33, 0x7B, 0x30, 0x43, 0x00, 0x03, 0x00, 0x0E, 0x00, 0x00, 0x00, 0x00,
    0x18, 0x42, 0x1F, 0xFE, 0x0F, 0xFE, 0x1F, 0xFF, 0x1F, 0xFF, 0x18, 0x60, 0x1B, 0xFE, 0x1F, 0xFF,
    0x1B, 0xFF, 0x10, 0x20, 0x13, 0xFF, 0x30, 0x20, 0x37, 0xFF, 0x2F, 0xFF, 0x00, 0x00, 0x00, 0x00,
    0x18, 0xC3, 0x1F, 0xFF, 0x00, 0x00, 0x0F, 0xFE, 0x08, 0x32, 0x0B, 0xF2, 0x08, 0xC2, 0x1B, 0xFA,
    0x1E, 0xDA, 0x1B, 0xFA, 0x13, 0xF2, 0x30, 0xDA, 0x37, 0xFF, 0x20, 0x0D, 0x00, 0x00, 0x00, 0x00,
    0x00, 0x00, 0x1F, 0xFF, 0x00, 0xC0, 0x00, 0x40, 0x00, 0x40, 0x00, 0x40, 0x00, 0x40, 0x00, 0x40,
    0x00, 0x40, 0x00, 0x40, 0x00, 0x40, 0x3F, 0xFF, 0x1F, 0xFF, 0x00, 0x00, 0x00, 0x00, 0x00, 0x00,
    0x01, 0x80, 0x1F, 0xFF, 0x3F, 0xFF, 0x03, 0x00, 0x02, 0x00, 0x06, 0x00, 0x07, 0xFF, 0x0C, 0x30,
    0x0C, 0x30, 0x18, 0x30, 0x30, 0x30, 0x32, 0x34, 0x07, 0xFF, 0x07, 0xFF, 0x00, 0x00, 0x00, 0x00,
    0x00, 0xFF, 0x3F, 0xB0, 0x0C, 0x30, 0x0C, 0x20, 0x0C, 0x7F, 0x0C, 0x7F, 0x0C, 0x61, 0x0C, 0x01,
    0x0F, 0x81, 0x3E, 0x01, 0x20, 0x03, 0x00, 0x03, 0x00, 0x1F, 0x00, 0x1E, 0x00, 0x00, 0x00, 0x00,
    0x0F, 0xFF, 0x08, 0x00, 0x08, 0x00, 0x0F, 0xFE, 0x0F, 0xFE, 0x08, 0x02, 0x08, 0x02, 0x0F, 0xFE,
    0x0F, 0xFE, 0x08, 0x02, 0x08, 0x00, 0x0F, 0xFF, 0x0F, 0xFF, 0x08, 0x00, 0x00, 0x00, 0x00, 0x00,
    0x03, 0x18, 0x1F, 0xFF, 0x00, 0xC0, 0x0F, 0xFE, 0x0F, 0xFE, 0x00, 0xC0, 0x3F, 0xFF, 0x06, 0x00,
    0x07, 0xFE, 0x0D, 0xFE, 0x0C, 0x30, 0x18, 0x30, 0x3F, 0xFF, 0x37, 0xFF, 0x00, 0x00, 0x00, 0x00,
    0x1F, 0xFE, 0x0F, 0xFE, 0x00, 0x06, 0x00, 0x06, 0x00, 0x06, 0x0F, 0xFE, 0x0F, 0xFE, 0x08, 0x00,
    0x08, 0x00, 0x08, 0x00, 0x08, 0x01, 0x08, 0x01, 0x0F, 0xFF, 0x07, 0xFF, 0x00, 0x00, 0x00, 0x00,
    0x06, 0xCC, 0x1F, 0xFE, 0x1F, 0xFE, 0x01, 0x10, 0x3F, 0xFF, 0x3F, 0x7F, 0x07, 0xFE, 0x1F, 0xFF,
    0x30, 0x19, 0x07, 0xF8, 0x07, 0xF0, 0x06, 0x06, 0x07, 0xFE, 0x03, 0xFC, 0x00, 0x00, 0x00, 0x00,
    0x00, 0x40, 0x00, 0x40, 0x1F, 0xFF, 0x1F, 0xFF, 0x10, 0x43, 0x18, 0x43, 0x18, 0x43, 0x18, 0x43,
    0x18, 0x43, 0x18, 0x43, 0x18, 0x4F, 0x10, 0x4E, 0x00, 0x40, 0x00, 0x40, 0x00, 0x00, 0x00, 0x00,
    0x00, 0x40, 0x3F, 0xFF, 0x3F, 0xFF, 0x00, 0x40, 0x0F, 0xFE, 0x0F, 0xFE, 0x08, 0x42, 0x08, 0x42,
    0x08, 0x42, 0x08, 0x42, 0x08, 0x5E, 0x08, 0x4E, 0x00, 0x40, 0x00, 0x40, 0x00, 0x00, 0x00, 0x00,
    0x07, 0xFC, 0x01, 0xF8, 0x1F, 0x9E, 0x19, 0x86, 0x3F, 0xFF, 0x1F, 0x7F, 0x06, 0x60, 0x0F, 0xFE,
    0x1F, 0xFE, 0x34, 0x62, 0x04, 0x62, 0x04, 0x6E, 0x04, 0x6E, 0x00, 0x60, 0x00, 0x00, 0x00, 0x00,
    0x08, 0xFF, 0x1E, 0x18, 0x3E, 0x18, 0x32, 0x7F, 0x36, 0x5B, 0x3E, 0x5B, 0x30, 0x5B, 0x3E, 0x5B,
    0x3F, 0x5B, 0x33, 0x5B, 0x33, 0x5F, 0x3F, 0x18, 0x30, 0x18, 0x30, 0x18, 0x00, 0x00, 0x00, 0x00,
    0x04, 0x02, 0x34, 0xFE, 0x34, 0x06, 0x35, 0xFE, 0x37, 0xFE, 0x37, 0xFF, 0x37, 0xFF, 0x37, 0x3D,
    0x15, 0xFE, 0x0D, 0x92, 0x0D, 0x92, 0x09, 0x96, 0x19, 0x94, 0x10, 0x10, 0x00, 0x00, 0x00, 0x00,
    0x1F, 0xFF, 0x1F, 0xFF, 0x00, 0x40, 0x00, 0x40, 0x00, 0x40, 0x3F, 0xFF, 0x3F, 0xFF, 0x00, 0x40,
    0x00, 0x40, 0x00, 0x40, 0x00, 0x40, 0x00, 0x40, 0x00, 0x40, 0x00, 0x40, 0x00, 0x00, 0x00, 0x00,
    0x1F, 0xFF, 0x1F, 0xFF, 0x0C, 0x46, 0x0C, 0x46, 0x06, 0x4C, 0x06, 0x48, 0x1F, 0xFF, 0x3F, 0xFF,
    0x00, 0x40, 0x00, 0x40, 0x00, 0x40, 0x00, 0x40, 0x00, 0x40, 0x00, 0x40, 0x00, 0x00, 0x00, 0x00,
    0x06, 0x00, 0x07, 0xFF, 0x0C, 0x30, 0x18, 0x30, 0x17, 0xFF, 0x07, 0xFF, 0x06, 0x30, 0x06, 0x30,
    0x06, 0x30, 0x3F, 0xFF, 0x00, 0x30, 0x00, 0x30, 0x00, 0x30, 0x00, 0x30, 0x00, 0x00, 0x00, 0x00,
    0x0F, 0xFE, 0x0F, 0xFE, 0x00, 0x40, 0x3F, 0xFF, 0x3F, 0xFF, 0x02, 0x08, 0x1F, 0xFF, 0x3F, 0xFF,
    0x00, 0x40, 0x00, 0xE0, 0x1F, 0xFF, 0x00, 0x40, 0x00, 0x40, 0x00, 0x40, 0x00, 0x00, 0x00, 0x00,
    0x1F, 0x9E, 0x3F, 0x92, 0x06, 0x33, 0x1F, 0xE1, 0x11, 0xFF, 0x1F, 0x8C, 0x11, 0x8C, 0x1F, 0xBF,
    0x1F, 0x7F, 0x06, 0x0C, 0x3F, 0x8C, 0x06, 0x0C, 0x06, 0x0C, 0x04, 0x0C, 0x00, 0x00, 0x00, 0x00,
    0x0C, 0xFF, 0x0C, 0xFF, 0x08, 0x01, 0x39, 0x03, 0x3B, 0x03, 0x1E, 0x03, 0x0E, 0x03, 0x04, 0x03,
    0x0D, 0x83, 0x09, 0x83, 0x1F, 0xC3, 0x3F, 0xC3, 0x00, 0x5E, 0x00, 0x1E, 0x00, 0x00, 0x00, 0x00,
    0x0C, 0xDA, 0x1B, 0x5A, 0x0E, 0x4E, 0x0F, 0x4F, 0x0D, 0xFF, 0x1F, 0xFF, 0x00, 0xEE, 0x3F, 0xFF,
    0x06, 0x22, 0x06, 0x36, 0x0F, 0xBC, 0x08, 0xB8, 0x18, 0xFF, 0x31, 0x87, 0x00, 0x00, 0x00, 0x00,
    0x00, 0x60, 0x0F, 0xFF, 0x08, 0x00, 0x08, 0x60, 0x08, 0x60, 0x08, 0x40, 0x08, 0xC0, 0x18, 0xC4,
    0x18, 0x86, 0x19, 0x83, 0x19, 0x83, 0x17, 0xFF, 0x37, 0xF1, 0x00, 0x00, 0x00, 0x00, 0x00, 0x00,
    0x02, 0x72, 0x1F, 0xFF, 0x19, 0x8C, 0x1F, 0xFF, 0x1F, 0xFF, 0x19, 0x8C, 0x19, 0xFC, 0x18, 0xF8,
    0x17, 0xFE, 0x11, 0x86, 0x30, 0xCC, 0x30, 0x78, 0x37, 0xFF, 0x06, 0x03, 0x00, 0x00, 0x00, 0x00,
    0x0F, 0x7F, 0x1F, 0xFF, 0x18, 0x20, 0x19, 0x36, 0x1B, 0x36, 0x1B, 0xB6, 0x1E, 0xFF, 0x1C, 0x39,
    0x19, 0x36, 0x13, 0xFF, 0x10, 0x30, 0x30, 0x30, 0x37, 0xFF, 0x2F, 0xFF, 0x00, 0x00, 0x00, 0x00,
    0x1F, 0xFF, 0x18, 0x30, 0x18, 0x30, 0x1F, 0xFF, 0x18, 0x30, 0x1B, 0xFE, 0x1B, 0xFE, 0x1B, 0xB6,
    0x13, 0x33, 0x13, 0xFE, 0x14, 0x31, 0x37, 0xFF, 0x30, 0x30, 0x20, 0x30, 0x00, 0x00, 0x00, 0x00,
    0x1F, 0xFF, 0x18, 0x30, 0x18, 0x70, 0x1B, 0xFE, 0x18, 0x23, 0x1F, 0xFF, 0x18, 0x22, 0x1B, 0xFE,
    0x12, 0x33, 0x13, 0x3F, 0x11, 0x3C, 0x33, 0xAE, 0x37, 0x67, 0x21, 0xE1, 0x00, 0x00, 0x00, 0x00,
    0x3E, 0xFE, 0x0C, 0xD8, 0x0C, 0x08, 0x18, 0x48, 0x1E, 0x4F, 0x3E, 0x48, 0x02, 0x48, 0x36, 0x48,
    0x16, 0xD8, 0x1D, 0xFF, 0x0C, 0x00, 0x0E, 0x00, 0x1B, 0xFF, 0x30, 0xFF, 0x00, 0x00, 0x00, 0x00,
    0x3C, 0xFF, 0x0C, 0x13, 0x0B, 0xFF, 0x18, 0x1B, 0x1F, 0xFF, 0x3E, 0x38, 0x06, 0xFF, 0x16, 0xFE,
    0x1E, 0x38, 0x1D, 0xFF, 0x0C, 0x10, 0x0E, 0x10, 0x1B, 0xFF, 0x30, 0xFF, 0x00, 0x00, 0x00, 0x00,
    0x00, 0x13, 0x1F, 0xFB, 0x3F, 0xFF, 0x00, 0x10, 0x00, 0x18, 0x1F, 0xD8, 0x1F, 0xD8, 0x02, 0x18,
    0x02, 0x18, 0x02, 0x08, 0x02, 0x6C, 0x0F, 0xEC, 0x3E, 0x07, 0x00, 0x03, 0x00, 0x00, 0x00, 0x00,
    0x0F, 0xFE, 0x00, 0x06, 0x00, 0x06, 0x07, 0xFE, 0x0F, 0xFE, 0x0C, 0x00, 0x08, 0x00, 0x0F, 0xFF,
    0x1F, 0xFF, 0x00, 0x02, 0x00, 0x02, 0x00, 0x06, 0x00, 0x7E, 0x00, 0x7C, 0x00, 0x00, 0x00, 0x00,
    0x1F, 0xC2, 0x00, 0xC2, 0x00, 0xC2, 0x1F, 0xC2, 0x1F, 0x82, 0x10, 0x02, 0x1F, 0x82, 0x3F, 0xC2,
    0x10, 0xC2, 0x00, 0x82, 0x00, 0x82, 0x01, 0x82, 0x0F, 0x82, 0x0F, 0x02, 0x00, 0x00, 0x00, 0x00,
    0x3E, 0x18, 0x03, 0xFF, 0x03, 0xFF, 0x1E, 0x30, 0x3E, 0x22, 0x30, 0xE6, 0x3E, 0xEC, 0x3E, 0x38,
    0x02, 0x18, 0x06, 0x36, 0x06, 0x23, 0x06, 0xFF, 0x1F, 0xFF, 0x1C, 0x01, 0x00, 0x00, 0x00, 0x00,
    0x3E, 0xFF, 0x02, 0xD3, 0x02, 0x9B, 0x1E, 0x9B, 0x3C, 0x9B, 0x30, 0x9B, 0x3E, 0x9B, 0x3E, 0x99,
    0x02, 0x99, 0x07, 0x9F, 0x07, 0x9B, 0x07, 0xFF, 0x1F, 0x7E, 0x1D, 0x00, 0x00, 0x00, 0x00, 0x00,
    0x3E, 0x36, 0x02, 0x63, 0x03, 0xFF, 0x1F, 0xF8, 0x3E, 0x18, 0x30, 0xFF, 0x3E, 0x99, 0x3E, 0x99,
    0x02, 0xFF, 0x02, 0xFF, 0x06, 0x1A, 0x06, 0x1B, 0x1F, 0xFF, 0x1D, 0xE0, 0x00, 0x00, 0x00, 0x00,
    0x08, 0x42, 0x0C, 0x46, 0x06, 0x4C, 0x04, 0x48, 0x0F, 0xFE, 0x0F, 0xFF, 0x00, 0x03, 0x00, 0x03,
    0x0F, 0xFF, 0x00, 0x07, 0x00, 0x03, 0x0F, 0xFF, 0x1F, 0xFF, 0x00, 0x02, 0x00, 0x00, 0x00, 0x00,
    0x07, 0xFC, 0x07, 0xFC, 0x0F, 0xFC, 0x3F, 0xFF, 0x1F, 0xFF, 0x37, 0xFF, 0x1F, 0xFF, 0x0F, 0xFE,
    0x0F, 0xFE, 0x07, 0xFC, 0x3F, 0xFF, 0x03, 0xF8, 0x1E, 0x4F, 0x38, 0x43, 0x00, 0x00, 0x00, 0x00,
    0x3F, 0xE6, 0x0C, 0x8C, 0x0C, 0x98, 0x0C, 0x81, 0x0C, 0x83, 0x3F, 0xE6, 0x0D, 0xCC, 0x0C, 0x98,
    0x0C, 0x81, 0x08, 0x83, 0x18, 0x87, 0x18, 0x8E, 0x30, 0xB8, 0x30, 0xB0, 0x00, 0x00, 0x00, 0x00,
    0x3F, 0x87, 0x02, 0x4E, 0x12, 0x58, 0x1B, 0xC0, 0x0A, 0x83, 0x02, 0x06, 0x3F, 0xEC, 0x07, 0x98,
    0x07, 0x81, 0x0E, 0xC1, 0x1A, 0x43, 0x32, 0x0E, 0x22, 0x3C, 0x02, 0x30, 0x00, 0x00, 0x00, 0x00,
    0x18, 0x66, 0x1F, 0xEC, 0x1F, 0xF8, 0x1F, 0xC0, 0x3F, 0xE3, 0x3F, 0xE7, 0x0F, 0xCC, 0x1F, 0xD8,
    0x18, 0x40, 0x1F, 0xC1, 0x0B, 0xC3, 0x1A, 0x4E, 0x32, 0x7C, 0x06, 0x10, 0x00, 0x00, 0x00, 0x00,
    0x0C, 0x38, 0x18, 0x1C, 0x31, 0xFF, 0x27, 0xFF, 0x0C, 0x18, 0x1C, 0x18, 0x3C, 0x18, 0x2D, 0xFF,
    0x0C, 0x18, 0x0C, 0x18, 0x0C, 0x10, 0x0D, 0xFF, 0x0F, 0xFF, 0x0C, 0x00, 0x00, 0x00, 0x00, 0x00,
    0x0D, 0xFF, 0x18, 0xC2, 0x32, 0x66, 0x06, 0x3C, 0x0C, 0x3C, 0x1C, 0xEF, 0x3D, 0x93, 0x2C, 0x18,
    0x0C, 0xFF, 0x0C, 0xFF, 0x0C, 0x10, 0x0C, 0x18, 0x0D, 0xFF, 0x0C, 0x00, 0x00, 0x00, 0x00, 0x00,
    0x0C, 0x66, 0x19, 0xCC, 0x36, 0xD8, 0x06, 0x72, 0x0C, 0x63, 0x1F, 0xFF, 0x3C, 0x60, 0x2C, 0x7E,
    0x0D, 0xC6, 0x0F, 0xEC, 0x0C, 0x3C, 0x0C, 0x7C, 0x0D, 0xE7, 0x0F, 0x81, 0x00, 0x00, 0x00, 0x00,
    0x1B, 0xEF, 0x33, 0xED, 0x2E, 0xCD, 0x0C, 0xCD, 0x1B, 0xFD, 0x3B, 0xED, 0x38, 0xCD, 0x1B, 0xED,
    0x1A, 0xED, 0x1A, 0xCD, 0x1A, 0xCF, 0x1B, 0xFC, 0x1F, 0x8C, 0x18, 0x0C, 0x00, 0x00, 0x00, 0x00,
    0x01, 0xE0, 0x00, 0x78, 0x00, 0x18, 0x00, 0x00, 0x03, 0x00, 0x0B, 0x06, 0x1B, 0x03, 0x1B, 0x01,
    0x1B, 0x01, 0x13, 0x04, 0x33, 0x04, 0x03, 0x04, 0x03, 0xFC, 0x01, 0xF8, 0x00, 0x00, 0x00, 0x00,
    0x1F, 0xFE, 0x00, 0x06, 0x0F, 0xFE, 0x0F, 0xFC, 0x08, 0x01, 0x08, 0x03, 0x0F, 0xFF, 0x01, 0xC0,
    0x00, 0xC0, 0x0A, 0x66, 0x1A, 0x03, 0x12, 0x0D, 0x33, 0xFD, 0x03, 0xF8, 0x00, 0x00, 0x00, 0x00,
    0x00, 0xC0, 0x3F, 0xFF, 0x00, 0xC0, 0x00, 0x40, 0x00, 0x40, 0x1F, 0xFF, 0x0F, 0x96, 0x00, 0xC0,
    0x02, 0x64, 0x0A, 0x26, 0x1A, 0x03, 0x12, 0x09, 0x33, 0xF9, 0x03, 0xF8, 0x00, 0x00, 0x00, 0x00,
    0x00, 0xE0, 0x1F, 0xFF, 0x18, 0x00, 0x18, 0xE0, 0x18, 0x70, 0x18, 0x18, 0x18, 0x80, 0x1A, 0x86,
    0x16, 0x83, 0x16, 0x83, 0x16, 0x85, 0x34, 0x85, 0x34, 0xFC, 0x20, 0xF8, 0x00, 0x00, 0x00, 0x00,
    0x0C, 0x10, 0x0C, 0xFF, 0x1E, 0xFF, 0x3F, 0x13, 0x3D, 0x1B, 0x3C, 0x13, 0x2D, 0xFF, 0x0D, 0xFF,
    0x0C, 0x38, 0x0C, 0x3C, 0x0C, 0x64, 0x0C, 0xC6, 0x0D, 0xC3, 0x0D, 0x01, 0x00, 0x00, 0x00, 0x00,
    0x1F, 0xFE, 0x18, 0x42, 0x1F, 0xFE, 0x1F, 0xFE, 0x18, 0x42, 0x18, 0xC6, 0x0F, 0xFE, 0x00, 0x80,
    0x00, 0xE0, 0x1A, 0x76, 0x1A, 0x03, 0x12, 0x0D, 0x33, 0xF9, 0x03, 0xF8, 0x00, 0x00, 0x00, 0x00,
    0x07, 0xF0, 0x0C, 0x30, 0x1F, 0xFC, 0x3F, 0xFE, 0x00, 0x06, 0x0F, 0xFE, 0x00, 0x06, 0x0F, 0xFE,
    0x0D, 0xF8, 0x00, 0xE4, 0x1A, 0x66, 0x1A, 0x0B, 0x33, 0x59, 0x03, 0xF0, 0x00, 0x00, 0x00, 0x00,
    0x0C, 0x58, 0x0C, 0xD8, 0x1E, 0xFF, 0x3F, 0xFF, 0x3D, 0x98, 0x2D, 0x98, 0x0C, 0x18, 0x0C, 0xFF,
    0x0C, 0x18, 0x0C, 0x18, 0x0C, 0x18, 0x0C, 0xFF, 0x0D, 0xFF, 0x0C, 0x00, 0x00, 0x00, 0x00, 0x00,
    0x07, 0xBF, 0x0F, 0xF3, 0x18, 0xB3, 0x3D, 0xB7, 0x07, 0x36, 0x03, 0x30, 0x0E, 0x3F, 0x38, 0xDF,
    0x00, 0xE0, 0x0B, 0x26, 0x0B, 0x03, 0x1B, 0x0D, 0x33, 0xFC, 0x01, 0xF8, 0x00, 0x00, 0x00, 0x00,
    0x08, 0xFF, 0x0C, 0x46, 0x1E, 0x66, 0x3E, 0x3C, 0x3E, 0x3C, 0x3D, 0xEF, 0x29, 0x93, 0x0C, 0x18,
    0x0D, 0xFF, 0x0D, 0xFF, 0x0C, 0x10, 0x0D, 0xFF, 0x0B, 0xFF, 0x08, 0x00, 0x00, 0x00, 0x00, 0x00,
    0x3F, 0x7E, 0x0C, 0x46, 0x0C, 0x76, 0x0C, 0x5E, 0x0F, 0xCE, 0x3E, 0xC6, 0x31, 0x87, 0x01, 0x81,
    0x00, 0xC0, 0x0B, 0x66, 0x1B, 0x03, 0x1B, 0x09, 0x33, 0xF9, 0x01, 0xF8, 0x00, 0x00, 0x00, 0x00,
    0x0C, 0xFF, 0x0C, 0x00, 0x1E, 0x7E, 0x3F, 0xFF, 0x3C, 0xC3, 0x2C, 0xC3, 0x0C, 0xFF, 0x0C, 0xC3,
    0x0C, 0xC3, 0x0C, 0xFF, 0x0C, 0x00, 0x0D, 0xFF, 0x0D, 0xFF, 0x0C, 0x00, 0x00, 0x00, 0x00, 0x00,
    0x1E, 0xFF, 0x1E, 0xFF, 0x01, 0x93, 0x01, 0x3B, 0x07, 0x38, 0x1C, 0x6C, 0x10, 0xC7, 0x03, 0x83,
    0x00, 0xE0, 0x09, 0x66, 0x0F, 0x03, 0x1B, 0x0D, 0x1B, 0xFD, 0x01, 0xF8, 0x00, 0x00, 0x00, 0x00,
    0x0C, 0xFF, 0x0C, 0xC1, 0x1E, 0xFF, 0x3F, 0xFF, 0x3D, 0xC1, 0x2C, 0xFF, 0x2C, 0xFF, 0x0C, 0xD9,
    0x0C, 0xDB, 0x0C, 0xCE, 0x0C, 0xCC, 0x0C, 0xFE, 0x0D, 0xF3, 0x0D, 0x81, 0x00, 0x00, 0x00, 0x00,
    0x0F, 0xFE, 0x08, 0x42, 0x0B, 0xFA, 0x08, 0xE2, 0x08, 0xF2, 0x0B, 0x9A, 0x0F, 0xFE, 0x0F, 0xFE,
    0x00, 0xC0, 0x0B, 0x66, 0x0B, 0x03, 0x1B, 0x0D, 0x33, 0xF9, 0x01, 0xF8, 0x00, 0x00, 0x00, 0x00,
    0x07, 0x3A, 0x1F, 0xFE, 0x03, 0x18, 0x02, 0x10, 0x3F, 0xFF, 0x3F, 0xFF, 0x06, 0x0C, 0x1D, 0x86,
    0x3D, 0xAF, 0x25, 0xAC, 0x0D, 0xB6, 0x19, 0xB2, 0x03, 0x80, 0x03, 0x80, 0x00, 0x00, 0x00, 0x00,
    0x1F, 0xFF, 0x1F, 0xFF, 0x00, 0xC0, 0x0F, 0xFE, 0x08, 0x42, 0x0F, 0xFE, 0x08, 0x42, 0x0F, 0xFE,
    0x05, 0xF8, 0x02, 0xC4, 0x0A, 0x66, 0x1A, 0x0B, 0x33, 0xF9, 0x03, 0xF8, 0x00, 0x00, 0x00, 0x00,
    0x0C, 0x60, 0x0C, 0xFF, 0x1F, 0x80, 0x3F, 0xFF, 0x3C, 0xFF, 0x2C, 0xDB, 0x0C, 0xDB, 0x0F, 0xFF,
    0x0C, 0x9B, 0x0C, 0x93, 0x0C, 0xFF, 0x0D, 0xFF, 0x0C, 0x02, 0x0C, 0x0E, 0x00, 0x00, 0x00, 0x00,
    0x0D, 0xFF, 0x0C, 0x30, 0x1E, 0xFE, 0x3F, 0x76, 0x3C, 0x22, 0x3C, 0x63, 0x2D, 0xFF, 0x0C, 0x00,
    0x0C, 0xFF, 0x0C, 0xC3, 0x0C, 0x83, 0x0C, 0xC3, 0x0C, 0xFF, 0x0C, 0x83, 0x00, 0x00, 0x00, 0x00,
    0x0F, 0xFE, 0x08, 0x42, 0x0C, 0xE6, 0x0F, 0xFE, 0x1F, 0xFF, 0x1A, 0xEB, 0x18, 0x43, 0x1F, 0xFF,
    0x10, 0xC2, 0x03, 0xC4, 0x0A, 0x66, 0x1A, 0x0B, 0x33, 0xF9, 0x03, 0xF8, 0x00, 0x00, 0x00, 0x00,
    0x0C, 0x42, 0x0C, 0x66, 0x1E, 0xFF, 0x3F, 0xFF, 0x3D, 0x83, 0x2C, 0x83, 0x2C, 0xFF, 0x0C, 0xFF,
    0x0C, 0x6C, 0x0C, 0x6C, 0x0C, 0x6C, 0x0C, 0xCC, 0x0D, 0xCF, 0x0D, 0x07, 0x00, 0x00, 0x00, 0x00,
    0x1F, 0xFF, 0x01, 0x30, 0x1F, 0xFE, 0x19, 0x32, 0x19, 0x32, 0x1F, 0xFE, 0x01, 0x30, 0x3F, 0xFF,
    0x3F, 0xFF, 0x00, 0xC4, 0x0A, 0x66, 0x1A, 0x0B, 0x33, 0xF9, 0x03, 0xF8, 0x00, 0x00, 0x00, 0x00,
    0x09, 0xFF, 0x0C, 0x10, 0x1F, 0xFF, 0x3B, 0xFF, 0x3B, 0xFF, 0x38, 0x7C, 0x09, 0xFF, 0x09, 0x83,
    0x09, 0xFF, 0x09, 0x83, 0x09, 0xFF, 0x09, 0x83, 0x09, 0x83, 0x09, 0x8F, 0x00, 0x00, 0x00, 0x00,
    0x0C, 0xC3, 0x0C, 0xC3, 0x1E, 0xFF, 0x1E, 0xC3, 0x3F, 0xFF, 0x3C, 0xC3, 0x2C, 0xFF, 0x0C, 0xFF,
    0x0C, 0xC3, 0x0D, 0xFF, 0x0C, 0x66, 0x0C, 0x67, 0x0D, 0xC3, 0x0D, 0x81, 0x00, 0x00, 0x00, 0x00,
    0x0C, 0x66, 0x0C, 0x67, 0x1F, 0xFF, 0x3E, 0x30, 0x3F, 0xFF, 0x2C, 0xEE, 0x2D, 0xD6, 0x0F, 0xB3,
    0x0C, 0xEC, 0x0C, 0x38, 0x0C, 0xF3, 0x0C, 0x0E, 0x0C, 0xF8, 0x08, 0xC0, 0x00, 0x00, 0x00, 0x00,
    0x1F, 0xFF, 0x03, 0x18, 0x1F, 0xFF, 0x1F, 0xFF, 0x07, 0xFC, 0x0C, 0x06, 0x0F, 0xFE, 0x0F, 0xFE,
    0x0F, 0xFE, 0x00, 0xC0, 0x0B, 0x66, 0x1B, 0x0B, 0x13, 0x19, 0x13, 0xF8, 0x00, 0x00, 0x00, 0x00,
    0x0F, 0xFE, 0x0F, 0xFE, 0x0F, 0xFE, 0x0F, 0xFE, 0x00, 0xC0, 0x1F, 0xFF, 0x18, 0xFB, 0x1F, 0xFF,
    0x18, 0x87, 0x12, 0xE6, 0x1A, 0x72, 0x1A, 0x0B, 0x33, 0xFD, 0x03, 0xF8, 0x00, 0x00, 0x00, 0x00,
    0x1F, 0xF6, 0x06, 0x46, 0x1F, 0xFF, 0x1F, 0xFF, 0x10, 0x61, 0x17, 0x07, 0x0D, 0xFB, 0x09, 0xE0,
    0x03, 0xF8, 0x07, 0xFC, 0x1F, 0x98, 0x01, 0xF0, 0x1F, 0xFF, 0x1C, 0x07, 0x00, 0x00, 0x00, 0x00,
    0x1F, 0xFF, 0x1F, 0xFF, 0x18, 0x30, 0x1F, 0xF6, 0x1F, 0xDC, 0x16, 0xDC, 0x16, 0xDD, 0x37, 0xFF,
    0x20, 0xA3, 0x02, 0xC4, 0x1B, 0x66, 0x1A, 0x0B, 0x33, 0xF9, 0x23, 0xF8, 0x00, 0x00, 0x00, 0x00,
    0x06, 0x18, 0x3F, 0xFF, 0x0E, 0x18, 0x1D, 0x30, 0x1B, 0x36, 0x0E, 0x1C, 0x0D, 0x1A, 0x3F, 0xFF,
    0x11, 0x81, 0x03, 0xC4, 0x1B, 0x66, 0x1A, 0x0B, 0x33, 0xF9, 0x23, 0xF8, 0x00, 0x00, 0x00, 0x00,
    0x0D, 0xFF, 0x0F, 0xFF, 0x1E, 0x10, 0x3F, 0xFF, 0x3D, 0xC4, 0x2C, 0x80, 0x2C, 0xFF, 0x0C, 0x2C,
    0x0C, 0x92, 0x0C, 0xD2, 0x0C, 0x92, 0x0C, 0x92, 0x0D, 0x92, 0x0B, 0x13, 0x00, 0x00, 0x00, 0x00,
    0x08, 0xFF, 0x0D, 0xFF, 0x1E, 0xFF, 0x1E, 0xFF, 0x3E, 0x7E, 0x38, 0xFF, 0x08, 0xFF, 0x08, 0xFB,
    0x08, 0xFF, 0x08, 0xFF, 0x08, 0xFF, 0x08, 0x66, 0x09, 0xC3, 0x09, 0x01, 0x00, 0x00, 0x00, 0x00,
    0x0D, 0xFF, 0x0D, 0xBB, 0x1F, 0xFB, 0x3F, 0xFB, 0x3F, 0xBB, 0x2D, 0xFF, 0x0D, 0xFF, 0x0D, 0x82,
    0x0D, 0xA6, 0x0D, 0xB6, 0x0D, 0xFE, 0x0F, 0xDA, 0x0C, 0x32, 0x0C, 0x23, 0x00, 0x00, 0x00, 0x00,
    0x18, 0xC2, 0x1F, 0xFF, 0x1F, 0xBF, 0x17, 0x92, 0x1A, 0x5A, 0x1F, 0xDA, 0x35, 0x4A, 0x3F, 0x42,
    0x23, 0x0E, 0x00, 0xC4, 0x0B, 0x66, 0x1B, 0x0B, 0x3B, 0xD9, 0x01, 0xF8, 0x00, 0x00, 0x00, 0x00,
    0x1F, 0xFF, 0x1B, 0xB6, 0x1F, 0xFF, 0x1F, 0xFF, 0x1F, 0xFF, 0x1F, 0xFF, 0x1F, 0xFF, 0x1F, 0x6F,
    0x1D, 0xF2, 0x33, 0xFC, 0x3F, 0x9C, 0x3C, 0xF8, 0x6F, 0xFF, 0x0E, 0x07, 0x00, 0x00, 0x00, 0x00,
    0x1F, 0x3F, 0x06, 0x3F, 0x3F, 0xB1, 0x06, 0x3F, 0x1F, 0xB1, 0x1F, 0xBF, 0x18, 0xB1, 0x1F, 0xBF,
    0x00, 0xC8, 0x01, 0xE2, 0x0B, 0x23, 0x1B, 0x0D, 0x3B, 0xFD, 0x01, 0xF8, 0x00, 0x00, 0x00, 0x00,
    0x0C, 0xC1, 0x0C, 0xFF, 0x1E, 0xFF, 0x3F, 0xFF, 0x3D, 0x18, 0x2D, 0xFF, 0x2C, 0xFF, 0x0C, 0xFF,
    0x0C, 0xC3, 0x0C, 0xFF, 0x0C, 0x5A, 0x0C, 0xDB, 0x0D, 0x99, 0x0D, 0x30, 0x00, 0x00, 0x00, 0x00,
    0x1F, 0xFF, 0x10, 0x41, 0x17, 0xFD, 0x07, 0xFC, 0x07, 0xFC, 0x1F, 0xFF, 0x0F, 0xFE, 0x0D, 0xB6,
    0x0D, 0xB6, 0x07, 0xFE, 0x01, 0x62, 0x0B, 0x27, 0x1B, 0x09, 0x11, 0xF8, 0x00, 0x00, 0x00, 0x00,
    0x0D, 0xFF, 0x0C, 0x66, 0x1E, 0x7F, 0x3F, 0xFF, 0x3C, 0xFF, 0x2C, 0xC3, 0x2C, 0xFF, 0x0C, 0xFF,
    0x0C, 0xFF, 0x0C, 0x18, 0x0D, 0xEB, 0x0D, 0xE3, 0x0D, 0x67, 0x0D, 0x3E, 0x00, 0x00, 0x00, 0x00,
    0x0C, 0x7F, 0x0D, 0xFF, 0x1F, 0x8C, 0x3F, 0xFD, 0x3F, 0x87, 0x3D, 0xFE, 0x2D, 0xDE, 0x0D, 0xFE,
    0x0F, 0x2F, 0x0C, 0x39, 0x0C, 0xAB, 0x0D, 0xA3, 0x0D, 0x27, 0x0D, 0x3C, 0x00, 0x00, 0x00, 0x00,
    0x1E, 0x63, 0x1B, 0xFF, 0x0F, 0x2B, 0x1F, 0x3F, 0x17, 0xBF, 0x1D, 0xA7, 0x07, 0xE6, 0x1D, 0xFF,
    0x03, 0xE1, 0x00, 0xC0, 0x0F, 0x66, 0x0B, 0x0F, 0x1B, 0xDD, 0x11, 0xF8, 0x00, 0x00, 0x00, 0x00,
    0x0D, 0xFF, 0x0D, 0xFF, 0x1E, 0xFF, 0x3F, 0xFF, 0x3F, 0xA5, 0x2D, 0xFF, 0x2C, 0xFF, 0x0D, 0xFF,
    0x0D, 0xFF, 0x0C, 0x79, 0x0F, 0xCE, 0x0C, 0x4E, 0x0C, 0xFF, 0x0C, 0xC1, 0x00, 0x00, 0x00, 0x00,
    0x17, 0xBC, 0x17, 0x9A, 0x17, 0xBE, 0x17, 0x8C, 0x13, 0x1B, 0x1F, 0xFF, 0x1F, 0x9C, 0x0A, 0xBD,
    0x12, 0x6D, 0x02, 0xC4, 0x0B, 0xE6, 0x0B, 0x2F, 0x1B, 0x19, 0x31, 0xF8, 0x00, 0x00, 0x00, 0x00,
    0x1F, 0xB6, 0x1E, 0x33, 0x02, 0x31, 0x1F, 0xFF, 0x3F, 0xFF, 0x02, 0x10, 0x02, 0x13, 0x07, 0xDE,
    0x3F, 0x1C, 0x32, 0x1C, 0x02, 0x38, 0x02, 0x7C, 0x0E, 0xC7, 0x1E, 0x03, 0x00, 0x00, 0x00, 0x00,
    0x00, 0x13, 0x1F, 0xFF, 0x1F, 0xFF, 0x08, 0x90, 0x0D, 0x9B, 0x0D, 0x9B, 0x1F, 0xDA, 0x1F, 0xFE,
    0x0D, 0x9C, 0x0D, 0x8C, 0x09, 0x9C, 0x19, 0xBC, 0x10, 0x77, 0x00, 0x63, 0x00, 0x00, 0x00, 0x00,
    0x36, 0xDB, 0x12, 0xD9, 0x1F, 0x88, 0x3F, 0xFF, 0x32, 0x7E, 0x3F, 0xC9, 0x32, 0x4B, 0x3F, 0xCF,
    0x06, 0x0E, 0x06, 0x0C, 0x3F, 0xEC, 0x02, 0x1E, 0x02, 0x73, 0x02, 0x63, 0x00, 0x00, 0x00, 0x00,
    0x03, 0xFB, 0x1F, 0xD9, 0x3F, 0xF9, 0x37, 0xFF, 0x3F, 0x98, 0x36, 0x49, 0x33, 0xCB, 0x32, 0x8B,
    0x3E, 0xAE, 0x3E, 0xEE, 0x3E, 0xCC, 0x26, 0xBD, 0x2F, 0xF7, 0x0C, 0x33, 0x00, 0x00, 0x00, 0x00,
    0x1F, 0xFF, 0x00, 0x00, 0x00, 0x00, 0x0F, 0xFE, 0x0C, 0x02, 0x0C, 0x02, 0x0C, 0x02, 0x0F, 0xFE,
    0x0F, 0xFE, 0x08, 0x00, 0x18, 0x00, 0x18, 0x00, 0x30, 0x00, 0x00, 0x00, 0x00, 0x00, 0x00, 0x00,
    0x3F, 0xDF, 0x00, 0x38, 0x1F, 0xB0, 0x1F, 0xB0, 0x10, 0xBF, 0x10, 0xBF, 0x1F, 0xB2, 0x1F, 0xB2,
    0x10, 0x32, 0x10, 0x22, 0x10, 0x62, 0x30, 0x42, 0x30, 0xC2, 0x20, 0x82, 0x00, 0x00, 0x00, 0x00,
    0x1F, 0xFC, 0x0F, 0xC0, 0x00, 0x40, 0x0F, 0xFF, 0x1F, 0xFF, 0x00, 0x40, 0x00, 0x40, 0x3F, 0xFF,
    0x3F, 0xFF, 0x00, 0x40, 0x00, 0x40, 0x00, 0x40, 0x03, 0xC0, 0x03, 0xC0, 0x00, 0x00, 0x00, 0x00,
    0x00, 0x60, 0x00, 0x60, 0x1F, 0xFF, 0x1F, 0xFF, 0x00, 0x62, 0x00, 0x6E, 0x00, 0x7C, 0x00, 0x70,
    0x01, 0xE0, 0x0F, 0x60, 0x3C, 0x60, 0x00, 0x60, 0x01, 0xE0, 0x03, 0xC0, 0x00, 0x00, 0x00, 0x00,
    0x0D, 0xFC, 0x0C, 0x44, 0x3E, 0xCC, 0x0C, 0xCF, 0x0C, 0xCF, 0x0C, 0xE9, 0x0F, 0xE3, 0x3C, 0xF3,
    0x2C, 0x96, 0x0C, 0x9E, 0x0D, 0x8C, 0x0D, 0x9E, 0x1F, 0x73, 0x1A, 0x41, 0x00, 0x00, 0x00, 0x00,
    0x0C, 0x18, 0x0D, 0xFF, 0x3F, 0xFF, 0x1E, 0x18, 0x0C, 0x18, 0x0C, 0xFF, 0x0F, 0xC3, 0x3E, 0x42,
    0x3C, 0x66, 0x0C, 0x3C, 0x0C, 0x38, 0x0C, 0x7C, 0x1D, 0xE7, 0x19, 0x81, 0x00, 0x00, 0x00, 0x00,
    0x0C, 0x18, 0x0D, 0xFF, 0x3F, 0xFF, 0x3E, 0x00, 0x0C, 0x7E, 0x0C, 0x7E, 0x0E, 0x46, 0x3C, 0x46,
    0x2C, 0x46, 0x0C, 0x46, 0x0C, 0xC6, 0x0C, 0xC6, 0x1D, 0x87, 0x19, 0x07, 0x00, 0x00, 0x00, 0x00,
    0x0C, 0xFF, 0x0C, 0x99, 0x3E, 0xD9, 0x0C, 0xFF, 0x0C, 0xFF, 0x0C, 0x99, 0x0E, 0xD9, 0x3C, 0xFF,
    0x0C, 0xD9, 0x0C, 0x18, 0x0C, 0x18, 0x0C, 0x18, 0x0C, 0x18, 0x18, 0x18, 0x00, 0x00, 0x00, 0x00,
    0x0C, 0x7F, 0x0C, 0x41, 0x3E, 0x41, 0x0C, 0x7F, 0x0C, 0x7F, 0x0C, 0x00, 0x0F, 0xFF, 0x3C, 0x3B,
    0x2C, 0x31, 0x0C, 0x31, 0x0C, 0x21, 0x0C, 0x61, 0x1D, 0xCF, 0x19, 0x8E, 0x00, 0x00, 0x00, 0x00,
    0x0C, 0xFF, 0x0C, 0xC0, 0x3F, 0xC0, 0x0C, 0xFF, 0x0C, 0xFF, 0x0C, 0xC3, 0x0F, 0xC3, 0x3C, 0xFF,
    0x2C, 0xFF, 0x0C, 0xC0, 0x0C, 0xC0, 0x0C, 0xFF, 0x1C, 0xFF, 0x18, 0xC0, 0x00, 0x00, 0x00, 0x00,
    0x08, 0x40, 0x08, 0xFF, 0x3E, 0xFF, 0x3D, 0x81, 0x09, 0xE3, 0x08, 0xFB, 0x0E, 0xCB, 0x3C, 0xCB,
    0x38, 0xDB, 0x08, 0xFB, 0x08, 0xC3, 0x08, 0x03, 0x38, 0x0E, 0x38, 0x0E, 0x00, 0x00, 0x00, 0x00,
    0x09, 0x9E, 0x09, 0xFA, 0x3D, 0xEA, 0x3D, 0x6A, 0x09, 0x6A, 0x0F, 0xEA, 0x1F, 0xDA, 0x3B, 0xDA,
    0x08, 0xDA, 0x08, 0xD3, 0x08, 0xF3, 0x09, 0xE0, 0x1B, 0x3F, 0x3A, 0x1F, 0x00, 0x00, 0x00, 0x00,
    0x0C, 0x18, 0x0C, 0xFF, 0x3F, 0xFF, 0x3D, 0x80, 0x0D, 0x98, 0x0D, 0x98, 0x0F, 0x98, 0x3F, 0x92,
    0x3D, 0xB2, 0x0D, 0xB3, 0x0D, 0x21, 0x0D, 0x7F, 0x1F, 0xFD, 0x1A, 0x00, 0x00, 0x00, 0x00, 0x00,
    0x0C, 0xFE, 0x0C, 0x18, 0x3E, 0x18, 0x0C, 0xFF, 0x0C, 0xFF, 0x0C, 0x18, 0x0F, 0x18, 0x3C, 0xFF,
    0x0C, 0xFF, 0x0C, 0xC1, 0x0C, 0xC1, 0x0C, 0xC3, 0x1C, 0xFF, 0x18, 0xC3, 0x00, 0x00, 0x00, 0x00,
    0x06, 0xCC, 0x1F, 0xFF, 0x0F, 0xFF, 0x03, 0x18, 0x3F, 0xFF, 0x06, 0x1C, 0x1F, 0xF7, 0x3B, 0xC3,
    0x07, 0xFC, 0x00, 0x40, 0x1F, 0xFF, 0x00, 0x40, 0x00, 0x40, 0x03, 0xC0, 0x00, 0x00, 0x00, 0x00,
    0x0C, 0xDB, 0x0C, 0xB6, 0x3F, 0xB6, 0x3E, 0xDB, 0x0C, 0x49, 0x0C, 0x10, 0x0F, 0x3F, 0x3E, 0x7F,
    0x2C, 0xE3, 0x0D, 0xB6, 0x0C, 0x1C, 0x0C, 0x38, 0x1C, 0xF0, 0x19, 0xC0, 0x00, 0x00, 0x00, 0x00,
    0x08, 0xFB, 0x09, 0xFF, 0x3E, 0x36, 0x3F, 0xFF, 0x09, 0xFF, 0x08, 0x32, 0x1E, 0xFE, 0x3F, 0xE0,
    0x09, 0x7F, 0x08, 0x7F, 0x08, 0x43, 0x08, 0x02, 0x18, 0x06, 0x38, 0x1C, 0x00, 0x00, 0x00, 0x00,
    0x0C, 0x18, 0x0C, 0xFF, 0x3E, 0x18, 0x1E, 0x18, 0x0D, 0xFF, 0x0D, 0xFF, 0x0E, 0x02, 0x3D, 0xFF,
    0x2C, 0x42, 0x0C, 0x62, 0x0C, 0x22, 0x0C, 0x32, 0x1C, 0x0E, 0x18, 0x0E, 0x00, 0x00, 0x00, 0x00,
    0x0C, 0xCF, 0x0C, 0xFC, 0x3F, 0xC0, 0x3E, 0xC1, 0x0C, 0xFF, 0x0C, 0x00, 0x0F, 0x7F, 0x3C, 0xFF,
    0x2C, 0xC1, 0x0C, 0xFF, 0x0C, 0xC3, 0x0C, 0xC3, 0x0C, 0xFF, 0x18, 0xC3, 0x00, 0x00, 0x00, 0x00,
    0x04, 0xCC, 0x06, 0xFC, 0x3F, 0xFF, 0x02, 0x08, 0x06, 0x7C, 0x0F, 0xE7, 0x38, 0x43, 0x27, 0xFC,
    0x00, 0x40, 0x1F, 0xFF, 0x1F, 0xFF, 0x00, 0x40, 0x00, 0xC0, 0x03, 0xC0, 0x00, 0x00, 0x00, 0x00,
    0x0C, 0x18, 0x0C, 0xFF, 0x3E, 0xFF, 0x1E, 0xDB, 0x0C, 0x5B, 0x0C, 0x5A, 0x0E, 0x7E, 0x3F, 0xFF,
    0x3C, 0x18, 0x0C, 0x3C, 0x0C, 0x36, 0x0C, 0x66, 0x1D, 0xC3, 0x19, 0x81, 0x00, 0x00, 0x00, 0x00,
    0x0C, 0x26, 0x0C, 0x66, 0x3F, 0xFF, 0x3F, 0xF1, 0x0C, 0x60, 0x0C, 0xFF, 0x0F, 0xFF, 0x3F, 0x98,
    0x2D, 0xFF, 0x0D, 0xFF, 0x0C, 0x3C, 0x0C, 0x66, 0x1D, 0xC3, 0x19, 0x81, 0x00, 0x00, 0x00, 0x00,
    0x08, 0x92, 0x08, 0xD2, 0x3E, 0x96, 0x3C, 0xD6, 0x09, 0xFF, 0x0F, 0x7D, 0x1F, 0x18, 0x38, 0x10,
    0x09, 0xFF, 0x08, 0x18, 0x08, 0x10, 0x08, 0x10, 0x1B, 0xFF, 0x39, 0xFF, 0x00, 0x00, 0x00, 0x00,
    0x09, 0xFF, 0x09, 0x81, 0x3F, 0xFF, 0x3D, 0xFF, 0x09, 0x88, 0x09, 0xC9, 0x1F, 0xC9, 0x3D, 0xFF,
    0x09, 0xBF, 0x09, 0xC9, 0x0B, 0x49, 0x0B, 0x7D, 0x1A, 0x7F, 0x3A, 0x41, 0x00, 0x00, 0x00, 0x00,
    0x08, 0x4C, 0x09, 0xFC, 0x3E, 0x6C, 0x3C, 0x4C, 0x09, 0xFC, 0x09, 0xFF, 0x1E, 0x4D, 0x3C, 0x4C,
    0x09, 0xFC, 0x08, 0x4C, 0x08, 0x4C, 0x09, 0xFC, 0x1B, 0xCC, 0x38, 0x0C, 0x00, 0x00, 0x00, 0x00,
    0x09, 0xFE, 0x08, 0xB1, 0x3F, 0x91, 0x3C, 0x9B, 0x08, 0xD2, 0x08, 0x12, 0x1E, 0x18, 0x3D, 0xFF,
    0x28, 0x3C, 0x08, 0x7C, 0x08, 0xDE, 0x09, 0x9B, 0x1B, 0x19, 0x38, 0x18, 0x00, 0x00, 0x00, 0x00,
    0x08, 0xBA, 0x09, 0xFF, 0x3F, 0x2D, 0x3D, 0x6D, 0x08, 0x6D, 0x0D, 0xCF, 0x1F, 0x80, 0x38, 0xFF,
    0x08, 0xFF, 0x08, 0x10, 0x08, 0x10, 0x08, 0x10, 0x19, 0xFF, 0x39, 0xFF, 0x00, 0x00, 0x00, 0x00,
    0x0C, 0x83, 0x0C, 0xFF, 0x3E, 0xFF, 0x3E, 0x83, 0x0C, 0xFF, 0x0C, 0x60, 0x0E, 0xFF, 0x3F, 0xC5,
    0x3D, 0x99, 0x0D, 0xF1, 0x0C, 0xC1, 0x0C, 0xFD, 0x1C, 0x7B, 0x18, 0x0E, 0x00, 0x00, 0x00, 0x00,
    0x08, 0xFC, 0x08, 0xCC, 0x3F, 0xFF, 0x09, 0xFF, 0x09, 0xA9, 0x09, 0xEF, 0x1F, 0xC7, 0x3D, 0x91,
    0x09, 0xFF, 0x09, 0xFF, 0x08, 0x38, 0x08, 0x6C, 0x19, 0xC7, 0x3B, 0x01, 0x00, 0x00, 0x00, 0x00,
    0x09, 0xFF, 0x09, 0x81, 0x3F, 0xFF, 0x0D, 0x80, 0x09, 0xFF, 0x09, 0xFF, 0x1F, 0xA6, 0x3D, 0xFF,
    0x29, 0xFF, 0x09, 0xFF, 0x09, 0x7F, 0x0B, 0x08, 0x1B, 0xFF, 0x3A, 0xFF, 0x00, 0x00, 0x00, 0x00,
    0x09, 0xFF, 0x09, 0x11, 0x3F, 0xFF, 0x08, 0x18, 0x08, 0xFF, 0x08, 0x9B, 0x1E, 0xFF, 0x3C, 0xDB,
    0x28, 0xFB, 0x08, 0xFE, 0x09, 0xFF, 0x09, 0xFF, 0x18, 0x18, 0x38, 0x18, 0x00, 0x00, 0x00, 0x00,
    0x09, 0xFF, 0x08, 0x93, 0x3E, 0xD6, 0x1D, 0xFF, 0x08, 0xE9, 0x09, 0xFF, 0x0F, 0xFF, 0x3E, 0x60,
    0x38, 0x7F, 0x08, 0xE2, 0x08, 0xB6, 0x09, 0x9C, 0x1B, 0x7F, 0x3A, 0x63, 0x00, 0x00, 0x00, 0x00,
    0x08, 0xFF, 0x08, 0xFF, 0x3F, 0xD8, 0x3F, 0xFF, 0x08, 0xFF, 0x08, 0xDF, 0x1E, 0xFF, 0x3C, 0x00,
    0x09, 0xFC, 0x08, 0x6F, 0x08, 0x4D, 0x08, 0xC1, 0x19, 0x83, 0x39, 0x0F, 0x00, 0x00, 0x00, 0x00,
    0x09, 0xFF, 0x09, 0xFF, 0x3F, 0x6C, 0x3C, 0x4C, 0x09, 0xCF, 0x09, 0x60, 0x1E, 0x7F, 0x3C, 0xF0,
    0x29, 0x9F, 0x09, 0x3F, 0x08, 0x30, 0x08, 0x1F, 0x18, 0x30, 0x38, 0x10, 0x00, 0x00, 0x00, 0x00,
    0x1F, 0xBE, 0x3F, 0xFE, 0x1F, 0xFA, 0x1F, 0xFA, 0x1E, 0x9E, 0x1F, 0xE3, 0x06, 0x67, 0x0F, 0xFC,
    0x0F, 0xFE, 0x0F, 0xFE, 0x3F, 0xFF, 0x00, 0xC0, 0x00, 0xC0, 0x03, 0xC0, 0x00, 0x00, 0x00, 0x00,
    0x1F, 0xBE, 0x1F, 0xB3, 0x1F, 0xE3, 0x1F, 0xBF, 0x1F, 0x9E, 0x3F, 0xFE, 0x06, 0x37, 0x0F, 0xFC,
    0x0F, 0xFE, 0x0F, 0xFE, 0x3F, 0xFF, 0x00, 0x40, 0x00, 0x40, 0x01, 0xC0, 0x00, 0x00, 0x00, 0x00,
    0x08, 0x83, 0x08, 0xFF, 0x3E, 0xC3, 0x3C, 0xFF, 0x08, 0xFF, 0x0B, 0xFF, 0x1F, 0xB0, 0x39, 0xFF,
    0x09, 0xB9, 0x09, 0xFF, 0x09, 0xB7, 0x09, 0xF6, 0x1B, 0xFF, 0x38, 0x39, 0x00, 0x00, 0x00, 0x00,
    0x09, 0xFF, 0x09, 0xC9, 0x3E, 0xD9, 0x3C, 0xFF, 0x09, 0xEF, 0x0B, 0xE6, 0x1E, 0xFF, 0x3D, 0xB9,
    0x09, 0xFF, 0x08, 0xFE, 0x08, 0x92, 0x08, 0x93, 0x19, 0x91, 0x38, 0x30, 0x00, 0x00, 0x00, 0x00,
    0x09, 0xE3, 0x1B, 0x0F, 0x3F, 0x2E, 0x09, 0xE2, 0x09, 0x1F, 0x0F, 0xFF, 0x1F, 0xE7, 0x3A, 0x9E,
    0x0B, 0xFF, 0x0B, 0xF7, 0x08, 0xDE, 0x09, 0xFE, 0x1B, 0x3E, 0x3A, 0x27, 0x00, 0x00, 0x00, 0x00,
    0x00, 0x40, 0x1F, 0xFF, 0x1F, 0xFF, 0x00, 0x40, 0x00, 0x40, 0x1F, 0xFE, 0x0F, 0xFE, 0x06, 0x0C,
    0x03, 0x18, 0x01, 0xB0, 0x00, 0xE0, 0x03, 0xF8, 0x3F, 0x1F, 0x38, 0x03, 0x00, 0x00, 0x00, 0x00,
    0x3F, 0x30, 0x1F, 0x34, 0x03, 0x7F, 0x03, 0x63, 0x1F, 0xE2, 0x3F, 0xF6, 0x31, 0x36, 0x30, 0x1C,
    0x30, 0x1C, 0x31, 0x9C, 0x3F, 0x3C, 0x0E, 0x77, 0x01, 0xC3, 0x00, 0x80, 0x00, 0x00, 0x00, 0x00,
    0x00, 0x60, 0x3F, 0x6D, 0x0C, 0x7F, 0x0C, 0xC2, 0x0C, 0xE2, 0x0D, 0xE6, 0x0C, 0x26, 0x0C, 0x3C,
    0x0F, 0x9C, 0x3E, 0x18, 0x30, 0x3C, 0x00, 0xE6, 0x01, 0xC3, 0x01, 0x00, 0x00, 0x00, 0x00, 0x00,
    0x3F, 0x90, 0x3F, 0xB0, 0x06, 0x3F, 0x16, 0x33, 0x17, 0x73, 0x17, 0xF2, 0x16, 0x16, 0x16, 0x1E,
    0x16, 0x1C, 0x16, 0x8C, 0x3F, 0x9C, 0x3C, 0x37, 0x00, 0xE3, 0x00, 0x40, 0x00, 0x00, 0x00, 0x00,
    0x06, 0x18, 0x06, 0x30, 0x3F, 0xFF, 0x1F, 0xF3, 0x06, 0x73, 0x06, 0xF3, 0x1F, 0x9B, 0x19, 0x9E,
    0x11, 0x8E, 0x11, 0x8C, 0x19, 0x9E, 0x1F, 0xB7, 0x18, 0xE3, 0x00, 0xC0, 0x00, 0x00, 0x00, 0x00,
    0x02, 0xC8, 0x07, 0x58, 0x3F, 0xDF, 0x02, 0x1F, 0x12, 0xF9, 0x1A, 0xFB, 0x0B, 0xAB, 0x02, 0x0F,
    0x07, 0x0E, 0x1F, 0xC6, 0x32, 0x4E, 0x02, 0x1B, 0x06, 0x71, 0x0E, 0x60, 0x00, 0x00, 0x00, 0x00,
    0x1E, 0xD0, 0x1F, 0x98, 0x0D, 0xBF, 0x3F, 0xF3, 0x07, 0x73, 0x1F, 0xF2, 0x1F, 0xDE, 0x3B, 0x1E,
    0x26, 0x0C, 0x3F, 0xCC, 0x3E, 0x1C, 0x06, 0x36, 0x06, 0x73, 0x1C, 0x41, 0x00, 0x00, 0x00, 0x00,
    0x3F, 0x90, 0x04, 0x30, 0x3F, 0xFF, 0x3F, 0xF3, 0x19, 0xF3, 0x1F, 0xF2, 0x19, 0xD2, 0x1F, 0x9E,
    0x1F, 0x8E, 0x11, 0x8C, 0x1F, 0x9C, 0x3F, 0xBE, 0x01, 0xF3, 0x01, 0xC1, 0x00, 0x00, 0x00, 0x00,
    0x1F, 0x98, 0x3F, 0xDA, 0x09, 0x9F, 0x1F, 0xB3, 0x3F, 0xF3, 0x00, 0x72, 0x1F, 0xDA, 0x18, 0x8E,
    0x1F, 0x8E, 0x18, 0x8C, 0x1F, 0x8E, 0x18, 0x9E, 0x19, 0xF3, 0x1B, 0xE1, 0x00, 0x00, 0x00, 0x00,
    0x3F, 0xD8, 0x3F, 0xD8, 0x09, 0x3F, 0x1F, 0xB3, 0x1F, 0xF3, 0x30, 0xF2, 0x3E, 0xD2, 0x12, 0xDE,
    0x12, 0xCE, 0x1E, 0xCC, 0x1C, 0x8C, 0x00, 0x9E, 0x03, 0xF3, 0x07, 0xE1, 0x00, 0x00, 0x00, 0x00,
    0x1E, 0x98, 0x1F, 0x98, 0x3F, 0xFF, 0x0F, 0x33, 0x1F, 0xF3, 0x36, 0x7A, 0x04, 0x5A, 0x3F, 0xCE,
    0x1D, 0xCC, 0x19, 0x0C, 0x1F, 0x1E, 0x07, 0xB3, 0x3D, 0xE1, 0x00, 0x00, 0x00, 0x00, 0x00, 0x00,
    0x00, 0x40, 0x3F, 0xFF, 0x3F, 0xFF, 0x04, 0x0C, 0x06, 0x0C, 0x02, 0x18, 0x03, 0x18, 0x01, 0xB0,
    0x00, 0xE0, 0x00, 0xE0, 0x03, 0xB8, 0x0F, 0x1E, 0x3C, 0x07, 0x00, 0x01, 0x00, 0x00, 0x00, 0x00,
    0x3F, 0xFF, 0x07, 0x1C, 0x03, 0xB8, 0x01, 0xF0, 0x1F, 0xBF, 0x1E, 0x1F, 0x0F, 0xFA, 0x0C, 0x02,
    0x0F, 0xFA, 0x0C, 0x42, 0x0B, 0x5A, 0x1A, 0x4A, 0x1E, 0x4E, 0x31, 0xC2, 0x00, 0x00, 0x00, 0x00,
    0x0F, 0xFE, 0x0F, 0x80, 0x0C, 0x00, 0x0C, 0x00, 0x0F, 0xFF, 0x0F, 0xFF, 0x0C, 0x10, 0x0C, 0x10,
    0x0C, 0x10, 0x08, 0x10, 0x18, 0x10, 0x18, 0x10, 0x30, 0x10, 0x30, 0x10, 0x00, 0x00, 0x00, 0x00,
    0x3F, 0xBF, 0x3F, 0xB8, 0x1F, 0x30, 0x3F, 0xB0, 0x36, 0xBF, 0x3F, 0xB7, 0x34, 0xB2, 0x36, 0xB2,
    0x1F, 0xB2, 0x06, 0x22, 0x3F, 0xE2, 0x04, 0x62, 0x04, 0xC2, 0x04, 0x02, 0x00, 0x00, 0x00, 0x00,
    0x06, 0xBF, 0x3F, 0xB8, 0x19, 0xB0, 0x09, 0x30, 0x3F, 0xBF, 0x3F, 0xFF, 0x06, 0x32, 0x3F, 0xF2,
    0x06, 0x32, 0x0F, 0x22, 0x1F, 0xE2, 0x36, 0x62, 0x26, 0xC2, 0x06, 0xC2, 0x00, 0x00, 0x00, 0x00,
    0x00, 0x40, 0x1F, 0xFF, 0x3F, 0xFF, 0x01, 0x80, 0x01, 0x80, 0x01, 0xFE, 0x01, 0xFE, 0x03, 0x06,
    0x03, 0x06, 0x03, 0x06, 0x06, 0x04, 0x0C, 0x0C, 0x18, 0x7C, 0x30, 0x78, 0x00, 0x00, 0x00, 0x00,
    0x04, 0x30, 0x3F, 0xFF, 0x3F, 0xEE, 0x08, 0xCC, 0x08, 0xEF, 0x0F, 0x2F, 0x1B, 0x7D, 0x19, 0xED,
    0x1B, 0x6D, 0x1B, 0x2F, 0x1B, 0x2C, 0x13, 0x20, 0x33, 0x35, 0x26, 0x3F, 0x00, 0x00, 0x00, 0x00,
    0x04, 0x7F, 0x3F, 0xFF, 0x3F, 0xE2, 0x08, 0x7F, 0x0E, 0x7F, 0x0F, 0x32, 0x09, 0x3F, 0x09, 0x33,
    0x09, 0x3E, 0x1B, 0xFF, 0x1B, 0xFF, 0x13, 0x32, 0x37, 0x63, 0x26, 0xC1, 0x00, 0x00, 0x00, 0x00,
    0x1F, 0xFF, 0x11, 0xB2, 0x1F, 0xB2, 0x1F, 0xB6, 0x11, 0xB6, 0x1F, 0xFF, 0x18, 0x0E, 0x10, 0x0C,
    0x1B, 0x0C, 0x11, 0x1C, 0x1F, 0xB4, 0x3E, 0xF4, 0x20, 0xE7, 0x01, 0x87, 0x00, 0x00, 0x00, 0x00,
    0x0F, 0xFE, 0x0F, 0xFE, 0x0C, 0x02, 0x0C, 0x02, 0x0C, 0x02, 0x0F, 0xFE, 0x0F, 0xFE, 0x0C, 0x02,
    0x0C, 0x02, 0x0C, 0x02, 0x0C, 0x02, 0x0F, 0xFE, 0x0F, 0xFE, 0x0C, 0x02, 0x00, 0x00, 0x00, 0x00,
    0x1B, 0xFF, 0x1B, 0x03, 0x1B, 0x03, 0x1B, 0x03, 0x1B, 0x03, 0x1B, 0xFF, 0x1B, 0xFF, 0x1B, 0x03,
    0x1B, 0x03, 0x1B, 0x03, 0x1B, 0x03, 0x1B, 0xFF, 0x1B, 0xFF, 0x19, 0x03, 0x00, 0x00, 0x00, 0x00,
    0x19, 0xFE, 0x1F, 0xF0, 0x18, 0x01, 0x0F, 0xFF, 0x0F, 0xFE, 0x00, 0x00, 0x0F, 0xFE, 0x0D, 0xF6,
    0x0C, 0x02, 0x0F, 0xFE, 0x0C, 0x06, 0x0C, 0x02, 0x0F, 0xFE, 0x0C, 0x02, 0x00, 0x00, 0x00, 0x00,
    0x3F, 0xFF, 0x36, 0x18, 0x32, 0x18, 0x32, 0x18, 0x3E, 0x18, 0x3F, 0xFF, 0x32, 0xFF, 0x32, 0x10,
    0x32, 0x18, 0x3E, 0x18, 0x3E, 0x18, 0x30, 0x18, 0x03, 0xFF, 0x00, 0x00, 0x00, 0x00, 0x00, 0x00,
    0x18, 0x06, 0x18, 0x02, 0x1F, 0xFE, 0x18, 0x02, 0x1F, 0xFE, 0x0F, 0xFE, 0x08, 0x30, 0x0F, 0xB7,
    0x0F, 0xBE, 0x08, 0x38, 0x08, 0x30, 0x08, 0xB1, 0x3F, 0xBF, 0x38, 0x3F, 0x00, 0x00, 0x00, 0x00,
    0x1F, 0xFF, 0x19, 0xE1, 0x11, 0xE1, 0x19, 0xFF, 0x1F, 0xFF, 0x19, 0xE1, 0x11, 0xE1, 0x11, 0xFF,
    0x1F, 0xFF, 0x1F, 0x61, 0x10, 0x41, 0x00, 0xC1, 0x01, 0x87, 0x01, 0x87, 0x00, 0x00, 0x00, 0x00,
    0x0F, 0xFE, 0x0C, 0x06, 0x0F, 0xFE, 0x0C, 0x06, 0x0C, 0x06, 0x0F, 0xFE, 0x06, 0x00, 0x0F, 0xFF,
    0x1F, 0xFF, 0x39, 0xB3, 0x03, 0x33, 0x06, 0x62, 0x0C, 0xC6, 0x00, 0x9E, 0x00, 0x00, 0x00, 0x00,
    0x3E, 0x18, 0x36, 0x7F, 0x32, 0xFF, 0x32, 0xDB, 0x36, 0xDB, 0x3E, 0xDB, 0x32, 0xFF, 0x33, 0xFF,
    0x32, 0x18, 0x3E, 0x3C, 0x3E, 0x6C, 0x30, 0xE6, 0x01, 0xC3, 0x01, 0x01, 0x00, 0x00, 0x00, 0x00,
    0x3E, 0x60, 0x32, 0x60, 0x32, 0xFF, 0x33, 0xD0, 0x3F, 0x9F, 0x3E, 0x1F, 0x32, 0x10, 0x32, 0x10,
    0x32, 0x1F, 0x3E, 0x1F, 0x3E, 0x10, 0x30, 0x10, 0x00, 0x10, 0x00, 0x10, 0x00, 0x00, 0x00, 0x00,
    0x3E, 0x3E, 0x33, 0xFF, 0x32, 0x18, 0x32, 0x18, 0x37, 0xFF, 0x3E, 0x06, 0x32, 0x06, 0x33, 0xFF,
    0x32, 0x06, 0x3E, 0xC6, 0x3E, 0x66, 0x30, 0x26, 0x00, 0x1E, 0x00, 0x1C, 0x00, 0x00, 0x00, 0x00,
    0x0C, 0x06, 0x0F, 0xFE, 0x0F, 0xFE, 0x0F, 0xFE, 0x00, 0xE0, 0x3F, 0xFF, 0x0F, 0xFE, 0x0F, 0xFE,
    0x0C, 0x06, 0x0F, 0xFE, 0x02, 0xE8, 0x0E, 0x4E, 0x1C, 0xC3, 0x11, 0xC1, 0x00, 0x00, 0x00, 0x00,
    0x3E, 0xFF, 0x37, 0xFF, 0x32, 0x58, 0x32, 0x56, 0x37, 0xFF, 0x3E, 0xC6, 0x32, 0xC6, 0x33, 0xFF,
    0x32, 0x6C, 0x3E, 0x6C, 0x3E, 0x4C, 0x30, 0xCC, 0x01, 0x8F, 0x03, 0x07, 0x00, 0x00, 0x00, 0x00,
    0x3D, 0xFF, 0x35, 0xB1, 0x35, 0xB1, 0x35, 0xF7, 0x35, 0xFF, 0x3D, 0x80, 0x35, 0xFF, 0x35, 0xE9,
    0x35, 0x8D, 0x3D, 0xF7, 0x3D, 0xA6, 0x31, 0x8E, 0x01, 0x9F, 0x01, 0x91, 0x00, 0x00, 0x00, 0x00,
    0x3E, 0xFF, 0x36, 0xFF, 0x32, 0x62, 0x32, 0x66, 0x37, 0xFF, 0x3F, 0xFF, 0x32, 0x7F, 0x32, 0xFF,
    0x32, 0xC1, 0x3E, 0xFF, 0x3E, 0xFF, 0x30, 0xC3, 0x00, 0xFF, 0x00, 0xC3, 0x00, 0x00, 0x00, 0x00,
    0x3F, 0xFE, 0x1F, 0xB0, 0x1F, 0xBF, 0x16, 0xBF, 0x1F, 0xB6, 0x1F, 0x66, 0x3F, 0xE6, 0x06, 0xC6,
    0x0F, 0xFE, 0x0C, 0x06, 0x0F, 0xFE, 0x0C, 0x06, 0x0F, 0xFE, 0x0C, 0x06, 0x00, 0x00, 0x00, 0x00,
    0x3F, 0xFF, 0x36, 0x93, 0x36, 0xFF, 0x37, 0xFF, 0x3F, 0x31, 0x3F, 0xC3, 0x37, 0xFD, 0x36, 0x78,
    0x36, 0xFE, 0x3F, 0xFE, 0x33, 0x6C, 0x00, 0x3C, 0x03, 0xEF, 0x01, 0x01, 0x00, 0x00, 0x00, 0x00,
    0x01, 0x10, 0x01, 0x10, 0x1F, 0xFF, 0x1F, 0xFF, 0x11, 0x13, 0x11, 0x13, 0x1B, 0x3B, 0x1F, 0xFF,
    0x19, 0x13, 0x11, 0x13, 0x11, 0x11, 0x1F, 0xFF, 0x1F, 0xFF, 0x10, 0x01, 0x00, 0x00, 0x00, 0x00,
    0x3F, 0xFF, 0x00, 0x40, 0x0F, 0xFE, 0x0C, 0xE2, 0x08, 0x42, 0x0F, 0xFE, 0x08, 0x42, 0x0F, 0xFE,
    0x0F, 0xFC, 0x04, 0xC0, 0x07, 0x80, 0x03, 0xC0, 0x1E, 0xFF, 0x38, 0x1F, 0x00, 0x00, 0x00, 0x00,
    0x0F, 0xFE, 0x00, 0x46, 0x3F, 0xFF, 0x0F, 0xFE, 0x0F, 0xFC, 0x1F, 0xFF, 0x00, 0x40, 0x3F, 0xFF,
    0x0F, 0xFF, 0x0F, 0xFE, 0x0F, 0xFE, 0x0C, 0x02, 0x0C, 0x02, 0x0F, 0xFE, 0x00, 0x00, 0x00, 0x00,
    0x0C, 0x06, 0x0F, 0xFE, 0x0C, 0x06, 0x0F, 0xFE, 0x0F, 0xFE, 0x3F, 0xFF, 0x08, 0x80, 0x0F, 0xFF,
    0x08, 0xB3, 0x0F, 0x96, 0x08, 0x9E, 0x1F, 0x9C, 0x3F, 0xF7, 0x00, 0xE1, 0x00, 0x00, 0x00, 0x00,
    0x0F, 0xFE, 0x0C, 0x06, 0x0C, 0x06, 0x0F, 0xFE, 0x0F, 0xFE, 0x0C, 0x06, 0x0C, 0x06, 0x0F, 0xFE,
    0x0F, 0xFE, 0x08, 0x06, 0x18, 0x06, 0x18, 0x06, 0x30, 0x3E, 0x20, 0x3C, 0x00, 0x00, 0x00, 0x00,
    0x08, 0x9F, 0x3F, 0xD9, 0x18, 0xD1, 0x0F, 0x9F, 0x0F, 0x9F, 0x08, 0x91, 0x0F, 0x91, 0x08, 0x9F,
    0x18, 0xDF, 0x3F, 0xF1, 0x0D, 0x31, 0x09, 0xB1, 0x18, 0xF3, 0x30, 0x27, 0x00, 0x00, 0x00, 0x00,
    0x00, 0x40, 0x00, 0x40, 0x3F, 0xFF, 0x3F, 0xFF, 0x01, 0xE0, 0x01, 0xF0, 0x03, 0x58, 0x06, 0x4C,
    0x0C, 0x46, 0x1F, 0xFF, 0x33, 0xF9, 0x00, 0x40, 0x00, 0x40, 0x00, 0x40, 0x00, 0x00, 0x00, 0x00,
    0x06, 0x30, 0x06, 0x30, 0x3F, 0xB0, 0x3F, 0xB0, 0x06, 0x30, 0x0F, 0x30, 0x0F, 0xB0, 0x1E, 0xB0,
    0x16, 0x30, 0x36, 0x30, 0x26, 0x30, 0x06, 0x30, 0x06, 0x3F, 0x06, 0x1F, 0x00, 0x00, 0x00, 0x00,
    0x06, 0x7E, 0x04, 0x66, 0x3F, 0x62, 0x3F, 0xE2, 0x04, 0x62, 0x0E, 0x62, 0x0F, 0x62, 0x1F, 0xE2,
    0x14, 0x62, 0x36, 0x62, 0x26, 0x42, 0x06, 0xC2, 0x04, 0x83, 0x05, 0x83, 0x00, 0x00, 0x00, 0x00,
    0x06, 0x7F, 0x04, 0x7F, 0x1F, 0x30, 0x3F, 0xA0, 0x04, 0x3F, 0x0E, 0x7F, 0x0F, 0x61, 0x1F, 0x81,
    0x16, 0x01, 0x36, 0x03, 0x26, 0x03, 0x06, 0x03, 0x06, 0x0F, 0x04, 0x1E, 0x00, 0x00, 0x00, 0x00,
    0x06, 0x02, 0x06, 0x02, 0x3F, 0xFF, 0x3F, 0xFF, 0x06, 0x06, 0x0F, 0x0E, 0x0F, 0x8E, 0x1C, 0x9A,
    0x16, 0x32, 0x36, 0x62, 0x26, 0xC2, 0x06, 0x02, 0x06, 0x1E, 0x04, 0x1E, 0x00, 0x00, 0x00, 0x00,
    0x00, 0xE0, 0x1F, 0xFF, 0x0C, 0x46, 0x04, 0x46, 0x06, 0x4C, 0x06, 0x4C, 0x3F, 0xFF, 0x01, 0xF0,
    0x01, 0xF0, 0x03, 0x58, 0x0E, 0x4C, 0x1C, 0x47, 0x30, 0x41, 0x00, 0x40, 0x00, 0x00, 0x00, 0x00,
    0x3F, 0xFF, 0x1F, 0xFF, 0x00, 0x40, 0x0F, 0xFE, 0x08, 0x42, 0x0F, 0xFE, 0x0F, 0xFE, 0x08, 0x42,
    0x0F, 0xFE, 0x01, 0xF0, 0x07, 0x58, 0x0E, 0x4E, 0x38, 0x43, 0x00, 0x41, 0x00, 0x00, 0x00, 0x00,
    0x0F, 0xFE, 0x08, 0x42, 0x0F, 0xFE, 0x0C, 0xE6, 0x08, 0x42, 0x0F, 0xFE, 0x00, 0xC0, 0x3F, 0xFF,
    0x1F, 0xFF, 0x03, 0xF0, 0x06, 0x5C, 0x1C, 0x47, 0x38, 0x43, 0x00, 0x40, 0x00, 0x00, 0x00, 0x00,
    0x0C, 0x18, 0x0C, 0xFF, 0x3F, 0xFF, 0x3F, 0x18, 0x0C, 0x18, 0x0C, 0xFF, 0x1E, 0x63, 0x1F, 0x63,
    0x3D, 0x66, 0x2C, 0x3C, 0x2C, 0x1C, 0x0C, 0x3C, 0x0C, 0xE7, 0x0D, 0x81, 0x00, 0x00, 0x00, 0x00,
    0x0C, 0x18, 0x0C, 0x18, 0x3F, 0xFF, 0x0C, 0xFF, 0x0E, 0x08, 0x0E, 0x18, 0x1F, 0x7E, 0x1C, 0xFF,
    0x3C, 0xC3, 0x2C, 0xC3, 0x0C, 0xC3, 0x0C, 0xC3, 0x0C, 0xFF, 0x0C, 0xC3, 0x00, 0x00, 0x00, 0x00,
    0x3F, 0xBF, 0x3F, 0xBF, 0x0C, 0xB3, 0x08, 0xB3, 0x19, 0xBF, 0x33, 0xBF, 0x00, 0x40, 0x1F, 0xFF,
    0x3F, 0xFF, 0x01, 0xF0, 0x03, 0x58, 0x0E, 0x4E, 0x38, 0x47, 0x00, 0x40, 0x00, 0x00, 0x00, 0x00,
    0x0C, 0xFF, 0x0C, 0xAB, 0x3E, 0xAB, 0x3E, 0xAB, 0x0C, 0xAB, 0x1F, 0xFF, 0x1F, 0xFF, 0x1E, 0xA9,
    0x3C, 0xAB, 0x2C, 0xAB, 0x0C, 0xAB, 0x0C, 0xAB, 0x0C, 0xAF, 0x0C, 0xAF, 0x00, 0x00, 0x00, 0x00,
    0x00, 0x40, 0x3F, 0xFF, 0x01, 0xF0, 0x03, 0x58, 0x0E, 0x46, 0x1C, 0x63, 0x07, 0xFE, 0x06, 0x06,
    0x07, 0xFE, 0x06, 0x06, 0x07, 0xFE, 0x06, 0x06, 0x3F, 0xFF, 0x3F, 0xFF, 0x00, 0x00, 0x00, 0x00,
    0x0C, 0x18, 0x0C, 0xFF, 0x3F, 0xFF, 0x3F, 0x08, 0x0C, 0xFF, 0x0E, 0xFF, 0x1F, 0xD9, 0x1F, 0xD9,
    0x3C, 0xD9, 0x3C, 0xD9, 0x0C, 0xDB, 0x0C, 0xDB, 0x0C, 0x18, 0x0C, 0x08, 0x00, 0x00, 0x00, 0x00,
    0x0C, 0xC6, 0x04, 0x44, 0x1F, 0xFF, 0x1F, 0xFF, 0x10, 0x41, 0x00, 0x40, 0x1F, 0xFF, 0x1F, 0xFF,
    0x01, 0xF0, 0x03, 0xD8, 0x06, 0x4C, 0x1C, 0x47, 0x38, 0x41, 0x00, 0x40, 0x00, 0x00, 0x00, 0x00,
    0x0C, 0x18, 0x0C, 0xFF, 0x3F, 0xFF, 0x3F, 0x26, 0x0C, 0x63, 0x0E, 0xC1, 0x1F, 0xE6, 0x1F, 0x26,
    0x1C, 0x3C, 0x3C, 0x1C, 0x2C, 0x1C, 0x0C, 0x3E, 0x0C, 0xE3, 0x0D, 0x81, 0x00, 0x00, 0x00, 0x00,
    0x0C, 0x68, 0x0C, 0x7C, 0x3F, 0x7F, 0x0C, 0xC8, 0x0E, 0xC8, 0x0E, 0x18, 0x1F, 0xFF, 0x1C, 0x1C,
    0x3C, 0x3E, 0x2C, 0x6A, 0x0C, 0x6B, 0x0D, 0xC9, 0x0D, 0x88, 0x0C, 0x08, 0x00, 0x00, 0x00, 0x00,
    0x0C, 0x18, 0x0C, 0xFF, 0x3F, 0xFF, 0x3F, 0x30, 0x0C, 0xE6, 0x0E, 0xE6, 0x1E, 0x7C, 0x1F, 0x39,
    0x1C, 0x73, 0x3C, 0xC6, 0x2C, 0x0E, 0x0C, 0x3F, 0x0C, 0xE3, 0x0D, 0x81, 0x00, 0x00, 0x00, 0x00,
    0x0C, 0x7F, 0x0C, 0x43, 0x3F, 0x7F, 0x3F, 0x7F, 0x0C, 0x43, 0x0E, 0x7F, 0x1E, 0x7F, 0x1F, 0x59,
    0x3C, 0x4F, 0x2C, 0x4E, 0x0C, 0x46, 0x0C, 0x7E, 0x0C, 0xFB, 0x0C, 0x81, 0x00, 0x00, 0x00, 0x00,
    0x0C, 0x3E, 0x0C, 0x7F, 0x3F, 0x62, 0x3F, 0xF6, 0x0C, 0x9C, 0x0E, 0x1C, 0x1F, 0x77, 0x1D, 0xE7,
    0x3D, 0xFF, 0x2C, 0x43, 0x0C, 0x43, 0x0C, 0x43, 0x0C, 0x7F, 0x0C, 0x43, 0x00, 0x00, 0x00, 0x00,
    0x1F, 0xD3, 0x1F, 0xD1, 0x02, 0x10, 0x3F, 0xFF, 0x3F, 0xFF, 0x02, 0x19, 0x1F, 0xDB, 0x1F, 0xDA,
    0x07, 0x1E, 0x0F, 0x8C, 0x1A, 0xDC, 0x32, 0x3C, 0x02, 0x67, 0x02, 0x43, 0x00, 0x00, 0x00, 0x00,
    0x08, 0xDF, 0x08, 0xC0, 0x3F, 0x80, 0x1C, 0x60, 0x0C, 0x7F, 0x1C, 0xC3, 0x1F, 0xC3, 0x3F, 0xC3,
    0x38, 0x43, 0x28, 0x43, 0x08, 0x43, 0x08, 0x43, 0x08, 0xC7, 0x08, 0x4E, 0x00, 0x00, 0x00, 0x00,
    0x1F, 0xFF, 0x18, 0xC1, 0x1F, 0xFF, 0x1F, 0xFF, 0x03, 0x08, 0x07, 0xF8, 0x03, 0xFE, 0x0F, 0x47,
    0x1E, 0x6B, 0x3F, 0xFF, 0x01, 0xF8, 0x07, 0x4E, 0x3C, 0x67, 0x10, 0x41, 0x00, 0x00, 0x00, 0x00,
    0x0D, 0x99, 0x0C, 0x99, 0x3F, 0xDB, 0x3F, 0x43, 0x0C, 0x12, 0x0E, 0x30, 0x1F, 0xFF, 0x1F, 0x67,
    0x1C, 0x62, 0x3C, 0xE6, 0x2C, 0xFC, 0x0C, 0x1E, 0x0D, 0xF7, 0x0D, 0xC1, 0x00, 0x00, 0x00, 0x00,
    0x0C, 0x33, 0x0C, 0x3F, 0x3F, 0xFF, 0x3F, 0x30, 0x0C, 0xFF, 0x0E, 0x70, 0x1E, 0x1F, 0x1F, 0xFF,
    0x1C, 0x1B, 0x3C, 0x0E, 0x2C, 0x0C, 0x0C, 0x3C, 0x0C, 0xF7, 0x0C, 0x83, 0x00, 0x00, 0x00, 0x00,
    0x0C, 0xFF, 0x0C, 0x18, 0x3F, 0xFF, 0x0C, 0x99, 0x0C, 0x99, 0x0E, 0xFF, 0x1F, 0x99, 0x1C, 0xFF,
    0x3C, 0xD8, 0x2C, 0xD8, 0x0C, 0x70, 0x0C, 0x78, 0x0D, 0xDF, 0x0F, 0x87, 0x00, 0x00, 0x00, 0x00,
    0x0C, 0x0D, 0x0C, 0x0D, 0x3F, 0xFF, 0x1C, 0x0C, 0x0C, 0xFD, 0x0E, 0xDD, 0x1E, 0xFD, 0x1C, 0xFF,
    0x3C, 0xF7, 0x2C, 0xB6, 0x0C, 0xB6, 0x0D, 0xBE, 0x0D, 0x1B, 0x0C, 0x13, 0x00, 0x00, 0x00, 0x00,
    0x3F, 0xFF, 0x03, 0x1C, 0x03, 0x0E, 0x1F, 0xFF, 0x04, 0x44, 0x3F, 0xFF, 0x06, 0xEC, 0x07, 0xFC,
    0x00, 0x40, 0x3F, 0xFF, 0x03, 0xF8, 0x07, 0x5C, 0x3C, 0x47, 0x30, 0x41, 0x00, 0x00, 0x00, 0x00,
    0x0C, 0x62, 0x0C, 0xFF, 0x3F, 0x63, 0x0C, 0x7E, 0x0C, 0x7E, 0x1E, 0x62, 0x1F, 0x7E, 0x1C, 0x66,
    0x3C, 0x67, 0x2D, 0xFF, 0x0C, 0x26, 0x0C, 0x67, 0x0C, 0xC1, 0x0D, 0x81, 0x00, 0x00, 0x00, 0x00,
    0x0C, 0x18, 0x0C, 0xFF, 0x3F, 0xC1, 0x3F, 0xFF, 0x0C, 0x7F, 0x0E, 0x42, 0x1E, 0x7E, 0x1F, 0x7E,
    0x3C, 0x60, 0x3C, 0x7F, 0x0C, 0x61, 0x0C, 0x63, 0x0C, 0x7F, 0x0C, 0x61, 0x00, 0x00, 0x00, 0x00,
    0x0C, 0xFF, 0x0C, 0xFF, 0x3E, 0x3C, 0x3E, 0xE7, 0x0D, 0xFF, 0x1F, 0xFF, 0x1E, 0x03, 0x1C, 0xFB,
    0x3C, 0xDB, 0x2C, 0xDB, 0x0C, 0xFB, 0x0C, 0xC3, 0x0C, 0x07, 0x0C, 0x0E, 0x00, 0x00, 0x00, 0x00,
    0x0C, 0x3E, 0x0C, 0x67, 0x3F, 0xFF, 0x1F, 0xFE, 0x0C, 0x18, 0x0E, 0xFF, 0x1F, 0x99, 0x1F, 0x99,
    0x3C, 0xFF, 0x34, 0xFF, 0x0C, 0x1C, 0x0C, 0x36, 0x0C, 0xE3, 0x0D, 0x81, 0x00, 0x00, 0x00, 0x00,
    0x0D, 0xB6, 0x1F, 0xFF, 0x3F, 0xFF, 0x03, 0x18, 0x1F, 0xFF, 0x1F, 0xFF, 0x0F, 0xFE, 0x0F, 0xFE,
    0x00, 0xC0, 0x3F, 0xFF, 0x03, 0xF0, 0x0E, 0x5C, 0x3C, 0xC7, 0x10, 0x41, 0x00, 0x00, 0x00, 0x00,
    0x0D, 0xFF, 0x0C, 0x60, 0x3E, 0x78, 0x3E, 0x7F, 0x0D, 0xDD, 0x1D, 0x7D, 0x1F, 0x7F, 0x1F, 0x7B,
    0x3D, 0xDB, 0x2D, 0x1F, 0x0C, 0x3D, 0x0C, 0x70, 0x0D, 0xFF, 0x0C, 0x00, 0x00, 0x00, 0x00, 0x00,
    0x0C, 0xCD, 0x0C, 0xFF, 0x3F, 0xEC, 0x3F, 0xCC, 0x0C, 0xFD, 0x0E, 0xFF, 0x1E, 0x18, 0x1F, 0xFF,
    0x3C, 0xC3, 0x2C, 0xFF, 0x0C, 0xFF, 0x0C, 0xC3, 0x0C, 0xFF, 0x0C, 0xC3, 0x00, 0x00, 0x00, 0x00,
    0x19, 0xF3, 0x0F, 0xFE, 0x07, 0x1C, 0x03, 0xF8, 0x0F, 0x1E, 0x1B, 0x1B, 0x33, 0xF9, 0x00, 0xE0,
    0x3F, 0xFF, 0x01, 0xF0, 0x03, 0x58, 0x0E, 0x4E, 0x38, 0x43, 0x10, 0x40, 0x00, 0x00, 0x00, 0x00,
    0x0D, 0xFF, 0x0D, 0xAB, 0x3F, 0xAB, 0x3F, 0xEB, 0x0D, 0xAA, 0x0D, 0xFF, 0x1F, 0xFF, 0x1F, 0x86,
    0x3D, 0xA6, 0x2D, 0xB6, 0x2D, 0xFE, 0x0F, 0xDA, 0x0C, 0x33, 0x0C, 0x23, 0x00, 0x00, 0x00, 0x00,
    0x0C, 0xFF, 0x0C, 0x64, 0x3E, 0xFF, 0x3E, 0x7E, 0x0D, 0xFF, 0x0C, 0x7F, 0x1E, 0xFF, 0x1F, 0xDB,
    0x3C, 0xFF, 0x2C, 0xDB, 0x2D, 0xFF, 0x0D, 0xFF, 0x0C, 0xC3, 0x0C, 0x87, 0x00, 0x00, 0x00, 0x00,
    0x0C, 0x7F, 0x0C, 0xFF, 0x3F, 0x90, 0x3F, 0xFF, 0x0C, 0xFF, 0x1E, 0x7F, 0x1E, 0xFF, 0x1D, 0xEC,
    0x3D, 0xFF, 0x2C, 0x6C, 0x0C, 0x7F, 0x0C, 0x6C, 0x0C, 0x7F, 0x0C, 0x40, 0x00, 0x00, 0x00, 0x00,
    0x0C, 0xFF, 0x0C, 0xFF, 0x3F, 0x64, 0x3F, 0xFF, 0x0C, 0x18, 0x1E, 0xFF, 0x1F, 0x99, 0x1F, 0xFF,
    0x3C, 0x9B, 0x2C, 0xFF, 0x0C, 0xFF, 0x0C, 0x66, 0x0D, 0xC3, 0x0D, 0x81, 0x00, 0x00, 0x00, 0x00,
    0x0C, 0xF8, 0x0D, 0xFF, 0x3F, 0xFF, 0x3E, 0x7E, 0x0C, 0xFF, 0x0D, 0xE7, 0x1E, 0x3C, 0x1F, 0xFF,
    0x3D, 0x81, 0x2D, 0xBD, 0x2D, 0xA5, 0x0D, 0xBD, 0x0D, 0xBF, 0x0D, 0x83, 0x00, 0x00, 0x00, 0x00,
    0x0C, 0x96, 0x0D, 0xFD, 0x3F, 0xDF, 0x3E, 0xD2, 0x0D, 0xFF, 0x1F, 0xFE, 0x1E, 0x1B, 0x1F, 0xFF,
    0x3C, 0xDB, 0x2C, 0xCB, 0x0D, 0xEE, 0x0D, 0x8C, 0x0F, 0x3F, 0x0E, 0x23, 0x00, 0x00, 0x00, 0x00,
    0x06, 0x00, 0x07, 0xFF, 0x0F, 0xFF, 0x0C, 0x43, 0x18, 0x43, 0x30, 0xC2, 0x30, 0xE6, 0x00, 0xE0,
    0x01, 0xB0, 0x01, 0xB0, 0x03, 0x18, 0x0E, 0x0E, 0x3C, 0x07, 0x10, 0x01, 0x00, 0x00, 0x00, 0x00,
    0x30, 0x80, 0x19, 0x80, 0x0D, 0xFF, 0x01, 0xFF, 0x03, 0x33, 0x02, 0x33, 0x02, 0x32, 0x04, 0x30,
    0x0C, 0x78, 0x18, 0x58, 0x30, 0xCC, 0x21, 0x86, 0x07, 0x07, 0x06, 0x01, 0x00, 0x00, 0x00, 0x00,
    0x1F, 0xF0, 0x19, 0xB1, 0x11, 0xBF, 0x1D, 0xAD, 0x1F, 0x6D, 0x13, 0x6D, 0x13, 0x8C, 0x17, 0x8C,
    0x1E, 0xDC, 0x1C, 0x1E, 0x1F, 0xF2, 0x1F, 0xE3, 0x10, 0x61, 0x00, 0x00, 0x00, 0x00, 0x00, 0x00,
    0x18, 0x90, 0x3F, 0xF8, 0x18, 0xFF, 0x0F, 0xBD, 0x0F, 0xED, 0x08, 0xED, 0x0F, 0x8C, 0x08, 0x8C,
    0x18, 0xCE, 0x3F, 0xEE, 0x0D, 0x9A, 0x08, 0xF3, 0x18, 0xF1, 0x10, 0x20, 0x00, 0x00, 0x00, 0x00,
    0x3F, 0xD0, 0x3F, 0xB0, 0x06, 0x3F, 0x3F, 0xFD, 0x00, 0x6D, 0x1F, 0xED, 0x00, 0x0C, 0x3F, 0xCC,
    0x3F, 0xCC, 0x16, 0x9E, 0x16, 0x92, 0x36, 0xF3, 0x26, 0x61, 0x0E, 0x40, 0x00, 0x00, 0x00, 0x00,
    0x3F, 0xF0, 0x0E, 0xDB, 0x1E, 0xDF, 0x1A, 0xFC, 0x1E, 0xED, 0x01, 0xED, 0x1F, 0x8C, 0x3F, 0xEC,
    0x1E, 0xCE, 0x1F, 0xCE, 0x13, 0xDB, 0x1E, 0xD3, 0x10, 0xF1, 0x01, 0xE0, 0x00, 0x00, 0x00, 0x00,
    0x1F, 0x90, 0x1F, 0x98, 0x34, 0x3F, 0x3F, 0xFD, 0x0B, 0x6D, 0x1F, 0xED, 0x1F, 0x8C, 0x3B, 0x0C,
    0x1F, 0x8E, 0x1F, 0x9E, 0x1B, 0x1A, 0x1F, 0xB3, 0x1F, 0xE1, 0x18, 0x40, 0x00, 0x00, 0x00, 0x00,
    0x00, 0x60, 0x00, 0x60, 0x0C, 0x60, 0x0C, 0x60, 0x0C, 0x7F, 0x0C, 0x7F, 0x0C, 0x60, 0x0C, 0x60,
    0x0C, 0x60, 0x0C, 0x60, 0x0C, 0x60, 0x3F, 0xFF, 0x3F, 0xFF, 0x00, 0x00, 0x00, 0x00, 0x00, 0x00,
    0x3F, 0xFF, 0x1F, 0xFF, 0x00, 0x40, 0x00, 0x40, 0x0C, 0x40, 0x0C, 0x7E, 0x0C, 0x7E, 0x0C, 0x40,
    0x0C, 0x40, 0x0C, 0x40, 0x0C, 0x40, 0x0C, 0xE0, 0x3F, 0xFF, 0x00, 0x00, 0x00, 0x00, 0x00, 0x00,
    0x0C, 0x7E, 0x0C, 0x40, 0x3F, 0xFF, 0x3F, 0xFF, 0x10, 0x41, 0x1A, 0x5B, 0x1B, 0x53, 0x1F, 0xFF,
    0x19, 0xE3, 0x1B, 0xFB, 0x1E, 0x4F, 0x18, 0x43, 0x1F, 0xFF, 0x18, 0x03, 0x00, 0x00, 0x00, 0x00,
    0x04, 0x7E, 0x04, 0x40, 0x3F, 0xFF, 0x1F, 0xFF, 0x00, 0x36, 0x1F, 0xFF, 0x18, 0x10, 0x1F, 0xFB,
    0x19, 0x9E, 0x17, 0xCE, 0x1D, 0x6C, 0x1D, 0x3C, 0x31, 0x37, 0x23, 0x23, 0x00, 0x00, 0x00, 0x00,
    0x1F, 0xFF, 0x1F, 0xFF, 0x06, 0x10, 0x07, 0x90, 0x0F, 0xD1, 0x08, 0xD7, 0x18, 0xDE, 0x3E, 0x98,
    0x07, 0x90, 0x03, 0x10, 0x03, 0x10, 0x06, 0x10, 0x1C, 0x1F, 0x18, 0x1F, 0x00, 0x00, 0x00, 0x00,
    0x3F, 0x13, 0x08, 0xFF, 0x08, 0xF8, 0x1F, 0x1F, 0x1B, 0x7F, 0x13, 0x18, 0x3B, 0x7F, 0x2E, 0xF9,
    0x06, 0x0B, 0x06, 0x0E, 0x0C, 0x0C, 0x0C, 0x3C, 0x18, 0xE7, 0x10, 0x83, 0x00, 0x00, 0x00, 0x00,
    0x1F, 0xFE, 0x19, 0xB2, 0x11, 0xB2, 0x1D, 0x22, 0x1F, 0x63, 0x13, 0x41, 0x13, 0x7F, 0x17, 0xB3,
    0x1C, 0xB3, 0x1C, 0x1E, 0x1F, 0xCC, 0x1F, 0xFE, 0x10, 0xF3, 0x00, 0x40, 0x00, 0x00, 0x00, 0x00,
    0x1B, 0x3E, 0x0E, 0x62, 0x0F, 0x62, 0x19, 0xE2, 0x34, 0xE3, 0x06, 0x40, 0x3F, 0xFF, 0x0E, 0x63,
    0x0E, 0x22, 0x1F, 0x36, 0x15, 0x9C, 0x36, 0x1C, 0x06, 0xF7, 0x04, 0xC1, 0x00, 0x00, 0x00, 0x00,
    0x3F, 0xBE, 0x3F, 0xB2, 0x1F, 0xB2, 0x1F, 0xB2, 0x3F, 0xE3, 0x30, 0xC0, 0x30, 0xFF, 0x1F, 0x33,
    0x0B, 0x33, 0x1B, 0x1E, 0x1B, 0x0C, 0x1B, 0x9E, 0x31, 0xF3, 0x00, 0x41, 0x00, 0x00, 0x00, 0x00,
    0x3B, 0xBE, 0x30, 0xB2, 0x31, 0xB2, 0x3B, 0xB2, 0x30, 0xE3, 0x3F, 0xE0, 0x06, 0x3F, 0x06, 0x33,
    0x3F, 0x92, 0x06, 0x1E, 0x06, 0x0C, 0x3F, 0xDE, 0x3C, 0x73, 0x00, 0x41, 0x00, 0x00, 0x00, 0x00,
    0x03, 0xFE, 0x0F, 0xF0, 0x0C, 0x30, 0x0C, 0x30, 0x0C, 0x30, 0x0F, 0xFF, 0x0F, 0xFF, 0x0C, 0x10,
    0x0C, 0x18, 0x0C, 0x18, 0x0C, 0x18, 0x0F, 0xEC, 0x1F, 0x87, 0x10, 0x03, 0x00, 0x00, 0x00, 0x00,
    0x0F, 0xFE, 0x08, 0x02, 0x08, 0x02, 0x0F, 0xFE, 0x0F, 0xFE, 0x08, 0x60, 0x08, 0x60, 0x0F, 0xFF,
    0x08, 0x30, 0x08, 0x30, 0x08, 0x18, 0x09, 0xD9, 0x3F, 0xCF, 0x38, 0x07, 0x00, 0x00, 0x00, 0x00,
    0x07, 0xFF, 0x0F, 0xFF, 0x0C, 0x00, 0x1F, 0xFE, 0x30, 0x00, 0x1F, 0xFC, 0x00, 0x6C, 0x0C, 0x64,
    0x0E, 0xC4, 0x03, 0x84, 0x03, 0xC6, 0x06, 0x66, 0x1C, 0x37, 0x18, 0x03, 0x00, 0x00, 0x00, 0x00,
    0x01, 0xF0, 0x00, 0x30, 0x0F, 0xC0, 0x07, 0xC1, 0x00, 0x63, 0x3F, 0x66, 0x3F, 0x7C, 0x02, 0x78,
    0x06, 0x58, 0x04, 0x4C, 0x0C, 0x4E, 0x38, 0x47, 0x31, 0xC1, 0x01, 0xC0, 0x00, 0x00, 0x00, 0x00,
    0x00, 0x4E, 0x1F, 0xF7, 0x3F, 0xFF, 0x00, 0x40, 0x18, 0x63, 0x0C, 0x66, 0x06, 0x7C, 0x00, 0x58,
    0x03, 0x58, 0x0E, 0x4C, 0x1C, 0x47, 0x30, 0x43, 0x03, 0xC0, 0x03, 0xC0, 0x00, 0x00, 0x00, 0x00,
    0x0D, 0xFF, 0x06, 0x18, 0x00, 0x18, 0x00, 0x18, 0x38, 0x18, 0x0D, 0xFF, 0x01, 0xFF, 0x00, 0x10,
    0x06, 0x18, 0x0C, 0x18, 0x0C, 0x18, 0x18, 0x18, 0x18, 0x18, 0x00, 0x10, 0x00, 0x00, 0x00, 0x00,
    0x0D, 0xFF, 0x04, 0x20, 0x00, 0x20, 0x21, 0xFF, 0x3B, 0xFF, 0x08, 0x60, 0x00, 0x60, 0x00, 0xFF,
    0x04, 0xC3, 0x0C, 0x03, 0x08, 0x03, 0x18, 0x02, 0x10, 0x1E, 0x00, 0x3C, 0x00, 0x00, 0x00, 0x00,
    0x0D, 0xFF, 0x04, 0xFF, 0x00, 0x10, 0x00, 0x10, 0x38, 0x10, 0x0C, 0x10, 0x00, 0x10, 0x00, 0x10,
    0x06, 0x10, 0x0C, 0x10, 0x0C, 0x10, 0x19, 0xFF, 0x1B, 0xFF, 0x10, 0x00, 0x00, 0x00, 0x00, 0x00,
    0x1C, 0x30, 0x05, 0xFE, 0x01, 0xFE, 0x30, 0x32, 0x38, 0x32, 0x08, 0x33, 0x03, 0xFF, 0x04, 0x78,
    0x0C, 0x78, 0x08, 0x6C, 0x18, 0xCC, 0x11, 0x86, 0x33, 0x03, 0x00, 0x00, 0x00, 0x00, 0x00, 0x00,
    0x1C, 0xFF, 0x05, 0xFF, 0x01, 0x80, 0x03, 0xFE, 0x38, 0x7E, 0x19, 0xFE, 0x01, 0xFE, 0x00, 0x02,
    0x04, 0x02, 0x0C, 0x02, 0x08, 0x02, 0x18, 0x02, 0x10, 0x03, 0x00, 0x01, 0x00, 0x00, 0x00, 0x00,
    0x0C, 0x10, 0x04, 0x92, 0x00, 0x93, 0x31, 0x93, 0x39, 0x91, 0x0B, 0x11, 0x02, 0x13, 0x00, 0x73,
    0x04, 0x76, 0x0C, 0x0C, 0x08, 0x1C, 0x18, 0x78, 0x11, 0xE0, 0x01, 0x80, 0x00, 0x00, 0x00, 0x00,
    0x1F, 0xFF, 0x0F, 0xFF, 0x00, 0x03, 0x21, 0xF3, 0x39, 0xFB, 0x0D, 0x9B, 0x01, 0x9B, 0x01, 0x9B,
    0x05, 0xFB, 0x0D, 0x83, 0x08, 0x03, 0x18, 0x03, 0x10, 0x1F, 0x10, 0x1E, 0x00, 0x00, 0x00, 0x00,
    0x0C, 0x60, 0x04, 0x64, 0x00, 0xCC, 0x30, 0xC6, 0x3F, 0xFF, 0x0F, 0xFF, 0x00, 0x01, 0x01, 0xFE,
    0x05, 0xFE, 0x0D, 0x82, 0x0D, 0x82, 0x19, 0x82, 0x11, 0xFE, 0x01, 0x82, 0x00, 0x00, 0x00, 0x00,
    0x0C, 0x44, 0x04, 0xC6, 0x00, 0xC2, 0x31, 0x83, 0x3B, 0x81, 0x0B, 0x00, 0x00, 0xFE, 0x01, 0xFF,
    0x05, 0x83, 0x0D, 0x83, 0x09, 0x83, 0x19, 0x83, 0x31, 0xFF, 0x11, 0x83, 0x00, 0x00, 0x00, 0x00,
    0x0F, 0xFF, 0x01, 0x83, 0x01, 0x83, 0x31, 0x83, 0x3D, 0x83, 0x0D, 0xFF, 0x00, 0xFF, 0x00, 0x6C,
    0x06, 0x4C, 0x04, 0x4C, 0x0C, 0xCC, 0x18, 0xCC, 0x1B, 0x8D, 0x13, 0x07, 0x00, 0x00, 0x00, 0x00,
    0x0E, 0x10, 0x01, 0xFF, 0x01, 0xFF, 0x30, 0x10, 0x3C, 0x10, 0x0C, 0x38, 0x03, 0xFF, 0x00, 0x60,
    0x06, 0x60, 0x0C, 0x46, 0x0C, 0xC3, 0x18, 0xFF, 0x1B, 0xFF, 0x10, 0x00, 0x00, 0x00, 0x00, 0x00,
    0x1C, 0x10, 0x06, 0x10, 0x03, 0xFF, 0x01, 0xFF, 0x38, 0x86, 0x1C, 0xC6, 0x00, 0xC6, 0x00, 0xC6,
    0x04, 0x44, 0x0C, 0x4C, 0x08, 0x4C, 0x18, 0x4C, 0x13, 0xFF, 0x00, 0x00, 0x00, 0x00, 0x00, 0x00,
    0x0C, 0x3C, 0x04, 0x0C, 0x01, 0xF0, 0x30, 0xF0, 0x38, 0x19, 0x0F, 0xDB, 0x00, 0xDE, 0x00, 0xDC,
    0x0C, 0x9C, 0x0D, 0x96, 0x19, 0x13, 0x1B, 0x11, 0x32, 0x70, 0x00, 0x70, 0x00, 0x00, 0x00, 0x00,
    0x0C, 0x46, 0x06, 0x44, 0x01, 0xFF, 0x21, 0xFF, 0x38, 0x44, 0x0C, 0x46, 0x00, 0x44, 0x03, 0xFF,
    0x07, 0xFF, 0x0C, 0x40, 0x0C, 0xC6, 0x19, 0x83, 0x13, 0x01, 0x00, 0x01, 0x00, 0x00, 0x00, 0x00,
    0x1D, 0xFE, 0x05, 0xB0, 0x00, 0x10, 0x21, 0xFF, 0x3B, 0xFF, 0x18, 0x10, 0x00, 0x10, 0x01, 0xFF,
    0x0D, 0xFF, 0x0D, 0x83, 0x19, 0x83, 0x19, 0x83, 0x31, 0xFF, 0x01, 0x83, 0x00, 0x00, 0x00, 0x00,
    0x1C, 0x33, 0x07, 0xFF, 0x00, 0x30, 0x20, 0xFE, 0x39, 0xFF, 0x19, 0x33, 0x01, 0xFF, 0x01, 0xFF,
    0x0D, 0x33, 0x09, 0xFF, 0x19, 0x33, 0x11, 0x33, 0x31, 0x37, 0x01, 0x37, 0x00, 0x00, 0x00, 0x00,
    0x1C, 0xC0, 0x05, 0xFF, 0x01, 0x80, 0x33, 0xFF, 0x38, 0xFF, 0x09, 0x93, 0x01, 0x9B, 0x03, 0xFF,
    0x0D, 0x93, 0x0D, 0xB3, 0x19, 0xFF, 0x19, 0xFF, 0x30, 0x06, 0x10, 0x1E, 0x00, 0x00, 0x00, 0x00,
    0x1D, 0xFF, 0x05, 0x08, 0x01, 0x3F, 0x21, 0x7F, 0x39, 0x08, 0x09, 0x18, 0x01, 0xFF, 0x01, 0x08,
    0x0F, 0x1C, 0x0B, 0x7F, 0x1B, 0x08, 0x12, 0x1C, 0x36, 0xFF, 0x00, 0x00, 0x00, 0x00, 0x00, 0x00,
    0x0C, 0x38, 0x07, 0xFF, 0x00, 0xD8, 0x10, 0x98, 0x39, 0xBF, 0x09, 0xB3, 0x03, 0x7B, 0x07, 0xF7,
    0x0D, 0x9E, 0x0D, 0x8E, 0x09, 0x8C, 0x19, 0x9E, 0x11, 0xF3, 0x11, 0xE1, 0x00, 0x00, 0x00, 0x00,
    0x0C, 0xFE, 0x05, 0xB2, 0x01, 0xB3, 0x33, 0x11, 0x3B, 0x13, 0x09, 0xFF, 0x01, 0xF8, 0x00, 0x10,
    0x0F, 0xFF, 0x0D, 0xFF, 0x08, 0x10, 0x18, 0x10, 0x11, 0xFF, 0x11, 0xFF, 0x00, 0x00, 0x00, 0x00,
    0x0D, 0xFF, 0x05, 0x83, 0x01, 0xFF, 0x31, 0x83, 0x1D, 0xFF, 0x0C, 0xFE, 0x01, 0x08, 0x01, 0x89,
    0x05, 0xFF, 0x0D, 0xFE, 0x0D, 0x88, 0x19, 0xB8, 0x1B, 0xFF, 0x13, 0x8F, 0x00, 0x00, 0x00, 0x00,
    0x1D, 0x82, 0x05, 0x82, 0x01, 0xFE, 0x21, 0x82, 0x39, 0xFE, 0x08, 0xC0, 0x00, 0xFF, 0x01, 0x9B,
    0x0F, 0xB1, 0x0D, 0xF3, 0x19, 0x8B, 0x18, 0xFB, 0x30, 0x7F, 0x00, 0x0E, 0x00, 0x00, 0x00, 0x00,
    0x1C, 0x38, 0x07, 0xFF, 0x00, 0x66, 0x00, 0x3C, 0x38, 0x7E, 0x0F, 0xC7, 0x00, 0xC3, 0x00, 0xFF,
    0x04, 0xC3, 0x0C, 0xFF, 0x08, 0xFF, 0x19, 0x83, 0x13, 0x03, 0x03, 0x03, 0x00, 0x00, 0x00, 0x00,
    0x0D, 0xFC, 0x05, 0x23, 0x01, 0xB3, 0x30, 0x96, 0x38, 0x94, 0x08, 0xBB, 0x01, 0xFF, 0x00, 0x10,
    0x0F, 0xFF, 0x0D, 0xFF, 0x18, 0x38, 0x18, 0xEE, 0x13, 0x87, 0x03, 0x01, 0x00, 0x00, 0x00, 0x00,
    0x1C, 0x09, 0x03, 0xFF, 0x03, 0xFF, 0x33, 0xEC, 0x3B, 0xFD, 0x0B, 0x0D, 0x03, 0xFF, 0x0B, 0x9F,
    0x0A, 0x96, 0x1A, 0xF6, 0x16, 0xEE, 0x36, 0x1E, 0x34, 0x33, 0x04, 0x23, 0x00, 0x00, 0x00, 0x00,
    0x1C, 0xFE, 0x04, 0x82, 0x00, 0x9E, 0x30, 0xB2, 0x38, 0xB2, 0x0B, 0xFF, 0x03, 0x01, 0x03, 0x7D,
    0x0F, 0x6D, 0x0F, 0x45, 0x0B, 0x7D, 0x1B, 0x41, 0x33, 0x03, 0x03, 0x07, 0x00, 0x00, 0x00, 0x00,
    0x0D, 0xFE, 0x05, 0x82, 0x01, 0xFE, 0x31, 0x82, 0x39, 0x86, 0x0D, 0xFE, 0x00, 0x00, 0x01, 0xFF,
    0x07, 0x6B, 0x0D, 0x6B, 0x09, 0x6B, 0x19, 0x69, 0x13, 0xFF, 0x17, 0xFF, 0x00, 0x00, 0x00, 0x00,
    0x0C, 0xE6, 0x07, 0xFF, 0x00, 0x44, 0x33, 0xFF, 0x3F, 0xFF, 0x08, 0xC6, 0x01, 0xFF, 0x03, 0xFF,
    0x0F, 0x05, 0x0C, 0xFC, 0x18, 0xC0, 0x18, 0x81, 0x30, 0xFF, 0x10, 0xFF, 0x00, 0x00, 0x00, 0x00,
    0x1C, 0x8F, 0x04, 0x89, 0x03, 0xF9, 0x33, 0xFF, 0x38, 0x8F, 0x08, 0x89, 0x03, 0xE9, 0x03, 0x6F,
    0x0E, 0x6F, 0x0E, 0x79, 0x1B, 0xF9, 0x1B, 0xF9, 0x32, 0x31, 0x10, 0x27, 0x00, 0x00, 0x00, 0x00,
    0x1D, 0xFF, 0x05, 0x83, 0x01, 0xFF, 0x31, 0x83, 0x39, 0x83, 0x09, 0xFF, 0x00, 0x28, 0x01, 0x6D,
    0x0D, 0x6D, 0x0D, 0xEF, 0x19, 0xEF, 0x18, 0x6C, 0x13, 0xFF, 0x17, 0xFF, 0x00, 0x00, 0x00, 0x00,
    0x0D, 0xFF, 0x05, 0x08, 0x01, 0x1C, 0x01, 0x7F, 0x39, 0x41, 0x09, 0x7F, 0x01, 0x63, 0x03, 0x7F,
    0x0F, 0x08, 0x0B, 0x6B, 0x1A, 0x49, 0x1A, 0xC9, 0x36, 0x98, 0x04, 0x38, 0x00, 0x00, 0x00, 0x00,
    0x0F, 0xFF, 0x04, 0x44, 0x01, 0xFF, 0x30, 0x44, 0x3B, 0xFF, 0x09, 0xFF, 0x01, 0xFF, 0x05, 0x93,
    0x0D, 0xFF, 0x0D, 0x93, 0x0B, 0xFF, 0x19, 0x83, 0x11, 0x83, 0x11, 0x8F, 0x00, 0x00, 0x00, 0x00,
    0x0C, 0xC6, 0x06, 0xCE, 0x03, 0xFF, 0x00, 0x84, 0x39, 0x8C, 0x09, 0x2D, 0x03, 0x7B, 0x03, 0x5B,
    0x0D, 0xCE, 0x0D, 0xC7, 0x19, 0x6D, 0x1B, 0xFF, 0x37, 0xFF, 0x00, 0x00, 0x00, 0x00, 0x00, 0x00,
    0x0C, 0xFE, 0x04, 0x9E, 0x00, 0x96, 0x30, 0xF7, 0x1B, 0xFF, 0x0F, 0x01, 0x01, 0xFF, 0x00, 0xC2,
    0x06, 0xFE, 0x0C, 0xC2, 0x0C, 0xFE, 0x18, 0xC2, 0x18, 0xC2, 0x00, 0x8E, 0x00, 0x00, 0x00, 0x00,
    0x1C, 0xFC, 0x04, 0xFC, 0x01, 0x88, 0x23, 0xFF, 0x3B, 0xB3, 0x09, 0xBB, 0x01, 0xFF, 0x05, 0x91,
    0x0D, 0xFF, 0x0C, 0xFF, 0x19, 0x4B, 0x1B, 0x69, 0x13, 0x6D, 0x02, 0x00, 0x00, 0x00, 0x00, 0x00,
    0x0F, 0xFF, 0x07, 0xFF, 0x00, 0x7C, 0x11, 0xD7, 0x3B, 0x39, 0x0C, 0x7C, 0x00, 0xE6, 0x03, 0x93,
    0x07, 0x92, 0x0C, 0xD6, 0x0C, 0x7C, 0x19, 0xFE, 0x1B, 0x93, 0x10, 0x70, 0x00, 0x00, 0x00, 0x00,
    0x1D, 0xFF, 0x07, 0xFF, 0x03, 0x01, 0x01, 0xFF, 0x38, 0x38, 0x09, 0xFF, 0x01, 0x93, 0x05, 0xFF,
    0x0D, 0x93, 0x0D, 0xFF, 0x19, 0xFF, 0x18, 0xC6, 0x33, 0x83, 0x03, 0x01, 0x00, 0x00, 0x00, 0x00,
    0x1F, 0xFF, 0x07, 0xFF, 0x00, 0xEC, 0x31, 0xFF, 0x39, 0x13, 0x09, 0xFF, 0x01, 0xFE, 0x01, 0xFF,
    0x0C, 0x30, 0x0F, 0xFF, 0x1B, 0xFF, 0x18, 0xEC, 0x33, 0xC7, 0x03, 0x01, 0x00, 0x00, 0x00, 0x00,
    0x1F, 0xFF, 0x00, 0x8D, 0x03, 0xED, 0x30, 0xC9, 0x3B, 0xFB, 0x08, 0x6E, 0x01, 0xCC, 0x00, 0xF8,
    0x0C, 0x77, 0x0B, 0xFF, 0x18, 0xB4, 0x11, 0xB6, 0x33, 0x33, 0x02, 0x31, 0x00, 0x00, 0x00, 0x00,
    0x0D, 0xCF, 0x05, 0x83, 0x01, 0xEF, 0x01, 0xEF, 0x39, 0x81, 0x0D, 0xFF, 0x00, 0xC0, 0x04, 0xFF,
    0x0D, 0xFF, 0x0F, 0x05, 0x09, 0xDF, 0x19, 0x49, 0x13, 0x43, 0x00, 0x0F, 0x00, 0x00, 0x00, 0x00,
    0x0C, 0xFF, 0x05, 0x93, 0x00, 0xFF, 0x31, 0xFF, 0x3B, 0xFF, 0x09, 0xFF, 0x01, 0x83, 0x01, 0xFF,
    0x05, 0xFF, 0x0D, 0xFF, 0x09, 0xFF, 0x18, 0xE6, 0x13, 0xC3, 0x02, 0x00, 0x00, 0x00, 0x00, 0x00,
    0x1D, 0xEC, 0x07, 0xFC, 0x03, 0x3F, 0x33, 0xFB, 0x3B, 0xF9, 0x0B, 0xFB, 0x00, 0xCB, 0x07, 0xFF,
    0x0D, 0xE6, 0x09, 0xF6, 0x19, 0x36, 0x1B, 0x2F, 0x33, 0x79, 0x16, 0xF1, 0x00, 0x00, 0x00, 0x00,
    0x00, 0x40, 0x00, 0x40, 0x0C, 0x43, 0x0C, 0x43, 0x0C, 0x46, 0x18, 0xC6, 0x18, 0xEC, 0x00, 0xE0,
    0x01, 0xB0, 0x03, 0x30, 0x03, 0x18, 0x0E, 0x0E, 0x3C, 0x07, 0x10, 0x01, 0x00, 0x00, 0x00, 0x00,
    0x1F, 0xFF, 0x18, 0x20, 0x18, 0x60, 0x18, 0x60, 0x19, 0x63, 0x1B, 0x63, 0x1B, 0x76, 0x1E, 0x74,
    0x18, 0x70, 0x18, 0xD8, 0x18, 0xCC, 0x11, 0x8E, 0x37, 0x03, 0x24, 0x01, 0x00, 0x00, 0x00, 0x00,
    0x0C, 0xC6, 0x19, 0x8C, 0x18, 0xCC, 0x0C, 0x66, 0x06, 0x23, 0x00, 0xC0, 0x04, 0xC3, 0x0C, 0xC6,
    0x18, 0xE4, 0x11, 0xE4, 0x01, 0xB0, 0x07, 0x1C, 0x3E, 0x0F, 0x10, 0x03, 0x00, 0x00, 0x00, 0x00,
    0x06, 0xC6, 0x04, 0xEC, 0x0C, 0xEC, 0x01, 0xB0, 0x07, 0x1C, 0x1E, 0x4F, 0x10, 0xC3, 0x06, 0xC6,
    0x0C, 0xEC, 0x08, 0xE8, 0x01, 0xB0, 0x07, 0x1C, 0x1E, 0x0F, 0x10, 0x03, 0x00, 0x00, 0x00, 0x00,
    0x06, 0x60, 0x07, 0xE0, 0x1F, 0xFC, 0x01, 0x8C, 0x01, 0xFE, 0x03, 0xFE, 0x06, 0x02, 0x0F, 0xFF,
    0x1F, 0xFF, 0x3C, 0x49, 0x0D, 0x6D, 0x0D, 0xA1, 0x19, 0xA3, 0x10, 0x0E, 0x00, 0x00, 0x00, 0x00,
    0x09, 0xFF, 0x0C, 0x6C, 0x1F, 0xFF, 0x3F, 0xFF, 0x3D, 0x25, 0x2D, 0xED, 0x09, 0xFF, 0x08, 0x18,
    0x08, 0x18, 0x0D, 0xFF, 0x1E, 0x18, 0x1A, 0x18, 0x33, 0xFF, 0x33, 0xFF, 0x00, 0x00, 0x00, 0x00,
    0x09, 0xBE, 0x3F, 0xB8, 0x3E, 0xF1, 0x1F, 0xBF, 0x1B, 0xBE, 0x1F, 0xB6, 0x1F, 0xBE, 0x1D, 0xB1,
    0x19, 0xB7, 0x13, 0x1F, 0x08, 0x02, 0x19, 0xB3, 0x31, 0xB1, 0x00, 0x00, 0x00, 0x00, 0x00, 0x00,
    0x0F, 0xFF, 0x00, 0x10, 0x04, 0x10, 0x0C, 0x10, 0x0C, 0x10, 0x0F, 0xFF, 0x0F, 0xFF, 0x00, 0x70,
    0x01, 0xD0, 0x03, 0x90, 0x0E, 0x10, 0x1C, 0x10, 0x10, 0xF0, 0x00, 0xF0, 0x00, 0x00, 0x00, 0x00,
    0x0C, 0x40, 0x0F, 0xFE, 0x0F, 0xFF, 0x18, 0x40, 0x30, 0x40, 0x00, 0x40, 0x00, 0xE0, 0x3F, 0xFF,
    0x00, 0x40, 0x00, 0x40, 0x00, 0x40, 0x00, 0x40, 0x00, 0x40, 0x00, 0x40, 0x00, 0x00, 0x00, 0x00,
    0x14, 0x60, 0x14, 0x7F, 0x1F, 0x7F, 0x3E, 0xD7, 0x34, 0x97, 0x24, 0xB5, 0x07, 0x2D, 0x1F, 0x6D,
    0x3C, 0xC9, 0x04, 0x99, 0x04, 0x11, 0x04, 0x33, 0x04, 0x6F, 0x04, 0x4E, 0x00, 0x00, 0x00, 0x00,
    0x1C, 0xFF, 0x1C, 0xFF, 0x3E, 0xFF, 0x3C, 0x18, 0x25, 0xFF, 0x05, 0xFF, 0x0F, 0xFD, 0x3C, 0x6D,
    0x2D, 0xFF, 0x0C, 0x65, 0x0D, 0xF7, 0x0D, 0x66, 0x0C, 0x6F, 0x04, 0xC9, 0x00, 0x00, 0x00, 0x00,
    0x00, 0x4C, 0x00, 0x46, 0x00, 0x42, 0x1F, 0xFF, 0x3F, 0xFF, 0x00, 0xE0, 0x00, 0xE0, 0x00, 0xB0,
    0x01, 0x90, 0x03, 0x18, 0x07, 0x0C, 0x0E, 0x06, 0x3C, 0x03, 0x10, 0x01, 0x00, 0x00, 0x00, 0x00,
    0x1B, 0xFF, 0x0E, 0xFF, 0x0C, 0x18, 0x1E, 0x18, 0x36, 0x18, 0x06, 0x18, 0x0E, 0xFF, 0x1E, 0x18,
    0x32, 0x18, 0x02, 0x18, 0x02, 0x08, 0x06, 0xFF, 0x1F, 0xFF, 0x1C, 0x00, 0x00, 0x00, 0x00, 0x00,
    0x1E, 0x18, 0x0D, 0xFF, 0x1C, 0x1B, 0x34, 0x9B, 0x06, 0xDA, 0x06, 0x52, 0x0F, 0xFF, 0x1F, 0xFF,
    0x36, 0x38, 0x26, 0x3C, 0x06, 0x6C, 0x06, 0xC6, 0x1F, 0x83, 0x1D, 0x01, 0x00, 0x00, 0x00, 0x00,
    0x1F, 0xCD, 0x1F, 0xCD, 0x02, 0x0C, 0x3F, 0xFF, 0x3D, 0xFF, 0x35, 0x4C, 0x37, 0x4E, 0x3F, 0xCE,
    0x32, 0x4E, 0x3F, 0xDA, 0x36, 0xDB, 0x32, 0x73, 0x32, 0xF1, 0x30, 0xE0, 0x00, 0x00, 0x00, 0x00,
    0x1E, 0xFF, 0x0C, 0xFF, 0x1D, 0xFF, 0x3D, 0xEF, 0x06, 0xFF, 0x06, 0xC3, 0x0E, 0x81, 0x1E, 0xFF,
    0x36, 0x39, 0x36, 0xEF, 0x07, 0xCE, 0x06, 0x46, 0x1D, 0xFB, 0x1D, 0xC1, 0x00, 0x00, 0x00, 0x00,
    0x3D, 0xE7, 0x1B, 0xE5, 0x1B, 0xEC, 0x39, 0xFF, 0x09, 0xEE, 0x0C, 0x0C, 0x1D, 0xEE, 0x3C, 0x0E,
    0x3F, 0xEE, 0x0F, 0x2E, 0x0F, 0x7B, 0x0B, 0xFB, 0x19, 0x31, 0x38, 0x21, 0x00, 0x00, 0x00, 0x00,
    0x1F, 0xFF, 0x0C, 0x6C, 0x1C, 0xDF, 0x3D, 0xFF, 0x07, 0xFF, 0x06, 0xFF, 0x0C, 0xFF, 0x1E, 0xFF,
    0x36, 0x7F, 0x25, 0xFF, 0x04, 0xE7, 0x04, 0x3C, 0x1D, 0xFF, 0x19, 0xC3, 0x00, 0x00, 0x00, 0x00,
    0x00, 0x40, 0x3F, 0xFF, 0x3F, 0xFF, 0x01, 0x80, 0x03, 0x0C, 0x1E, 0x18, 0x0E, 0x30, 0x03, 0x60,
    0x01, 0xC8, 0x01, 0x8C, 0x03, 0x06, 0x07, 0xFF, 0x3F, 0xFF, 0x00, 0x01, 0x00, 0x00, 0x00, 0x00,
    0x1F, 0xFF, 0x1F, 0xFF, 0x00, 0x40, 0x00, 0x40, 0x00, 0x40, 0x0F, 0xFE, 0x0F, 0xFE, 0x00, 0x48,
    0x00, 0x4C, 0x00, 0x46, 0x00, 0x42, 0x1F, 0xFF, 0x3F, 0xFF, 0x00, 0x00, 0x00, 0x00, 0x00, 0x00,
    0x1F, 0xFF, 0x1F, 0xFF, 0x00, 0x40, 0x00, 0x40, 0x00, 0x40, 0x00, 0xC0, 0x0F, 0xFE, 0x00, 0xC0,
    0x00, 0x40, 0x00, 0x40, 0x00, 0x40, 0x3F, 0xFF, 0x3F, 0xFF, 0x00, 0x00, 0x00, 0x00, 0x00, 0x00,
    0x3F, 0xFF, 0x3E, 0x7F, 0x0C, 0x00, 0x0C, 0x00, 0x1F, 0xFF, 0x3F, 0xFF, 0x0C, 0x24, 0x0C, 0x64,
    0x0C, 0x64, 0x0F, 0x64, 0x3F, 0x64, 0x38, 0xC4, 0x01, 0x87, 0x03, 0x07, 0x00, 0x00, 0x00, 0x00,
    0x3F, 0xFF, 0x0C, 0xC1, 0x0C, 0xFF, 0x0C, 0xC3, 0x3E, 0xC3, 0x3E, 0xFF, 0x0C, 0xC1, 0x0C, 0xFF,
    0x0D, 0xFF, 0x1F, 0x6C, 0x3C, 0x6C, 0x00, 0xCC, 0x01, 0xCD, 0x03, 0x07, 0x00, 0x00, 0x00, 0x00,
    0x3F, 0x19, 0x1F, 0x19, 0x0D, 0xFF, 0x0C, 0x18, 0x1E, 0x99, 0x3E, 0xD9, 0x0C, 0x4F, 0x0C, 0x1C,
    0x0C, 0x3E, 0x0F, 0x7E, 0x3F, 0xDB, 0x31, 0x99, 0x00, 0x38, 0x00, 0x70, 0x00, 0x00, 0x00, 0x00,
    0x3F, 0xFF, 0x1E, 0x99, 0x0C, 0xD9, 0x0C, 0xFF, 0x1E, 0x99, 0x3E, 0xD9, 0x0C, 0xFF, 0x0C, 0x18,
    0x0C, 0x18, 0x0F, 0xFF, 0x3E, 0x18, 0x30, 0x18, 0x01, 0xFF, 0x00, 0x00, 0x00, 0x00, 0x00, 0x00,
    0x3F, 0xBF, 0x06, 0x0C, 0x1F, 0xBF, 0x06, 0x0C, 0x3F, 0xFF, 0x39, 0xF0, 0x07, 0x1C, 0x3F, 0xFF,
    0x30, 0x01, 0x0F, 0xFC, 0x0F, 0xFC, 0x00, 0x0C, 0x00, 0x18, 0x00, 0x18, 0x00, 0x00, 0x00, 0x00,
    0x3F, 0xFF, 0x3F, 0xAD, 0x08, 0xFF, 0x09, 0xFF, 0x3F, 0xFF, 0x3E, 0x7C, 0x08, 0xFF, 0x08, 0x83,
    0x0A, 0xFF, 0x1E, 0x3B, 0x38, 0xFF, 0x03, 0xA6, 0x03, 0x37, 0x00, 0x21, 0x00, 0x00, 0x00, 0x00,
    0x1F, 0xFF, 0x0F, 0xFF, 0x3F, 0xFF, 0x0B, 0x5A, 0x0F, 0xFE, 0x09, 0xDE, 0x0B, 0xFA, 0x0C, 0x66,
    0x1F, 0xFF, 0x1F, 0xFF, 0x0F, 0xFE, 0x00, 0x4C, 0x3F, 0xFF, 0x3F, 0xFF, 0x00, 0x00, 0x00, 0x00,
    0x3F, 0xFF, 0x1F, 0xFF, 0x02, 0x00, 0x07, 0xF8, 0x07, 0xF8, 0x06, 0x08, 0x06, 0x88, 0x06, 0xC8,
    0x06, 0x68, 0x04, 0x68, 0x0C, 0x0D, 0x0C, 0xE9, 0x3F, 0xEF, 0x38, 0x0F, 0x00, 0x00, 0x00, 0x00,
    0x06, 0x0C, 0x06, 0x0C, 0x3F, 0xFF, 0x3F, 0xFF, 0x06, 0x0C, 0x06, 0x0C, 0x07, 0xFC, 0x07, 0xFC,
    0x06, 0x0C, 0x06, 0x0C, 0x06, 0x0C, 0x07, 0xFC, 0x07, 0xFC, 0x06, 0x0C, 0x00, 0x00, 0x00, 0x00,
    0x04, 0x40, 0x0C, 0x40, 0x0F, 0xFF, 0x1F, 0xFF, 0x18, 0x40, 0x30, 0x40, 0x00, 0xE0, 0x0F, 0xFF,
    0x00, 0x40, 0x00, 0x40, 0x00, 0x40, 0x00, 0xE0, 0x3F, 0xFF, 0x00, 0x00, 0x00, 0x00, 0x00, 0x00,
    0x1F, 0xFF, 0x07, 0x0C, 0x03, 0x08, 0x0F, 0xFF, 0x1F, 0xFF, 0x19, 0x20, 0x1B, 0xFE, 0x1B, 0xFF,
    0x16, 0x30, 0x13, 0xFE, 0x11, 0x34, 0x30, 0x20, 0x37, 0xFF, 0x27, 0xFF, 0x00, 0x00, 0x00, 0x00,
    0x0F, 0xFF, 0x0F, 0xFF, 0x08, 0x43, 0x0F, 0xFF, 0x0F, 0xFF, 0x08, 0x43, 0x08, 0x43, 0x0F, 0xFF,
    0x0F, 0xFF, 0x18, 0x43, 0x18, 0x43, 0x18, 0x43, 0x30, 0x4F, 0x30, 0x4E, 0x00, 0x00, 0x00, 0x00,
    0x1F, 0xFF, 0x1F, 0xFF, 0x10, 0x43, 0x10, 0x43, 0x10, 0x43, 0x18, 0xC3, 0x1F, 0xFF, 0x18, 0xC3,
    0x10, 0x43, 0x10, 0x43, 0x18, 0x43, 0x1F, 0xFF, 0x18, 0x03, 0x10, 0x01, 0x00, 0x00, 0x00, 0x00,
    0x0F, 0xFF, 0x0F, 0xFF, 0x08, 0x43, 0x0F, 0xFF, 0x0F, 0xFF, 0x08, 0x43, 0x08, 0x43, 0x0F, 0xFF,
    0x0F, 0xFF, 0x08, 0x41, 0x00, 0x40, 0x00, 0x40, 0x00, 0x40, 0x00, 0x40, 0x00, 0x00, 0x00, 0x00,
    0x3F, 0xC0, 0x36, 0xFF, 0x36, 0xC6, 0x36, 0xC6, 0x3F, 0xC6, 0x3F, 0xC6, 0x36, 0xC6, 0x36, 0xC6,
    0x36, 0xC6, 0x3F, 0xC6, 0x3F, 0x86, 0x30, 0x06, 0x00, 0x1E, 0x00, 0x3C, 0x00, 0x00, 0x00, 0x00,
    0x3F, 0xFF, 0x00, 0x40, 0x03, 0xF8, 0x13, 0xFD, 0x12, 0x4D, 0x12, 0xED, 0x13, 0xFD, 0x12, 0x4D,
    0x12, 0xED, 0x13, 0xFD, 0x10, 0x01, 0x1F, 0xFF, 0x1F, 0xFF, 0x10, 0x01, 0x00, 0x00, 0x00, 0x00,
    0x0F, 0xFE, 0x08, 0x42, 0x0F, 0xFE, 0x08, 0xC2, 0x08, 0x42, 0x0F, 0xFE, 0x03, 0xB8, 0x06, 0x0C,
    0x1F, 0x0F, 0x3B, 0x19, 0x03, 0x18, 0x07, 0x18, 0x0E, 0x18, 0x08, 0x08, 0x00, 0x00, 0x00, 0x00,
    0x0F, 0xFE, 0x0C, 0x42, 0x0F, 0xFE, 0x0C, 0x42, 0x0F, 0xFE, 0x07, 0xFE, 0x10, 0x00, 0x3F, 0xFF,
    0x06, 0x63, 0x06, 0x3E, 0x04, 0x38, 0x07, 0xFC, 0x1F, 0xC7, 0x10, 0x01, 0x00, 0x00, 0x00, 0x00,
    0x06, 0x10, 0x3F, 0xDE, 0x3F, 0xBE, 0x00, 0x32, 0x3F, 0xE6, 0x36, 0xE6, 0x34, 0xC6, 0x3F, 0x8C,
    0x3F, 0x8E, 0x34, 0x9E, 0x36, 0x9A, 0x3F, 0xB3, 0x30, 0x63, 0x30, 0x41, 0x00, 0x00, 0x00, 0x00,
    0x0F, 0xFE, 0x08, 0x42, 0x0F, 0xFE, 0x08, 0xC2, 0x0F, 0xFE, 0x03, 0x18, 0x03, 0x18, 0x1F, 0xFF,
    0x02, 0x18, 0x3F, 0xFF, 0x3F, 0xFF, 0x03, 0x1C, 0x1E, 0x0F, 0x10, 0x01, 0x00, 0x00, 0x00, 0x00,
    0x09, 0x5A, 0x1A, 0x5E, 0x0E, 0x4E, 0x0D, 0x4F, 0x1F, 0xFF, 0x1F, 0xFE, 0x3F, 0xFF, 0x1F, 0x62,
    0x1F, 0xB6, 0x16, 0xBC, 0x1F, 0x98, 0x1E, 0xB8, 0x1F, 0xEF, 0x10, 0xC7, 0x00, 0x00, 0x00, 0x00,
    0x1F, 0x03, 0x1C, 0x36, 0x11, 0x9C, 0x1F, 0x8C, 0x1E, 0x7F, 0x1F, 0xFF, 0x3F, 0x09, 0x34, 0x69,
    0x3F, 0xEF, 0x3F, 0xEF, 0x06, 0x68, 0x0F, 0x78, 0x19, 0xDC, 0x30, 0x8F, 0x00, 0x00, 0x00, 0x00,
    0x03, 0xFF, 0x0F, 0xFF, 0x2C, 0x78, 0x3C, 0xFC, 0x1C, 0xCC, 0x0D, 0x8D, 0x0F, 0x87, 0x1D, 0x78,
    0x3D, 0xFE, 0x2C, 0xC6, 0x08, 0x6C, 0x18, 0x78, 0x13, 0xFF, 0x13, 0x87, 0x00, 0x00, 0x00, 0x00,
    0x03, 0xFF, 0x0F, 0xFF, 0x2C, 0xC0, 0x3C, 0xC0, 0x1D, 0xFF, 0x0D, 0xB0, 0x0D, 0x10, 0x1F, 0xFF,
    0x3F, 0xFF, 0x0C, 0x38, 0x08, 0x7C, 0x18, 0xEE, 0x33, 0xC7, 0x13, 0x01, 0x00, 0x00, 0x00, 0x00,
    0x03, 0xFF, 0x0F, 0xFF, 0x2C, 0x00, 0x3D, 0xFE, 0x1D, 0x82, 0x0D, 0xFE, 0x0D, 0x82, 0x1D, 0x86,
    0x3D, 0xFF, 0x0D, 0x93, 0x09, 0x9E, 0x19, 0xBC, 0x33, 0xF7, 0x13, 0x01, 0x00, 0x00, 0x00, 0x00,
    0x1F, 0xBC, 0x09, 0x99, 0x0F, 0x1B, 0x06, 0x0E, 0x0F, 0xFF, 0x3F, 0xFF, 0x23, 0x10, 0x03, 0x18,
    0x1F, 0xFF, 0x03, 0x18, 0x03, 0x10, 0x06, 0x11, 0x1C, 0x1F, 0x18, 0x1F, 0x00, 0x00, 0x00, 0x00,
    0x04, 0x10, 0x1F, 0x3F, 0x1F, 0xBF, 0x11, 0xE1, 0x11, 0xC1, 0x19, 0x91, 0x1F, 0x99, 0x11, 0x8D,
    0x11, 0x8D, 0x11, 0x81, 0x19, 0x81, 0x1F, 0x81, 0x18, 0x0F, 0x10, 0x0E, 0x00, 0x00, 0x00, 0x00,
    0x0F, 0x37, 0x0F, 0xBE, 0x08, 0x30, 0x08, 0x31, 0x1F, 0xBF, 0x3E, 0xFF, 0x00, 0xC0, 0x0F, 0xFE,
    0x0C, 0x06, 0x0F, 0xFE, 0x0F, 0xFE, 0x0C, 0x06, 0x0F, 0xFE, 0x0C, 0x06, 0x00, 0x00, 0x00, 0x00,
    0x0F, 0xFE, 0x0F, 0xFE, 0x0C, 0x02, 0x0F, 0xFE, 0x0C, 0x02, 0x0F, 0xFE, 0x00, 0x00, 0x1F, 0xFF,
    0x1F, 0xFF, 0x00, 0xC0, 0x0F, 0xFE, 0x00, 0x40, 0x3F, 0xFF, 0x3F, 0xFF, 0x00, 0x00, 0x00, 0x00,
    0x00, 0x00, 0x1F, 0xFE, 0x19, 0xB2, 0x19, 0xB2, 0x19, 0xB2, 0x19, 0xB2, 0x19, 0xB2, 0x19, 0xB2,
    0x19, 0xB2, 0x19, 0xB2, 0x19, 0xB2, 0x3F, 0xFF, 0x3F, 0xFF, 0x00, 0x00, 0x00, 0x00, 0x00, 0x00,
    0x03, 0x0C, 0x03, 0x08, 0x1F, 0xFF, 0x1F, 0xFF, 0x03, 0x08, 0x06, 0x0C, 0x0C, 0x06, 0x1F, 0xFF,
    0x3F, 0xFF, 0x0D, 0x92, 0x0D, 0x92, 0x0D, 0xB6, 0x3F, 0xFF, 0x3F, 0xFF, 0x00, 0x00, 0x00, 0x00,
    0x3F, 0x90, 0x3F, 0x3F, 0x3F, 0xBF, 0x30, 0xE0, 0x3F, 0xC0, 0x36, 0x3F, 0x3F, 0x9F, 0x00, 0x00,
    0x0F, 0xFE, 0x09, 0xB2, 0x19, 0x32, 0x09, 0x32, 0x3F, 0xFF, 0x3F, 0xFF, 0x00, 0x00, 0x00, 0x00,
    0x0F, 0xFE, 0x0C, 0x06, 0x08, 0x06, 0x0F, 0xFE, 0x0F, 0xFE, 0x08, 0x06, 0x08, 0x06, 0x0F, 0xFE,
    0x0F, 0xFE, 0x08, 0x06, 0x08, 0x06, 0x0F, 0xFE, 0x1F, 0xFE, 0x08, 0x06, 0x00, 0x00, 0x00, 0x00,
    0x1F, 0xFF, 0x1F, 0xFF, 0x00, 0x40, 0x1B, 0xFE, 0x1B, 0x06, 0x1B, 0xFE, 0x1B, 0x06, 0x1B, 0xFE,
    0x1B, 0x06, 0x1B, 0xFE, 0x18, 0x00, 0x1F, 0xFF, 0x1F, 0xFF, 0x18, 0x00, 0x00, 0x00, 0x00, 0x00,
    0x06, 0x7F, 0x06, 0x61, 0x3F, 0xC1, 0x1F, 0xFF, 0x04, 0x7F, 0x0E, 0x41, 0x0F, 0x41, 0x1F, 0xFF,
    0x16, 0x7F, 0x36, 0x41, 0x26, 0x41, 0x06, 0x7F, 0x06, 0x7F, 0x04, 0x41, 0x00, 0x00, 0x00, 0x00,
    0x1F, 0xFC, 0x01, 0x80, 0x1F, 0xFF, 0x01, 0x80, 0x3F, 0xFF, 0x07, 0xFC, 0x07, 0xFE, 0x0E, 0x02,
    0x3F, 0xFE, 0x36, 0x06, 0x07, 0xFE, 0x06, 0x02, 0x07, 0xFE, 0x06, 0x06, 0x00, 0x00, 0x00, 0x00,
    0x12, 0x06, 0x1B, 0xFE, 0x1B, 0x06, 0x1B, 0xFE, 0x1B, 0xFE, 0x1A, 0x06, 0x1B, 0xFE, 0x18, 0x00,
    0x1F, 0xFF, 0x1F, 0xFF, 0x06, 0x4C, 0x0C, 0x4E, 0x38, 0x43, 0x10, 0x41, 0x00, 0x00, 0x00, 0x00,
    0x3E, 0x7F, 0x32, 0x43, 0x32, 0x7B, 0x3E, 0x7F, 0x3E, 0x43, 0x32, 0x7F, 0x3E, 0x7F, 0x3E, 0x49,
    0x32, 0x4F, 0x32, 0x4E, 0x3E, 0x46, 0x30, 0x7F, 0x01, 0xFB, 0x01, 0x00, 0x00, 0x00, 0x00, 0x00,
    0x06, 0x00, 0x0F, 0xFF, 0x0C, 0xC0, 0x18, 0x40, 0x10, 0x40, 0x00, 0xC0, 0x3F, 0xFF, 0x00, 0xE0,
    0x00, 0xE0, 0x01, 0xB0, 0x03, 0x98, 0x07, 0x0C, 0x1C, 0x07, 0x10, 0x01, 0x00, 0x00, 0x00, 0x00,
    0x18, 0x10, 0x1F, 0xFF, 0x3C, 0x76, 0x34, 0x7F, 0x2C, 0xFF, 0x3F, 0x66, 0x3F, 0x3E, 0x0C, 0xFF,
    0x0E, 0x9D, 0x0F, 0xBD, 0x1B, 0xA5, 0x18, 0xBD, 0x30, 0x81, 0x00, 0x83, 0x00, 0x00, 0x00, 0x00,
    0x3F, 0x88, 0x1C, 0x2A, 0x08, 0x6B, 0x18, 0x49, 0x1F, 0xC9, 0x1F, 0xC8, 0x19, 0x89, 0x3B, 0x3B,
    0x3B, 0x3B, 0x19, 0x06, 0x1F, 0x0C, 0x1E, 0x38, 0x00, 0xF0, 0x00, 0xC0, 0x00, 0x00, 0x00, 0x00,
    0x3F, 0x7F, 0x08, 0x32, 0x08, 0x32, 0x18, 0x32, 0x1E, 0x32, 0x1F, 0xFF, 0x3B, 0x7F, 0x3B, 0x32,
    0x1B, 0x32, 0x1B, 0x22, 0x1F, 0x62, 0x1F, 0x62, 0x10, 0xC2, 0x00, 0xC2, 0x00, 0x00, 0x00, 0x00,
    0x3F, 0xB8, 0x08, 0xFE, 0x08, 0x36, 0x18, 0x36, 0x1E, 0x66, 0x1F, 0xC7, 0x1B, 0x98, 0x3B, 0x08,
    0x3B, 0xFF, 0x1B, 0xFF, 0x1F, 0x08, 0x1A, 0x18, 0x10, 0x18, 0x00, 0x08, 0x00, 0x00, 0x00, 0x00,
    0x3F, 0xFF, 0x08, 0x18, 0x08, 0xFF, 0x18, 0xD9, 0x18, 0xD9, 0x1F, 0xFF, 0x3B, 0xD9, 0x3B, 0xFF,
    0x1B, 0x58, 0x1B, 0x58, 0x1F, 0x70, 0x1E, 0x78, 0x10, 0xEF, 0x00, 0x83, 0x00, 0x00, 0x00, 0x00,
    0x1F, 0xFF, 0x1F, 0xFF, 0x07, 0xFC, 0x06, 0x0C, 0x07, 0xFC, 0x07, 0xFC, 0x3F, 0xFF, 0x06, 0x0C,
    0x0F, 0xFE, 0x3B, 0x03, 0x37, 0xFC, 0x0F, 0x0C, 0x0B, 0xFC, 0x03, 0x0C, 0x00, 0x00, 0x00, 0x00,
    0x3F, 0xFF, 0x0C, 0xFF, 0x08, 0xB5, 0x18, 0x64, 0x1E, 0x7F, 0x1F, 0xCC, 0x1B, 0xFF, 0x3B, 0x7F,
    0x3B, 0x4C, 0x1B, 0x7F, 0x1F, 0x6C, 0x1E, 0x6C, 0x18, 0x7F, 0x00, 0x40, 0x00, 0x00, 0x00, 0x00,
    0x3E, 0x62, 0x09, 0xFF, 0x19, 0xFF, 0x18, 0x46, 0x18, 0xC6, 0x1F, 0xDD, 0x13, 0xBD, 0x32, 0xEF,
    0x3A, 0x66, 0x12, 0x67, 0x1E, 0xF5, 0x1F, 0xFF, 0x19, 0xFF, 0x00, 0x00, 0x00, 0x00, 0x00, 0x00,
    0x0F, 0xFE, 0x00, 0x00, 0x00, 0x00, 0x00, 0x00, 0x3F, 0xFF, 0x00, 0x60, 0x00, 0x40, 0x06, 0x64,
    0x0C, 0x46, 0x0C, 0x43, 0x18, 0x43, 0x30, 0x41, 0x01, 0xC0, 0x03, 0xC0, 0x00, 0x00, 0x00, 0x00,
    0x06, 0x0C, 0x06, 0x0C, 0x3F, 0x8C, 0x1F, 0x0C, 0x03, 0x7F, 0x06, 0x7F, 0x0F, 0x0C, 0x1F, 0x8C,
    0x36, 0x8C, 0x06, 0x0C, 0x06, 0x0C, 0x06, 0x0C, 0x06, 0xFF, 0x06, 0xFF, 0x00, 0x00, 0x00, 0x00,
    0x0C, 0x3F, 0x0C, 0x78, 0x3F, 0x40, 0x1F, 0x40, 0x02, 0x7F, 0x06, 0x7F, 0x0E, 0x46, 0x1F, 0x46,
    0x3D, 0xC6, 0x2C, 0xC6, 0x0C, 0xC6, 0x0C, 0x86, 0x0D, 0x86, 0x0D, 0x06, 0x00, 0x00, 0x00, 0x00,
    0x0C, 0x0C, 0x0C, 0x0C, 0x3F, 0x0C, 0x1F, 0x4C, 0x06, 0x4F, 0x06, 0x4F, 0x0E, 0x4C, 0x1F, 0xCC,
    0x3D, 0xCC, 0x0C, 0x4C, 0x0C, 0x4C, 0x0C, 0x4C, 0x0D, 0xFF, 0x0D, 0xFF, 0x00, 0x00, 0x00, 0x00,
    0x0C, 0x08, 0x0C, 0x1C, 0x3F, 0xFF, 0x03, 0xC9, 0x06, 0xDD, 0x06, 0xFF, 0x0E, 0xC9, 0x1F, 0xC9,
    0x3C, 0xFF, 0x0C, 0xD9, 0x0C, 0x08, 0x0C, 0x08, 0x0C, 0x08, 0x0C, 0x08, 0x00, 0x00, 0x00, 0x00,
    0x0F, 0xFF, 0x0C, 0xB3, 0x3F, 0x92, 0x3B, 0x1E, 0x0E, 0x0C, 0x0F, 0xFF, 0x38, 0x03, 0x3F, 0xFF,
    0x1F, 0xFF, 0x00, 0x40, 0x0C, 0x4C, 0x1C, 0x46, 0x19, 0xC3, 0x01, 0xC1, 0x00, 0x00, 0x00, 0x00,
    0x1F, 0xBF, 0x1F, 0xBF, 0x0F, 0x1E, 0x1F, 0xBF, 0x36, 0x6D, 0x04, 0x08, 0x0F, 0xFE, 0x00, 0x00,
    0x3F, 0xFF, 0x1F, 0xFF, 0x04, 0x4C, 0x0C, 0x46, 0x18, 0xC3, 0x11, 0xC1, 0x00, 0x00, 0x00, 0x00,
    0x0C, 0x7F, 0x0C, 0x43, 0x3F, 0x4F, 0x03, 0x5B, 0x06, 0x5B, 0x06, 0xFF, 0x0E, 0xC1, 0x3F, 0xBD,
    0x3C, 0xB7, 0x0C, 0xA7, 0x0C, 0xBF, 0x0C, 0xB1, 0x0C, 0x81, 0x0C, 0x83, 0x00, 0x00, 0x00, 0x00,
    0x3F, 0x18, 0x16, 0x18, 0x06, 0x18, 0x1F, 0x98, 0x3F, 0x90, 0x06, 0x30, 0x0F, 0x30, 0x0F, 0xB6,
    0x1E, 0xA2, 0x36, 0x63, 0x26, 0x63, 0x06, 0x7F, 0x06, 0xFF, 0x06, 0x01, 0x00, 0x00, 0x00, 0x00,
    0x3E, 0x66, 0x0C, 0x36, 0x0C, 0x16, 0x3F, 0x06, 0x3F, 0x46, 0x0E, 0x76, 0x1F, 0x36, 0x1D, 0x06,
    0x3C, 0x0F, 0x2C, 0xFF, 0x2C, 0xC6, 0x0C, 0x06, 0x0C, 0x06, 0x0C, 0x06, 0x00, 0x00, 0x00, 0x00,
    0x3E, 0x3F, 0x3C, 0x7F, 0x0C, 0xF6, 0x3F, 0x1C, 0x3F, 0x18, 0x0C, 0xF8, 0x1E, 0xDF, 0x1F, 0x3F,
    0x3D, 0xE3, 0x2C, 0xFB, 0x2C, 0x0E, 0x0C, 0x1C, 0x0C, 0xF0, 0x0C, 0xC0, 0x00, 0x00, 0x00, 0x00,
    0x3E, 0x7E, 0x3D, 0xFF, 0x0D, 0x81, 0x3F, 0xFF, 0x3F, 0x7C, 0x0C, 0xED, 0x1F, 0xB7, 0x1F, 0x7E,
    0x3D, 0xDE, 0x2D, 0xBA, 0x2C, 0x6B, 0x0D, 0xC9, 0x0F, 0x18, 0x0C, 0x30, 0x00, 0x00, 0x00, 0x00,
    0x3E, 0xFF, 0x0D, 0xFF, 0x0C, 0x78, 0x3E, 0x7F, 0x3F, 0xCF, 0x0C, 0xFE, 0x1E, 0x61, 0x1F, 0x7F,
    0x3C, 0x7F, 0x2C, 0xFF, 0x0C, 0xFF, 0x0C, 0xC3, 0x0C, 0xFF, 0x0C, 0x43, 0x00, 0x00, 0x00, 0x00,
    0x3E, 0xFF, 0x1C, 0xFF, 0x0C, 0x7F, 0x3F, 0x63, 0x3F, 0x63, 0x0C, 0x7E, 0x1E, 0xFF, 0x1F, 0xFF,
    0x3C, 0x9D, 0x3C, 0xBF, 0x0C, 0xB7, 0x0C, 0xBF, 0x0C, 0x81, 0x0C, 0x83, 0x00, 0x00, 0x00, 0x00,
    0x3F, 0xFE, 0x06, 0x32, 0x1F, 0xB2, 0x1F, 0xB2, 0x1F, 0xE3, 0x33, 0xE0, 0x1F, 0x7F, 0x06, 0x33,
    0x3F, 0xD3, 0x0E, 0x1E, 0x0F, 0x8C, 0x3E, 0x9E, 0x36, 0x77, 0x06, 0x61, 0x00, 0x00, 0x00, 0x00,
    0x3E, 0xF8, 0x3C, 0xDB, 0x0C, 0x5A, 0x3E, 0x7F, 0x3F, 0x7F, 0x0C, 0x7B, 0x1E, 0x7F, 0x1F, 0x03,
    0x3C, 0xFF, 0x2C, 0x18, 0x2C, 0xEB, 0x0D, 0xE1, 0x0D, 0xB6, 0x0C, 0x3C, 0x00, 0x00, 0x00, 0x00,
    0x3D, 0xFF, 0x0C, 0x6E, 0x0C, 0xDC, 0x3F, 0xFF, 0x3F, 0xFF, 0x0C, 0xFF, 0x1E, 0xFF, 0x1F, 0xFF,
    0x3C, 0x67, 0x2C, 0xFF, 0x2C, 0xE7, 0x0C, 0x3C, 0x0D, 0xFF, 0x0D, 0xC3, 0x00, 0x00, 0x00, 0x00,
    0x00, 0x40, 0x1F, 0xFF, 0x1F, 0xFF, 0x10, 0x03, 0x10, 0x03, 0x03, 0x18, 0x03, 0x18, 0x03, 0x08,
    0x06, 0x0C, 0x06, 0x0C, 0x0C, 0x06, 0x0C, 0x03, 0x18, 0x03, 0x10, 0x01, 0x00, 0x00, 0x00, 0x00,
    0x1F, 0xFF, 0x1F, 0xFF, 0x11, 0x11, 0x13, 0x11, 0x06, 0x1B, 0x1C, 0xDF, 0x00, 0xC0, 0x0F, 0xF8,
    0x0F, 0xFC, 0x01, 0x8C, 0x01, 0x8C, 0x07, 0x08, 0x1E, 0x0F, 0x18, 0x0F, 0x00, 0x00, 0x00, 0x00,
    0x1F, 0xFF, 0x1F, 0xFF, 0x11, 0x31, 0x13, 0x11, 0x03, 0x11, 0x0E, 0x1F, 0x1C, 0x1F, 0x0F, 0xFE,
    0x0F, 0xFE, 0x00, 0x40, 0x00, 0x40, 0x00, 0xE0, 0x3F, 0xFF, 0x3F, 0xFF, 0x00, 0x00, 0x00, 0x00,
    0x3F, 0xFF, 0x33, 0xF1, 0x07, 0x33, 0x1C, 0x1E, 0x1F, 0xFF, 0x08, 0x03, 0x0F, 0xFF, 0x0F, 0xFF,
    0x0A, 0x22, 0x1B, 0xFE, 0x1E, 0x33, 0x1E, 0x33, 0x37, 0xFF, 0x26, 0x03, 0x00, 0x00, 0x00, 0x00,
    0x3F, 0xFF, 0x33, 0xF3, 0x07, 0x33, 0x1E, 0x1E, 0x12, 0x3F, 0x1F, 0xFF, 0x1B, 0x9F, 0x1F, 0xFE,
    0x1F, 0xF0, 0x3F, 0xFF, 0x3F, 0xC1, 0x06, 0x83, 0x1C, 0x83, 0x13, 0x8E, 0x00, 0x00, 0x00, 0x00,
    0x00, 0x40, 0x00, 0x40, 0x1F, 0xFF, 0x1F, 0xFF, 0x04, 0x0C, 0x06, 0x0C, 0x06, 0x0C, 0x02, 0x08,
    0x03, 0x18, 0x03, 0x18, 0x03, 0x10, 0x1F, 0xFF, 0x3F, 0xFF, 0x00, 0x00, 0x00, 0x00, 0x00, 0x00,
    0x3F, 0xBF, 0x1B, 0x13, 0x1B, 0x12, 0x3F, 0xFF, 0x00, 0x00, 0x1F, 0xBF, 0x11, 0xB1, 0x1F, 0xBF,
    0x1F, 0xBF, 0x0A, 0x16, 0x1A, 0x16, 0x1B, 0xB6, 0x33, 0xE7, 0x30, 0xC7, 0x00, 0x00, 0x00, 0x00,
    0x0F, 0xBF, 0x1F, 0xFF, 0x36, 0x4C, 0x1F, 0xFE, 0x0F, 0xFE, 0x00, 0x42, 0x0F, 0xFE, 0x08, 0x40,
    0x0F, 0xFF, 0x1F, 0xFF, 0x03, 0xC1, 0x0E, 0x43, 0x3C, 0x4F, 0x10, 0x40, 0x00, 0x00, 0x00, 0x00,
    0x0F, 0xBF, 0x1F, 0xFF, 0x33, 0x4C, 0x0F, 0x98, 0x0F, 0xD8, 0x08, 0xFF, 0x0F, 0xD9, 0x0C, 0x99,
    0x08, 0x99, 0x0F, 0x99, 0x18, 0x91, 0x18, 0xB1, 0x11, 0xE7, 0x13, 0xC6, 0x00, 0x00, 0x00, 0x00,
    0x0F, 0xFF, 0x1F, 0xFF, 0x32, 0x4C, 0x02, 0xE4, 0x01, 0xB0, 0x03, 0x1C, 0x0F, 0xFF, 0x38, 0x03,
    0x07, 0xFC, 0x07, 0xFC, 0x04, 0x04, 0x04, 0x04, 0x07, 0xFC, 0x04, 0x04, 0x00, 0x00, 0x00, 0x00,
    0x1F, 0xFF, 0x1F, 0xFF, 0x32, 0xCC, 0x1F, 0xFF, 0x3F, 0xFF, 0x00, 0xE0, 0x1F, 0xFE, 0x18, 0x42,
    0x18, 0x42, 0x18, 0xE6, 0x03, 0xFC, 0x0E, 0x4E, 0x38, 0x43, 0x00, 0x40, 0x00, 0x00, 0x00, 0x00,
    0x1F, 0xFF, 0x3F, 0xFF, 0x36, 0xCC, 0x1F, 0xFF, 0x18, 0x43, 0x1B, 0xFB, 0x1B, 0xFB, 0x1B, 0xF3,
    0x1B, 0x7B, 0x1A, 0x1B, 0x1B, 0xF3, 0x18, 0x03, 0x1F, 0xFF, 0x18, 0x02, 0x00, 0x00, 0x00, 0x00,
    0x1F, 0xFF, 0x1E, 0x6C, 0x33, 0x66, 0x0F, 0xFE, 0x0F, 0xFE, 0x0F, 0xFE, 0x0F, 0xFE, 0x0F, 0xFE,
    0x0F, 0xFE, 0x03, 0x08, 0x3F, 0xFF, 0x06, 0x08, 0x1E, 0x08, 0x18, 0x08, 0x00, 0x00, 0x00, 0x00,
    0x1F, 0xFF, 0x1E, 0x6C, 0x32, 0x44, 0x1F, 0xFF, 0x1F, 0xFF, 0x13, 0xF9, 0x17, 0xFD, 0x06, 0x06,
    0x07, 0xFC, 0x07, 0xFE, 0x07, 0xFE, 0x06, 0x02, 0x07, 0xFE, 0x06, 0x02, 0x00, 0x00, 0x00, 0x00,
    0x1F, 0xFF, 0x36, 0x4C, 0x17, 0x9E, 0x1F, 0xBF, 0x1F, 0xBF, 0x18, 0xB3, 0x1F, 0xBF, 0x1F, 0xBF,
    0x11, 0xF9, 0x19, 0xF9, 0x19, 0x19, 0x19, 0xF9, 0x19, 0xF3, 0x10, 0x07, 0x00, 0x00, 0x00, 0x00,
    0x01, 0x80, 0x03, 0x18, 0x1E, 0x38, 0x0E, 0x70, 0x03, 0xCC, 0x01, 0x86, 0x1F, 0xFF, 0x3F, 0xFF,
    0x00, 0x41, 0x06, 0x4C, 0x0C, 0x46, 0x18, 0x43, 0x30, 0x41, 0x00, 0x40, 0x00, 0x00, 0x00, 0x00,
    0x1F, 0xFC, 0x01, 0x80, 0x03, 0x18, 0x0E, 0x30, 0x06, 0x60, 0x03, 0xCC, 0x01, 0x86, 0x3F, 0xFF,
    0x3F, 0xFF, 0x00, 0x49, 0x0E, 0x4C, 0x1C, 0x47, 0x38, 0x43, 0x00, 0x40, 0x00, 0x00, 0x00, 0x00,
    0x0C, 0x22, 0x1B, 0x32, 0x33, 0x32, 0x1E, 0x32, 0x0D, 0x32, 0x19, 0xB2, 0x3F, 0xB2, 0x06, 0xB3,
    0x17, 0x3F, 0x15, 0xFF, 0x34, 0x82, 0x36, 0x82, 0x06, 0x02, 0x04, 0x02, 0x00, 0x00, 0x00, 0x00,
    0x0C, 0x7F, 0x1B, 0x03, 0x33, 0x03, 0x1E, 0x03, 0x0D, 0x03, 0x19, 0x7F, 0x3F, 0xE3, 0x06, 0xE0,
    0x17, 0x60, 0x15, 0xE0, 0x34, 0xE0, 0x36, 0xE0, 0x26, 0x7F, 0x04, 0x3F, 0x00, 0x00, 0x00, 0x00,
    0x09, 0x7F, 0x3B, 0x7F, 0x36, 0x08, 0x1E, 0x08, 0x0D, 0x08, 0x19, 0x88, 0x3F, 0x88, 0x06, 0x88,
    0x17, 0x08, 0x15, 0x88, 0x36, 0x88, 0x36, 0xDC, 0x06, 0xFF, 0x04, 0x00, 0x00, 0x00, 0x00, 0x00,
    0x08, 0x7E, 0x1A, 0x6C, 0x36, 0x4C, 0x1C, 0x4C, 0x0E, 0x4C, 0x1B, 0x7F, 0x3F, 0xEF, 0x2D, 0xC4,
    0x1D, 0x44, 0x3D, 0x46, 0x35, 0xC6, 0x24, 0x7E, 0x0C, 0xFB, 0x04, 0x81, 0x00, 0x00, 0x00, 0x00,
    0x09, 0xFE, 0x1B, 0x7C, 0x36, 0x64, 0x1C, 0x6C, 0x0E, 0x6F, 0x1B, 0x6D, 0x3F, 0x71, 0x0D, 0xF3,
    0x1F, 0x5B, 0x1D, 0xCE, 0x35, 0xCC, 0x35, 0x9E, 0x0D, 0xB3, 0x05, 0x21, 0x00, 0x00, 0x00, 0x00,
    0x3F, 0xFF, 0x1F, 0xFF, 0x00, 0x40, 0x3F, 0xFF, 0x31, 0x83, 0x33, 0x31, 0x0E, 0x70, 0x03, 0xC8,
    0x03, 0x8E, 0x3F, 0xFF, 0x06, 0xC9, 0x0E, 0x4E, 0x38, 0x47, 0x10, 0x41, 0x00, 0x00, 0x00, 0x00,
    0x13, 0xF7, 0x1B, 0xFE, 0x1A, 0x30, 0x1F, 0xFF, 0x3F, 0xDF, 0x01, 0x98, 0x0F, 0x30, 0x03, 0x64,
    0x01, 0xC6, 0x3F, 0xFF, 0x02, 0x49, 0x06, 0x4E, 0x1C, 0x47, 0x10, 0x41, 0x00, 0x00, 0x00, 0x00,
    0x08, 0x7F, 0x1A, 0x7F, 0x36, 0x49, 0x1C, 0x49, 0x0E, 0x49, 0x1B, 0x4D, 0x3F, 0xFF, 0x0D, 0xC9,
    0x1F, 0x49, 0x3D, 0x49, 0x35, 0xC9, 0x25, 0xFF, 0x0C, 0x7F, 0x04, 0x41, 0x00, 0x00, 0x00, 0x00,
    0x08, 0x43, 0x3B, 0xEB, 0x37, 0xFF, 0x1C, 0x43, 0x0E, 0x43, 0x1B, 0x43, 0x3F, 0x7F, 0x0D, 0x7F,
    0x1F, 0x43, 0x1D, 0x43, 0x35, 0x43, 0x34, 0x7F, 0x0C, 0x7F, 0x04, 0x43, 0x00, 0x00, 0x00, 0x00,
    0x08, 0x7F, 0x1A, 0x63, 0x36, 0x43, 0x1C, 0x63, 0x0E, 0x7F, 0x1B, 0x43, 0x3F, 0x43, 0x0D, 0x43,
    0x1E, 0x7F, 0x3F, 0x63, 0x35, 0x43, 0x2D, 0x43, 0x2D, 0xFF, 0x05, 0xFF, 0x00, 0x00, 0x00, 0x00,
    0x08, 0xFF, 0x1A, 0x63, 0x36, 0x36, 0x1C, 0x1C, 0x0E, 0x1C, 0x1B, 0x7F, 0x3F, 0xC9, 0x0D, 0x08,
    0x1F, 0x7F, 0x1D, 0x7F, 0x35, 0x08, 0x34, 0x08, 0x2C, 0xFF, 0x04, 0xFF, 0x00, 0x00, 0x00, 0x00,
    0x08, 0x18, 0x3B, 0xFF, 0x36, 0x18, 0x1C, 0x08, 0x0E, 0x7F, 0x1B, 0x7F, 0x3F, 0x00, 0x0D, 0xFF,
    0x1F, 0x7F, 0x3D, 0x43, 0x35, 0xC3, 0x2C, 0x7F, 0x0C, 0x7F, 0x04, 0x41, 0x00, 0x00, 0x00, 0x00,
    0x08, 0x18, 0x3B, 0xFF, 0x36, 0x22, 0x1C, 0x63, 0x0E, 0x61, 0x1B, 0xC1, 0x3F, 0xE2, 0x0D, 0x36,
    0x1F, 0x3C, 0x1D, 0x1C, 0x35, 0x1C, 0x34, 0x3E, 0x0C, 0xE3, 0x05, 0x81, 0x00, 0x00, 0x00, 0x00,
    0x08, 0x1C, 0x1A, 0x36, 0x36, 0x67, 0x1C, 0xC3, 0x0F, 0xFF, 0x1B, 0x3E, 0x3F, 0x00, 0x0D, 0x7F,
    0x1F, 0x7F, 0x1D, 0x43, 0x35, 0xC3, 0x34, 0x7F, 0x0C, 0x7F, 0x04, 0x43, 0x00, 0x00, 0x00, 0x00,
    0x08, 0x3C, 0x1A, 0x36, 0x36, 0x63, 0x1C, 0xC1, 0x0F, 0xFF, 0x1B, 0x00, 0x3F, 0x00, 0x0D, 0xFF,
    0x1F, 0x30, 0x1D, 0x32, 0x35, 0x23, 0x34, 0x63, 0x0C, 0xFF, 0x04, 0x80, 0x00, 0x00, 0x00, 0x00,
    0x08, 0x7F, 0x1A, 0x41, 0x36, 0x7F, 0x1C, 0x7F, 0x0E, 0x00, 0x1B, 0x7F, 0x3F, 0xC1, 0x0D, 0xFF,
    0x1F, 0x7F, 0x3D, 0x41, 0x35, 0xFF, 0x2D, 0xC1, 0x0C, 0x43, 0x04, 0x47, 0x00, 0x00, 0x00, 0x00,
    0x08, 0xED, 0x3A, 0xED, 0x36, 0xBF, 0x1C, 0x9E, 0x0E, 0xFF, 0x1A, 0xFF, 0x3F, 0xDC, 0x0D, 0x9E,
    0x1E, 0xBF, 0x3F, 0xED, 0x2F, 0xCC, 0x2C, 0xFF, 0x0C, 0xFF, 0x0C, 0x80, 0x00, 0x00, 0x00, 0x00,
    0x0C, 0x26, 0x1B, 0x66, 0x36, 0x7F, 0x1C, 0xFF, 0x0F, 0xC4, 0x1B, 0x7F, 0x3F, 0x7F, 0x0D, 0x44,
    0x1F, 0x7F, 0x1D, 0x7F, 0x35, 0x44, 0x34, 0x7F, 0x0C, 0x7F, 0x04, 0x40, 0x00, 0x00, 0x00, 0x00,
    0x18, 0xFF, 0x32, 0xA5, 0x36, 0xA5, 0x1C, 0xBD, 0x0E, 0xFF, 0x1B, 0x99, 0x3F, 0xFD, 0x0D, 0xFD,
    0x1E, 0xFD, 0x3F, 0xFD, 0x2F, 0xFD, 0x2C, 0xE5, 0x0C, 0x81, 0x0C, 0x87, 0x00, 0x00, 0x00, 0x00,
    0x1E, 0x3F, 0x1F, 0x93, 0x1F, 0xDB, 0x1F, 0xCE, 0x1E, 0x1E, 0x1F, 0xFB, 0x01, 0xB1, 0x0F, 0x70,
    0x03, 0xCE, 0x3F, 0xFF, 0x16, 0x6C, 0x06, 0x4E, 0x1C, 0x43, 0x10, 0x40, 0x00, 0x00, 0x00, 0x00,
    0x0C, 0x26, 0x1A, 0x63, 0x36, 0xD9, 0x1C, 0x90, 0x0E, 0x36, 0x1B, 0x7F, 0x3F, 0xF9, 0x0D, 0x98,
    0x1D, 0x0C, 0x1D, 0x73, 0x35, 0xF1, 0x34, 0xF3, 0x0C, 0xB6, 0x04, 0x1E, 0x00, 0x00, 0x00, 0x00,
    0x08, 0xFF, 0x1A, 0xD9, 0x36, 0x5B, 0x1C, 0xFF, 0x0E, 0xFF, 0x1A, 0x30, 0x3F, 0xFF, 0x0D, 0x60,
    0x1E, 0x7F, 0x3F, 0x62, 0x2F, 0xFE, 0x2C, 0xDC, 0x0D, 0xBF, 0x0D, 0x21, 0x00, 0x00, 0x00, 0x00,
    0x08, 0xFF, 0x1A, 0x33, 0x36, 0xFF, 0x1C, 0xFF, 0x0E, 0x7F, 0x1B, 0x43, 0x3F, 0x7F, 0x0D, 0x7F,
    0x1F, 0xFF, 0x1F, 0x7F, 0x35, 0x6C, 0x35, 0xFF, 0x0C, 0x0C, 0x04, 0x04, 0x00, 0x00, 0x00, 0x00,
    0x08, 0x7E, 0x1A, 0x02, 0x36, 0x7E, 0x1C, 0x07, 0x1F, 0xFF, 0x1A, 0x3C, 0x3F, 0xFD, 0x0F, 0x9F,
    0x0E, 0x7E, 0x3F, 0xDE, 0x3F, 0x3F, 0x2C, 0x6D, 0x2D, 0xD8, 0x0C, 0x38, 0x00, 0x00, 0x00, 0x00,
    0x1F, 0xFF, 0x1F, 0xFF, 0x0B, 0x9E, 0x1F, 0xFF, 0x12, 0x49, 0x1F, 0x5D, 0x1F, 0x7F, 0x1B, 0x7F,
    0x1F, 0xFF, 0x1B, 0x5F, 0x1F, 0xCF, 0x1F, 0xFF, 0x1B, 0x63, 0x10, 0x43, 0x00, 0x00, 0x00, 0x00,
    0x08, 0x62, 0x1A, 0x66, 0x36, 0x7E, 0x1C, 0xF7, 0x0E, 0xFF, 0x1B, 0x9D, 0x3F, 0xFF, 0x0D, 0x18,
    0x1F, 0xFF, 0x1F, 0xFF, 0x35, 0x3E, 0x34, 0xCB, 0x0D, 0x99, 0x04, 0x08, 0x00, 0x00, 0x00, 0x00,
    0x06, 0x00, 0x0F, 0xFF, 0x0C, 0xC0, 0x18, 0x40, 0x10, 0x40, 0x3F, 0xFF, 0x3F, 0xFF, 0x00, 0x40,
    0x08, 0x42, 0x08, 0x42, 0x08, 0x42, 0x0F, 0xFE, 0x0F, 0xFE, 0x08, 0x02, 0x00, 0x00, 0x00, 0x00,
    0x1F, 0xFF, 0x19, 0x11, 0x1F, 0xFF, 0x1F, 0xFF, 0x01, 0x10, 0x1F, 0xBF, 0x01, 0xB0, 0x1F, 0xBF,
    0x01, 0xBF, 0x07, 0x30, 0x3F, 0x3F, 0x03, 0x30, 0x0E, 0x30, 0x0C, 0x30, 0x00, 0x00, 0x00, 0x00,
    0x03, 0x18, 0x1F, 0xFF, 0x00, 0xC0, 0x0F, 0xFE, 0x0F, 0xFE, 0x00, 0xC0, 0x3F, 0xFF, 0x00, 0xC0,
    0x3F, 0xFF, 0x3F, 0xFF, 0x01, 0xB0, 0x07, 0x18, 0x3E, 0x0F, 0x30, 0x03, 0x00, 0x00, 0x00, 0x00,
    0x1F, 0x93, 0x05, 0x9B, 0x3F, 0xFF, 0x0D, 0x8C, 0x0D, 0x8C, 0x1F, 0xBF, 0x18, 0x3F, 0x1C, 0x04,
    0x1F, 0x9F, 0x38, 0xFF, 0x38, 0x8C, 0x0F, 0x8C, 0x0F, 0x8C, 0x08, 0x0C, 0x00, 0x00, 0x00, 0x00,
    0x1F, 0xFF, 0x1F, 0xFF, 0x00, 0xE0, 0x0F, 0xFE, 0x3F, 0xFF, 0x1F, 0xFF, 0x1F, 0xB6, 0x1E, 0x33,
    0x3F, 0xFF, 0x02, 0x12, 0x3F, 0xDE, 0x16, 0x1C, 0x06, 0xFF, 0x0E, 0xC3, 0x00, 0x00, 0x00, 0x00,
    0x3F, 0xFF, 0x01, 0x83, 0x11, 0xA3, 0x19, 0xB3, 0x0D, 0x9B, 0x0D, 0x9B, 0x01, 0x83, 0x03, 0x8F,
    0x0F, 0x9F, 0x39, 0xF3, 0x31, 0xC3, 0x01, 0x83, 0x07, 0x8F, 0x07, 0x0E, 0x00, 0x00, 0x00, 0x00,
    0x0E, 0x0C, 0x3D, 0x87, 0x31, 0x13, 0x07, 0xFC, 0x0F, 0xFE, 0x00, 0x06, 0x3F, 0xFF, 0x19, 0xB3,
    0x0D, 0x9B, 0x05, 0x8B, 0x07, 0x8F, 0x3D, 0xBB, 0x31, 0xE3, 0x07, 0x0F, 0x00, 0x00, 0x00, 0x00,
    0x07, 0xF3, 0x0F, 0xFE, 0x00, 0x8C, 0x1F, 0xFF, 0x1F, 0xFF, 0x01, 0xC0, 0x07, 0xFC, 0x1F, 0xC0,
    0x33, 0x00, 0x07, 0xFE, 0x02, 0x06, 0x00, 0x06, 0x00, 0x2C, 0x00, 0x3C, 0x00, 0x00, 0x00, 0x00,
    0x00, 0x83, 0x0F, 0xFE, 0x00, 0xCC, 0x00, 0xDC, 0x3F, 0xFF, 0x00, 0xE0, 0x03, 0x80, 0x0F, 0xFE,
    0x3E, 0x02, 0x03, 0xFE, 0x03, 0xFE, 0x02, 0x02, 0x03, 0xFE, 0x02, 0x02, 0x00, 0x00, 0x00, 0x00,
    0x1F, 0x32, 0x3F, 0x36, 0x0C, 0x7F, 0x1F, 0x36, 0x1E, 0x32, 0x0C, 0x32, 0x3F, 0x36, 0x0E, 0xFF,
    0x0E, 0x32, 0x1F, 0x32, 0x3C, 0x62, 0x2C, 0x62, 0x0C, 0xC2, 0x0C, 0x82, 0x00, 0x00, 0x00, 0x00,
    0x1F, 0xFF, 0x1E, 0xFF, 0x06, 0x06, 0x07, 0xFE, 0x07, 0xFE, 0x06, 0x06, 0x06, 0x06, 0x07, 0xFE,
    0x06, 0x06, 0x06, 0x06, 0x1F, 0xFF, 0x3F, 0xF6, 0x00, 0x06, 0x00, 0x06, 0x00, 0x00, 0x00, 0x00,
    0x1F, 0x7F, 0x13, 0x08, 0x1B, 0x08, 0x1F, 0x08, 0x1F, 0x08, 0x13, 0xFF, 0x13, 0xFF, 0x1F, 0x08,
    0x1F, 0x08, 0x13, 0x08, 0x13, 0x08, 0x33, 0x08, 0x37, 0x08, 0x27, 0x08, 0x00, 0x00, 0x00, 0x00,
    0x1F, 0x7E, 0x1B, 0x66, 0x1B, 0x66, 0x1F, 0x66, 0x1F, 0xC7, 0x13, 0x80, 0x1B, 0xFF, 0x1F, 0x63,
    0x13, 0x26, 0x13, 0x3E, 0x13, 0x1C, 0x33, 0x3C, 0x37, 0xE7, 0x26, 0xC1, 0x00, 0x00, 0x00, 0x00,
    0x1F, 0x18, 0x13, 0xFF, 0x1B, 0xFF, 0x1F, 0x18, 0x1F, 0x18, 0x1B, 0xFF, 0x13, 0x63, 0x1F, 0x63,
    0x1F, 0x36, 0x13, 0x3C, 0x13, 0x1C, 0x33, 0x3E, 0x37, 0xE7, 0x26, 0xC1, 0x00, 0x00, 0x00, 0x00,
    0x3F, 0xFF, 0x00, 0x00, 0x0F, 0xFE, 0x08, 0x02, 0x0F, 0xFE, 0x08, 0x00, 0x0B, 0xFE, 0x0B, 0xFE,
    0x1B, 0xFE, 0x1A, 0x02, 0x1B, 0xFE, 0x32, 0x02, 0x32, 0x06, 0x02, 0x0E, 0x00, 0x00, 0x00, 0x00,
    0x06, 0x7E, 0x06, 0x7E, 0x06, 0x40, 0x1F, 0xFF, 0x00, 0x00, 0x0F, 0xFE, 0x0C, 0x06, 0x0C, 0x06,
    0x0F, 0xFE, 0x0C, 0x06, 0x0F, 0xFE, 0x0C, 0x06, 0x0C, 0x16, 0x0C, 0x1C, 0x00, 0x00, 0x00, 0x00,
    0x00, 0xE0, 0x3F, 0xFF, 0x03, 0x0C, 0x1F, 0xFE, 0x1F, 0xFF, 0x03, 0x00, 0x0F, 0xFE, 0x0C, 0x06,
    0x0F, 0xFE, 0x0C, 0x06, 0x0F, 0xFE, 0x0C, 0x06, 0x0C, 0x06, 0x04, 0x1C, 0x00, 0x00, 0x00, 0x00,
    0x1F, 0xFF, 0x18, 0x43, 0x1F, 0xFF, 0x18, 0x43, 0x1F, 0xFF, 0x0F, 0xFE, 0x0F, 0xFE, 0x0C, 0x06,
    0x0F, 0xFE, 0x0C, 0x06, 0x0F, 0xFE, 0x0C, 0x06, 0x0C, 0x1E, 0x0C, 0x1C, 0x00, 0x00, 0x00, 0x00,
    0x1E, 0x40, 0x12, 0xFF, 0x13, 0xC1, 0x1F, 0x81, 0x1F, 0xDF, 0x12, 0xF7, 0x12, 0xB7, 0x1E, 0xFF,
    0x1E, 0xE7, 0x12, 0xFF, 0x12, 0xFF, 0x32, 0x81, 0x36, 0x0F, 0x2E, 0x0E, 0x00, 0x00, 0x00, 0x00,
    0x0D, 0x33, 0x19, 0xBF, 0x3F, 0xF8, 0x38, 0xF0, 0x0F, 0x31, 0x1F, 0x9F, 0x11, 0xB0, 0x1F, 0xB1,
    0x11, 0xB7, 0x1F, 0xBC, 0x1F, 0xB0, 0x11, 0xB0, 0x11, 0xBF, 0x13, 0x1F, 0x00, 0x00, 0x00, 0x00,
    0x1F, 0x47, 0x13, 0x7E, 0x1B, 0x60, 0x1F, 0x41, 0x1B, 0x7F, 0x13, 0x00, 0x1B, 0x7F, 0x1F, 0x7F,
    0x13, 0x43, 0x13, 0x7F, 0x13, 0x63, 0x33, 0x43, 0x37, 0x7F, 0x26, 0x43, 0x00, 0x00, 0x00, 0x00,
    0x0F, 0xFE, 0x0F, 0x9E, 0x0E, 0x08, 0x3F, 0x3F, 0x1F, 0xBF, 0x19, 0x33, 0x37, 0xFE, 0x0F, 0xFE,
    0x0F, 0xFE, 0x0F, 0xFE, 0x0F, 0xFE, 0x0C, 0x06, 0x0C, 0x06, 0x04, 0x1C, 0x00, 0x00, 0x00, 0x00,
    0x3E, 0xCF, 0x37, 0xF9, 0x36, 0xCB, 0x3C, 0xCB, 0x3E, 0xCB, 0x37, 0xFB, 0x37, 0xCB, 0x3C, 0x8B,
    0x35, 0xE9, 0x35, 0xAB, 0x37, 0xFF, 0x27, 0xF8, 0x2E, 0x18, 0x2C, 0x08, 0x00, 0x00, 0x00, 0x00,
    0x1E, 0xFF, 0x12, 0x66, 0x13, 0x66, 0x1F, 0xFF, 0x1E, 0x7F, 0x12, 0xC3, 0x12, 0xFF, 0x1E, 0xFF,
    0x1E, 0x7F, 0x12, 0x18, 0x12, 0xFF, 0x32, 0xE3, 0x37, 0xB7, 0x26, 0x3E, 0x00, 0x00, 0x00, 0x00,
    0x00, 0xC0, 0x0F, 0xFE, 0x08, 0x06, 0x08, 0x06, 0x0F, 0xFE, 0x0F, 0xFE, 0x08, 0x06, 0x08, 0x06,
    0x0F, 0xFE, 0x08, 0x06, 0x08, 0x06, 0x0F, 0xFE, 0x0F, 0xFE, 0x08, 0x06, 0x00, 0x00, 0x00, 0x00,
    0x1F, 0xFF, 0x03, 0x98, 0x03, 0x18, 0x03, 0x0E, 0x1F, 0xFF, 0x08, 0x41, 0x00, 0x40, 0x0F, 0xFE,
    0x0F, 0xFE, 0x00, 0x40, 0x00, 0x40, 0x1F, 0xFF, 0x3F, 0xFF, 0x00, 0x00, 0x00, 0x00, 0x00, 0x00,
    0x07, 0x80, 0x1E, 0x3F, 0x18, 0x03, 0x18, 0x03, 0x18, 0x03, 0x18, 0x03, 0x1F, 0xBF, 0x18, 0x03,
    0x18, 0x03, 0x18, 0x03, 0x18, 0x03, 0x1F, 0xFF, 0x1F, 0xFF, 0x10, 0x01, 0x00, 0x00, 0x00, 0x00,
    0x1F, 0xF7, 0x13, 0xF3, 0x1F, 0x17, 0x1F, 0x57, 0x1B, 0xF3, 0x1B, 0xB3, 0x1F, 0xF7, 0x1B, 0x13,
    0x1B, 0x33, 0x3F, 0xFF, 0x03, 0x18, 0x0E, 0x1C, 0x3C, 0x07, 0x10, 0x01, 0x00, 0x00, 0x00, 0x00,
    0x01, 0xB0, 0x03, 0x18, 0x0E, 0x4E, 0x1F, 0xFF, 0x37, 0xF9, 0x00, 0xC0, 0x1F, 0xFF, 0x00, 0x00,
    0x07, 0xFC, 0x0F, 0xFE, 0x0C, 0x06, 0x0C, 0x06, 0x0F, 0xFE, 0x0C, 0x04, 0x00, 0x00, 0x00, 0x00,
    0x04, 0x08, 0x1F, 0x7F, 0x1B, 0xFF, 0x1F, 0x00, 0x17, 0x3E, 0x1B, 0x7E, 0x3F, 0xE6, 0x1F, 0x66,
    0x1F, 0x66, 0x17, 0x66, 0x17, 0x66, 0x13, 0x66, 0x33, 0xC7, 0x27, 0xC3, 0x00, 0x00, 0x00, 0x00,
    0x0C, 0x08, 0x1F, 0x7F, 0x1B, 0xFF, 0x1F, 0x18, 0x17, 0x33, 0x1B, 0xE6, 0x3F, 0xF6, 0x1F, 0x3C,
    0x17, 0x1C, 0x17, 0x1A, 0x17, 0x33, 0x33, 0x37, 0x33, 0xFF, 0x27, 0x40, 0x00, 0x00, 0x00, 0x00,
    0x04, 0xF6, 0x1F, 0xF7, 0x1B, 0xDE, 0x1F, 0xDC, 0x1F, 0xF8, 0x1B, 0xF7, 0x3F, 0xF8, 0x1F, 0x00,
    0x1F, 0x7F, 0x1F, 0x55, 0x17, 0x55, 0x13, 0x55, 0x33, 0xFF, 0x27, 0xFF, 0x00, 0x00, 0x00, 0x00,
    0x3F, 0x9E, 0x3F, 0x9E, 0x3F, 0xB6, 0x3F, 0xFF, 0x1F, 0xFF, 0x3F, 0xB5, 0x3F, 0xB5, 0x1F, 0xBF,
    0x11, 0xBF, 0x1F, 0xB0, 0x1B, 0x30, 0x0B, 0x30, 0x1F, 0xF1, 0x3F, 0x9F, 0x00, 0x00, 0x00, 0x00,
    0x07, 0x5C, 0x3F, 0xFF, 0x02, 0x18, 0x02, 0x08, 0x1F, 0xFF, 0x00, 0x40, 0x00, 0x40, 0x3F, 0xFF,
    0x3F, 0xFF, 0x00, 0x40, 0x00, 0x40, 0x00, 0x40, 0x03, 0xC0, 0x03, 0xC0, 0x00, 0x00, 0x00, 0x00,
    0x07, 0x5C, 0x3F, 0xFF, 0x02, 0x58, 0x02, 0x48, 0x0F, 0xFE, 0x0F, 0xFE, 0x00, 0x0C, 0x00, 0x18,
    0x00, 0x30, 0x04, 0x60, 0x0D, 0xC0, 0x1F, 0x80, 0x1B, 0xFF, 0x31, 0xFF, 0x00, 0x00, 0x00, 0x00,
    0x3F, 0xFF, 0x1F, 0xFF, 0x03, 0x08, 0x03, 0x20, 0x06, 0x60, 0x06, 0x63, 0x0C, 0x6E, 0x1E, 0x7C,
    0x36, 0x60, 0x06, 0x60, 0x06, 0x60, 0x06, 0x60, 0x06, 0x3F, 0x04, 0x3F, 0x00, 0x00, 0x00, 0x00,
    0x3F, 0xFF, 0x1F, 0xFF, 0x02, 0x08, 0x00, 0x00, 0x0F, 0xFE, 0x00, 0x00, 0x00, 0x00, 0x3F, 0xFF,
    0x03, 0x00, 0x03, 0x18, 0x06, 0x0C, 0x06, 0x06, 0x1F, 0xFF, 0x18, 0x01, 0x00, 0x00, 0x00, 0x00,
    0x3F, 0xFF, 0x1F, 0xFF, 0x02, 0x18, 0x1F, 0xFF, 0x0F, 0xFF, 0x02, 0x18, 0x02, 0x18, 0x3F, 0xFF,
    0x3F, 0xFF, 0x00, 0xD8, 0x03, 0x98, 0x0F, 0x18, 0x3C, 0x78, 0x00, 0x78, 0x00, 0x00, 0x00, 0x00,
    0x3F, 0xFF, 0x1F, 0xFF, 0x03, 0x08, 0x1F, 0xF9, 0x3F, 0xFF, 0x00, 0x06, 0x07, 0xE6, 0x0F, 0xE6,
    0x0C, 0x26, 0x0C, 0x66, 0x0F, 0xE6, 0x0C, 0x06, 0x00, 0x1E, 0x00, 0x1C, 0x00, 0x00, 0x00, 0x00,
    0x3F, 0xFF, 0x1F, 0xFF, 0x02, 0x48, 0x00, 0x40, 0x3F, 0xFF, 0x1F, 0xFF, 0x00, 0x40, 0x00, 0x40,
    0x0F, 0xFE, 0x0C, 0x06, 0x0C, 0x02, 0x0F, 0xFE, 0x0F, 0xFE, 0x0C, 0x02, 0x00, 0x00, 0x00, 0x00,
    0x3F, 0xFF, 0x1F, 0xFF, 0x02, 0x48, 0x00, 0x40, 0x0F, 0xFE, 0x0C, 0xE6, 0x08, 0x42, 0x08, 0xC2,
    0x3F, 0xFF, 0x01, 0xE0, 0x01, 0xB0, 0x07, 0x18, 0x3E, 0x0F, 0x38, 0x03, 0x00, 0x00, 0x00, 0x00,
    0x3F, 0xFF, 0x03, 0x18, 0x1B, 0xF8, 0x1F, 0xFE, 0x06, 0x0C, 0x01, 0xB8, 0x01, 0xF0, 0x3F, 0xFF,
    0x18, 0x43, 0x0F, 0xFE, 0x00, 0x40, 0x10, 0xE1, 0x3F, 0xFF, 0x00, 0x00, 0x00, 0x00, 0x00, 0x00,
    0x3F, 0xFF, 0x3F, 0xFF, 0x02, 0x18, 0x00, 0xC0, 0x3C, 0xFF, 0x3D, 0xFF, 0x03, 0x33, 0x03, 0x36,
    0x06, 0x30, 0x1E, 0x78, 0x38, 0xCC, 0x21, 0x86, 0x07, 0x03, 0x02, 0x01, 0x00, 0x00, 0x00, 0x00,
    0x3F, 0xFF, 0x03, 0x58, 0x02, 0x48, 0x3F, 0xFF, 0x1F, 0xFF, 0x0C, 0x00, 0x0F, 0xFE, 0x07, 0xFE,
    0x04, 0x04, 0x04, 0xCC, 0x04, 0x4C, 0x0C, 0x4C, 0x18, 0x4F, 0x30, 0x47, 0x00, 0x00, 0x00, 0x00,
    0x3F, 0xFF, 0x1F, 0xFF, 0x03, 0x08, 0x07, 0xFF, 0x04, 0xFF, 0x0C, 0x02, 0x1D, 0xF2, 0x3D, 0xFA,
    0x0D, 0x9A, 0x0D, 0xFA, 0x0D, 0xF2, 0x0C, 0x02, 0x0C, 0x0E, 0x0C, 0x1E, 0x00, 0x00, 0x00, 0x00,
    0x3F, 0xFF, 0x1F, 0xFF, 0x06, 0x08, 0x0F, 0xFF, 0x0F, 0xFF, 0x1C, 0x9B, 0x36, 0x93, 0x06, 0xB3,
    0x1F, 0xFF, 0x03, 0xE3, 0x03, 0xF3, 0x0E, 0x9B, 0x18, 0x8E, 0x00, 0x8E, 0x00, 0x00, 0x00, 0x00,
    0x3F, 0xFF, 0x03, 0x18, 0x02, 0x10, 0x1F, 0xFE, 0x18, 0xF2, 0x1B, 0xE2, 0x18, 0xC2, 0x1F, 0xFE,
    0x19, 0xE2, 0x1B, 0xF2, 0x1E, 0x5E, 0x18, 0x42, 0x1F, 0xFE, 0x18, 0x02, 0x00, 0x00, 0x00, 0x00,
    0x3F, 0xFF, 0x03, 0x18, 0x0F, 0xFE, 0x0F, 0xFE, 0x08, 0xC2, 0x0F, 0xFE, 0x08, 0x42, 0x0F, 0xFE,
    0x0F, 0xFE, 0x3F, 0xFF, 0x03, 0xF8, 0x0E, 0x5C, 0x3C, 0x47, 0x30, 0x41, 0x00, 0x00, 0x00, 0x00,
    0x3F, 0xFF, 0x03, 0x18, 0x03, 0xFE, 0x1F, 0xF8, 0x18, 0x82, 0x08, 0xC6, 0x0C, 0x4C, 0x00, 0x40,
    0x3F, 0xFF, 0x01, 0xF0, 0x03, 0xD8, 0x0E, 0x4E, 0x38, 0x47, 0x00, 0x40, 0x00, 0x00, 0x00, 0x00,
    0x3F, 0xFF, 0x02, 0x18, 0x0F, 0xFE, 0x1F, 0xFF, 0x04, 0x4C, 0x3F, 0xFF, 0x3F, 0xFF, 0x04, 0x4C,
    0x1F, 0xFF, 0x00, 0xC0, 0x1F, 0xFF, 0x3F, 0xFF, 0x00, 0x40, 0x00, 0x40, 0x00, 0x00, 0x00, 0x00,
    0x3F, 0xFF, 0x03, 0x18, 0x03, 0xFE, 0x0F, 0xE0, 0x3F, 0xFF, 0x03, 0xFC, 0x0E, 0x4F, 0x39, 0xC3,
    0x1F, 0xFF, 0x1F, 0xFF, 0x07, 0x18, 0x07, 0xF8, 0x0F, 0xFF, 0x1F, 0x03, 0x00, 0x00, 0x00, 0x00,
    0x3F, 0xFF, 0x02, 0x08, 0x0F, 0xFE, 0x0C, 0x06, 0x0F, 0xFE, 0x0F, 0xFE, 0x0F, 0xFC, 0x06, 0x00,
    0x0F, 0xFF, 0x3C, 0xC3, 0x3D, 0xE3, 0x0F, 0xF3, 0x0F, 0xFF, 0x0C, 0x0E, 0x00, 0x00, 0x00, 0x00,
    0x3F, 0xFF, 0x03, 0x58, 0x03, 0xE8, 0x0F, 0xFE, 0x1F, 0xFF, 0x3F, 0xFF, 0x03, 0x0E, 0x1F, 0xFF,
    0x07, 0xFD, 0x0F, 0xFE, 0x0C, 0xB2, 0x0D, 0xB7, 0x3F, 0xFF, 0x00, 0x00, 0x00, 0x00, 0x00, 0x00,
    0x3F, 0xFF, 0x03, 0x7C, 0x1F, 0xFC, 0x3F, 0xFF, 0x0F, 0xFE, 0x0F, 0xFE, 0x0F, 0xFE, 0x0F, 0xFE,
    0x0F, 0xFE, 0x1F, 0xFE, 0x3F, 0xFF, 0x0F, 0xBE, 0x19, 0x33, 0x31, 0x11, 0x00, 0x00, 0x00, 0x00,
    0x00, 0x7E, 0x00, 0x40, 0x1F, 0xFF, 0x1F, 0xFF, 0x18, 0xFD, 0x1B, 0xE1, 0x18, 0x7F, 0x18, 0x3E,
    0x18, 0x80, 0x19, 0x98, 0x19, 0x98, 0x19, 0x98, 0x33, 0x1F, 0x36, 0x1F, 0x00, 0x00, 0x00, 0x00,
    0x00, 0x7E, 0x00, 0x40, 0x0F, 0xFF, 0x1F, 0xFF, 0x18, 0xFD, 0x1F, 0xE1, 0x18, 0x7F, 0x18, 0x3E,
    0x1B, 0xFF, 0x1B, 0x00, 0x1B, 0xFE, 0x1B, 0x00, 0x33, 0xFF, 0x13, 0x00, 0x00, 0x00, 0x00, 0x00,
    0x00, 0x7E, 0x00, 0x40, 0x0F, 0xFF, 0x1F, 0xFF, 0x18, 0xFD, 0x1B, 0xE1, 0x18, 0x7F, 0x18, 0x3C,
    0x18, 0xD0, 0x1A, 0xDA, 0x1B, 0xDE, 0x18, 0xDC, 0x3F, 0xFF, 0x3F, 0xFF, 0x00, 0x00, 0x00, 0x00,
    0x00, 0xFE, 0x1F, 0xFF, 0x1F, 0xFF, 0x1B, 0xFB, 0x1B, 0xFF, 0x18, 0x7E, 0x1A, 0xFE, 0x1A, 0xFE,
    0x12, 0xFC, 0x13, 0xFE, 0x3F, 0xFF, 0x37, 0xFF, 0x37, 0x8F, 0x26, 0x01, 0x00, 0x00, 0x00, 0x00,
    0x04, 0x18, 0x0C, 0x5C, 0x3F, 0xFF, 0x35, 0x63, 0x35, 0x62, 0x35, 0x26, 0x3F, 0x36, 0x3F, 0x34,
    0x05, 0x1C, 0x0D, 0x18, 0x0F, 0x1C, 0x3F, 0xF6, 0x30, 0xE3, 0x00, 0x00, 0x00, 0x00, 0x00, 0x00,
    0x1F, 0xFF, 0x00, 0xC0, 0x1F, 0xFF, 0x09, 0xBA, 0x03, 0x1C, 0x1E, 0x4F, 0x3F, 0xFF, 0x0C, 0xE6,
    0x08, 0x42, 0x0F, 0xFE, 0x00, 0xCC, 0x00, 0xCE, 0x1F, 0xFF, 0x00, 0x01, 0x00, 0x00, 0x00, 0x00,
    0x0C, 0xC6, 0x0E, 0xEC, 0x3F, 0xFF, 0x30, 0x41, 0x30, 0xE1, 0x0F, 0xFE, 0x08, 0x46, 0x0C, 0xC6,
    0x0F, 0xFE, 0x00, 0xCC, 0x00, 0x4C, 0x00, 0xFE, 0x3F, 0xFF, 0x00, 0x01, 0x00, 0x00, 0x00, 0x00,
    0x00, 0xC0, 0x00, 0x80, 0x0F, 0xFE, 0x1F, 0xFE, 0x19, 0xB2, 0x19, 0xB2, 0x19, 0xB2, 0x19, 0xB2,
    0x19, 0xB2, 0x19, 0xB2, 0x19, 0xB2, 0x3F, 0xFF, 0x3F, 0xFF, 0x00, 0x00, 0x00, 0x00, 0x00, 0x00,
    0x0C, 0x7F, 0x18, 0x00, 0x32, 0x00, 0x06, 0x00, 0x0C, 0xFF, 0x0C, 0x06, 0x3C, 0x06, 0x3C, 0x06,
    0x0C, 0x06, 0x0C, 0x06, 0x0C, 0x06, 0x0C, 0x06, 0x0C, 0x1E, 0x0C, 0x1C, 0x00, 0x00, 0x00, 0x00,
    0x0C, 0xCF, 0x1B, 0xF0, 0x36, 0xC0, 0x04, 0xC0, 0x0F, 0xFF, 0x18, 0x43, 0x38, 0x42, 0x39, 0xF2,
    0x0B, 0xF2, 0x08, 0x42, 0x08, 0x42, 0x0B, 0xFA, 0x0B, 0x8E, 0x08, 0x0E, 0x00, 0x00, 0x00, 0x00,
    0x1B, 0xFF, 0x30, 0x90, 0x2F, 0xF8, 0x0F, 0xF8, 0x1B, 0xFF, 0x3B, 0x1B, 0x3B, 0xF2, 0x3B, 0xF2,
    0x1B, 0xF2, 0x1B, 0xF2, 0x1B, 0x62, 0x1B, 0xFA, 0x18, 0x66, 0x18, 0x6E, 0x00, 0x00, 0x00, 0x00,
    0x19, 0xE7, 0x31, 0xE4, 0x2F, 0x70, 0x0F, 0xF8, 0x1B, 0x5F, 0x3B, 0xFB, 0x3B, 0x52, 0x1B, 0xF2,
    0x18, 0x42, 0x1B, 0xFA, 0x18, 0xC2, 0x18, 0xE2, 0x1B, 0xBE, 0x1A, 0x0E, 0x00, 0x00, 0x00, 0x00,
    0x00, 0x40, 0x1F, 0xFF, 0x3F, 0xFF, 0x00, 0xE0, 0x03, 0xA3, 0x07, 0x37, 0x1E, 0x3C, 0x3A, 0x18,
    0x02, 0x18, 0x02, 0x0C, 0x02, 0x0E, 0x07, 0xF7, 0x1F, 0x83, 0x08, 0x00, 0x00, 0x00, 0x00, 0x00,
    0x1F, 0xFF, 0x1F, 0xFF, 0x0E, 0xFE, 0x0F, 0xFE, 0x00, 0x40, 0x3F, 0xFF, 0x01, 0xE1, 0x03, 0x23,
    0x1E, 0x3E, 0x3E, 0x18, 0x02, 0x1C, 0x03, 0xEE, 0x0F, 0x83, 0x08, 0x01, 0x00, 0x00, 0x00, 0x00,
    0x1F, 0xD3, 0x1F, 0xD1, 0x02, 0x18, 0x3F, 0xFF, 0x02, 0x18, 0x02, 0x19, 0x3F, 0xDB, 0x06, 0x5A,
    0x0F, 0xDE, 0x3D, 0x8C, 0x0C, 0xDC, 0x0F, 0x3C, 0x1C, 0x67, 0x00, 0x43, 0x00, 0x00, 0x00, 0x00,
    0x0C, 0xFF, 0x0C, 0xC1, 0x3E, 0xFF, 0x06, 0xC1, 0x06, 0xFF, 0x0F, 0x60, 0x0E, 0x7F, 0x1E, 0xFF,
    0x3F, 0xC9, 0x2D, 0xF9, 0x0C, 0xC5, 0x0C, 0xFD, 0x0C, 0x7F, 0x0C, 0x07, 0x00, 0x00, 0x00, 0x00,
    0x09, 0xFF, 0x1E, 0xFF, 0x3E, 0xE7, 0x07, 0xFF, 0x05, 0x6A, 0x0F, 0x42, 0x1E, 0xFF, 0x1E, 0x00,
    0x3F, 0xFF, 0x2C, 0xFF, 0x0C, 0x5B, 0x0C, 0xDB, 0x0D, 0x99, 0x08, 0x38, 0x00, 0x00, 0x00, 0x00,
    0x3F, 0xFF, 0x1F, 0xFF, 0x01, 0x30, 0x1F, 0xFF, 0x1F, 0xFF, 0x19, 0x33, 0x1B, 0x33, 0x13, 0x37,
    0x1E, 0x1F, 0x1C, 0x03, 0x10, 0x03, 0x1F, 0xFF, 0x1F, 0xFF, 0x10, 0x03, 0x00, 0x00, 0x00, 0x00,
    0x1F, 0xFF, 0x01, 0x30, 0x1F, 0xFF, 0x19, 0x33, 0x19, 0x33, 0x1F, 0xFF, 0x01, 0x80, 0x1B, 0xB1,
    0x3F, 0xFF, 0x06, 0x08, 0x0F, 0xB8, 0x01, 0xF8, 0x1F, 0xDF, 0x1C, 0x03, 0x00, 0x00, 0x00, 0x00,
    0x0F, 0xFE, 0x0C, 0x06, 0x0F, 0xFE, 0x0C, 0x06, 0x0C, 0x06, 0x0F, 0xFE, 0x0C, 0x06, 0x0F, 0xFE,
    0x0F, 0xFE, 0x03, 0x30, 0x02, 0x30, 0x06, 0x31, 0x1C, 0x3F, 0x38, 0x1F, 0x00, 0x00, 0x00, 0x00,
    0x0C, 0x7F, 0x3F, 0x43, 0x3F, 0x7F, 0x0C, 0x63, 0x0C, 0x63, 0x3F, 0xFF, 0x3F, 0xC3, 0x0C, 0x7F,
    0x0E, 0x7F, 0x0F, 0x24, 0x09, 0x2C, 0x18, 0x6D, 0x30, 0xCD, 0x21, 0x87, 0x00, 0x00, 0x00, 0x00,
    0x0C, 0x7F, 0x0E, 0x43, 0x3F, 0x7F, 0x03, 0x43, 0x06, 0x43, 0x06, 0x7F, 0x0E, 0x43, 0x1F, 0xFF,
    0x3D, 0x7F, 0x0C, 0x24, 0x0C, 0x2C, 0x0C, 0x6C, 0x0C, 0xCD, 0x0D, 0x87, 0x00, 0x00, 0x00, 0x00,
    0x0C, 0x46, 0x1F, 0xFF, 0x1F, 0xFF, 0x13, 0xFD, 0x17, 0xFD, 0x06, 0x04, 0x07, 0xFC, 0x07, 0xFC,
    0x06, 0x04, 0x07, 0xFE, 0x03, 0x30, 0x03, 0x30, 0x1E, 0x3F, 0x38, 0x1F, 0x00, 0x00, 0x00, 0x00,
    0x1F, 0xFF, 0x3F, 0xE1, 0x34, 0x3F, 0x3F, 0xFF, 0x0B, 0x21, 0x1F, 0xFF, 0x3F, 0xE1, 0x3F, 0xBF,
    0x1B, 0x3F, 0x1F, 0x96, 0x1B, 0x36, 0x1F, 0xB6, 0x1F, 0xE6, 0x18, 0xC3, 0x00, 0x00, 0x00, 0x00,
    0x07, 0xF0, 0x06, 0x30, 0x0F, 0xFE, 0x1F, 0xFE, 0x1C, 0x42, 0x0C, 0xE6, 0x0F, 0xFE, 0x0C, 0x42,
    0x0C, 0x62, 0x0F, 0xFE, 0x08, 0x02, 0x18, 0x02, 0x30, 0x1E, 0x30, 0x1E, 0x00, 0x00, 0x00, 0x00,
    0x0F, 0x7F, 0x1F, 0x19, 0x1B, 0x19, 0x3F, 0xF7, 0x36, 0xE7, 0x1F, 0xB4, 0x1F, 0xBF, 0x12, 0xFF,
    0x1F, 0xCC, 0x1F, 0xFF, 0x10, 0xFF, 0x10, 0x8C, 0x30, 0x8C, 0x23, 0x8C, 0x00, 0x00, 0x00, 0x00,
    0x07, 0xFC, 0x00, 0x00, 0x3F, 0xFF, 0x00, 0x00, 0x07, 0xFC, 0x00, 0x00, 0x07, 0xFC, 0x07, 0xFC,
    0x07, 0xFC, 0x0F, 0xFE, 0x0C, 0x06, 0x0C, 0x06, 0x0F, 0xFE, 0x0C, 0x06, 0x00, 0x00, 0x00, 0x00,
    0x00, 0x0C, 0x3F, 0x8C, 0x3F, 0x0C, 0x1F, 0x0C, 0x1F, 0xFF, 0x00, 0x7F, 0x1F, 0x0C, 0x00, 0x0C,
    0x1F, 0x0C, 0x13, 0x0C, 0x11, 0x0C, 0x1F, 0x0C, 0x1F, 0x0C, 0x10, 0x0C, 0x00, 0x00, 0x00, 0x00,
    0x00, 0x49, 0x3F, 0x49, 0x3F, 0x49, 0x1E, 0x49, 0x1E, 0x49, 0x00, 0x49, 0x1F, 0x49, 0x00, 0x49,
    0x1F, 0x49, 0x13, 0x49, 0x13, 0xC9, 0x1F, 0xC9, 0x1F, 0x81, 0x10, 0x81, 0x00, 0x00, 0x00, 0x00,
    0x00, 0x7F, 0x3F, 0x83, 0x3F, 0x03, 0x1F, 0x03, 0x1F, 0x03, 0x00, 0x7F, 0x1F, 0x63, 0x00, 0x60,
    0x1F, 0x60, 0x13, 0x60, 0x11, 0x61, 0x1F, 0x61, 0x1F, 0x7F, 0x10, 0x3F, 0x00, 0x00, 0x00, 0x00,
    0x00, 0x7E, 0x3F, 0x66, 0x3F, 0x66, 0x1E, 0x67, 0x1F, 0xC3, 0x00, 0x80, 0x1F, 0xFF, 0x00, 0x63,
    0x1F, 0x36, 0x13, 0x3E, 0x13, 0x1C, 0x1F, 0x3E, 0x1F, 0xF7, 0x10, 0xC1, 0x00, 0x00, 0x00, 0x00,
    0x00, 0x30, 0x3F, 0x3F, 0x3F, 0x6D, 0x1F, 0xCC, 0x1F, 0xCC, 0x00, 0x0C, 0x1F, 0xFF, 0x00, 0x0C,
    0x1F, 0x0C, 0x11, 0x0C, 0x11, 0x0C, 0x1F, 0x0C, 0x1F, 0x0C, 0x10, 0x0C, 0x00, 0x00, 0x00, 0x00,
    0x00, 0x30, 0x3F, 0x3F, 0x3F, 0xFF, 0x1F, 0xC8, 0x1F, 0xC8, 0x00, 0x0F, 0x1F, 0x08, 0x00, 0x08,
    0x1F, 0x0F, 0x13, 0x0F, 0x11, 0x08, 0x1F, 0x08, 0x1F, 0x08, 0x10, 0x08, 0x00, 0x00, 0x00, 0x00,
    0x00, 0x7F, 0x3F, 0x01, 0x3F, 0xFD, 0x1E, 0x7D, 0x1E, 0x79, 0x00, 0x7D, 0x1E, 0x4D, 0x00, 0x4D,
    0x1F, 0x6D, 0x13, 0x7D, 0x13, 0x41, 0x1F, 0x01, 0x1E, 0x0F, 0x10, 0x0F, 0x00, 0x00, 0x00, 0x00,
    0x00, 0x0E, 0x3F, 0x04, 0x3E, 0x78, 0x1E, 0x18, 0x1E, 0x09, 0x00, 0xFF, 0x1E, 0x7E, 0x00, 0x6C,
    0x1E, 0x6E, 0x12, 0x4B, 0x13, 0xCB, 0x1F, 0x89, 0x1E, 0x18, 0x10, 0x38, 0x00, 0x00, 0x00, 0x00,
    0x00, 0x4F, 0x3F, 0x7C, 0x3F, 0x60, 0x1E, 0x41, 0x1F, 0x7F, 0x00, 0x3E, 0x1F, 0x00, 0x00, 0x7F,
    0x1F, 0x63, 0x1B, 0x7F, 0x13, 0x63, 0x1B, 0x63, 0x1F, 0x7F, 0x10, 0x63, 0x00, 0x00, 0x00, 0x00,
    0x00, 0x07, 0x3F, 0x06, 0x3F, 0xFF, 0x1E, 0x06, 0x1E, 0x06, 0x00, 0xF6, 0x1F, 0xF6, 0x00, 0x26,
    0x1F, 0x66, 0x13, 0x26, 0x13, 0x7E, 0x1F, 0xFA, 0x1E, 0x83, 0x10, 0x01, 0x00, 0x00, 0x00, 0x00,
    0x00, 0x7F, 0x3F, 0x7F, 0x3F, 0x08, 0x1E, 0xFF, 0x1F, 0xFF, 0x00, 0x02, 0x1F, 0xFF, 0x00, 0xFF,
    0x1E, 0x02, 0x1F, 0x62, 0x13, 0x32, 0x13, 0x22, 0x1F, 0x0E, 0x10, 0x1E, 0x00, 0x00, 0x00, 0x00,
    0x00, 0x18, 0x3F, 0xFF, 0x3F, 0x18, 0x1E, 0x08, 0x1E, 0x7F, 0x00, 0x7F, 0x1F, 0x00, 0x00, 0x7F,
    0x1F, 0x7F, 0x1F, 0x63, 0x13, 0x63, 0x13, 0x63, 0x1F, 0x7F, 0x10, 0x63, 0x00, 0x00, 0x00, 0x00,
    0x00, 0x7E, 0x3F, 0x18, 0x3F, 0x08, 0x1E, 0xFF, 0x1E, 0xFF, 0x00, 0x08, 0x1F, 0x08, 0x00, 0x7F,
    0x1E, 0x7F, 0x1F, 0x43, 0x13, 0x43, 0x13, 0x43, 0x1F, 0x7F, 0x10, 0x43, 0x00, 0x00, 0x00, 0x00,
    0x00, 0x18, 0x3F, 0xFF, 0x3F, 0x18, 0x1E, 0x32, 0x1E, 0xE6, 0x00, 0x6C, 0x1E, 0x39, 0x00, 0x31,
    0x1F, 0xE3, 0x13, 0xC6, 0x13, 0x1E, 0x1F, 0x3B, 0x1F, 0xE1, 0x10, 0xC0, 0x00, 0x00, 0x00, 0x00,
    0x00, 0xFF, 0x3F, 0xFF, 0x3F, 0x22, 0x00, 0x63, 0x1F, 0xFF, 0x1D, 0x80, 0x1E, 0xFF, 0x00, 0x70,
    0x1F, 0x20, 0x13, 0x7F, 0x13, 0x03, 0x1F, 0x03, 0x1E, 0x06, 0x10, 0x1E, 0x00, 0x00, 0x00, 0x00,
    0x00, 0x08, 0x3F, 0xFF, 0x3F, 0x1C, 0x1E, 0x08, 0x1E, 0x7F, 0x00, 0x7F, 0x1E, 0x18, 0x00, 0x0C,
    0x1F, 0x37, 0x13, 0x71, 0x13, 0xF1, 0x1F, 0xB3, 0x1F, 0xB6, 0x10, 0x1E, 0x00, 0x00, 0x00, 0x00,
    0x1E, 0x7F, 0x3F, 0x10, 0x3F, 0x7F, 0x1E, 0x33, 0x1E, 0x33, 0x00, 0xFF, 0x1E, 0xFF, 0x00, 0x00,
    0x1E, 0x7F, 0x1F, 0x63, 0x13, 0x41, 0x13, 0x61, 0x1F, 0x7F, 0x10, 0x41, 0x00, 0x00, 0x00, 0x00,
    0x00, 0x1B, 0x3F, 0xD1, 0x3E, 0xD1, 0x1E, 0xDF, 0x1E, 0xC0, 0x00, 0xFF, 0x1E, 0xFF, 0x00, 0x03,
    0x1F, 0xFF, 0x13, 0xFF, 0x12, 0x22, 0x1E, 0x63, 0x1F, 0xC1, 0x10, 0x80, 0x00, 0x00, 0x00, 0x00,
    0x1E, 0x7F, 0x3F, 0x49, 0x3F, 0x7F, 0x1E, 0x49, 0x1E, 0x7F, 0x00, 0x7F, 0x1E, 0x08, 0x00, 0xFF,
    0x1F, 0x1E, 0x13, 0x3E, 0x13, 0x6B, 0x1F, 0xC9, 0x1F, 0x88, 0x10, 0x08, 0x00, 0x00, 0x00, 0x00,
    0x1C, 0xFF, 0x3E, 0xD9, 0x3E, 0xFD, 0x1C, 0xD9, 0x1E, 0xFD, 0x00, 0xFF, 0x1E, 0xC1, 0x00, 0xFD,
    0x1E, 0xE5, 0x36, 0xE5, 0x33, 0xBD, 0x1F, 0xA1, 0x1F, 0x87, 0x11, 0x07, 0x00, 0x00, 0x00, 0x00,
    0x00, 0x4D, 0x3F, 0x7F, 0x3E, 0x4C, 0x12, 0x4C, 0x1E, 0x7C, 0x01, 0xFF, 0x1E, 0x18, 0x00, 0x7F,
    0x1E, 0x43, 0x12, 0x7F, 0x12, 0x7F, 0x1E, 0x43, 0x1E, 0xFF, 0x10, 0x43, 0x00, 0x00, 0x00, 0x00,
    0x00, 0xDF, 0x3F, 0x7F, 0x3F, 0x35, 0x1E, 0x26, 0x1E, 0xEE, 0x00, 0x9B, 0x1E, 0x31, 0x00, 0x7E,
    0x1E, 0x7F, 0x12, 0x41, 0x12, 0x41, 0x1E, 0x7F, 0x1E, 0x7F, 0x10, 0x41, 0x00, 0x00, 0x00, 0x00,
    0x00, 0xC1, 0x1E, 0xC1, 0x3F, 0xFF, 0x1E, 0xC3, 0x1E, 0x7F, 0x00, 0x60, 0x1E, 0x7F, 0x00, 0xC1,
    0x1F, 0xC9, 0x12, 0x79, 0x12, 0x45, 0x1E, 0x7D, 0x1E, 0x7F, 0x10, 0x07, 0x00, 0x00, 0x00, 0x00,
    0x00, 0x66, 0x3F, 0xFF, 0x00, 0x2C, 0x1C, 0xFF, 0x1E, 0x6D, 0x01, 0xFF, 0x1F, 0xFF, 0x00, 0x2D,
    0x1E, 0xFF, 0x32, 0x6E, 0x32, 0xEF, 0x1F, 0xED, 0x1F, 0xAD, 0x10, 0x2C, 0x00, 0x00, 0x00, 0x00,
    0x00, 0xFF, 0x3E, 0x66, 0x3E, 0xFF, 0x1E, 0x66, 0x1F, 0xFF, 0x00, 0x18, 0x1E, 0xFF, 0x00, 0xD9,
    0x1E, 0xFF, 0x1E, 0xDB, 0x33, 0xFF, 0x13, 0xC3, 0x1E, 0xC3, 0x10, 0xC7, 0x00, 0x00, 0x00, 0x00,
    0x00, 0xFF, 0x3F, 0x76, 0x3F, 0x26, 0x1E, 0xFF, 0x1E, 0xD9, 0x00, 0xFF, 0x1E, 0x7F, 0x00, 0xFF,
    0x1E, 0xFF, 0x12, 0x18, 0x12, 0x7F, 0x12, 0x18, 0x1F, 0xFF, 0x11, 0xFF, 0x00, 0x00, 0x00, 0x00,
    0x01, 0xFF, 0x3F, 0xFD, 0x3E, 0x94, 0x04, 0xB4, 0x1F, 0xFF, 0x01, 0xFF, 0x1E, 0xF5, 0x01, 0xB7,
    0x1F, 0xF7, 0x17, 0xF6, 0x13, 0x96, 0x1F, 0xFE, 0x1E, 0x9B, 0x10, 0x11, 0x00, 0x00, 0x00, 0x00,
    0x3F, 0xDF, 0x1F, 0xBB, 0x3E, 0xFE, 0x3E, 0x9E, 0x1F, 0xBF, 0x03, 0xA1, 0x07, 0xFC, 0x3F, 0xFF,
    0x07, 0xFC, 0x07, 0xFC, 0x07, 0xFC, 0x0F, 0xFE, 0x0C, 0x06, 0x0F, 0xFE, 0x00, 0x00, 0x00, 0x00,
    0x1C, 0xFF, 0x3F, 0xFF, 0x3A, 0xFF, 0x1C, 0x18, 0x1F, 0xFF, 0x01, 0xFF, 0x1E, 0xFF, 0x00, 0x6D,
    0x1F, 0xFF, 0x36, 0x6D, 0x33, 0xFF, 0x3E, 0x66, 0x3E, 0x7F, 0x10, 0xD3, 0x00, 0x00, 0x00, 0x00,
    0x1D, 0xFF, 0x3E, 0x6C, 0x3E, 0xFF, 0x00, 0xFF, 0x1F, 0xFF, 0x00, 0xFF, 0x1E, 0xFF, 0x00, 0xFF,
    0x1E, 0xFF, 0x33, 0xFF, 0x32, 0x66, 0x1E, 0x3E, 0x1F, 0xFF, 0x11, 0xE3, 0x00, 0x00, 0x00, 0x00,
    0x03, 0x0C, 0x06, 0x06, 0x1C, 0x63, 0x18, 0xF1, 0x01, 0x98, 0x03, 0x0C, 0x06, 0x06, 0x1F, 0xFF,
    0x17, 0xFF, 0x06, 0x06, 0x06, 0x06, 0x06, 0x06, 0x07, 0xFE, 0x06, 0x06, 0x00, 0x00, 0x00, 0x00,
    0x3F, 0xFF, 0x00, 0x00, 0x07, 0xFE, 0x07, 0xF6, 0x07, 0xFC, 0x3F, 0xFF, 0x30, 0x01, 0x37, 0xFD,
    0x07, 0xB2, 0x1F, 0xFE, 0x0F, 0x7C, 0x19, 0xEC, 0x0F, 0x27, 0x19, 0xE1, 0x00, 0x00, 0x00, 0x00,
    0x0F, 0xFE, 0x0C, 0x02, 0x0F, 0xFE, 0x0F, 0xFE, 0x0C, 0x02, 0x0F, 0xFE, 0x0F, 0xFE, 0x0C, 0x02,
    0x0D, 0x1E, 0x0F, 0xFE, 0x01, 0x18, 0x07, 0x1E, 0x1E, 0x07, 0x18, 0x01, 0x00, 0x00, 0x00, 0x00,
    0x1F, 0x82, 0x11, 0x82, 0x1D, 0x82, 0x1F, 0xFF, 0x11, 0x86, 0x1F, 0x8E, 0x1F, 0x8E, 0x11, 0x9A,
    0x1F, 0xB2, 0x1F, 0x72, 0x0B, 0x62, 0x19, 0x82, 0x31, 0x8E, 0x30, 0x0E, 0x00, 0x00, 0x00, 0x00,
    0x0F, 0xFE, 0x00, 0x40, 0x3F, 0xFF, 0x10, 0x00, 0x0F, 0xFE, 0x0C, 0x02, 0x0F, 0xFE, 0x0F, 0xFE,
    0x0F, 0xFE, 0x0C, 0x02, 0x0F, 0xFE, 0x07, 0x1C, 0x1E, 0x0F, 0x10, 0x01, 0x00, 0x00, 0x00, 0x00,
    0x0E, 0x7E, 0x3E, 0x60, 0x36, 0x7F, 0x04, 0x3F, 0x0F, 0xFE, 0x0C, 0x06, 0x0F, 0xFE, 0x0C, 0x06,
    0x0D, 0xF6, 0x0F, 0xFE, 0x0F, 0xFE, 0x07, 0x1C, 0x1E, 0x0F, 0x10, 0x01, 0x00, 0x00, 0x00, 0x00,
    0x07, 0xFE, 0x3F, 0xFF, 0x0F, 0xFE, 0x07, 0xFC, 0x0F, 0xFE, 0x0C, 0x06, 0x0F, 0xFE, 0x0C, 0x06,
    0x0D, 0xF6, 0x0F, 0xFE, 0x0F, 0xFE, 0x03, 0x1C, 0x1E, 0x0F, 0x10, 0x01, 0x00, 0x00, 0x00, 0x00,
    0x0F, 0xFE, 0x0C, 0x46, 0x0F, 0xFE, 0x1F, 0xFF, 0x3F, 0xFF, 0x0F, 0xFE, 0x0C, 0x06, 0x0F, 0xFE,
    0x0F, 0xFE, 0x0F, 0xFE, 0x0F, 0xFE, 0x07, 0x1C, 0x1E, 0x0F, 0x10, 0x00, 0x00, 0x00, 0x00, 0x00,
    0x3F, 0xFF, 0x0C, 0xF1, 0x0D, 0xBF, 0x3B, 0x9F, 0x2F, 0xFE, 0x0C, 0x06, 0x0F, 0xFE, 0x0C, 0x06,
    0x0D, 0xF6, 0x0F, 0xFE, 0x0F, 0xFE, 0x07, 0x1C, 0x3E, 0x0F, 0x10, 0x01, 0x00, 0x00, 0x00, 0x00,
    0x0E, 0xFF, 0x01, 0x9B, 0x0E, 0x7E, 0x3D, 0xC7, 0x0F, 0xFF, 0x0C, 0x06, 0x0F, 0xFE, 0x0C, 0x06,
    0x0D, 0xF6, 0x0F, 0xFE, 0x0F, 0xFE, 0x07, 0x1C, 0x1E, 0x0F, 0x10, 0x01, 0x00, 0x00, 0x00, 0x00,
    0x1F, 0xBF, 0x1F, 0xFF, 0x1F, 0x9F, 0x0F, 0x1E, 0x19, 0xB3, 0x1F, 0xFE, 0x0F, 0xFE, 0x0D, 0xF6,
    0x0D, 0xF6, 0x0F, 0xFE, 0x0F, 0xFE, 0x07, 0x1C, 0x1E, 0x0F, 0x10, 0x00, 0x00, 0x00, 0x00, 0x00,
    0x1F, 0x7F, 0x13, 0x41, 0x1B, 0x7F, 0x1F, 0x43, 0x13, 0x7F, 0x1F, 0x7F, 0x1F, 0x60, 0x13, 0xFF,
    0x1F, 0x97, 0x1F, 0x35, 0x1A, 0x6D, 0x1B, 0xD9, 0x31, 0x1B, 0x20, 0x37, 0x00, 0x00, 0x00, 0x00,
    0x1F, 0x3F, 0x1F, 0x93, 0x1F, 0x9E, 0x1F, 0x3F, 0x1F, 0xF3, 0x0F, 0xFE, 0x0C, 0x02, 0x0F, 0xFE,
    0x0F, 0xFE, 0x0F, 0xFE, 0x0F, 0xFE, 0x07, 0x1C, 0x1E, 0x07, 0x10, 0x00, 0x00, 0x00, 0x00, 0x00,
    0x18, 0x30, 0x1F, 0xFF, 0x1B, 0x66, 0x32, 0x44, 0x2F, 0xFE, 0x0C, 0x06, 0x0F, 0xFE, 0x0F, 0xFE,
    0x0F, 0xFE, 0x0C, 0x06, 0x0F, 0xFE, 0x07, 0x1C, 0x3E, 0x0F, 0x10, 0x03, 0x00, 0x00, 0x00, 0x00,
    0x1F, 0xFF, 0x13, 0xFF, 0x12, 0x7F, 0x1F, 0x7E, 0x13, 0xFF, 0x1F, 0x7F, 0x1E, 0xFF, 0x12, 0xDB,
    0x1F, 0xFF, 0x1E, 0xD9, 0x1B, 0xFF, 0x1B, 0xFF, 0x33, 0xC3, 0x20, 0xC7, 0x00, 0x00, 0x00, 0x00,
    0x06, 0x3F, 0x3F, 0x83, 0x04, 0x03, 0x06, 0x03, 0x3F, 0xBF, 0x06, 0x33, 0x16, 0x30, 0x17, 0xB0,
    0x17, 0xB1, 0x16, 0x31, 0x3E, 0x1F, 0x3E, 0x00, 0x37, 0xFF, 0x23, 0xFF, 0x00, 0x00, 0x00, 0x00,
    0x06, 0x0D, 0x3F, 0x8D, 0x06, 0x7F, 0x06, 0x6C, 0x3F, 0xED, 0x06, 0x6D, 0x16, 0x67, 0x17, 0xFE,
    0x17, 0x76, 0x16, 0xEE, 0x3E, 0x9B, 0x3E, 0x00, 0x27, 0xFF, 0x21, 0xFF, 0x00, 0x00, 0x00, 0x00,
    0x1F, 0xFF, 0x11, 0xE0, 0x11, 0xE0, 0x1F, 0xFF, 0x1F, 0x7F, 0x06, 0x61, 0x16, 0x61, 0x17, 0xE1,
    0x16, 0x7F, 0x16, 0x60, 0x17, 0xE0, 0x3F, 0xFF, 0x30, 0x7F, 0x00, 0x60, 0x00, 0x00, 0x00, 0x00,
    0x07, 0xFC, 0x0F, 0xFC, 0x0C, 0x0C, 0x0F, 0xFC, 0x0C, 0x0D, 0x0F, 0xFF, 0x0F, 0xFE, 0x0C, 0x0C,
    0x3F, 0xFC, 0x38, 0x7C, 0x01, 0xCC, 0x0F, 0x8C, 0x3C, 0x7C, 0x30, 0x78, 0x00, 0x00, 0x00, 0x00,
    0x1F, 0xFF, 0x1F, 0xFF, 0x02, 0xE8, 0x0F, 0xFE, 0x08, 0x42, 0x0F, 0xFE, 0x08, 0x42, 0x08, 0xC6,
    0x0F, 0xFE, 0x00, 0x40, 0x3F, 0xFF, 0x1F, 0xFF, 0x00, 0x40, 0x00, 0x40, 0x00, 0x00, 0x00, 0x00,
    0x3F, 0x90, 0x3F, 0x90, 0x06, 0x7E, 0x3F, 0xFE, 0x34, 0x92, 0x3F, 0x92, 0x34, 0x92, 0x36, 0xB2,
    0x1F, 0xB2, 0x06, 0x32, 0x3F, 0xE2, 0x04, 0x62, 0x04, 0xC3, 0x04, 0xC3, 0x00, 0x00, 0x00, 0x00,
    0x1F, 0xFF, 0x1F, 0xFF, 0x17, 0xFD, 0x00, 0x40, 0x0F, 0xFE, 0x0C, 0x42, 0x0F, 0xFE, 0x0C, 0xE6,
    0x0F, 0xFE, 0x07, 0xFE, 0x1F, 0xFF, 0x1F, 0xFF, 0x00, 0x40, 0x00, 0x40, 0x00, 0x00, 0x00, 0x00,
    0x3F, 0xBF, 0x3F, 0x8C, 0x1F, 0x0C, 0x3F, 0x8C, 0x36, 0x8C, 0x3F, 0xFF, 0x37, 0xFF, 0x36, 0x8C,
    0x1F, 0x8C, 0x06, 0x0C, 0x3F, 0xCC, 0x04, 0x0C, 0x06, 0x0C, 0x04, 0x0C, 0x00, 0x00, 0x00, 0x00,
    0x1F, 0x8C, 0x3F, 0x8C, 0x0F, 0x3F, 0x1F, 0xED, 0x14, 0xED, 0x1F, 0xED, 0x14, 0xED, 0x17, 0xBF,
    0x1F, 0xED, 0x06, 0x6D, 0x3F, 0xED, 0x04, 0x7F, 0x04, 0x7F, 0x04, 0x61, 0x00, 0x00, 0x00, 0x00,
    0x1F, 0x7F, 0x3F, 0xB3, 0x0F, 0x13, 0x1F, 0x9E, 0x14, 0x9E, 0x1F, 0xFF, 0x14, 0xED, 0x16, 0x8C,
    0x1F, 0xBF, 0x06, 0x3F, 0x3F, 0x8C, 0x04, 0x0C, 0x04, 0x7F, 0x04, 0x7F, 0x00, 0x00, 0x00, 0x00,
    0x1F, 0x8C, 0x3F, 0xFF, 0x0F, 0x32, 0x1F, 0xB3, 0x14, 0xA1, 0x1F, 0xE3, 0x14, 0xB3, 0x17, 0x92,
    0x1F, 0x9E, 0x06, 0x0C, 0x3F, 0x9C, 0x04, 0x3E, 0x04, 0x73, 0x04, 0x41, 0x00, 0x00, 0x00, 0x00,
    0x1F, 0xD3, 0x02, 0x11, 0x3F, 0xFF, 0x06, 0x38, 0x1F, 0xD9, 0x1F, 0x9B, 0x1F, 0xDA, 0x1F, 0xDE,
    0x1F, 0xDC, 0x1F, 0xCC, 0x1F, 0x9C, 0x3F, 0xFC, 0x02, 0x67, 0x02, 0x43, 0x00, 0x00, 0x00, 0x00,
    0x2D, 0x81, 0x3F, 0x98, 0x3E, 0xFF, 0x1E, 0x18, 0x3F, 0xFF, 0x3F, 0xDB, 0x16, 0xFF, 0x16, 0xFF,
    0x16, 0xFF, 0x17, 0x18, 0x17, 0xFF, 0x34, 0x5F, 0x30, 0x18, 0x20, 0x18, 0x00, 0x00, 0x00, 0x00,
    0x1F, 0x3F, 0x3F, 0xFF, 0x06, 0x4D, 0x1F, 0x3F, 0x15, 0x0C, 0x1F, 0x3F, 0x15, 0x0C, 0x15, 0xFF,
    0x1F, 0x00, 0x06, 0x7F, 0x3F, 0xE3, 0x04, 0x63, 0x04, 0x7F, 0x04, 0x63, 0x00, 0x00, 0x00, 0x00,
    0x3F, 0x1C, 0x2C, 0x7F, 0x0C, 0x63, 0x3F, 0x22, 0x3F, 0xB6, 0x0C, 0xFF, 0x0C, 0x7F, 0x1F, 0x08,
    0x3F, 0xFF, 0x31, 0xFF, 0x31, 0x88, 0x3F, 0x88, 0x3F, 0x88, 0x30, 0x08, 0x00, 0x00, 0x00, 0x00,
    0x39, 0xF0, 0x0C, 0x30, 0x04, 0x30, 0x00, 0x30, 0x00, 0x30, 0x3C, 0x78, 0x0C, 0x68, 0x0C, 0xCC,
    0x0C, 0xCC, 0x0D, 0x87, 0x0F, 0x03, 0x1E, 0x00, 0x33, 0xFF, 0x21, 0xFF, 0x00, 0x00, 0x00, 0x00,
    0x19, 0xDF, 0x19, 0x1B, 0x01, 0x1B, 0x01, 0x1B, 0x01, 0x1B, 0x39, 0x1B, 0x19, 0x1B, 0x09, 0x7B,
    0x0B, 0xFB, 0x0B, 0x1E, 0x08, 0x18, 0x1C, 0x10, 0x37, 0xC7, 0x21, 0xFF, 0x00, 0x00, 0x00, 0x00,
    0x18, 0xFC, 0x0C, 0xC0, 0x00, 0x80, 0x00, 0xFF, 0x00, 0xFF, 0x3C, 0x8C, 0x0C, 0x8C, 0x0D, 0x8C,
    0x0D, 0x8C, 0x0F, 0x0C, 0x0F, 0x0C, 0x1E, 0x0C, 0x33, 0xF7, 0x21, 0xFF, 0x00, 0x00, 0x00, 0x00,
    0x18, 0xC6, 0x0D, 0xFF, 0x07, 0xFF, 0x00, 0x10, 0x01, 0x93, 0x3D, 0x93, 0x0D, 0x93, 0x0D, 0xFF,
    0x0C, 0xFF, 0x0C, 0x30, 0x0C, 0x70, 0x1E, 0xE0, 0x33, 0xFF, 0x31, 0xFF, 0x00, 0x00, 0x00, 0x00,
    0x19, 0xFF, 0x0C, 0x7E, 0x00, 0xFF, 0x01, 0xFF, 0x01, 0x91, 0x3D, 0xFF, 0x0D, 0x91, 0x0D, 0x93,
    0x0D, 0xFF, 0x0D, 0x91, 0x0D, 0x97, 0x1E, 0x00, 0x33, 0xFF, 0x21, 0xFF, 0x00, 0x00, 0x00, 0x00,
    0x19, 0xFF, 0x0D, 0xFF, 0x0C, 0x18, 0x01, 0xFF, 0x01, 0xFF, 0x3D, 0x9B, 0x0D, 0xFF, 0x0C, 0xFE,
    0x0D, 0xFF, 0x0F, 0xFF, 0x0C, 0x10, 0x1E, 0x10, 0x33, 0xEF, 0x31, 0xFF, 0x00, 0x00, 0x00, 0x00,
    0x18, 0xCC, 0x0C, 0xFF, 0x0D, 0xFF, 0x03, 0x98, 0x07, 0xFF, 0x3D, 0x98, 0x3D, 0x98, 0x0D, 0xFF,
    0x0D, 0x98, 0x0D, 0xFF, 0x0D, 0xFF, 0x1E, 0x00, 0x33, 0xFF, 0x31, 0xFF, 0x00, 0x00, 0x00, 0x00,
    0x18, 0xFC, 0x0D, 0x88, 0x03, 0xFE, 0x03, 0xFF, 0x01, 0x93, 0x3D, 0xBB, 0x3D, 0xFF, 0x0C, 0x48,
    0x0C, 0x48, 0x0C, 0xC9, 0x0D, 0x8F, 0x1E, 0x00, 0x33, 0xFF, 0x21, 0xFF, 0x00, 0x00, 0x00, 0x00,
    0x19, 0xFF, 0x0D, 0xFF, 0x01, 0xBB, 0x01, 0xFF, 0x00, 0xFE, 0x3C, 0xFF, 0x0D, 0xFF, 0x0D, 0x15,
    0x0D, 0x3F, 0x0D, 0xFF, 0x0D, 0x03, 0x1F, 0x03, 0x33, 0xFD, 0x31, 0xFF, 0x00, 0x00, 0x00, 0x00,
    0x1B, 0x01, 0x0C, 0x10, 0x05, 0xFF, 0x00, 0xFE, 0x01, 0xFF, 0x3D, 0xBB, 0x3D, 0xFF, 0x0D, 0xFF,
    0x0C, 0x38, 0x0F, 0xFF, 0x0C, 0x38, 0x1E, 0x10, 0x33, 0xFF, 0x21, 0xFF, 0x00, 0x00, 0x00, 0x00,
    0x18, 0xC2, 0x0C, 0xDE, 0x00, 0xDE, 0x00, 0xD2, 0x01, 0xFF, 0x3D, 0xFF, 0x1D, 0x3D, 0x0D, 0x6D,
    0x0D, 0x65, 0x0D, 0x7D, 0x0D, 0x23, 0x1E, 0x00, 0x33, 0xFF, 0x21, 0xFF, 0x00, 0x00, 0x00, 0x00,
    0x38, 0x46, 0x0F, 0xFF, 0x04, 0x30, 0x00, 0xFE, 0x00, 0xFF, 0x3C, 0xFF, 0x0C, 0xC3, 0x0C, 0x83,
    0x0C, 0xFF, 0x0C, 0x83, 0x0C, 0xFF, 0x1E, 0x00, 0x33, 0xFF, 0x21, 0xFF, 0x00, 0x00, 0x00, 0x00,
    0x19, 0xFE, 0x0C, 0x66, 0x03, 0xFF, 0x01, 0xFE, 0x01, 0xFE, 0x3D, 0xFE, 0x0C, 0xFE, 0x0D, 0x1F,
    0x0D, 0xFF, 0x0F, 0xFF, 0x0D, 0xFF, 0x1E, 0x08, 0x33, 0xFF, 0x31, 0xFF, 0x00, 0x00, 0x00, 0x00,
    0x19, 0xFF, 0x0C, 0x10, 0x07, 0xFF, 0x00, 0x00, 0x00, 0xFE, 0x3D, 0x83, 0x1D, 0xFE, 0x0C, 0x7B,
    0x0C, 0x7F, 0x0D, 0xDE, 0x0D, 0x13, 0x1E, 0x10, 0x33, 0xFF, 0x31, 0xFF, 0x00, 0x00, 0x00, 0x00,
    0x19, 0xFF, 0x0D, 0xB7, 0x01, 0xFE, 0x03, 0xFF, 0x00, 0x00, 0x39, 0xFE, 0x1D, 0xFE, 0x0D, 0xBC,
    0x0D, 0xFE, 0x0D, 0xFF, 0x0D, 0xFF, 0x1E, 0x00, 0x33, 0xC3, 0x31, 0xFF, 0x00, 0x00, 0x00, 0x00,
    0x18, 0x63, 0x1B, 0xCF, 0x0B, 0x58, 0x03, 0xFF, 0x01, 0xCF, 0x38, 0xFC, 0x3B, 0xFF, 0x08, 0x4C,
    0x0B, 0xFF, 0x08, 0xCC, 0x09, 0x87, 0x1F, 0x03, 0x37, 0xE3, 0x21, 0xFF, 0x00, 0x00, 0x00, 0x00,
    0x19, 0xFF, 0x0D, 0xFF, 0x04, 0xFE, 0x03, 0xFF, 0x01, 0xFE, 0x3D, 0xFE, 0x0D, 0xFE, 0x0D, 0xFE,
    0x0D, 0xBF, 0x0D, 0xFE, 0x0C, 0xC6, 0x1F, 0x83, 0x33, 0xFF, 0x31, 0xFF, 0x00, 0x00, 0x00, 0x00,
    0x19, 0x6B, 0x0D, 0xFF, 0x00, 0x00, 0x03, 0xFF, 0x03, 0xFF, 0x3D, 0xB6, 0x0D, 0x82, 0x0D, 0xFF,
    0x0C, 0x7B, 0x0D, 0xFE, 0x0D, 0xB7, 0x1E, 0x31, 0x33, 0xFF, 0x31, 0xFF, 0x00, 0x00, 0x00, 0x00,
    0x06, 0x1F, 0x3F, 0xF1, 0x08, 0x93, 0x08, 0x93, 0x18, 0xD6, 0x30, 0xF6, 0x09, 0x93, 0x0F, 0x11,
    0x07, 0x11, 0x07, 0x11, 0x0F, 0x97, 0x1C, 0x97, 0x38, 0x10, 0x00, 0x10, 0x00, 0x00, 0x00, 0x00,
    0x1F, 0xDF, 0x04, 0xD1, 0x3F, 0xF3, 0x0E, 0xD3, 0x0C, 0xD6, 0x1F, 0xD6, 0x0C, 0x13, 0x1F, 0xD1,
    0x1F, 0xD1, 0x38, 0xD1, 0x28, 0xD7, 0x0F, 0xD7, 0x0F, 0xD0, 0x08, 0x10, 0x00, 0x00, 0x00, 0x00,
    0x1F, 0x5F, 0x3F, 0xD9, 0x18, 0x93, 0x09, 0x93, 0x09, 0x92, 0x3F, 0xF2, 0x00, 0x13, 0x0F, 0x91,
    0x1F, 0xD1, 0x18, 0xD1, 0x10, 0xD7, 0x1F, 0xD7, 0x1F, 0xD8, 0x10, 0xD0, 0x00, 0x00, 0x00, 0x00,
    0x1F, 0xDF, 0x3F, 0xFB, 0x00, 0x13, 0x1F, 0xD3, 0x18, 0xD6, 0x1F, 0x96, 0x1F, 0x93, 0x1F, 0xD1,
    0x03, 0x11, 0x1F, 0xF1, 0x3F, 0xF7, 0x02, 0x17, 0x06, 0x10, 0x0E, 0x10, 0x00, 0x00, 0x00, 0x00,
    0x09, 0xFF, 0x19, 0x39, 0x37, 0xFB, 0x37, 0xFB, 0x1D, 0x3A, 0x0B, 0xFA, 0x17, 0xFB, 0x3F, 0x09,
    0x3F, 0x69, 0x0D, 0x29, 0x0D, 0x7F, 0x1B, 0xFA, 0x33, 0x18, 0x20, 0x08, 0x00, 0x00, 0x00, 0x00,
    0x1F, 0x7F, 0x1F, 0xD9, 0x06, 0x9B, 0x1F, 0xDB, 0x3F, 0xFA, 0x06, 0x1A, 0x1F, 0xDB, 0x3F, 0xD9,
    0x3C, 0xD9, 0x0F, 0xD9, 0x08, 0x5F, 0x0F, 0xDF, 0x0F, 0xD8, 0x08, 0x58, 0x00, 0x00, 0x00, 0x00,
    0x3F, 0x90, 0x0A, 0x1F, 0x3F, 0xBF, 0x3F, 0xEC, 0x3E, 0xEC, 0x3E, 0xCF, 0x3B, 0x8C, 0x31, 0x8C,
    0x30, 0x8C, 0x3F, 0x8F, 0x30, 0x8C, 0x3F, 0x8C, 0x3F, 0x8C, 0x30, 0x8C, 0x00, 0x00, 0x00, 0x00,
    0x3F, 0xBF, 0x0A, 0x7F, 0x1F, 0x12, 0x3F, 0xFF, 0x3F, 0xFF, 0x3F, 0x98, 0x3B, 0x3F, 0x31, 0xE6,
    0x31, 0xCC, 0x3F, 0x7F, 0x31, 0xFF, 0x3F, 0x0C, 0x3F, 0x1C, 0x31, 0x38, 0x00, 0x00, 0x00, 0x00,
    0x3F, 0xB4, 0x0A, 0x3F, 0x3F, 0xFF, 0x3F, 0xEC, 0x3E, 0xCC, 0x3E, 0xFF, 0x3B, 0xC0, 0x31, 0xBF,
    0x3C, 0xFF, 0x3F, 0xE1, 0x30, 0xE1, 0x3F, 0xFF, 0x3F, 0xFF, 0x30, 0xE1, 0x00, 0x00, 0x00, 0x00,
    0x3F, 0x92, 0x0A, 0x3F, 0x1F, 0xFF, 0x3F, 0xB4, 0x3E, 0xB4, 0x3E, 0xE7, 0x3B, 0xD8, 0x31, 0x9F,
    0x3C, 0xF3, 0x3F, 0xF2, 0x30, 0x9E, 0x3F, 0x9E, 0x3F, 0xFF, 0x30, 0xE1, 0x00, 0x00, 0x00, 0x00,
    0x1F, 0xFC, 0x00, 0x82, 0x08, 0xC6, 0x0C, 0xC6, 0x04, 0x4C, 0x00, 0x48, 0x3F, 0xFF, 0x3F, 0xFF,
    0x01, 0xF0, 0x03, 0x58, 0x06, 0x4C, 0x1C, 0x47, 0x30, 0x43, 0x00, 0x40, 0x00, 0x00, 0x00, 0x00,
    0x0F, 0xF0, 0x00, 0xC0, 0x3F, 0xFF, 0x0F, 0xFE, 0x0F, 0xFE, 0x08, 0xC6, 0x0F, 0xFE, 0x08, 0xC2,
    0x0F, 0xFE, 0x00, 0x40, 0x1F, 0xFF, 0x00, 0x40, 0x3F, 0xFF, 0x3F, 0xFF, 0x00, 0x00, 0x00, 0x00,
    0x3F, 0xFF, 0x36, 0xC3, 0x36, 0xDE, 0x3F, 0xCE, 0x36, 0xC7, 0x3F, 0xFF, 0x06, 0x0D, 0x06, 0x0D,
    0x3F, 0xCD, 0x06, 0x0C, 0x06, 0x0C, 0x0F, 0xCC, 0x3F, 0x3C, 0x00, 0x38, 0x00, 0x00, 0x00, 0x00,
    0x01, 0xF0, 0x03, 0xB8, 0x07, 0x1C, 0x0E, 0x0E, 0x3F, 0xFF, 0x30, 0xC0, 0x00, 0xC0, 0x1F, 0xFF,
    0x04, 0xC4, 0x06, 0x4C, 0x02, 0x48, 0x06, 0xF8, 0x3F, 0xFF, 0x00, 0x00, 0x00, 0x00, 0x00, 0x00,
    0x0E, 0x0E, 0x1F, 0x17, 0x11, 0xB1, 0x00, 0xE0, 0x03, 0xF8, 0x3F, 0x1F, 0x3F, 0xFF, 0x00, 0xC0,
    0x08, 0xE2, 0x1F, 0xFF, 0x06, 0x4C, 0x02, 0x48, 0x3F, 0xFF, 0x3F, 0xFF, 0x00, 0x00, 0x00, 0x00,
    0x0F, 0x36, 0x19, 0xB2, 0x3F, 0xB3, 0x3F, 0x63, 0x04, 0x61, 0x3F, 0xC0, 0x3F, 0x3F, 0x05, 0x7F,
    0x15, 0x63, 0x1F, 0x63, 0x16, 0x63, 0x0F, 0xFF, 0x3E, 0x7F, 0x00, 0x63, 0x00, 0x00, 0x00, 0x00,
    0x0F, 0x08, 0x19, 0xFF, 0x3F, 0xFF, 0x3F, 0x48, 0x04, 0x48, 0x3F, 0x48, 0x3F, 0x48, 0x05, 0x58,
    0x15, 0x5A, 0x1F, 0xDB, 0x0D, 0xD1, 0x1F, 0xFF, 0x3D, 0xFF, 0x00, 0x80, 0x00, 0x00, 0x00, 0x00,
    0x0F, 0x7F, 0x19, 0xC1, 0x3F, 0xFF, 0x3F, 0x6B, 0x04, 0x41, 0x1F, 0xFF, 0x3F, 0xFF, 0x04, 0x49,
    0x15, 0x4F, 0x1F, 0x4E, 0x16, 0x46, 0x0F, 0xFF, 0x3E, 0xFB, 0x00, 0x80, 0x00, 0x00, 0x00, 0x00,
    0x0F, 0x23, 0x19, 0xB6, 0x3F, 0xFF, 0x3F, 0x43, 0x04, 0x41, 0x3F, 0xC3, 0x1F, 0x7F, 0x05, 0x36,
    0x15, 0x34, 0x1F, 0x36, 0x16, 0x26, 0x07, 0xE4, 0x3F, 0xC7, 0x00, 0x87, 0x00, 0x00, 0x00, 0x00,
    0x0F, 0xFF, 0x19, 0xE3, 0x3F, 0xF5, 0x3E, 0xD5, 0x04, 0xFF, 0x1F, 0xC9, 0x3F, 0xED, 0x05, 0xEF,
    0x1F, 0xEF, 0x1F, 0xFF, 0x1C, 0xFF, 0x0F, 0xE1, 0x3E, 0xC1, 0x00, 0xC7, 0x00, 0x00, 0x00, 0x00,
    0x0F, 0x7F, 0x19, 0xFF, 0x3F, 0x7F, 0x3F, 0x6B, 0x04, 0x7F, 0x3F, 0x7F, 0x3F, 0x08, 0x04, 0x7F,
    0x15, 0xC9, 0x1F, 0x49, 0x1C, 0x49, 0x0F, 0xCB, 0x3E, 0x0B, 0x00, 0x08, 0x00, 0x00, 0x00, 0x00,
    0x1E, 0xFF, 0x13, 0xC3, 0x31, 0xDB, 0x3E, 0xFF, 0x0C, 0xFF, 0x3E, 0xDB, 0x3E, 0xFF, 0x0C, 0xE7,
    0x3E, 0xE7, 0x1E, 0xFF, 0x0C, 0xC1, 0x0F, 0xFF, 0x3E, 0xFF, 0x00, 0xC1, 0x00, 0x00, 0x00, 0x00,
    0x0F, 0x7F, 0x19, 0xFF, 0x31, 0xB6, 0x3F, 0x36, 0x04, 0xFF, 0x1F, 0xFF, 0x3F, 0x00, 0x04, 0x3F,
    0x15, 0x63, 0x1F, 0x7F, 0x1C, 0x63, 0x0F, 0xE3, 0x3F, 0x7F, 0x00, 0x63, 0x00, 0x00, 0x00, 0x00,
    0x1F, 0xDF, 0x13, 0xDF, 0x3E, 0xFF, 0x3E, 0xCD, 0x0C, 0xDF, 0x3F, 0xFF, 0x3F, 0x6C, 0x0D, 0xFF,
    0x3F, 0xEC, 0x3E, 0xFF, 0x1C, 0xCC, 0x0F, 0xC4, 0x3F, 0xFF, 0x33, 0x1F, 0x00, 0x00, 0x00, 0x00,
    0x0F, 0x36, 0x1B, 0xFF, 0x31, 0x34, 0x3F, 0x7F, 0x0C, 0x7F, 0x1F, 0x7F, 0x3F, 0xFF, 0x04, 0x35,
    0x1F, 0xFF, 0x1F, 0x36, 0x1C, 0x77, 0x0F, 0xF7, 0x3F, 0xB5, 0x00, 0x34, 0x00, 0x00, 0x00, 0x00,
    0x0F, 0x69, 0x19, 0x6B, 0x3F, 0x7F, 0x3F, 0x7F, 0x04, 0x41, 0x3F, 0x7F, 0x3F, 0x41, 0x05, 0x7F,
    0x15, 0x41, 0x1F, 0x7F, 0x0D, 0x3E, 0x1F, 0xE3, 0x3D, 0xC1, 0x00, 0x00, 0x00, 0x00, 0x00, 0x00,
    0x0F, 0xFF, 0x19, 0xA2, 0x31, 0xB6, 0x3F, 0xFF, 0x04, 0x7F, 0x3F, 0xC3, 0x3F, 0x7F, 0x05, 0x7F,
    0x15, 0x7F, 0x1F, 0x7F, 0x1C, 0x34, 0x0F, 0x64, 0x3F, 0xE6, 0x01, 0x87, 0x00, 0x00, 0x00, 0x00,
    0x1E, 0xF6, 0x13, 0xF7, 0x33, 0xFF, 0x3E, 0xFC, 0x0C, 0xF0, 0x3E, 0xF7, 0x3E, 0xF0, 0x0C, 0x00,
    0x3E, 0xFF, 0x1E, 0xD5, 0x1C, 0xF5, 0x0F, 0xD5, 0x3F, 0xFF, 0x31, 0xFF, 0x00, 0x00, 0x00, 0x00,
    0x07, 0xFE, 0x06, 0x00, 0x07, 0xFE, 0x06, 0x00, 0x07, 0xFE, 0x06, 0x00, 0x3F, 0xFF, 0x3F, 0xFF,
    0x06, 0x63, 0x06, 0x6E, 0x06, 0x38, 0x06, 0x7C, 0x1F, 0xEF, 0x1C, 0x03, 0x00, 0x00, 0x00, 0x00,
    0x1F, 0xBF, 0x11, 0xB3, 0x1F, 0xBF, 0x11, 0xB3, 0x1F, 0xBF, 0x18, 0x03, 0x13, 0xF9, 0x11, 0xB3,
    0x11, 0xB3, 0x17, 0xFD, 0x11, 0x33, 0x11, 0x31, 0x13, 0x37, 0x12, 0x37, 0x00, 0x00, 0x00, 0x00,
    0x1F, 0xBF, 0x11, 0xB3, 0x1F, 0xBF, 0x11, 0xB3, 0x1F, 0xBF, 0x18, 0x43, 0x10, 0xC1, 0x17, 0xFD,
    0x10, 0xE3, 0x11, 0xF3, 0x13, 0x5B, 0x16, 0x49, 0x10, 0xCF, 0x10, 0x4F, 0x00, 0x00, 0x00, 0x00,
    0x1F, 0xBF, 0x10, 0xB3, 0x1F, 0xBF, 0x10, 0xB3, 0x1F, 0xBF, 0x18, 0x03, 0x11, 0xF3, 0x13, 0x1B,
    0x13, 0x1B, 0x13, 0xFB, 0x13, 0x1B, 0x13, 0xF9, 0x13, 0xFF, 0x10, 0x0F, 0x00, 0x00, 0x00, 0x00,
    0x1F, 0xBF, 0x1F, 0xBF, 0x1F, 0xBF, 0x11, 0xB1, 0x1F, 0xBF, 0x1B, 0x1B, 0x13, 0xB9, 0x13, 0xF9,
    0x13, 0xF9, 0x17, 0xF9, 0x10, 0xE3, 0x13, 0xB9, 0x17, 0x1F, 0x10, 0x07, 0x00, 0x00, 0x00, 0x00,
    0x1F, 0xBF, 0x1F, 0xBF, 0x19, 0xB1, 0x1F, 0xBF, 0x1F, 0x9F, 0x11, 0xC1, 0x13, 0xF1, 0x17, 0xB1,
    0x10, 0xE1, 0x13, 0xBD, 0x17, 0xFD, 0x13, 0x19, 0x13, 0xFF, 0x13, 0x1F, 0x00, 0x00, 0x00, 0x00,
    0x1F, 0xBF, 0x11, 0xB3, 0x1F, 0xBF, 0x11, 0xB3, 0x1F, 0xBF, 0x19, 0x13, 0x11, 0xF1, 0x13, 0xFB,
    0x13, 0x1B, 0x13, 0xFB, 0x11, 0xA3, 0x11, 0x29, 0x17, 0x3F, 0x10, 0x07, 0x00, 0x00, 0x00, 0x00,
    0x1E, 0x3F, 0x12, 0x7F, 0x16, 0xE6, 0x14, 0xBC, 0x34, 0x3C, 0x16, 0xF7, 0x13, 0xCD, 0x12, 0xFF,
    0x16, 0x6C, 0x3E, 0x4C, 0x11, 0xFF, 0x11, 0xFF, 0x30, 0x0C, 0x10, 0x0C, 0x00, 0x00, 0x00, 0x00,
    0x1F, 0x7F, 0x12, 0x43, 0x12, 0x7F, 0x16, 0x7F, 0x16, 0x41, 0x12, 0x7F, 0x13, 0x7F, 0x13, 0x49,
    0x13, 0x4F, 0x1E, 0x4E, 0x10, 0x46, 0x10, 0xFF, 0x11, 0xF3, 0x11, 0x01, 0x00, 0x00, 0x00, 0x00,
    0x1F, 0x18, 0x13, 0xFF, 0x17, 0x81, 0x15, 0xFF, 0x34, 0x7E, 0x16, 0x00, 0x13, 0xFF, 0x13, 0x6C,
    0x36, 0x6C, 0x3E, 0x6C, 0x10, 0x6C, 0x10, 0xCC, 0x31, 0x8F, 0x11, 0x07, 0x00, 0x00, 0x00, 0x00,
    0x1E, 0x7E, 0x12, 0x7E, 0x16, 0xC6, 0x14, 0x84, 0x35, 0x8C, 0x16, 0xBF, 0x12, 0xB1, 0x13, 0xB1,
    0x36, 0xBF, 0x3E, 0xB3, 0x10, 0xB1, 0x10, 0xB1, 0x30, 0xBF, 0x10, 0xB1, 0x00, 0x00, 0x00, 0x00,
    0x1E, 0x6C, 0x12, 0xC6, 0x17, 0xFF, 0x17, 0x00, 0x34, 0xFE, 0x16, 0x06, 0x12, 0xFE, 0x12, 0x7A,
    0x37, 0x00, 0x3D, 0xFF, 0x10, 0x66, 0x10, 0x47, 0x31, 0xFF, 0x11, 0x01, 0x00, 0x00, 0x00, 0x00,
    0x1E, 0x7C, 0x12, 0xE7, 0x17, 0xFF, 0x35, 0x7E, 0x34, 0x18, 0x16, 0xFF, 0x13, 0x9B, 0x13, 0x99,
    0x13, 0xFF, 0x3E, 0xFF, 0x10, 0x3C, 0x10, 0x66, 0x31, 0xC7, 0x11, 0x81, 0x00, 0x00, 0x00, 0x00,
    0x3E, 0xFF, 0x32, 0x9B, 0x36, 0xFF, 0x34, 0x9B, 0x34, 0xFF, 0x36, 0x78, 0x33, 0xFF, 0x33, 0xFF,
    0x37, 0x99, 0x37, 0x9F, 0x31, 0xFF, 0x31, 0x81, 0x31, 0x81, 0x11, 0x83, 0x00, 0x00, 0x00, 0x00,
    0x1E, 0xCD, 0x16, 0xFF, 0x16, 0xCC, 0x14, 0x8C, 0x1C, 0xFD, 0x17, 0xFF, 0x16, 0x18, 0x12, 0xFF,
    0x16, 0xC3, 0x1E, 0xFF, 0x10, 0xFF, 0x10, 0xC3, 0x10, 0xFF, 0x10, 0xC3, 0x00, 0x00, 0x00, 0x00,
    0x1E, 0xFF, 0x36, 0x7F, 0x36, 0xFF, 0x34, 0xC3, 0x3C, 0xFF, 0x36, 0x00, 0x36, 0xFF, 0x33, 0xBD,
    0x37, 0xAD, 0x3F, 0xE7, 0x31, 0xBD, 0x31, 0x99, 0x31, 0x99, 0x11, 0x9B, 0x00, 0x00, 0x00, 0x00,
    0x1E, 0x5E, 0x12, 0xDB, 0x16, 0x99, 0x14, 0xFF, 0x14, 0x83, 0x16, 0xFF, 0x12, 0x83, 0x13, 0xFF,
    0x36, 0x7E, 0x3E, 0x5A, 0x10, 0xDB, 0x11, 0x99, 0x31, 0x19, 0x10, 0x30, 0x00, 0x00, 0x00, 0x00,
    0x3E, 0xFF, 0x37, 0xB9, 0x37, 0xEF, 0x3F, 0xE6, 0x3C, 0xC6, 0x35, 0xFF, 0x37, 0xFD, 0x36, 0x00,
    0x37, 0xFF, 0x3C, 0x90, 0x30, 0x92, 0x31, 0x93, 0x33, 0x31, 0x10, 0x70, 0x00, 0x00, 0x00, 0x00,
    0x1F, 0xFC, 0x12, 0x93, 0x16, 0xDA, 0x34, 0xFE, 0x34, 0xFF, 0x16, 0x4B, 0x12, 0xFF, 0x13, 0xFF,
    0x37, 0xFF, 0x3E, 0x38, 0x11, 0xEB, 0x11, 0x63, 0x33, 0x65, 0x10, 0x7C, 0x00, 0x00, 0x00, 0x00,
    0x3F, 0xB6, 0x1B, 0x36, 0x1B, 0x7F, 0x1B, 0x64, 0x3F, 0xE4, 0x3F, 0xFF, 0x07, 0x66, 0x07, 0x64,
    0x0F, 0x7F, 0x1B, 0x7F, 0x33, 0x64, 0x33, 0x7F, 0x07, 0x7F, 0x0E, 0x60, 0x00, 0x00, 0x00, 0x00,
    0x1F, 0xFF, 0x0F, 0xFE, 0x0F, 0xFF, 0x08, 0x03, 0x0F, 0xFF, 0x09, 0x98, 0x0B, 0xFF, 0x1F, 0xFF,
    0x1F, 0xFF, 0x1B, 0x30, 0x1B, 0xFF, 0x13, 0x30, 0x33, 0xFF, 0x03, 0xFF, 0x00, 0x00, 0x00, 0x00,
    0x0D, 0x1A, 0x0D, 0x1E, 0x1D, 0xFF, 0x17, 0xF6, 0x1F, 0xF6, 0x1D, 0x7F, 0x1D, 0x36, 0x1D, 0x36,
    0x1D, 0x3F, 0x1D, 0x3F, 0x15, 0x76, 0x3F, 0x76, 0x39, 0xFF, 0x00, 0x30, 0x00, 0x00, 0x00, 0x00,
    0x0C, 0x36, 0x3F, 0x3F, 0x0B, 0x7F, 0x1B, 0x64, 0x1B, 0xE6, 0x37, 0xFF, 0x06, 0x24, 0x3F, 0xE6,
    0x0E, 0x3F, 0x0F, 0x26, 0x1F, 0xE4, 0x34, 0xBF, 0x26, 0x3F, 0x04, 0x20, 0x00, 0x00, 0x00, 0x00,
    0x3F, 0xFF, 0x1F, 0xFF, 0x00, 0x40, 0x1F, 0xFF, 0x1F, 0xFF, 0x14, 0x53, 0x17, 0xDB, 0x13, 0xCF,
    0x10, 0x43, 0x16, 0x7B, 0x13, 0xCF, 0x10, 0x43, 0x10, 0x43, 0x10, 0x4F, 0x00, 0x00, 0x00, 0x00,
    0x0F, 0xFE, 0x1F, 0xFF, 0x3A, 0xE3, 0x37, 0x5D, 0x37, 0x5D, 0x00, 0x40, 0x0F, 0x1E, 0x0F, 0xFE,
    0x00, 0x00, 0x3F, 0xFF, 0x1F, 0x5D, 0x06, 0x0C, 0x1F, 0xFE, 0x00, 0x03, 0x00, 0x00, 0x00, 0x00,
    0x0F, 0xFE, 0x1F, 0xFF, 0x34, 0xE3, 0x36, 0x5D, 0x07, 0x5D, 0x0F, 0x5E, 0x00, 0x00, 0x0F, 0xFE,
    0x0F, 0xFE, 0x0F, 0xFE, 0x08, 0xC6, 0x0F, 0xFE, 0x08, 0x41, 0x00, 0x7F, 0x00, 0x00, 0x00, 0x00,
    0x3F, 0xFF, 0x1F, 0xFF, 0x03, 0xF8, 0x03, 0xF8, 0x00, 0xC0, 0x0F, 0xFE, 0x08, 0x46, 0x0F, 0xFE,
    0x0F, 0xFE, 0x00, 0x40, 0x3F, 0xFF, 0x1F, 0xFF, 0x00, 0x40, 0x00, 0x40, 0x00, 0x00, 0x00, 0x00,
    0x3F, 0xBC, 0x3F, 0xBC, 0x1B, 0x6D, 0x0F, 0x6D, 0x1F, 0xEF, 0x1F, 0xEE, 0x15, 0x2C, 0x17, 0x2C,
    0x1F, 0x2C, 0x06, 0x2C, 0x3F, 0xEC, 0x06, 0x2C, 0x04, 0x2F, 0x04, 0x27, 0x00, 0x00, 0x00, 0x00,
    0x3F, 0x7E, 0x3F, 0x32, 0x0C, 0xFF, 0x3F, 0xFF, 0x33, 0x3F, 0x3F, 0x63, 0x31, 0x7B, 0x3F, 0x7F,
    0x1F, 0x3F, 0x3F, 0x7F, 0x3F, 0xFF, 0x0C, 0xFF, 0x0C, 0x0C, 0x0C, 0x0C, 0x00, 0x00, 0x00, 0x00,
    0x1F, 0xFF, 0x07, 0x0C, 0x02, 0x08, 0x03, 0x18, 0x3F, 0xFF, 0x00, 0x00, 0x07, 0xFC, 0x0F, 0xFE,
    0x0C, 0x06, 0x0F, 0xFE, 0x0C, 0x06, 0x0C, 0x06, 0x0F, 0xFE, 0x0C, 0x06, 0x00, 0x00, 0x00, 0x00,
    0x0E, 0x3F, 0x3F, 0xA1, 0x1B, 0x3F, 0x1B, 0x00, 0x3F, 0xFF, 0x3F, 0x7F, 0x1F, 0x7F, 0x1F, 0x61,
    0x11, 0x7F, 0x1F, 0x61, 0x1F, 0x7F, 0x11, 0x12, 0x1F, 0x73, 0x10, 0xC1, 0x00, 0x00, 0x00, 0x00,
    0x3D, 0xFD, 0x1D, 0xFF, 0x0B, 0xFD, 0x3F, 0xAC, 0x0F, 0xFF, 0x18, 0xCC, 0x1F, 0xFE, 0x03, 0x18,
    0x3F, 0xFF, 0x07, 0xFC, 0x0F, 0xFE, 0x0F, 0xFE, 0x0C, 0x06, 0x0F, 0xFE, 0x00, 0x00, 0x00, 0x00,
    0x11, 0xFF, 0x10, 0x18, 0x12, 0x7F, 0x1E, 0x43, 0x1C, 0x43, 0x10, 0x7F, 0x10, 0x41, 0x13, 0x7F,
    0x13, 0x41, 0x1F, 0x7F, 0x1E, 0x7F, 0x00, 0x66, 0x01, 0xC3, 0x01, 0x00, 0x00, 0x00, 0x00, 0x00,
    0x01, 0xFF, 0x3F, 0x18, 0x0C, 0x7F, 0x0C, 0xC1, 0x0C, 0xC1, 0x0C, 0xFF, 0x0C, 0xC1, 0x0D, 0xFF,
    0x0F, 0xC1, 0x3C, 0xFF, 0x00, 0x7E, 0x00, 0xE7, 0x01, 0xC1, 0x00, 0x00, 0x00, 0x00, 0x00, 0x00,
    0x1F, 0xFF, 0x00, 0x18, 0x00, 0x7F, 0x3F, 0xC3, 0x3F, 0xC3, 0x1A, 0x7F, 0x1A, 0x41, 0x1A, 0x7F,
    0x1A, 0x41, 0x13, 0xFF, 0x17, 0x3E, 0x30, 0x67, 0x00, 0xC3, 0x00, 0x80, 0x00, 0x00, 0x00, 0x00,
    0x1F, 0xFF, 0x3F, 0x98, 0x2C, 0xBF, 0x0F, 0x63, 0x1B, 0x63, 0x3E, 0x7F, 0x0E, 0x63, 0x19, 0x7F,
    0x3F, 0xE3, 0x1B, 0x7F, 0x11, 0x3E, 0x1F, 0x36, 0x1F, 0xE3, 0x10, 0xC1, 0x00, 0x00, 0x00, 0x00,
    0x3F, 0xFF, 0x2E, 0x8C, 0x3F, 0xBF, 0x1B, 0xFF, 0x1F, 0x21, 0x1F, 0xBF, 0x3F, 0xE1, 0x3F, 0xFF,
    0x1A, 0x21, 0x1F, 0xBF, 0x01, 0x1E, 0x01, 0x33, 0x03, 0x73, 0x0F, 0xC0, 0x00, 0x00, 0x00, 0x00,
    0x06, 0x7F, 0x3F, 0x8C, 0x19, 0x3F, 0x1B, 0x21, 0x3F, 0xE1, 0x33, 0x3F, 0x36, 0x21, 0x3D, 0x3F,
    0x33, 0x21, 0x3C, 0xBF, 0x31, 0x9F, 0x27, 0x33, 0x2C, 0xE1, 0x00, 0x00, 0x00, 0x00, 0x00, 0x00,
    0x3F, 0xFF, 0x31, 0x88, 0x3F, 0xBF, 0x31, 0xA1, 0x3F, 0xBF, 0x0F, 0x3F, 0x0B, 0x61, 0x3B, 0xFF,
    0x3B, 0xA1, 0x1B, 0x3F, 0x0B, 0xFF, 0x1F, 0xB3, 0x38, 0x61, 0x00, 0x40, 0x00, 0x00, 0x00, 0x00,
    0x3F, 0xFF, 0x32, 0x0C, 0x3F, 0xBF, 0x3C, 0xF1, 0x3C, 0xF1, 0x3F, 0xFF, 0x38, 0xE1, 0x3F, 0xFF,
    0x3F, 0xBF, 0x3B, 0xBF, 0x3B, 0xDE, 0x3B, 0x53, 0x23, 0x33, 0x06, 0x61, 0x00, 0x00, 0x00, 0x00,
    0x3F, 0xFF, 0x00, 0x0C, 0x1F, 0xDF, 0x10, 0xF1, 0x1F, 0xF1, 0x1F, 0xBF, 0x17, 0xF1, 0x1F, 0x3F,
    0x1F, 0xB1, 0x3F, 0xB1, 0x37, 0x9F, 0x3F, 0x9B, 0x2F, 0xFB, 0x2C, 0x20, 0x00, 0x00, 0x00, 0x00,
    0x0F, 0x3E, 0x19, 0xE2, 0x36, 0xE2, 0x3F, 0xA2, 0x19, 0xA2, 0x1F, 0xA2, 0x19, 0xA2, 0x1F, 0xA2,
    0x1B, 0x62, 0x1B, 0x62, 0x1B, 0xE2, 0x3F, 0xC2, 0x38, 0xC3, 0x00, 0x83, 0x00, 0x00, 0x00, 0x00,
    0x0F, 0x20, 0x19, 0xB0, 0x36, 0x7F, 0x3F, 0xE9, 0x19, 0xCB, 0x1F, 0xCB, 0x19, 0x98, 0x1F, 0x9C,
    0x1A, 0x1C, 0x1B, 0x36, 0x1B, 0x36, 0x3F, 0xE3, 0x30, 0xC1, 0x00, 0x00, 0x00, 0x00, 0x00, 0x00,
    0x0F, 0x7F, 0x1D, 0x81, 0x36, 0xFD, 0x3F, 0x81, 0x19, 0xB9, 0x1F, 0xFD, 0x19, 0xED, 0x1F, 0xED,
    0x1F, 0x6D, 0x1B, 0x79, 0x1B, 0x61, 0x1F, 0x81, 0x3C, 0x87, 0x00, 0x0F, 0x00, 0x00, 0x00, 0x00,
    0x0F, 0xFF, 0x19, 0xA3, 0x3F, 0xA3, 0x3F, 0x3F, 0x1F, 0xBF, 0x19, 0xA3, 0x1F, 0xAB, 0x1F, 0xBF,
    0x18, 0x63, 0x1F, 0x23, 0x1F, 0xFF, 0x1F, 0xC3, 0x10, 0x03, 0x10, 0x03, 0x00, 0x00, 0x00, 0x00,
    0x0F, 0xFF, 0x1B, 0xA5, 0x34, 0x24, 0x3F, 0x7F, 0x1B, 0xFF, 0x1F, 0x24, 0x13, 0x25, 0x1F, 0x7F,
    0x1A, 0xE7, 0x12, 0x26, 0x13, 0x26, 0x3F, 0x2E, 0x39, 0xFB, 0x00, 0xE1, 0x00, 0x00, 0x00, 0x00,
    0x0F, 0x1E, 0x1D, 0xFF, 0x36, 0xC1, 0x3F, 0xFF, 0x19, 0xEB, 0x1F, 0xE3, 0x19, 0xFF, 0x1F, 0xE0,
    0x1F, 0x7F, 0x13, 0x7F, 0x1B, 0x61, 0x3F, 0x7F, 0x38, 0xFF, 0x00, 0x61, 0x00, 0x00, 0x00, 0x00,
    0x0F, 0xF0, 0x00, 0x40, 0x3F, 0xFF, 0x3F, 0xFF, 0x03, 0xF8, 0x06, 0x4C, 0x1C, 0x47, 0x3F, 0xFF,
    0x0C, 0x06, 0x0F, 0xFE, 0x0F, 0xFE, 0x0C, 0x06, 0x0F, 0xFE, 0x0C, 0x06, 0x00, 0x00, 0x00, 0x00,
    0x1F, 0xBF, 0x16, 0x31, 0x1F, 0xB1, 0x16, 0x31, 0x1F, 0xB1, 0x16, 0x3F, 0x1E, 0x34, 0x1F, 0xB4,
    0x00, 0xB6, 0x1F, 0xB6, 0x1F, 0xA2, 0x38, 0xE3, 0x21, 0xE1, 0x03, 0xC0, 0x00, 0x00, 0x00, 0x00,
    0x1F, 0xFF, 0x16, 0x61, 0x1F, 0xE3, 0x16, 0x7B, 0x1F, 0xEF, 0x16, 0x66, 0x1F, 0x66, 0x1F, 0xE7,
    0x00, 0xED, 0x1F, 0xF8, 0x1F, 0xF0, 0x38, 0xFF, 0x21, 0xFF, 0x03, 0x20, 0x00, 0x00, 0x00, 0x00,
    0x1F, 0xB0, 0x16, 0x3F, 0x1F, 0x7F, 0x16, 0x41, 0x1F, 0xFD, 0x16, 0x3D, 0x1E, 0x65, 0x1F, 0xE5,
    0x00, 0xED, 0x1F, 0xFD, 0x1F, 0xE1, 0x38, 0x81, 0x21, 0x87, 0x03, 0x0F, 0x00, 0x00, 0x00, 0x00,
    0x3F, 0x7F, 0x34, 0x7F, 0x3F, 0x1C, 0x34, 0x37, 0x3E, 0x63, 0x3E, 0xFF, 0x34, 0xFF, 0x3F, 0x3B,
    0x01, 0xEB, 0x3F, 0x6B, 0x3F, 0x7B, 0x29, 0x63, 0x23, 0x03, 0x07, 0x0E, 0x00, 0x00, 0x00, 0x00,
    0x1F, 0x9C, 0x16, 0x36, 0x1F, 0xE3, 0x16, 0xFF, 0x1F, 0x9E, 0x16, 0x7F, 0x1E, 0x6D, 0x1F, 0xED,
    0x12, 0xFF, 0x1F, 0x8C, 0x1F, 0x9E, 0x38, 0x92, 0x21, 0xF3, 0x03, 0xC1, 0x00, 0x00, 0x00, 0x00,
    0x1F, 0xBF, 0x1F, 0xF3, 0x3E, 0xDE, 0x1A, 0xDE, 0x1F, 0xFB, 0x0F, 0xFE, 0x0F, 0xFE, 0x0F, 0xFC,
    0x0F, 0xFC, 0x0F, 0xFC, 0x0F, 0xFF, 0x0B, 0x5B, 0x1B, 0x4B, 0x31, 0x07, 0x00, 0x00, 0x00, 0x00,
    0x0F, 0xFC, 0x0C, 0x7C, 0x0C, 0xCC, 0x0F, 0xCE, 0x3F, 0xFF, 0x30, 0x01, 0x37, 0xFD, 0x04, 0x0C,
    0x07, 0xFC, 0x04, 0x0C, 0x07, 0xFC, 0x04, 0x0C, 0x04, 0x0C, 0x04, 0x38, 0x00, 0x00, 0x00, 0x00,
    0x19, 0x8C, 0x1B, 0xFF, 0x1B, 0x9D, 0x1F, 0x99, 0x3F, 0xF3, 0x30, 0xF6, 0x1F, 0x9C, 0x19, 0x99,
    0x1F, 0xB3, 0x19, 0xE3, 0x1F, 0x86, 0x19, 0x9F, 0x19, 0xF1, 0x0B, 0x60, 0x00, 0x00, 0x00, 0x00,
    0x3F, 0xFF, 0x18, 0x03, 0x07, 0xFC, 0x06, 0x0C, 0x06, 0x0C, 0x07, 0xFC, 0x1F, 0xFF, 0x1F, 0xFF,
    0x18, 0x03, 0x1B, 0xFB, 0x1A, 0x1B, 0x1B, 0xFB, 0x1B, 0xFF, 0x18, 0x0F, 0x00, 0x00, 0x00, 0x00,
    0x3F, 0xFF, 0x1D, 0xFF, 0x1F, 0x7F, 0x25, 0xFA, 0x1F, 0xFF, 0x3B, 0x01, 0x1B, 0x87, 0x1F, 0xFC,
    0x1B, 0xE3, 0x1F, 0xEE, 0x0D, 0xD9, 0x0F, 0x83, 0x0C, 0x6E, 0x0F, 0xF8, 0x00, 0x00, 0x00, 0x00,
    0x0F, 0xFE, 0x0F, 0xFE, 0x08, 0x42, 0x0F, 0xFE, 0x0F, 0xFE, 0x08, 0x42, 0x0F, 0xFE, 0x03, 0x3C,
    0x03, 0x2C, 0x03, 0x2B, 0x06, 0x3F, 0x06, 0x39, 0x1C, 0x37, 0x30, 0x3F, 0x00, 0x00, 0x00, 0x00,
    0x1F, 0xFF, 0x1F, 0xFF, 0x00, 0xD9, 0x00, 0xFF, 0x3F, 0xD9, 0x08, 0xD9, 0x0A, 0xFF, 0x1A, 0x7E,
    0x1B, 0x6A, 0x1F, 0x6F, 0x3F, 0xCF, 0x00, 0xCC, 0x03, 0x8C, 0x03, 0x0F, 0x00, 0x00, 0x00, 0x00,
    0x07, 0xF0, 0x0E, 0x30, 0x1F, 0xFE, 0x3F, 0xFE, 0x38, 0x42, 0x0F, 0xFE, 0x0F, 0xFE, 0x08, 0x42,
    0x0F, 0xFE, 0x0C, 0x06, 0x09, 0x32, 0x19, 0x93, 0x31, 0x99, 0x20, 0x00, 0x00, 0x00, 0x00, 0x00,
    0x1F, 0x5C, 0x1A, 0xFF, 0x36, 0x00, 0x3F, 0x3F, 0x35, 0x7F, 0x1F, 0x61, 0x1F, 0x63, 0x15, 0x7F,
    0x1F, 0x08, 0x03, 0x6B, 0x1B, 0xE9, 0x3B, 0xC9, 0x3A, 0xD8, 0x20, 0x18, 0x00, 0x00, 0x00, 0x00,
    0x3F, 0x3E, 0x04, 0xFF, 0x34, 0xFF, 0x15, 0xA3, 0x04, 0x3F, 0x1F, 0xFF, 0x1F, 0xBF, 0x04, 0x7F,
    0x3F, 0xFF, 0x0E, 0x43, 0x0E, 0x7F, 0x0B, 0x55, 0x39, 0xD1, 0x30, 0x07, 0x00, 0x00, 0x00, 0x00,
    0x1F, 0xFF, 0x1F, 0xFF, 0x1B, 0x10, 0x1F, 0xFF, 0x1B, 0x11, 0x1B, 0x1B, 0x1F, 0xFF, 0x1E, 0x10,
    0x16, 0x13, 0x17, 0xDE, 0x36, 0x10, 0x36, 0x11, 0x3F, 0xD9, 0x2E, 0x1F, 0x00, 0x00, 0x00, 0x00,
    0x1F, 0xFE, 0x1F, 0xFE, 0x02, 0x18, 0x3F, 0xFF, 0x00, 0xE0, 0x0F, 0xFE, 0x08, 0x42, 0x0F, 0xFE,
    0x08, 0xC2, 0x0F, 0xFE, 0x0F, 0xFE, 0x07, 0x1C, 0x3E, 0x0F, 0x10, 0x01, 0x00, 0x00, 0x00, 0x00,
    0x0F, 0xFE, 0x08, 0x42, 0x0F, 0xFE, 0x08, 0x42, 0x0F, 0xFE, 0x00, 0xC0, 0x0F, 0xFE, 0x0F, 0xFE,
    0x00, 0xC0, 0x3F, 0xFF, 0x08, 0x02, 0x19, 0x33, 0x11, 0x91, 0x10, 0x00, 0x00, 0x00, 0x00, 0x00,
    0x3F, 0x8C, 0x3F, 0xFF, 0x06, 0x7F, 0x3F, 0x8C, 0x00, 0x0C, 0x1F, 0xFF, 0x11, 0xB3, 0x19, 0xB3,
    0x1F, 0x92, 0x19, 0x1E, 0x0B, 0x0C, 0x0F, 0xBE, 0x3F, 0xF3, 0x00, 0x41, 0x00, 0x00, 0x00, 0x00,
    0x1C, 0x07, 0x14, 0x05, 0x16, 0x09, 0x13, 0x19, 0x11, 0xB1, 0x10, 0xE1, 0x10, 0x41, 0x10, 0xE1,
    0x11, 0xB1, 0x13, 0x19, 0x16, 0x09, 0x14, 0x05, 0x18, 0x07, 0x1B, 0xFB, 0x1F, 0xFF, 0x00, 0x00,
    0x00, 0x40, 0x00, 0xC0, 0x00, 0xC0, 0x00, 0xC0, 0x00, 0x40, 0x00, 0x40, 0x00, 0x40, 0x00, 0x40,
    0x00, 0x40, 0x00, 0x00, 0x00, 0x40, 0x00, 0xE0, 0x00, 0x40, 0x00, 0x00, 0x00, 0x00, 0x00, 0x00,
    0x03, 0x30, 0x03, 0x30, 0x01, 0x30, 0x01, 0x30, 0x00, 0x00, 0x00, 0x00, 0x00, 0x00, 0x00, 0x00,
    0x00, 0x00, 0x00, 0x00, 0x00, 0x00, 0x00, 0x00, 0x00, 0x00, 0x00, 0x00, 0x00, 0x00, 0x00, 0x00,
    0x00, 0x88, 0x01, 0x98, 0x01, 0x98, 0x07, 0xFE, 0x07, 0xFE, 0x01, 0x10, 0x01, 0x10, 0x07, 0xFC,
    0x0F, 0xFE, 0x03, 0x30, 0x03, 0x30, 0x03, 0x30, 0x00, 0x00, 0x00, 0x00, 0x00, 0x00, 0x00, 0x00,
    0x00, 0x60, 0x01, 0xF8, 0x03, 0x1C, 0x02, 0x00, 0x03, 0x00, 0x03, 0xC0, 0x00, 0xF0, 0x00, 0x38,
    0x00, 0x0C, 0x00, 0x0C, 0x07, 0x1C, 0x03, 0xF8, 0x00, 0x60, 0x00, 0x60, 0x00, 0x00, 0x00, 0x00,
    0x1E, 0x08, 0x1B, 0x18, 0x31, 0x10, 0x31, 0x30, 0x31, 0x20, 0x13, 0x4E, 0x1E, 0x5B, 0x0C, 0x91,
    0x01, 0x91, 0x01, 0x11, 0x03, 0x1B, 0x02, 0x1E, 0x00, 0x04, 0x00, 0x00, 0x00, 0x00, 0x00, 0x00,
    0x01, 0xC0, 0x03, 0xE0, 0x03, 0x30, 0x02, 0x20, 0x03, 0x60, 0x01, 0xC0, 0x03, 0x86, 0x06, 0xCC,
    0x0C, 0x6C, 0x0C, 0x38, 0x06, 0x3C, 0x07, 0xE6, 0x01, 0x80, 0x00, 0x00, 0x00, 0x00, 0x00, 0x00,
    0x00, 0x40, 0x00, 0x40, 0x00, 0x40, 0x00, 0x40, 0x00, 0x00, 0x00, 0x00, 0x00, 0x00, 0x00, 0x00,
    0x00, 0x00, 0x00, 0x00, 0x00, 0x00, 0x00, 0x00, 0x00, 0x00, 0x00, 0x00, 0x00, 0x00, 0x00, 0x00,
    0x00, 0x03, 0x00, 0x02, 0x00, 0x06, 0x00, 0x04, 0x00, 0x04, 0x00, 0x0C, 0x00, 0x0C, 0x00, 0x0C,
    0x00, 0x04, 0x00, 0x06, 0x00, 0x06, 0x00, 0x03, 0x00, 0x03, 0x00, 0x01, 0x00, 0x00, 0x00, 0x00,
    0x18, 0x00, 0x08, 0x00, 0x0C, 0x00, 0x0C, 0x00, 0x04, 0x00, 0x04, 0x00, 0x06, 0x00, 0x04, 0x00,
    0x04, 0x00, 0x0C, 0x00, 0x0C, 0x00, 0x18, 0x00, 0x10, 0x00, 0x30, 0x00, 0x00, 0x00, 0x00, 0x00,
    0x00, 0x40, 0x00, 0x40, 0x00, 0x40, 0x0C, 0x46, 0x07, 0x5C, 0x01, 0xF0, 0x00, 0xF0, 0x03, 0xF8,
    0x06, 0x4E, 0x08, 0x42, 0x00, 0x40, 0x00, 0x40, 0x00, 0x00, 0x00, 0x00, 0x00, 0x00, 0x00, 0x00,
    0x00, 0x00, 0x00, 0x40, 0x00, 0x40, 0x00, 0x40, 0x00, 0x40, 0x00, 0x40, 0x0F, 0xFE, 0x00, 0xC0,
    0x00, 0x40, 0x00, 0x40, 0x00, 0x40, 0x00, 0x40, 0x00, 0x00, 0x00, 0x00, 0x00, 0x00, 0x00, 0x00,
    0x00, 0x00, 0x00, 0x00, 0x00, 0x00, 0x00, 0x00, 0x00, 0x00, 0x00, 0x00, 0x00, 0x00, 0x00, 0x00,
    0x04, 0x00, 0x0E, 0x00, 0x0E, 0x00, 0x06, 0x00, 0x06, 0x00, 0x0C, 0x00, 0x00, 0x00, 0x00, 0x00,
    0x00, 0x00, 0x00, 0x00, 0x00, 0x00, 0x00, 0x00, 0x00, 0x00, 0x00, 0x00, 0x0F, 0xFE, 0x00, 0x00,
    0x00, 0x00, 0x00, 0x00, 0x00, 0x00, 0x00, 0x00, 0x00, 0x00, 0x00, 0x00, 0x00, 0x00, 0x00, 0x00,
    0x00, 0x00, 0x00, 0x00, 0x00, 0x00, 0x00, 0x00, 0x00, 0x00, 0x00, 0x00, 0x00, 0x00, 0x00, 0x00,
    0x00, 0x00, 0x00, 0x00, 0x0E, 0x00, 0x0E, 0x00, 0x04, 0x00, 0x00, 0x00, 0x00, 0x00, 0x00, 0x00,
    0x00, 0x03, 0x00, 0x06, 0x00, 0x0C, 0x00, 0x18, 0x00, 0x30, 0x00, 0x60, 0x00, 0xC0, 0x01, 0x80,
    0x03, 0x00, 0x06, 0x00, 0x0C, 0x00, 0x18, 0x00, 0x30, 0x00, 0x20, 0x00, 0x00, 0x00, 0x00, 0x00,
    0x00, 0xE0, 0x03, 0xF8, 0x03, 0x18, 0x06, 0x0C, 0x06, 0x0C, 0x06, 0x0C, 0x06, 0x0C, 0x06, 0x0C,
    0x06, 0x0C, 0x06, 0x08, 0x03, 0x18, 0x01, 0xF0, 0x00, 0x40, 0x00, 0x00, 0x00, 0x00, 0x00, 0x00,
    0x00, 0x40, 0x03, 0xE0, 0x00, 0xE0, 0x00, 0x60, 0x00, 0x60, 0x00, 0x60, 0x00, 0x60, 0x00, 0x60,
    0x00, 0x60, 0x00, 0x60, 0x00, 0x60, 0x07, 0xFC, 0x03, 0xF8, 0x00, 0x00, 0x00, 0x00, 0x00, 0x00,
    0x01, 0xF0, 0x03, 0xF8, 0x06, 0x18, 0x00, 0x08, 0x00, 0x08, 0x00, 0x18, 0x00, 0x30, 0x00, 0x30,
    0x00, 0x60, 0x01, 0xC0, 0x03, 0x80, 0x07, 0xFC, 0x03, 0xF8, 0x00, 0x00, 0x00, 0x00, 0x00, 0x00,
    0x01, 0xF0, 0x03, 0xF8, 0x06, 0x18, 0x00, 0x08, 0x00, 0x18, 0x00, 0x70, 0x00, 0xF0, 0x00, 0x18,
    0x00, 0x0C, 0x00, 0x0C, 0x07, 0x18, 0x03, 0xF0, 0x00, 0xC0, 0x00, 0x00, 0x00, 0x00, 0x00, 0x00,
    0x00, 0x10, 0x00, 0x30, 0x00, 0x70, 0x00, 0xD0, 0x01, 0x90, 0x01, 0x90, 0x03, 0x10, 0x06, 0x18,
    0x07, 0xFC, 0x00, 0x38, 0x00, 0x10, 0x00, 0x18, 0x00, 0x10, 0x00, 0x00, 0x00, 0x00, 0x00, 0x00,
    0x00, 0x00, 0x03, 0xF8, 0x03, 0x00, 0x02, 0x00, 0x02, 0x40, 0x03, 0xF0, 0x02, 0x18, 0x00, 0x0C,
    0x00, 0x0C, 0x00, 0x0C, 0x06, 0x18, 0x03, 0xF0, 0x00, 0xC0, 0x00, 0x00, 0x00, 0x00, 0x00, 0x00,
    0x00, 0xF0, 0x01, 0xF8, 0x03, 0x00, 0x03, 0x00, 0x06, 0x00, 0x07, 0xF0, 0x07, 0xF8, 0x06, 0x0C,
    0x06, 0x0C, 0x07, 0x0C, 0x03, 0x98, 0x01, 0xF8, 0x00, 0x60, 0x00, 0x00, 0x00, 0x00, 0x00, 0x00,
    0x00, 0x00, 0x07, 0xFC, 0x00, 0x18, 0x00, 0x18, 0x00, 0x30, 0x00, 0x30, 0x00, 0x60, 0x00, 0x60,
    0x00, 0x40, 0x00, 0xC0, 0x00, 0xC0, 0x00, 0xC0, 0x00, 0xC0, 0x00, 0x00, 0x00, 0x00, 0x00, 0x00,
    0x00, 0xE0, 0x03, 0xF0, 0x03, 0x18, 0x06, 0x08, 0x03, 0x18, 0x03, 0x98, 0x01, 0xF0, 0x03, 0x38,
    0x06, 0x0C, 0x06, 0x0C, 0x06, 0x18, 0x03, 0xF8, 0x00, 0xE0, 0x00, 0x00, 0x00, 0x00, 0x00, 0x00,
    0x01, 0xE0, 0x03, 0xF0, 0x06, 0x18, 0x06, 0x1C, 0x06, 0x0C, 0x06, 0x1C, 0x03, 0x3C, 0x01, 0xFC,
    0x00, 0x1C, 0x00, 0x18, 0x02, 0x38, 0x03, 0xF0, 0x00, 0x80, 0x00, 0x00, 0x00, 0x00, 0x00, 0x00,
    0x00, 0x00, 0x00, 0xC0, 0x00, 0xE0, 0x00, 0xC0, 0x00, 0x00, 0x00, 0x00, 0x00, 0x00, 0x00, 0x00,
    0x00, 0x00, 0x00, 0xC0, 0x00, 0xE0, 0x00, 0xC0, 0x00, 0x00, 0x00, 0x00, 0x00, 0x00, 0x00, 0x00,
    0x00, 0x00, 0x00, 0xC0, 0x00, 0xE0, 0x00, 0xC0, 0x00, 0x00, 0x00, 0x00, 0x00, 0x00, 0x00, 0x00,
    0x00, 0xC0, 0x00, 0xE0, 0x00, 0x60, 0x00, 0x60, 0x00, 0xC0, 0x00, 0x80, 0x00, 0x00, 0x00, 0x00,
    0x00, 0x02, 0x00, 0x0E, 0x00, 0x38, 0x00, 0xE0, 0x03, 0x80, 0x0F, 0x00, 0x1C, 0x00, 0x07, 0x00,
    0x01, 0xC0, 0x00, 0x70, 0x00, 0x1C, 0x00, 0x06, 0x00, 0x02, 0x00, 0x00, 0x00, 0x00, 0x00, 0x00,
    0x00, 0x00, 0x00, 0x00, 0x00, 0x00, 0x00, 0x00, 0x0F, 0xFE, 0x00, 0x00, 0x00, 0x00, 0x0F, 0xFE,
    0x0F, 0xFE, 0x00, 0x00, 0x00, 0x00, 0x00, 0x00, 0x00, 0x00, 0x00, 0x00, 0x00, 0x00, 0x00, 0x00,
    0x18, 0x00, 0x0E, 0x00, 0x03, 0x80, 0x01, 0xE0, 0x00, 0x78, 0x00, 0x1E, 0x00, 0x06, 0x00, 0x1C,
    0x00, 0x70, 0x01, 0xC0, 0x07, 0x00, 0x1C, 0x00, 0x00, 0x00, 0x00, 0x00, 0x00, 0x00, 0x00, 0x00,
    0x01, 0xE0, 0x03, 0xF8, 0x02, 0x18, 0x00, 0x18, 0x00, 0x18, 0x00, 0x30, 0x00, 0x60, 0x00, 0xC0,
    0x00, 0xC0, 0x00, 0x00, 0x00, 0xC0, 0x00, 0xC0, 0x00, 0x00, 0x00, 0x00, 0x00, 0x00, 0x00, 0x00,
    0x03, 0x8E, 0x06, 0x02, 0x0C, 0x03, 0x18, 0xF9, 0x19, 0x99, 0x11, 0x11, 0x13, 0x11, 0x13, 0x33,
    0x11, 0xFE, 0x18, 0xDC, 0x18, 0x00, 0x0C, 0x00, 0x07, 0xB8, 0x01, 0xF0, 0x00, 0x00, 0x00, 0x00,
    0x00, 0x40, 0x00, 0xE0, 0x01, 0xE0, 0x01, 0xB0, 0x01, 0xB0, 0x03, 0x10, 0x03, 0x18, 0x03, 0xF8,
    0x07, 0xFC, 0x06, 0x0C, 0x0C, 0x0C, 0x0C, 0x06, 0x00, 0x00, 0x00, 0x00, 0x00, 0x00, 0x00, 0x00,
    0x00, 0x00, 0x07, 0xF8, 0x06, 0x1C, 0x06, 0x0C, 0x06, 0x0C, 0x06, 0x18, 0x07, 0xF8, 0x06, 0x0C,
    0x06, 0x06, 0x06, 0x06, 0x06, 0x0C, 0x07, 0xFC, 0x03, 0xE0, 0x00, 0x00, 0x00, 0x00, 0x00, 0x00,
    0x00, 0xF8, 0x01, 0xFC, 0x03, 0x04, 0x06, 0x00, 0x06, 0x00, 0x06, 0x00, 0x06, 0x00, 0x06, 0x00,
    0x06, 0x00, 0x03, 0x00, 0x03, 0x86, 0x01, 0xFC, 0x00, 0x30, 0x00, 0x00, 0x00, 0x00, 0x00, 0x00,
    0x00, 0x00, 0x07, 0xF0, 0x06, 0x38, 0x06, 0x0C, 0x06, 0x06, 0x06, 0x06, 0x06, 0x06, 0x06, 0x06,
    0x06, 0x06, 0x06, 0x0C, 0x06, 0x3C, 0x07, 0xF0, 0x07, 0xC0, 0x00, 0x00, 0x00, 0x00, 0x00, 0x00,
    0x00, 0x00, 0x03, 0xFC, 0x03, 0x00, 0x02, 0x00, 0x02, 0x00, 0x03, 0x00, 0x03, 0xF8, 0x03, 0x00,
    0x02, 0x00, 0x02, 0x00, 0x02, 0x00, 0x03, 0xFC, 0x03, 0xF8, 0x00, 0x00, 0x00, 0x00, 0x00, 0x00,
    0x00, 0x00, 0x03, 0xFC, 0x03, 0x00, 0x03, 0x00, 0x03, 0x00, 0x03, 0x00, 0x03, 0xF8, 0x03, 0x00,
    0x03, 0x00, 0x03, 0x00, 0x03, 0x00, 0x03, 0x00, 0x01, 0x00, 0x00, 0x00, 0x00, 0x00, 0x00, 0x00,
    0x00, 0xF8, 0x03, 0xFC, 0x07, 0x04, 0x06, 0x00, 0x0C, 0x00, 0x0C, 0x00, 0x0C, 0x3E, 0x0C, 0x06,
    0x0C, 0x06, 0x06, 0x06, 0x03, 0x8E, 0x01, 0xFC, 0x00, 0x60, 0x00, 0x00, 0x00, 0x00, 0x00, 0x00,
    0x04, 0x04, 0x0C, 0x0C, 0x0C, 0x0C, 0x0C, 0x0C, 0x0C, 0x0C, 0x0F, 0xFC, 0x0F, 0xFC, 0x0C, 0x0C,
    0x0C, 0x0C, 0x0C, 0x0C, 0x0C, 0x0C, 0x0C, 0x0C, 0x04, 0x04, 0x00, 0x00, 0x00, 0x00, 0x00, 0x00,
    0x00, 0x00, 0x03, 0xFC, 0x00, 0x60, 0x00, 0x60, 0x00, 0x60, 0x00, 0x60, 0x00, 0x60, 0x00, 0x60,
    0x00, 0x60, 0x00, 0x60, 0x00, 0x60, 0x03, 0xFC, 0x03, 0xF8, 0x00, 0x00, 0x00, 0x00, 0x00, 0x00,
    0x00, 0x10, 0x00, 0x18, 0x00, 0x18, 0x00, 0x18, 0x00, 0x18, 0x00, 0x18, 0x00, 0x18, 0x00, 0x18,
    0x00, 0x18, 0x00, 0x18, 0x06, 0x30, 0x03, 0xF0, 0x00, 0xC0, 0x00, 0x00, 0x00, 0x00, 0x00, 0x00,
    0x04, 0x04, 0x06, 0x1C, 0x06, 0x38, 0x06, 0x70, 0x06, 0xE0, 0x06, 0xC0, 0x07, 0xE0, 0x07, 0x30,
    0x06, 0x30, 0x06, 0x18, 0x06, 0x0C, 0x06, 0x0E, 0x04, 0x04, 0x00, 0x00, 0x00, 0x00, 0x00, 0x00,
    0x01, 0x00, 0x03, 0x00, 0x03, 0x00, 0x03, 0x00, 0x03, 0x00, 0x03, 0x00, 0x03, 0x00, 0x03, 0x00,
    0x03, 0x00, 0x03, 0x00, 0x03, 0x00, 0x03, 0xFC, 0x01, 0xFC, 0x00, 0x00, 0x00, 0x00, 0x00, 0x00,
    0x08, 0x02, 0x0C, 0x06, 0x0E, 0x0E, 0x0E, 0x0E, 0x0B, 0x1A, 0x0B, 0x1A, 0x09, 0x12, 0x09, 0xB2,
    0x09, 0xE2, 0x08, 0xE2, 0x08, 0xC2, 0x08, 0x02, 0x08, 0x02, 0x00, 0x00, 0x00, 0x00, 0x00, 0x00,
    0x04, 0x04, 0x0E, 0x0C, 0x0F, 0x0C, 0x0F, 0x0C, 0x0D, 0x8C, 0x0D, 0xCC, 0x0C, 0xCC, 0x0C, 0x6C,
    0x0C, 0x6C, 0x0C, 0x3C, 0x0C, 0x1C, 0x0C, 0x0C, 0x04, 0x00, 0x00, 0x00, 0x00, 0x00, 0x00, 0x00,
    0x01, 0xF0, 0x07, 0xFC, 0x0E, 0x0C, 0x0C, 0x06, 0x0C, 0x06, 0x18, 0x02, 0x18, 0x02, 0x08, 0x06,
    0x0C, 0x06, 0x0C, 0x06, 0x07, 0x1C, 0x03, 0xF8, 0x00, 0xC0, 0x00, 0x00, 0x00, 0x00, 0x00, 0x00,
    0x00, 0x00, 0x03, 0xF8, 0x03, 0x0C, 0x02, 0x06, 0x02, 0x06, 0x02, 0x0E, 0x03, 0xFC, 0x03, 0xF8,
    0x02, 0x00, 0x02, 0x00, 0x02, 0x00, 0x02, 0x00, 0x02, 0x00, 0x00, 0x00, 0x00, 0x00, 0x00, 0x00,
    0x01, 0xF0, 0x07, 0xFC, 0x0E, 0x0C, 0x0C, 0x06, 0x0C, 0x06, 0x18, 0x02, 0x18, 0x02, 0x08, 0x06,
    0x0C, 0x06, 0x0C, 0x06, 0x06, 0x1C, 0x03, 0xF8, 0x00, 0xE0, 0x00, 0x70, 0x00, 0x3F, 0x00, 0x00,
    0x00, 0x00, 0x03, 0xFC, 0x02, 0x0C, 0x02, 0x06, 0x02, 0x06, 0x02, 0x0C, 0x03, 0xF8, 0x03, 0x30,
    0x02, 0x38, 0x02, 0x18, 0x02, 0x0C, 0x02, 0x0E, 0x02, 0x06, 0x00, 0x00, 0x00, 0x00, 0x00, 0x00,
    0x01, 0xF8, 0x03, 0xFC, 0x03, 0x04, 0x02, 0x00, 0x03, 0x80, 0x01, 0xE0, 0x00, 0xF8, 0x00, 0x1C,
    0x00, 0x06, 0x00, 0x06, 0x07, 0x0C, 0x03, 0xF8, 0x00, 0x60, 0x00, 0x00, 0x00, 0x00, 0x00, 0x00,
    0x00, 0x00, 0x0F, 0xFE, 0x00, 0xC0, 0x00, 0xC0, 0x00, 0xC0, 0x00, 0xC0, 0x00, 0xC0, 0x00, 0xC0,
    0x00, 0xC0, 0x00, 0xC0, 0x00, 0xC0, 0x00, 0xC0, 0x00, 0x40, 0x00, 0x00, 0x00, 0x00, 0x00, 0x00,
    0x0C, 0x0C, 0x0C, 0x0C, 0x0C, 0x0C, 0x0C, 0x0C, 0x0C, 0x0C, 0x0C, 0x0C, 0x0C, 0x0C, 0x0C, 0x0C,
    0x0C, 0x0C, 0x0E, 0x0C, 0x07, 0x18, 0x03, 0xF0, 0x00, 0xC0, 0x00, 0x00, 0x00, 0x00, 0x00, 0x00,
    0x04, 0x04, 0x0C, 0x06, 0x06, 0x0C, 0x06, 0x0C, 0x02, 0x08, 0x03, 0x18, 0x03, 0x18, 0x01, 0x10,
    0x01, 0xB0, 0x01, 0xB0, 0x00, 0xE0, 0x00, 0xE0, 0x00, 0x40, 0x00, 0x00, 0x00, 0x00, 0x00, 0x00,
    0x20, 0x40, 0x30, 0xE1, 0x30, 0xE1, 0x30, 0xE1, 0x19, 0xB3, 0x19, 0xB3, 0x19, 0xB3, 0x19, 0x12,
    0x0B, 0x1A, 0x0F, 0x1E, 0x0E, 0x0E, 0x0E, 0x0E, 0x04, 0x04, 0x00, 0x00, 0x00, 0x00, 0x00, 0x00,
    0x04, 0x04, 0x06, 0x0C, 0x03, 0x18, 0x01, 0xB0, 0x01, 0xB0, 0x00, 0xE0, 0x00, 0xE0, 0x00, 0xE0,
    0x01, 0xB0, 0x03, 0x18, 0x03, 0x18, 0x06, 0x0C, 0x04, 0x04, 0x00, 0x00, 0x00, 0x00, 0x00, 0x00,
    0x04, 0x04, 0x06, 0x0C, 0x02, 0x18, 0x03, 0x18, 0x01, 0xB0, 0x01, 0xB0, 0x00, 0xE0, 0x00, 0xE0,
    0x00, 0x40, 0x00, 0x40, 0x00, 0x40, 0x00, 0x40, 0x00, 0x40, 0x00, 0x00, 0x00, 0x00, 0x00, 0x00,
    0x00, 0x00, 0x07, 0xFC, 0x00, 0x0C, 0x00, 0x18, 0x00, 0x30, 0x00, 0x60, 0x00, 0x60, 0x00, 0xC0,
    0x01, 0x80, 0x03, 0x00, 0x03, 0x00, 0x07, 0xFE, 0x07, 0xFC, 0x00, 0x00, 0x00, 0x00, 0x00, 0x00,
    0x00, 0x0C, 0x00, 0x0C, 0x00, 0x0C, 0x00, 0x0C, 0x00, 0x0C, 0x00, 0x0C, 0x00, 0x0C, 0x00, 0x0C,
    0x00, 0x0C, 0x00, 0x0C, 0x00, 0x0C, 0x00, 0x0C, 0x00, 0x0C, 0x00, 0x07, 0x00, 0x00, 0x00, 0x00,
    0x10, 0x00, 0x08, 0x00, 0x04, 0x00, 0x02, 0x00, 0x01, 0x00, 0x00, 0x80, 0x00, 0x40, 0x00, 0x20,
    0x00, 0x10, 0x00, 0x08, 0x00, 0x04, 0x00, 0x02, 0x00, 0x01, 0x00, 0x00, 0x00, 0x00, 0x00, 0x00,
    0x04, 0x00, 0x04, 0x00, 0x04, 0x00, 0x04, 0x00, 0x04, 0x00, 0x04, 0x00, 0x04, 0x00, 0x04, 0x00,
    0x04, 0x00, 0x04, 0x00, 0x04, 0x00, 0x04, 0x00, 0x04, 0x00, 0x3C, 0x00, 0x00, 0x00, 0x00, 0x00,
    0x00, 0x00, 0x00, 0x00, 0x00, 0x00, 0x00, 0x00, 0x00, 0x00, 0x00, 0x00, 0x00, 0x00, 0x00, 0x00,
    0x00, 0x00, 0x00, 0x00, 0x00, 0x00, 0x00, 0x00, 0x00, 0x00, 0x00, 0x00, 0x00, 0x00, 0x00, 0x00,
    0x00, 0x00, 0x00, 0x00, 0x00, 0x00, 0x00, 0x00, 0x00, 0x00, 0x00, 0x00, 0x00, 0x00, 0x00, 0x00,
    0x00, 0x00, 0x00, 0x00, 0x00, 0x00, 0x00, 0x00, 0x00, 0x00, 0x00, 0x00, 0x3F, 0xFF, 0x00, 0x00,
    0x00, 0x00, 0x00, 0x00, 0x00, 0x00, 0x00, 0x00, 0x00, 0x00, 0x00, 0x00, 0x00, 0x00, 0x00, 0x00,
    0x00, 0x00, 0x00, 0x00, 0x00, 0x00, 0x00, 0x00, 0x00, 0x00, 0x00, 0x00, 0x00, 0x00, 0x00, 0x00,
    0x00, 0x00, 0x00, 0x00, 0x00, 0x00, 0x00, 0x60, 0x03, 0xF8, 0x03, 0x0C, 0x00, 0x0C, 0x00, 0xFC,
    0x03, 0x8C, 0x03, 0x0C, 0x03, 0x1C, 0x03, 0xFC, 0x00, 0xC0, 0x00, 0x00, 0x00, 0x00, 0x00, 0x00,
    0x02, 0x00, 0x02, 0x00, 0x02, 0x00, 0x02, 0x20, 0x03, 0xF8, 0x03, 0x8C, 0x02, 0x06, 0x02, 0x06,
    0x02, 0x06, 0x02, 0x0E, 0x03, 0x1C, 0x03, 0xF8, 0x00, 0x60, 0x00, 0x00, 0x00, 0x00, 0x00, 0x00,
    0x00, 0x00, 0x00, 0x00, 0x00, 0x00, 0x00, 0x20, 0x01, 0xFC, 0x03, 0x8C, 0x03, 0x00, 0x02, 0x00,
    0x02, 0x00, 0x03, 0x00, 0x03, 0x8C, 0x01, 0xFC, 0x00, 0x20, 0x00, 0x00, 0x00, 0x00, 0x00, 0x00,
    0x00, 0x0C, 0x00, 0x0C, 0x00, 0x0C, 0x00, 0x4C, 0x03, 0xFC, 0x03, 0x1C, 0x06, 0x0C, 0x06, 0x0C,
    0x06, 0x0C, 0x06, 0x0C, 0x03, 0x1C, 0x03, 0xFC, 0x00, 0xC0, 0x00, 0x00, 0x00, 0x00, 0x00, 0x00,
    0x00, 0x00, 0x00, 0x00, 0x00, 0x00, 0x00, 0x60, 0x01, 0xF8, 0x03, 0x1C, 0x06, 0x0C, 0x07, 0xFC,
    0x07, 0xF8, 0x06, 0x00, 0x03, 0x08, 0x01, 0xF8, 0x00, 0x60, 0x00, 0x00, 0x00, 0x00, 0x00, 0x00,
    0x00, 0x7C, 0x00, 0xC0, 0x00, 0xC0, 0x03, 0xF8, 0x03, 0xFC, 0x00, 0xC0, 0x00, 0xC0, 0x00, 0xC0,
    0x00, 0xC0, 0x00, 0xC0, 0x00, 0xC0, 0x00, 0xC0, 0x00, 0x00, 0x00, 0x00, 0x00, 0x00, 0x00, 0x00,
    0x00, 0x00, 0x00, 0x00, 0x00, 0x00, 0x00, 0xFC, 0x03, 0xFE, 0x03, 0x18, 0x02, 0x18, 0x03, 0x18,
    0x03, 0xF0, 0x03, 0xE0, 0x02, 0x00, 0x03, 0xFC, 0x03, 0xFC, 0x06, 0x06, 0x06, 0x0C, 0x03, 0xF8,
    0x02, 0x00, 0x02, 0x00, 0x02, 0x00, 0x02, 0x70, 0x03, 0xF8, 0x03, 0x0C, 0x02, 0x0C, 0x02, 0x0C,
    0x02, 0x0C, 0x02, 0x0C, 0x02, 0x0C, 0x02, 0x0C, 0x02, 0x04, 0x00, 0x00, 0x00, 0x00, 0x00, 0x00,
    0x00, 0xE0, 0x00, 0xE0, 0x00, 0x00, 0x00, 0x00, 0x00, 0x40, 0x00, 0x40, 0x00, 0x40, 0x00, 0x40,
    0x00, 0x40, 0x00, 0x40, 0x00, 0x40, 0x00, 0x40, 0x00, 0x40, 0x00, 0x00, 0x00, 0x00, 0x00, 0x00,
    0x00, 0x60, 0x00, 0x60, 0x00, 0x00, 0x00, 0x00, 0x00, 0x60, 0x00, 0x60, 0x00, 0x60, 0x00, 0x60,
    0x00, 0x60, 0x00, 0x60, 0x00, 0x60, 0x00, 0x60, 0x00, 0x60, 0x00, 0x60, 0x00, 0x60, 0x07, 0xC0,
    0x02, 0x00, 0x02, 0x00, 0x02, 0x00, 0x02, 0x08, 0x02, 0x18, 0x02, 0x30, 0x02, 0x60, 0x03, 0xE0,
    0x03, 0xE0, 0x03, 0x30, 0x02, 0x18, 0x02, 0x1C, 0x02, 0x00, 0x00, 0x00, 0x00, 0x00, 0x00, 0x00,
    0x00, 0x40, 0x00, 0x40, 0x00, 0x40, 0x00, 0x40, 0x00, 0x40, 0x00, 0x40, 0x00, 0x40, 0x00, 0x40,
    0x00, 0x40, 0x00, 0x40, 0x00, 0x60, 0x00, 0x7C, 0x00, 0x10, 0x00, 0x00, 0x00, 0x00, 0x00, 0x00,
    0x00, 0x00, 0x00, 0x00, 0x00, 0x00, 0x13, 0x8C, 0x1F, 0xFF, 0x18, 0xE3, 0x18, 0x43, 0x18, 0x43,
    0x18, 0x43, 0x18, 0x43, 0x18, 0x43, 0x18, 0x43, 0x10, 0x41, 0x00, 0x00, 0x00, 0x00, 0x00, 0x00,
    0x00, 0x00, 0x00, 0x00, 0x00, 0x00, 0x02, 0x70, 0x03, 0xF8, 0x03, 0x0C, 0x02, 0x0C, 0x02, 0x0C,
    0x02, 0x0C, 0x02, 0x0C, 0x02, 0x0C, 0x02, 0x0C, 0x02, 0x00, 0x00, 0x00, 0x00, 0x00, 0x00, 0x00,
    0x00, 0x00, 0x00, 0x00, 0x00, 0x00, 0x00, 0x40, 0x03, 0xF0, 0x03, 0x18, 0x06, 0x0C, 0x06, 0x0C,
    0x06, 0x0C, 0x06, 0x0C, 0x03, 0x18, 0x03, 0xF0, 0x00, 0x40, 0x00, 0x00, 0x00, 0x00, 0x00, 0x00,
    0x00, 0x00, 0x00, 0x00, 0x00, 0x00, 0x02, 0x70, 0x03, 0xFC, 0x03, 0x0C, 0x02, 0x06, 0x02, 0x06,
    0x02, 0x06, 0x02, 0x0E, 0x03, 0x0C, 0x03, 0xF8, 0x02, 0x70, 0x02, 0x00, 0x02, 0x00, 0x02, 0x00,
    0x00, 0x00, 0x00, 0x00, 0x00, 0x00, 0x00, 0xE0, 0x03, 0xFC, 0x03, 0x0C, 0x06, 0x0C, 0x06, 0x0C,
    0x06, 0x0C, 0x06, 0x0C, 0x07, 0x1C, 0x03, 0xFC, 0x00, 0xEC, 0x00, 0x0C, 0x00, 0x0C, 0x00, 0x0C,
    0x00, 0x00, 0x00, 0x00, 0x00, 0x00, 0x01, 0x18, 0x03, 0x7C, 0x03, 0xC0, 0x03, 0x80, 0x03, 0x00,
    0x03, 0x00, 0x03, 0x00, 0x03, 0x00, 0x03, 0x00, 0x01, 0x00, 0x00, 0x00, 0x00, 0x00, 0x00, 0x00,
    0x00, 0x00, 0x00, 0x00, 0x00, 0x00, 0x00, 0xC0, 0x03, 0xF0, 0x03, 0x10, 0x03, 0x00, 0x01, 0xE0,
    0x00, 0x78, 0x00, 0x18, 0x02, 0x18, 0x03, 0xF8, 0x00, 0xE0, 0x00, 0x00, 0x00, 0x00, 0x00, 0x00,
    0x00, 0x00, 0x00, 0x80, 0x01, 0x80, 0x07, 0xF8, 0x07, 0xF8, 0x01, 0x80, 0x01, 0x80, 0x01, 0x80,
    0x01, 0x80, 0x01, 0x80, 0x00, 0xC0, 0x00, 0xFC, 0x00, 0x30, 0x00, 0x00, 0x00, 0x00, 0x00, 0x00,
    0x00, 0x00, 0x00, 0x00, 0x00, 0x00, 0x02, 0x0C, 0x02, 0x0C, 0x02, 0x0C, 0x02, 0x0C, 0x02, 0x0C,
    0x02, 0x0C, 0x03, 0x0C, 0x03, 0x1C, 0x03, 0xFC, 0x00, 0xC0, 0x00, 0x00, 0x00, 0x00, 0x00, 0x00,
    0x00, 0x00, 0x00, 0x00, 0x00, 0x00, 0x04, 0x00, 0x06, 0x0C, 0x02, 0x08, 0x03, 0x18, 0x03, 0x18,
    0x01, 0xB0, 0x01, 0xB0, 0x00, 0xE0, 0x00, 0xE0, 0x00, 0x40, 0x00, 0x00, 0x00, 0x00, 0x00, 0x00,
    0x00, 0x00, 0x00, 0x00, 0x00, 0x00, 0x10, 0x41, 0x18, 0xE3, 0x18, 0xE3, 0x18, 0xE3, 0x0D, 0xB6,
    0x0D, 0xB6, 0x0D, 0x16, 0x07, 0x1C, 0x07, 0x1C, 0x02, 0x08, 0x00, 0x00, 0x00, 0x00, 0x00, 0x00,
    0x00, 0x00, 0x00, 0x00, 0x00, 0x00, 0x02, 0x08, 0x03, 0x18, 0x01, 0xB0, 0x01, 0xF0, 0x00, 0xE0,
    0x00, 0xE0, 0x01, 0xB0, 0x03, 0x30, 0x03, 0x18, 0x02, 0x08, 0x00, 0x00, 0x00, 0x00, 0x00, 0x00,
    0x00, 0x00, 0x00, 0x00, 0x00, 0x00, 0x04, 0x04, 0x06, 0x0C, 0x03, 0x08, 0x03, 0x18, 0x01, 0x18,
    0x01, 0xB0, 0x01, 0xB0, 0x00, 0xE0, 0x00, 0xE0, 0x00, 0x60, 0x00, 0xC0, 0x01, 0xC0, 0x07, 0x80,
    0x00, 0x00, 0x00, 0x00, 0x00, 0x00, 0x01, 0xF8, 0x03, 0xFC, 0x00, 0x18, 0x00, 0x30, 0x00, 0x60,
    0x00, 0xC0, 0x01, 0x80, 0x01, 0x80, 0x03, 0xFC, 0x03, 0xF8, 0x00, 0x00, 0x00, 0x00, 0x00, 0x00,
    0x00, 0x03, 0x00, 0x02, 0x00, 0x03, 0x00, 0x03, 0x00, 0x03, 0x00, 0x06, 0x00, 0x06, 0x00, 0x02,
    0x00, 0x03, 0x00, 0x03, 0x00, 0x02, 0x00, 0x02, 0x00, 0x03, 0x00, 0x01, 0x00, 0x00, 0x00, 0x00,
    0x00, 0x40, 0x00, 0x40, 0x00, 0x40, 0x00, 0x40, 0x00, 0x40, 0x00, 0x40, 0x00, 0x40, 0x00, 0x40,
    0x00, 0x40, 0x00, 0x40, 0x00, 0x40, 0x00, 0x40, 0x00, 0x40, 0x00, 0x40, 0x00, 0x00, 0x00, 0x00,
    0x18, 0x00, 0x18, 0x00, 0x18, 0x00, 0x18, 0x00, 0x18, 0x00, 0x0C, 0x00, 0x0C, 0x00, 0x18, 0x00,
    0x18, 0x00, 0x18, 0x00, 0x18, 0x00, 0x18, 0x00, 0x18, 0x00, 0x30, 0x00, 0x00, 0x00, 0x00, 0x00,
    0x00, 0x00, 0x00, 0x00, 0x00, 0x00, 0x00, 0x00, 0x07, 0x00, 0x1F, 0xC1, 0x38, 0xE3, 0x30, 0x7F,
    0x00, 0x1C, 0x00, 0x00, 0x00, 0x00, 0x00, 0x00, 0x00, 0x00, 0x00, 0x00, 0x00, 0x00, 0x00, 0x00,
    0x00, 0x0B, 0x00, 0x1A, 0x00, 0x1A, 0x00, 0x16, 0x00, 0x14, 0x00, 0x14, 0x00, 0x14, 0x00, 0x14,
    0x00, 0x14, 0x00, 0x16, 0x00, 0x1A, 0x00, 0x0B, 0x00, 0x0D, 0x00, 0x05, 0x00, 0x00, 0x00, 0x00,
    0x12, 0x00, 0x0A, 0x00, 0x0B, 0x00, 0x0D, 0x00, 0x05, 0x00, 0x05, 0x00, 0x05, 0x00, 0x05, 0x00,
    0x05, 0x00, 0x0D, 0x00, 0x0B, 0x00, 0x1A, 0x00, 0x16, 0x00, 0x34, 0x00, 0x00, 0x00, 0x00, 0x00,
    0x00, 0x00, 0x00, 0x00, 0x00, 0x00, 0x00, 0x00, 0x00, 0x00, 0x00, 0x00, 0x00, 0x00, 0x00, 0x00,
    0x08, 0x00, 0x1E, 0x00, 0x22, 0x00, 0x23, 0x00, 0x36, 0x00, 0x1C, 0x00, 0x00, 0x00, 0x00, 0x00,
    0x08, 0x00, 0x08, 0x00, 0x08, 0x00, 0x08, 0x00, 0x08, 0x00, 0x08, 0x00, 0x08, 0x00, 0x08, 0x00,
    0x08, 0x00, 0x00, 0x00, 0x00, 0x00, 0x00, 0x00, 0x00, 0x00, 0x00, 0x00, 0x00, 0x00, 0x00, 0x00,
    0x00, 0x00, 0x00, 0x00, 0x00, 0x00, 0x02, 0x00, 0x02, 0x00, 0x02, 0x00, 0x02, 0x00, 0x02, 0x00,
    0x02, 0x00, 0x02, 0x00, 0x02, 0x00, 0x02, 0x00, 0x3E, 0x00, 0x3E, 0x00, 0x00, 0x00, 0x00, 0x00,
    0x00, 0x00, 0x00, 0x00, 0x00, 0x00, 0x00, 0x00, 0x00, 0x00, 0x00, 0x00, 0x00, 0x00, 0x00, 0x00,
    0x00, 0x00, 0x30, 0x00, 0x38, 0x00, 0x0C, 0x00, 0x0C, 0x00, 0x00, 0x00, 0x00, 0x00, 0x00, 0x00,
    0x00, 0x00, 0x00, 0x00, 0x00, 0x00, 0x00, 0x00, 0x00, 0x00, 0x0C, 0x00, 0x0E, 0x00, 0x0C, 0x00,
    0x00, 0x00, 0x00, 0x00, 0x00, 0x00, 0x00, 0x00, 0x00, 0x00, 0x00, 0x00, 0x00, 0x00, 0x00, 0x00,
    0x00, 0x00, 0x1F, 0x00, 0x1F, 0x80, 0x01, 0x80, 0x01, 0x00, 0x1F, 0x00, 0x1F, 0x00, 0x03, 0x00,
    0x03, 0x00, 0x02, 0x00, 0x06, 0x00, 0x0C, 0x00, 0x18, 0x00, 0x00, 0x00, 0x00, 0x00, 0x00, 0x00,
    0x00, 0x00, 0x00, 0x00, 0x00, 0x00, 0x1F, 0x00, 0x1F, 0x00, 0x01, 0x00, 0x07, 0x00, 0x06, 0x00,
    0x04, 0x00, 0x04, 0x00, 0x0C, 0x00, 0x08, 0x00, 0x18, 0x00, 0x00, 0x00, 0x00, 0x00, 0x00, 0x00,
    0x00, 0x00, 0x00, 0x00, 0x00, 0x00, 0x00, 0x00, 0x03, 0x00, 0x06, 0x00, 0x06, 0x00, 0x0C, 0x00,
    0x1C, 0x00, 0x14, 0x00, 0x04, 0x00, 0x04, 0x00, 0x04, 0x00, 0x04, 0x00, 0x00, 0x00, 0x00, 0x00,
    0x00, 0x00, 0x00, 0x00, 0x04, 0x00, 0x04, 0x00, 0x1F, 0x00, 0x1F, 0x00, 0x11, 0x00, 0x13, 0x00,
    0x13, 0x00, 0x03, 0x00, 0x02, 0x00, 0x06, 0x00, 0x0C, 0x00, 0x00, 0x00, 0x00, 0x00, 0x00, 0x00,
    0x00, 0x00, 0x00, 0x00, 0x00, 0x00, 0x00, 0x00, 0x1F, 0x00, 0x1F, 0x00, 0x04, 0x00, 0x04, 0x00,
    0x04, 0x00, 0x04, 0x00, 0x04, 0x00, 0x1F, 0x00, 0x00, 0x00, 0x00, 0x00, 0x00, 0x00, 0x00, 0x00,
    0x00, 0x00, 0x00, 0x00, 0x00, 0x00, 0x02, 0x00, 0x02, 0x00, 0x1F, 0x80, 0x07, 0x00, 0x06, 0x00,
    0x0E, 0x00, 0x1E, 0x00, 0x12, 0x00, 0x06, 0x00, 0x06, 0x00, 0x00, 0x00, 0x00, 0x00, 0x00, 0x00,
    0x00, 0x00, 0x00, 0x00, 0x00, 0x00, 0x18, 0x00, 0x09, 0x00, 0x0F, 0x00, 0x3D, 0x00, 0x0B, 0x00,
    0x0E, 0x00, 0x0C, 0x00, 0x0C, 0x00, 0x04, 0x00, 0x04, 0x00, 0x00, 0x00, 0x00, 0x00, 0x00, 0x00,
    0x00, 0x00, 0x00, 0x00, 0x00, 0x00, 0x00, 0x00, 0x1E, 0x00, 0x1F, 0x00, 0x02, 0x00, 0x02, 0x00,
    0x02, 0x00, 0x02, 0x00, 0x02, 0x00, 0x3F, 0x00, 0x1F, 0x00, 0x00, 0x00, 0x00, 0x00, 0x00, 0x00,
    0x00, 0x00, 0x00, 0x00, 0x00, 0x00, 0x00, 0x00, 0x1F, 0x00, 0x1F, 0x00, 0x03, 0x00, 0x0F, 0x00,
    0x1F, 0x00, 0x03, 0x00, 0x03, 0x00, 0x1F, 0x00, 0x0F, 0x00, 0x00, 0x00, 0x00, 0x00, 0x00, 0x00,
    0x00, 0x00, 0x00, 0x00, 0x00, 0x00, 0x00, 0x00, 0x0D, 0x00, 0x35, 0x00, 0x15, 0x00, 0x13, 0x00,
    0x03, 0x00, 0x02, 0x00, 0x06, 0x00, 0x0C, 0x00, 0x08, 0x00, 0x00, 0x00, 0x00, 0x00, 0x00, 0x00,
    0x00, 0x00, 0x00, 0x00, 0x00, 0x00, 0x00, 0x00, 0x00, 0x00, 0x00, 0x00, 0x3F, 0x80, 0x00, 0x00,
    0x00, 0x00, 0x00, 0x00, 0x00, 0x00, 0x00, 0x00, 0x00, 0x00, 0x00, 0x00, 0x00, 0x00, 0x00, 0x00,
    0x00, 0x00, 0x3F, 0x80, 0x3F, 0x80, 0x01, 0x80, 0x05, 0x00, 0x07, 0x00, 0x06, 0x00, 0x04, 0x00,
    0x0C, 0x00, 0x0C, 0x00, 0x0C, 0x00, 0x18, 0x00, 0x18, 0x00, 0x00, 0x00, 0x00, 0x00, 0x00, 0x00,
    0x01, 0x00, 0x01, 0x80, 0x03, 0x00, 0x06, 0x00, 0x0E, 0x00, 0x1E, 0x00, 0x36, 0x00, 0x26, 0x00,
    0x06, 0x00, 0x06, 0x00, 0x06, 0x00, 0x06, 0x00, 0x06, 0x00, 0x00, 0x00, 0x00, 0x00, 0x00, 0x00,
    0x04, 0x00, 0x04, 0x00, 0x1F, 0x80, 0x3F, 0x80, 0x31, 0x80, 0x31, 0x80, 0x31, 0x80, 0x01, 0x00,
    0x03, 0x00, 0x03, 0x00, 0x06, 0x00, 0x0C, 0x00, 0x0C, 0x00, 0x00, 0x00, 0x00, 0x00, 0x00, 0x00,
    0x00, 0x00, 0x1F, 0x00, 0x3F, 0x80, 0x04, 0x00, 0x04, 0x00, 0x04, 0x00, 0x04, 0x00, 0x04, 0x00,
    0x04, 0x00, 0x04, 0x00, 0x3F, 0x80, 0x3F, 0x80, 0x00, 0x00, 0x00, 0x00, 0x00, 0x00, 0x00, 0x00,
    0x02, 0x00, 0x02, 0x00, 0x03, 0x00, 0x3F, 0x80, 0x17, 0x00, 0x06, 0x00, 0x0E, 0x00, 0x0E, 0x00,
    0x1A, 0x00, 0x32, 0x00, 0x32, 0x00, 0x06, 0x00, 0x0E, 0x00, 0x00, 0x00, 0x00, 0x00, 0x00, 0x00,
    0x0C, 0x00, 0x0C, 0x00, 0x0C, 0x00, 0x3F, 0x00, 0x0D, 0x00, 0x09, 0x00, 0x09, 0x00, 0x09, 0x00,
    0x19, 0x00, 0x19, 0x00, 0x31, 0x00, 0x37, 0x00, 0x02, 0x00, 0x00, 0x00, 0x00, 0x00, 0x00, 0x00,
    0x0C, 0x00, 0x0C, 0x00, 0x0F, 0x00, 0x3E, 0x00, 0x3C, 0x00, 0x0C, 0x00, 0x07, 0x80, 0x1F, 0x00,
    0x3C, 0x00, 0x04, 0x00, 0x04, 0x00, 0x06, 0x00, 0x06, 0x00, 0x00, 0x00, 0x00, 0x00, 0x00, 0x00,
    0x04, 0x00, 0x0C, 0x00, 0x0F, 0x80, 0x0F, 0x80, 0x19, 0x00, 0x11, 0x00, 0x33, 0x00, 0x03, 0x00,
    0x02, 0x00, 0x06, 0x00, 0x0C, 0x00, 0x1C, 0x00, 0x18, 0x00, 0x00, 0x00, 0x00, 0x00, 0x00, 0x00,
    0x08, 0x00, 0x18, 0x00, 0x18, 0x00, 0x1F, 0x80, 0x1E, 0x00, 0x32, 0x00, 0x36, 0x00, 0x06, 0x00,
    0x06, 0x00, 0x04, 0x00, 0x0C, 0x00, 0x0C, 0x00, 0x18, 0x00, 0x00, 0x00, 0x00, 0x00, 0x00, 0x00,
    0x00, 0x00, 0x1F, 0x00, 0x1F, 0x80, 0x01, 0x80, 0x01, 0x80, 0x01, 0x80, 0x01, 0x80, 0x01, 0x80,
    0x01, 0x80, 0x01, 0x80, 0x1F, 0x80, 0x1F, 0x80, 0x00, 0x00, 0x00, 0x00, 0x00, 0x00, 0x00, 0x00,
    0x02, 0x00, 0x1B, 0x00, 0x1B, 0x00, 0x3F, 0x00, 0x3F, 0x80, 0x1B, 0x00, 0x1B, 0x00, 0x1B, 0x00,
    0x12, 0x00, 0x02, 0x00, 0x06, 0x00, 0x06, 0x00, 0x0C, 0x00, 0x00, 0x00, 0x00, 0x00, 0x00, 0x00,
    0x18, 0x00, 0x0C, 0x00, 0x0C, 0x00, 0x00, 0x00, 0x30, 0x80, 0x19, 0x80, 0x09, 0x80, 0x03, 0x00,
    0x03, 0x00, 0x06, 0x00, 0x0C, 0x00, 0x18, 0x00, 0x10, 0x00, 0x00, 0x00, 0x00, 0x00, 0x00, 0x00,
    0x00, 0x00, 0x1F, 0x00, 0x1F, 0x00, 0x03, 0x00, 0x03, 0x00, 0x02, 0x00, 0x06, 0x00, 0x06, 0x00,
    0x06, 0x00, 0x0F, 0x00, 0x19, 0x00, 0x31, 0x80, 0x20, 0x80, 0x00, 0x00, 0x00, 0x00, 0x00, 0x00,
    0x18, 0x00, 0x18, 0x00, 0x19, 0x00, 0x1F, 0x80, 0x3D, 0x00, 0x39, 0x00, 0x1B, 0x00, 0x1A, 0x00,
    0x18, 0x00, 0x18, 0x00, 0x18, 0x00, 0x0F, 0x00, 0x06, 0x00, 0x00, 0x00, 0x00, 0x00, 0x00, 0x00,
    0x00, 0x00, 0x31, 0x80, 0x31, 0x80, 0x11, 0x80, 0x19, 0x00, 0x19, 0x00, 0x03, 0x00, 0x03, 0x00,
    0x02, 0x00, 0x06, 0x00, 0x0C, 0x00, 0x0C, 0x00, 0x08, 0x00, 0x00, 0x00, 0x00, 0x00, 0x00, 0x00,
    0x0C, 0x00, 0x0D, 0x00, 0x0F, 0x80, 0x19, 0x00, 0x19, 0x00, 0x39, 0x00, 0x2F, 0x00, 0x06, 0x00,
    0x07, 0x00, 0x07, 0x00, 0x0C, 0x00, 0x18, 0x00, 0x10, 0x00, 0x00, 0x00, 0x00, 0x00, 0x00, 0x00,
    0x01, 0x00, 0x1F, 0x00, 0x1E, 0x00, 0x04, 0x00, 0x04, 0x00, 0x3F, 0x80, 0x3F, 0x80, 0x04, 0x00,
    0x04, 0x00, 0x0C, 0x00, 0x0C, 0x00, 0x18, 0x00, 0x18, 0x00, 0x00, 0x00, 0x00, 0x00, 0x00, 0x00,
    0x00, 0x00, 0x0C, 0x80, 0x2D, 0x80, 0x35, 0x80, 0x35, 0x80, 0x31, 0x00, 0x01, 0x00, 0x03, 0x00,
    0x02, 0x00, 0x06, 0x00, 0x0C, 0x00, 0x1C, 0x00, 0x18, 0x00, 0x00, 0x00, 0x00, 0x00, 0x00, 0x00,
    0x00, 0x00, 0x1F, 0x00, 0x00, 0x00, 0x00, 0x00, 0x3F, 0x80, 0x3F, 0x80, 0x04, 0x00, 0x04, 0x00,
    0x04, 0x00, 0x0C, 0x00, 0x0C, 0x00, 0x18, 0x00, 0x18, 0x00, 0x00, 0x00, 0x00, 0x00, 0x00, 0x00,
    0x18, 0x00, 0x08, 0x00, 0x08, 0x00, 0x08, 0x00, 0x0C, 0x00, 0x0E, 0x00, 0x0F, 0x00, 0x09, 0x00,
    0x08, 0x00, 0x08, 0x00, 0x08, 0x00, 0x18, 0x00, 0x08, 0x00, 0x00, 0x00, 0x00, 0x00, 0x00, 0x00,
    0x04, 0x00, 0x06, 0x00, 0x04, 0x00, 0x06, 0x00, 0x3F, 0x80, 0x06, 0x00, 0x04, 0x00, 0x04, 0x00,
    0x04, 0x00, 0x0C, 0x00, 0x0C, 0x00, 0x18, 0x00, 0x18, 0x00, 0x00, 0x00, 0x00, 0x00, 0x00, 0x00,
    0x00, 0x00, 0x00, 0x00, 0x1F, 0x00, 0x1F, 0x00, 0x00, 0x00, 0x00, 0x00, 0x00, 0x00, 0x00, 0x00,
    0x00, 0x00, 0x00, 0x00, 0x3F, 0x80, 0x3F, 0x80, 0x00, 0x00, 0x00, 0x00, 0x00, 0x00, 0x00, 0x00,
    0x00, 0x00, 0x1F, 0x00, 0x1F, 0x00, 0x03, 0x00, 0x03, 0x00, 0x1B, 0x00, 0x1E, 0x00, 0x0E, 0x00,
    0x06, 0x00, 0x0E, 0x00, 0x0F, 0x00, 0x19, 0x00, 0x30, 0x00, 0x00, 0x00, 0x00, 0x00, 0x00, 0x00,
    0x04, 0x00, 0x04, 0x00, 0x1F, 0x00, 0x1F, 0x00, 0x03, 0x00, 0x02, 0x00, 0x06, 0x00, 0x0F, 0x00,
    0x1D, 0x80, 0x34, 0x80, 0x04, 0x00, 0x04, 0x00, 0x04, 0x00, 0x00, 0x00, 0x00, 0x00, 0x00, 0x00,
    0x00, 0x00, 0x03, 0x00, 0x03, 0x00, 0x03, 0x00, 0x03, 0x00, 0x02, 0x00, 0x06, 0x00, 0x06, 0x00,
    0x04, 0x00, 0x0C, 0x00, 0x18, 0x00, 0x38, 0x00, 0x10, 0x00, 0x00, 0x00, 0x00, 0x00, 0x00, 0x00,
    0x00, 0x00, 0x02, 0x00, 0x1A, 0x00, 0x1B, 0x00, 0x1B, 0x00, 0x19, 0x00, 0x11, 0x00, 0x11, 0x80,
    0x31, 0x80, 0x31, 0x80, 0x30, 0x80, 0x20, 0x80, 0x00, 0x00, 0x00, 0x00, 0x00, 0x00, 0x00, 0x00,
    0x10, 0x00, 0x18, 0x00, 0x18, 0x00, 0x13, 0x00, 0x1F, 0x00, 0x1C, 0x00, 0x18, 0x00, 0x10, 0x00,
    0x18, 0x00, 0x10, 0x00, 0x18, 0x00, 0x1F, 0x80, 0x06, 0x00, 0x00, 0x00, 0x00, 0x00, 0x00, 0x00,
    0x00, 0x00, 0x1F, 0x00, 0x3F, 0x80, 0x01, 0x80, 0x01, 0x80, 0x01, 0x00, 0x01, 0x00, 0x03, 0x00,
    0x03, 0x00, 0x06, 0x00, 0x06, 0x00, 0x0C, 0x00, 0x18, 0x00, 0x00, 0x00, 0x00, 0x00, 0x00, 0x00,
    0x00, 0x00, 0x00, 0x00, 0x08, 0x00, 0x0C, 0x00, 0x1E, 0x00, 0x16, 0x00, 0x32, 0x00, 0x23, 0x00,
    0x21, 0x00, 0x01, 0x80, 0x01, 0x80, 0x00, 0x80, 0x00, 0x00, 0x00, 0x00, 0x00, 0x00, 0x00, 0x00,
    0x04, 0x00, 0x04, 0x00, 0x04, 0x00, 0x3F, 0x80, 0x06, 0x00, 0x04, 0x00, 0x15, 0x00, 0x15, 0x00,
    0x35, 0x80, 0x34, 0x80, 0x24, 0x80, 0x0C, 0x00, 0x0C, 0x00, 0x00, 0x00, 0x00, 0x00, 0x00, 0x00,
    0x00, 0x00, 0x3F, 0x80, 0x3F, 0x80, 0x01, 0x80, 0x01, 0x00, 0x03, 0x00, 0x13, 0x00, 0x1E, 0x00,
    0x0C, 0x00, 0x04, 0x00, 0x06, 0x00, 0x02, 0x00, 0x02, 0x00, 0x00, 0x00, 0x00, 0x00, 0x00, 0x00,
    0x08, 0x00, 0x0E, 0x00, 0x07, 0x00, 0x00, 0x00, 0x00, 0x00, 0x1C, 0x00, 0x0E, 0x00, 0x02, 0x00,
    0x00, 0x00, 0x10, 0x00, 0x1C, 0x00, 0x07, 0x00, 0x01, 0x00, 0x00, 0x00, 0x00, 0x00, 0x00, 0x00,
    0x00, 0x00, 0x0C, 0x00, 0x0C, 0x00, 0x08, 0x00, 0x08, 0x00, 0x08, 0x00, 0x1B, 0x00, 0x1B, 0x00,
    0x19, 0x00, 0x11, 0x80, 0x3F, 0x80, 0x3D, 0x80, 0x00, 0x80, 0x00, 0x00, 0x00, 0x00, 0x00, 0x00,
    0x01, 0x00, 0x03, 0x00, 0x03, 0x00, 0x13, 0x00, 0x1A, 0x00, 0x0E, 0x00, 0x06, 0x00, 0x06, 0x00,
    0x0F, 0x00, 0x09, 0x00, 0x18, 0x00, 0x30, 0x00, 0x30, 0x00, 0x00, 0x00, 0x00, 0x00, 0x00, 0x00,
    0x00, 0x00, 0x1F, 0x00, 0x1F, 0x00, 0x0C, 0x00, 0x0C, 0x00, 0x0C, 0x00, 0x3F, 0x80, 0x0C, 0x00,
    0x0C, 0x00, 0x0C, 0x00, 0x0C, 0x00, 0x0F, 0x80, 0x03, 0x00, 0x00, 0x00, 0x00, 0x00, 0x00, 0x00,
    0x18, 0x00, 0x18, 0x00, 0x19, 0x80, 0x1F, 0x80, 0x3D, 0x80, 0x39, 0x00, 0x0B, 0x00, 0x0F, 0x00,
    0x0C, 0x00, 0x0C, 0x00, 0x0C, 0x00, 0x04, 0x00, 0x04, 0x00, 0x00, 0x00, 0x00, 0x00, 0x00, 0x00,
    0x00, 0x00, 0x1E, 0x00, 0x1F, 0x00, 0x03, 0x00, 0x03, 0x00, 0x03, 0x00, 0x03, 0x00, 0x03, 0x00,
    0x03, 0x00, 0x02, 0x00, 0x3F, 0x80, 0x3F, 0x80, 0x00, 0x00, 0x00, 0x00, 0x00, 0x00, 0x00, 0x00,
    0x00, 0x00, 0x1F, 0x00, 0x1F, 0x80, 0x01, 0x80, 0x01, 0x80, 0x01, 0x80, 0x1F, 0x80, 0x01, 0x80,
    0x01, 0x80, 0x01, 0x80, 0x1F, 0x80, 0x1F, 0x80, 0x00, 0x00, 0x00, 0x00, 0x00, 0x00, 0x00, 0x00,
    0x00, 0x00, 0x1F, 0x00, 0x00, 0x00, 0x00, 0x00, 0x1F, 0x00, 0x1F, 0x80, 0x01, 0x80, 0x01, 0x00,
    0x03, 0x00, 0x03, 0x00, 0x06, 0x00, 0x0E, 0x00, 0x0C, 0x00, 0x00, 0x00, 0x00, 0x00, 0x00, 0x00,
    0x13, 0x00, 0x13, 0x00, 0x13, 0x00, 0x13, 0x00, 0x13, 0x00, 0x13, 0x00, 0x13, 0x00, 0x13, 0x00,
    0x03, 0x00, 0x02, 0x00, 0x06, 0x00, 0x0C, 0x00, 0x0C, 0x00, 0x00, 0x00, 0x00, 0x00, 0x00, 0x00,
    0x00, 0x00, 0x1A, 0x00, 0x1A, 0x00, 0x1A, 0x00, 0x1A, 0x00, 0x1A, 0x00, 0x1A, 0x00, 0x12, 0xC0,
    0x12, 0x80, 0x13, 0x80, 0x33, 0x00, 0x33, 0x00, 0x22, 0x00, 0x00, 0x00, 0x00, 0x00, 0x00, 0x00,
    0x00, 0x00, 0x10, 0x00, 0x10, 0x00, 0x10, 0x00, 0x10, 0x00, 0x10, 0x00, 0x11, 0x80, 0x11, 0x00,
    0x13, 0x00, 0x16, 0x00, 0x1C, 0x00, 0x18, 0x00, 0x10, 0x00, 0x00, 0x00, 0x00, 0x00, 0x00, 0x00,
    0x00, 0x00, 0x1F, 0x00, 0x3F, 0x80, 0x31, 0x80, 0x31, 0x80, 0x31, 0x80, 0x31, 0x80, 0x31, 0x80,
    0x31, 0x80, 0x31, 0x80, 0x3F, 0x80, 0x3F, 0x80, 0x00, 0x00, 0x00, 0x00, 0x00, 0x00, 0x00, 0x00,
    0x00, 0x00, 0x1F, 0x00, 0x3F, 0x80, 0x31, 0x80, 0x31, 0x80, 0x31, 0x80, 0x31, 0x00, 0x01, 0x00,
    0x03, 0x00, 0x03, 0x00, 0x06, 0x00, 0x0C, 0x00, 0x0C, 0x00, 0x00, 0x00, 0x00, 0x00, 0x00, 0x00,
    0x00, 0x00, 0x30, 0x00, 0x18, 0x00, 0x08, 0x00, 0x09, 0x80, 0x01, 0x80, 0x01, 0x00, 0x03, 0x00,
    0x02, 0x00, 0x06, 0x00, 0x0C, 0x00, 0x38, 0x00, 0x10, 0x00, 0x00, 0x00, 0x00, 0x00, 0x00, 0x00,
    0x2C, 0x00, 0x30, 0x00, 0x00, 0x00, 0x00, 0x00, 0x00, 0x00, 0x00, 0x00, 0x00, 0x00, 0x00, 0x00,
    0x00, 0x00, 0x00, 0x00, 0x00, 0x00, 0x00, 0x00, 0x00, 0x00, 0x00, 0x00, 0x00, 0x00, 0x00, 0x00,
    0x28, 0x00, 0x28, 0x00, 0x18, 0x00, 0x00, 0x00, 0x00, 0x00, 0x00, 0x00, 0x00, 0x00, 0x00, 0x00,
    0x00, 0x00, 0x00, 0x00, 0x00, 0x00, 0x00, 0x00, 0x00, 0x00, 0x00, 0x00, 0x00, 0x00, 0x00, 0x00,
    0x1C, 0x07, 0x14, 0x05, 0x16, 0x09, 0x13, 0x19, 0x11, 0xB1, 0x10, 0xE1, 0x10, 0x41, 0x10, 0xE1,
    0x11, 0xB1, 0x13, 0x19, 0x16, 0x09, 0x14, 0x05, 0x18, 0x07, 0x1B, 0xFB, 0x1F, 0xFF, 0x00, 0x00,
    0x00, 0x00, 0x00, 0x00, 0x0F, 0xF8, 0x0F, 0xF8, 0x00, 0x08, 0x00, 0x08, 0x00, 0x08, 0x00, 0x08,
    0x00, 0x08, 0x00, 0x08, 0x00, 0x00, 0x00, 0x00, 0x00, 0x00, 0x00, 0x00, 0x00, 0x00, 0x00, 0x00,
    0x00, 0x00, 0x00, 0x00, 0x0F, 0x3C, 0x0F, 0xBE, 0x01, 0x86, 0x01, 0x86, 0x01, 0x86, 0x01, 0x86,
    0x01, 0x86, 0x01, 0x86, 0x00, 0x00, 0x00, 0x00, 0x00, 0x00, 0x00, 0x00, 0x00, 0x00, 0x00, 0x00,
    0x00, 0x00, 0x00, 0x00, 0x0F, 0x10, 0x1F, 0x30, 0x03, 0x30, 0x03, 0x30, 0x03, 0x30, 0x03, 0x38,
    0x03, 0x6C, 0x03, 0xCC, 0x00, 0x00, 0x00, 0x00, 0x00, 0x00, 0x00, 0x00, 0x00, 0x00, 0x00, 0x00,
    0x00, 0x00, 0x00, 0x00, 0x04, 0x00, 0x0C, 0x00, 0x0C, 0x00, 0x0C, 0x00, 0x0C, 0x00, 0x0C, 0x00,
    0x0C, 0x00, 0x0F, 0xFC, 0x00, 0x00, 0x00, 0x00, 0x00, 0x00, 0x00, 0x00, 0x00, 0x00, 0x00, 0x00,
    0x00, 0x00, 0x00, 0x00, 0x08, 0x7C, 0x08, 0x7C, 0x08, 0x30, 0x08, 0x30, 0x08, 0x30, 0x08, 0x38,
    0x08, 0x6C, 0x0F, 0xCC, 0x00, 0x00, 0x00, 0x00, 0x00, 0x00, 0x00, 0x00, 0x00, 0x00, 0x00, 0x00,
    0x00, 0x00, 0x00, 0x00, 0x00, 0x30, 0x08, 0xFC, 0x08, 0xFC, 0x08, 0x30, 0x08, 0x78, 0x08, 0xCC,
    0x08, 0xCC, 0x0F, 0x78, 0x00, 0x30, 0x00, 0x00, 0x00, 0x00, 0x00, 0x00, 0x00, 0x00, 0x00, 0x00,
    0x00, 0x00, 0x00, 0x00, 0x07, 0xF8, 0x0F, 0xF8, 0x0C, 0x00, 0x0C, 0x00, 0x0C, 0x00, 0x0C, 0x00,
    0x0C, 0x00, 0x0F, 0xFC, 0x00, 0x00, 0x00, 0x00, 0x00, 0x00, 0x00, 0x00, 0x00, 0x00, 0x00, 0x00,
    0x00, 0x00, 0x00, 0x00, 0x0F, 0x78, 0x0F, 0xF8, 0x08, 0x40, 0x08, 0x40, 0x08, 0x40, 0x08, 0x40,
    0x09, 0xE0, 0x0F, 0xFC, 0x00, 0x00, 0x00, 0x00, 0x00, 0x00, 0x00, 0x00, 0x00, 0x00, 0x00, 0x00,
    0x00, 0x00, 0x00, 0x00, 0x0F, 0xF8, 0x0F, 0xFC, 0x00, 0x0C, 0x00, 0x0C, 0x0F, 0xFC, 0x0C, 0x00,
    0x0C, 0x00, 0x0F, 0xFC, 0x0F, 0xFC, 0x00, 0x00, 0x00, 0x00, 0x00, 0x00, 0x00, 0x00, 0x00, 0x00,
    0x00, 0x00, 0x00, 0x00, 0x0F, 0xFC, 0x0F, 0xFC, 0x01, 0x8C, 0x05, 0x8C, 0x0F, 0x8C, 0x08, 0x0C,
    0x08, 0x0C, 0x1F, 0x8C, 0x0F, 0x04, 0x00, 0x00, 0x00, 0x00, 0x00, 0x00, 0x00, 0x00, 0x00, 0x00,
    0x00, 0x00, 0x00, 0x00, 0x0F, 0x3C, 0x0F, 0xFE, 0x01, 0xE6, 0x01, 0xE6, 0x0F, 0xE6, 0x08, 0x66,
    0x08, 0x66, 0x1F, 0xFE, 0x00, 0x00, 0x00, 0x00, 0x00, 0x00, 0x00, 0x00, 0x00, 0x00, 0x00, 0x00,
    0x00, 0x00, 0x00, 0x00, 0x0F, 0x24, 0x0F, 0xE6, 0x01, 0xE6, 0x01, 0xFE, 0x0F, 0xFE, 0x08, 0x66,
    0x08, 0x66, 0x1F, 0xFE, 0x00, 0x00, 0x00, 0x00, 0x00, 0x00, 0x00, 0x00, 0x00, 0x00, 0x00, 0x00,
    0x00, 0x00, 0x00, 0x00, 0x0F, 0x18, 0x0F, 0x98, 0x01, 0x98, 0x01, 0x98, 0x0F, 0x98, 0x08, 0x18,
    0x08, 0x3C, 0x1F, 0xE6, 0x0E, 0x00, 0x00, 0x00, 0x00, 0x00, 0x00, 0x00, 0x00, 0x00, 0x00, 0x00,
    0x00, 0x00, 0x00, 0x00, 0x0F, 0xFC, 0x0F, 0xFC, 0x01, 0xC0, 0x01, 0xE0, 0x0F, 0xFC, 0x08, 0x60,
    0x08, 0x40, 0x1F, 0xFC, 0x0E, 0x3C, 0x00, 0x00, 0x00, 0x00, 0x00, 0x00, 0x00, 0x00, 0x00, 0x00,
    0x00, 0x00, 0x00, 0x00, 0x0F, 0x7E, 0x0F, 0x7C, 0x01, 0x2C, 0x03, 0x6C, 0x0F, 0x6C, 0x08, 0x6C,
    0x08, 0x2C, 0x1F, 0xFC, 0x0E, 0x7C, 0x00, 0x00, 0x00, 0x00, 0x00, 0x00, 0x00, 0x00, 0x00, 0x00,
    0x00, 0x00, 0x00, 0x00, 0x0F, 0x10, 0x0F, 0x7C, 0x01, 0x7C, 0x03, 0x38, 0x0F, 0x7C, 0x08, 0x44,
    0x08, 0x6C, 0x1F, 0xBC, 0x00, 0x10, 0x00, 0x00, 0x00, 0x00, 0x00, 0x00, 0x00, 0x00, 0x00, 0x00,
    0x00, 0x00, 0x00, 0x00, 0x07, 0xFC, 0x0F, 0xFC, 0x0C, 0x0C, 0x0C, 0x0C, 0x0C, 0x0C, 0x0C, 0x0C,
    0x0C, 0x0C, 0x0F, 0xFC, 0x00, 0x00, 0x00, 0x00, 0x00, 0x00, 0x00, 0x00, 0x00, 0x00, 0x00, 0x00,
    0x00, 0x00, 0x00, 0x00, 0x0C, 0x08, 0x0C, 0x08, 0x0C, 0x08, 0x0F, 0xF8, 0x0F, 0xF8, 0x0C, 0x08,
    0x0C, 0x18, 0x0F, 0xF8, 0x00, 0x00, 0x00, 0x00, 0x00, 0x00, 0x00, 0x00, 0x00, 0x00, 0x00, 0x00,
    0x00, 0x00, 0x00, 0x00, 0x09, 0xCC, 0x09, 0xEC, 0x09, 0xEC, 0x0F, 0xFC, 0x0D, 0xEC, 0x09, 0xEC,
    0x09, 0xEC, 0x0F, 0xFC, 0x00, 0x00, 0x00, 0x00, 0x00, 0x00, 0x00, 0x00, 0x00, 0x00, 0x00, 0x00,
    0x00, 0x00, 0x00, 0x00, 0x09, 0x90, 0x09, 0xB0, 0x09, 0xB0, 0x0F, 0xB0, 0x0D, 0xB0, 0x09, 0xB8,
    0x09, 0xEC, 0x0F, 0xCC, 0x00, 0x00, 0x00, 0x00, 0x00, 0x00, 0x00, 0x00, 0x00, 0x00, 0x00, 0x00,
    0x00, 0x00, 0x00, 0x00, 0x00, 0xC0, 0x00, 0xC0, 0x00, 0xC0, 0x00, 0xC0, 0x00, 0xC0, 0x01, 0xE0,
    0x03, 0x30, 0x0E, 0x1C, 0x00, 0x00, 0x00, 0x00, 0x00, 0x00, 0x00, 0x00, 0x00, 0x00, 0x00, 0x00,
    0x00, 0x00, 0x00, 0x00, 0x00, 0x10, 0x06, 0x30, 0x06, 0x30, 0x06, 0x30, 0x06, 0x38, 0x0F, 0x38,
    0x19, 0xEC, 0x18, 0xC4, 0x00, 0x00, 0x00, 0x00, 0x00, 0x00, 0x00, 0x00, 0x00, 0x00, 0x00, 0x00,
    0x00, 0x00, 0x00, 0x00, 0x01, 0xE0, 0x03, 0xF0, 0x06, 0x18, 0x0C, 0x0C, 0x0C, 0x0C, 0x0C, 0x0C,
    0x06, 0x18, 0x03, 0xF0, 0x00, 0x00, 0x00, 0x00, 0x00, 0x00, 0x00, 0x00, 0x00, 0x00, 0x00, 0x00,
    0x00, 0x00, 0x00, 0x00, 0x07, 0xF8, 0x07, 0xFC, 0x00, 0xC0, 0x00, 0xC0, 0x00, 0xC0, 0x01, 0xE0,
    0x03, 0x30, 0x0E, 0x1C, 0x00, 0x00, 0x00, 0x00, 0x00, 0x00, 0x00, 0x00, 0x00, 0x00, 0x00, 0x00,
    0x00, 0x00, 0x00, 0x00, 0x0F, 0xBC, 0x0F, 0xFE, 0x06, 0x18, 0x06, 0x18, 0x06, 0x18, 0x07, 0x3C,
    0x0D, 0xBC, 0x19, 0xE6, 0x00, 0x40, 0x00, 0x00, 0x00, 0x00, 0x00, 0x00, 0x00, 0x00, 0x00, 0x00,
    0x00, 0x00, 0x00, 0x80, 0x00, 0xC0, 0x07, 0xF8, 0x0F, 0xF8, 0x00, 0xC0, 0x00, 0xC0, 0x01, 0xC0,
    0x03, 0x60, 0x0E, 0x38, 0x0C, 0x08, 0x00, 0x00, 0x00, 0x00, 0x00, 0x00, 0x00, 0x00, 0x00, 0x00,
    0x00, 0x00, 0x00, 0x00, 0x0F, 0xF8, 0x0F, 0xF8, 0x00, 0x08, 0x00, 0x18, 0x0F, 0xF8, 0x0F, 0x18,
    0x00, 0x08, 0x00, 0x08, 0x00, 0x08, 0x00, 0x00, 0x00, 0x00, 0x00, 0x00, 0x00, 0x00, 0x00, 0x00,
    0x00, 0x00, 0x00, 0x00, 0x07, 0xF8, 0x0F, 0xFC, 0x0C, 0x00, 0x0C, 0x00, 0x0F, 0xFC, 0x0C, 0x00,
    0x0C, 0x00, 0x0F, 0xFC, 0x00, 0x00, 0x00, 0x00, 0x00, 0x00, 0x00, 0x00, 0x00, 0x00, 0x00, 0x00,
    0x00, 0x00, 0x00, 0x00, 0x0F, 0xFC, 0x0F, 0xF8, 0x02, 0x30, 0x02, 0x30, 0x02, 0x30, 0x02, 0x30,
    0x03, 0x30, 0x0F, 0xFC, 0x00, 0x00, 0x00, 0x00, 0x00, 0x00, 0x00, 0x00, 0x00, 0x00, 0x00, 0x00,
    0x00, 0x00, 0x00, 0x80, 0x00, 0xC0, 0x0F, 0xF8, 0x0F, 0xFC, 0x01, 0xC0, 0x03, 0xF0, 0x06, 0x30,
    0x06, 0x10, 0x07, 0x70, 0x03, 0xE0, 0x00, 0x00, 0x00, 0x00, 0x00, 0x00, 0x00, 0x00, 0x00, 0x00,
    0x1C, 0x07, 0x14, 0x05, 0x16, 0x09, 0x13, 0x19, 0x11, 0xB1, 0x10, 0xE1, 0x10, 0x41, 0x10, 0xE1,
    0x11, 0xB1, 0x13, 0x19, 0x16, 0x09, 0x14, 0x05, 0x18, 0x07, 0x1B, 0xFB, 0x1F, 0xFF, 0x00, 0x00,
    0x1C, 0x07, 0x14, 0x05, 0x16, 0x09, 0x13, 0x19, 0x11, 0xB1, 0x10, 0xE1, 0x10, 0x41, 0x10, 0xE1,
    0x11, 0xB1, 0x13, 0x19, 0x16, 0x09, 0x14, 0x05, 0x18, 0x07, 0x1B, 0xFB, 0x1F, 0xFF, 0x00, 0x00,
    0x1C, 0x07, 0x14, 0x05, 0x16, 0x09, 0x13, 0x19, 0x11, 0xB1, 0x10, 0xE1, 0x10, 0x41, 0x10, 0xE1,
    0x11, 0xB1, 0x13, 0x19, 0x16, 0x09, 0x14, 0x05, 0x18, 0x07, 0x1B, 0xFB, 0x1F, 0xFF, 0x00, 0x00,
    0x00, 0xC0, 0x00, 0xC0, 0x00, 0xC0, 0x00, 0xC0, 0x00, 0xC0, 0x00, 0xF8, 0x00, 0xC0, 0x00, 0x80,
    0x00, 0xC0, 0x00, 0xC0, 0x00, 0xC0, 0x00, 0xC0, 0x00, 0xC0, 0x00, 0x80, 0x00, 0x00, 0x00, 0x00,
    0x03, 0x30, 0x03, 0x30, 0x03, 0x30, 0x03, 0x30, 0x03, 0x30, 0x03, 0xF0, 0x03, 0x30, 0x03, 0x30,
    0x03, 0x30, 0x03, 0x30, 0x03, 0x30, 0x03, 0x30, 0x03, 0x30, 0x00, 0x30, 0x00, 0x00, 0x00, 0x00,
    0x01, 0x80, 0x01, 0x80, 0x01, 0x80, 0x01, 0xF0, 0x01, 0xF0, 0x01, 0x80, 0x01, 0x80, 0x01, 0xF0,
    0x01, 0xF0, 0x01, 0x80, 0x01, 0x80, 0x01, 0x80, 0x01, 0x80, 0x01, 0x80, 0x00, 0x00, 0x00, 0x00,
    0x03, 0x30, 0x03, 0x30, 0x03, 0x30, 0x03, 0xF0, 0x03, 0xF0, 0x03, 0x30, 0x03, 0x30, 0x03, 0xF0,
    0x03, 0xF0, 0x03, 0x30, 0x03, 0x30, 0x03, 0x30, 0x03, 0x30, 0x00, 0x30, 0x00, 0x00, 0x00, 0x00,
    0x00, 0x60, 0x00, 0x60, 0x00, 0x60, 0x00, 0x60, 0x00, 0x60, 0x03, 0xE0, 0x01, 0x60, 0x00, 0x60,
    0x00, 0x60, 0x00, 0x60, 0x00, 0x60, 0x00, 0x60, 0x00, 0x60, 0x00, 0x60, 0x00, 0x00, 0x00, 0x00,
    0x00, 0x90, 0x00, 0x90, 0x00, 0x90, 0x00, 0x90, 0x00, 0x90, 0x07, 0x90, 0x01, 0x90, 0x00, 0x90,
    0x00, 0x90, 0x00, 0x90, 0x00, 0x90, 0x00, 0x90, 0x00, 0x90, 0x00, 0x10, 0x00, 0x00, 0x00, 0x00,
    0x1C, 0x07, 0x14, 0x05, 0x16, 0x09, 0x13, 0x19, 0x11, 0xB1, 0x10, 0xE1, 0x10, 0x41, 0x10, 0xE1,
    0x11, 0xB1, 0x13, 0x19, 0x16, 0x09, 0x14, 0x05, 0x18, 0x07, 0x1B, 0xFB, 0x1F, 0xFF, 0x00, 0x00,
    0x1C, 0x07, 0x14, 0x05, 0x16, 0x09, 0x13, 0x19, 0x11, 0xB1, 0x10, 0xE1, 0x10, 0x41, 0x10, 0xE1,
    0x11, 0xB1, 0x13, 0x19, 0x16, 0x09, 0x14, 0x05, 0x18, 0x07, 0x1B, 0xFB, 0x1F, 0xFF, 0x00, 0x00,
    0x00, 0x60, 0x00, 0x60, 0x00, 0x60, 0x03, 0xE0, 0x03, 0xE0, 0x00, 0x60, 0x00, 0x60, 0x03, 0xE0,
    0x03, 0xE0, 0x00, 0x60, 0x00, 0x60, 0x00, 0x60, 0x00, 0x60, 0x00, 0x60, 0x00, 0x00, 0x00, 0x00,
    0x00, 0xD0, 0x00, 0xD0, 0x00, 0xD0, 0x07, 0xD0, 0x03, 0xD0, 0x00, 0xD0, 0x00, 0xD0, 0x07, 0xD0,
    0x00, 0xD0, 0x00, 0xD0, 0x00, 0xD0, 0x00, 0xD0, 0x00, 0x90, 0x00, 0x10, 0x00, 0x00, 0x00, 0x00,
    0x00, 0x00, 0x00, 0x00, 0x00, 0xC0, 0x00, 0xC0, 0x00, 0xC0, 0x00, 0xC0, 0x00, 0xC0, 0x00, 0xC0,
    0x3F, 0xFE, 0x1F, 0xFE, 0x00, 0x00, 0x00, 0x00, 0x00, 0x00, 0x00, 0x00, 0x00, 0x00, 0x00, 0x00,
    0x00, 0x18, 0x00, 0x18, 0x00, 0x18, 0x00, 0x18, 0x02, 0x18, 0x02, 0x1E, 0x02, 0x1C, 0x02, 0x18,
    0x03, 0x78, 0x3F, 0xF8, 0x00, 0x18, 0x00, 0x18, 0x00, 0x18, 0x00, 0x08, 0x00, 0x00, 0x00, 0x00,
    0x00, 0x12, 0x00, 0x12, 0x00, 0x12, 0x02, 0x12, 0x02, 0x12, 0x02, 0x1E, 0x02, 0x1E, 0x02, 0x12,
    0x1F, 0xF2, 0x1F, 0x92, 0x00, 0x12, 0x00, 0x12, 0x00, 0x12, 0x00, 0x02, 0x00, 0x00, 0x00, 0x00,
    0x00, 0x0C, 0x00, 0x0C, 0x00, 0x0C, 0x00, 0x0C, 0x01, 0x0C, 0x03, 0x0C, 0x03, 0x0C, 0x03, 0x0C,
    0x03, 0xFC, 0x1F, 0xEC, 0x00, 0x0C, 0x00, 0x0C, 0x00, 0x0C, 0x00, 0x0C, 0x00, 0x00, 0x00, 0x00,
    0x1C, 0x07, 0x14, 0x05, 0x16, 0x09, 0x13, 0x19, 0x11, 0xB1, 0x10, 0xE1, 0x10, 0x41, 0x10, 0xE1,
    0x11, 0xB1, 0x13, 0x19, 0x16, 0x09, 0x14, 0x05, 0x18, 0x07, 0x1B, 0xFB, 0x1F, 0xFF, 0x00, 0x00,
    0x1C, 0x07, 0x14, 0x05, 0x16, 0x09, 0x13, 0x19, 0x11, 0xB1, 0x10, 0xE1, 0x10, 0x41, 0x10, 0xE1,
    0x11, 0xB1, 0x13, 0x19, 0x16, 0x09, 0x14, 0x05, 0x18, 0x07, 0x1B, 0xFB, 0x1F, 0xFF, 0x00, 0x00,
    0x00, 0x00, 0x00, 0x00, 0x02, 0x10, 0x02, 0x10, 0x02, 0x10, 0x02, 0x10, 0x02, 0x10, 0x02, 0x10,
    0x07, 0x38, 0x3F, 0xFF, 0x00, 0x00, 0x00, 0x00, 0x00, 0x00, 0x00, 0x00, 0x00, 0x00, 0x00, 0x00,
    0x00, 0x00, 0x00, 0x00, 0x00, 0x00, 0x00, 0x00, 0x3F, 0xFE, 0x00, 0xC0, 0x00, 0xC0, 0x00, 0xC0,
    0x00, 0xC0, 0x00, 0xC0, 0x00, 0xC0, 0x00, 0x80, 0x00, 0x00, 0x00, 0x00, 0x00, 0x00, 0x00, 0x00,
    0x00, 0x06, 0x00, 0x06, 0x00, 0x06, 0x00, 0x06, 0x00, 0x06, 0x00, 0xF6, 0x1F, 0xF6, 0x03, 0x06,
    0x03, 0x3E, 0x03, 0x3E, 0x03, 0x06, 0x03, 0x06, 0x03, 0x06, 0x00, 0x06, 0x00, 0x00, 0x00, 0x00,
    0x00, 0x12, 0x00, 0x12, 0x00, 0x12, 0x00, 0x12, 0x00, 0x12, 0x1F, 0xD2, 0x1F, 0x92, 0x02, 0x12,
    0x02, 0xF2, 0x02, 0x72, 0x02, 0x12, 0x02, 0x12, 0x02, 0x12, 0x00, 0x12, 0x00, 0x00, 0x00, 0x00,
    0x00, 0x06, 0x00, 0x06, 0x00, 0x06, 0x00, 0x06, 0x00, 0x06, 0x00, 0x76, 0x1F, 0xF6, 0x01, 0x86,
    0x01, 0x86, 0x01, 0x86, 0x01, 0x86, 0x01, 0x86, 0x01, 0x86, 0x00, 0x06, 0x00, 0x00, 0x00, 0x00,
    0x00, 0x00, 0x00, 0x00, 0x00, 0x00, 0x00, 0x00, 0x3F, 0xFE, 0x02, 0x30, 0x02, 0x30, 0x02, 0x30,
    0x02, 0x30, 0x02, 0x30, 0x02, 0x30, 0x02, 0x00, 0x00, 0x00, 0x00, 0x00, 0x00, 0x00, 0x00, 0x00,
    0x1C, 0x07, 0x14, 0x05, 0x16, 0x09, 0x13, 0x19, 0x11, 0xB1, 0x10, 0xE1, 0x10, 0x41, 0x10, 0xE1,
    0x11, 0xB1, 0x13, 0x19, 0x16, 0x09, 0x14, 0x05, 0x18, 0x07, 0x1B, 0xFB, 0x1F, 0xFF, 0x00, 0x00,
    0x1C, 0x07, 0x14, 0x05, 0x16, 0x09, 0x13, 0x19, 0x11, 0xB1, 0x10, 0xE1, 0x10, 0x41, 0x10, 0xE1,
    0x11, 0xB1, 0x13, 0x19, 0x16, 0x09, 0x14, 0x05, 0x18, 0x07, 0x1B, 0xFB, 0x1F, 0xFF, 0x00, 0x00,
    0x00, 0x00, 0x00, 0x00, 0x00, 0x00, 0x00, 0x00, 0x00, 0x00, 0x3F, 0xFE, 0x3F, 0xFE, 0x00, 0x00,
    0x00, 0x00, 0x00, 0x00, 0x00, 0x00, 0x00, 0x00, 0x00, 0x00, 0x00, 0x00, 0x00, 0x00, 0x00, 0x00,
    0x00, 0x06, 0x00, 0x06, 0x00, 0x06, 0x00, 0x06, 0x00, 0x06, 0x00, 0x06, 0x00, 0x06, 0x00, 0x76,
    0x1F, 0xF6, 0x00, 0x06, 0x00, 0x06, 0x00, 0x06, 0x00, 0x06, 0x00, 0x06, 0x00, 0x00, 0x00, 0x00,
    0x00, 0xC0, 0x00, 0xC0, 0x00, 0xC0, 0x00, 0xC0, 0x00, 0xC0, 0x00, 0xC0, 0x00, 0xC0, 0x00, 0xC0,
    0x00, 0xC0, 0x00, 0xC0, 0x00, 0xC0, 0x00, 0xC0, 0x00, 0xC0, 0x00, 0xC0, 0x00, 0x00, 0x00, 0x00,
    0x1C, 0x07, 0x14, 0x05, 0x16, 0x09, 0x13, 0x19, 0x11, 0xB1, 0x10, 0xE1, 0x10, 0x41, 0x10, 0xE1,
    0x11, 0xB1, 0x13, 0x19, 0x16, 0x09, 0x14, 0x05, 0x18, 0x07, 0x1B, 0xFB, 0x1F, 0xFF, 0x00, 0x00,
    0x1C, 0x07, 0x14, 0x05, 0x16, 0x09, 0x13, 0x19, 0x11, 0xB1, 0x10, 0xE1, 0x10, 0x41, 0x10, 0xE1,
    0x11, 0xB1, 0x13, 0x19, 0x16, 0x09, 0x14, 0x05, 0x18, 0x07, 0x1B, 0xFB, 0x1F, 0xFF, 0x00, 0x00,
    0x1C, 0x07, 0x14, 0x05, 0x16, 0x09, 0x13, 0x19, 0x11, 0xB1, 0x10, 0xE1, 0x10, 0x41, 0x10, 0xE1,
    0x11, 0xB1, 0x13, 0x19, 0x16, 0x09, 0x14, 0x05, 0x18, 0x07, 0x1B, 0xFB, 0x1F, 0xFF, 0x00, 0x00,
    0x00, 0x40, 0x00, 0x40, 0x00, 0xF0, 0x03, 0xF8, 0x03, 0x40, 0x06, 0x60, 0x06, 0x40, 0x06, 0x40,
    0x06, 0x60, 0x03, 0x4C, 0x03, 0xF8, 0x00, 0xF0, 0x00, 0x40, 0x00, 0x00, 0x00, 0x00, 0x00, 0x00,
    0x00, 0x00, 0x01, 0xF8, 0x03, 0x8C, 0x03, 0x00, 0x03, 0x00, 0x03, 0x00, 0x07, 0xF0, 0x03, 0xF0,
    0x01, 0x80, 0x01, 0x80, 0x03, 0x00, 0x07, 0xFC, 0x07, 0xF8, 0x00, 0x00, 0x00, 0x00, 0x00, 0x00,
    0x00, 0x00, 0x00, 0x00, 0x00, 0x00, 0x00, 0x00, 0x1F, 0xFE, 0x00, 0x02, 0x00, 0x02, 0x00, 0x02,
    0x00, 0x02, 0x00, 0x00, 0x00, 0x00, 0x00, 0x00, 0x00, 0x00, 0x00, 0x00, 0x00, 0x00, 0x00, 0x00,
    0x00, 0x00, 0x00, 0x00, 0x00, 0x00, 0x00, 0x00, 0x00, 0x00, 0x00, 0x00, 0x00, 0x00, 0x00, 0x00,
    0x00, 0x00, 0x00, 0x00, 0x00, 0x00, 0x00, 0x00, 0x00, 0x00, 0x00, 0x00, 0x00, 0x00, 0x00, 0x00,
    0x00, 0x40, 0x00, 0x40, 0x00, 0x40, 0x00, 0x40, 0x00, 0x40, 0x00, 0x40, 0x00, 0x00, 0x00, 0x40,
    0x00, 0x40, 0x00, 0x40, 0x00, 0x40, 0x00, 0x40, 0x00, 0x40, 0x00, 0x40, 0x00, 0x00, 0x00, 0x00,
    0x04, 0x04, 0x06, 0x0C, 0x06, 0x18, 0x03, 0x18, 0x03, 0x30, 0x01, 0xE0, 0x07, 0xF8, 0x03, 0xF8,
    0x00, 0xE0, 0x07, 0xF8, 0x00, 0xC0, 0x00, 0xC0, 0x00, 0x00, 0x00, 0x00, 0x00, 0x00, 0x00, 0x00,
    0x08, 0x02, 0x18, 0x42, 0x08, 0xE2, 0x0C, 0xE6, 0x0C, 0xE6, 0x0D, 0xF6, 0x1F, 0xFF, 0x05, 0xB4,
    0x07, 0xBC, 0x07, 0x1C, 0x03, 0x18, 0x03, 0x18, 0x00, 0x00, 0x00, 0x00, 0x00, 0x00, 0x00, 0x00,
    0x1C, 0x07, 0x14, 0x05, 0x16, 0x09, 0x13, 0x19, 0x11, 0xB1, 0x10, 0xE1, 0x10, 0x41, 0x10, 0xE1,
    0x11, 0xB1, 0x13, 0x19, 0x16, 0x09, 0x14, 0x05, 0x18, 0x07, 0x1B, 0xFB, 0x1F, 0xFF, 0x00, 0x00,
    0x04, 0x00, 0x04, 0x00, 0x04, 0x00, 0x04, 0x00, 0x04, 0x00, 0x04, 0x00, 0x04, 0x00, 0x04, 0x00,
    0x04, 0x00, 0x04, 0x00, 0x04, 0x00, 0x04, 0x00, 0x04, 0x00, 0x04, 0x00, 0x04, 0x00, 0x04, 0x00,
    0x00, 0x00, 0x00, 0x00, 0x00, 0x00, 0x0C, 0x00, 0x18, 0x00, 0x38, 0x00, 0x3F, 0x80, 0x18, 0x00,
    0x18, 0x00, 0x0C, 0x00, 0x00, 0x00, 0x00, 0x00, 0x00, 0x00, 0x00, 0x00, 0x00, 0x00, 0x00, 0x00,
    0x0E, 0x00, 0x0E, 0x00, 0x1F, 0x00, 0x15, 0x00, 0x04, 0x00, 0x04, 0x00, 0x04, 0x00, 0x04, 0x00,
    0x04, 0x00, 0x04, 0x00, 0x04, 0x00, 0x04, 0x00, 0x04, 0x00, 0x04, 0x00, 0x00, 0x00, 0x00, 0x00,
    0x00, 0x00, 0x00, 0x00, 0x00, 0x00, 0x06, 0x00, 0x03, 0x00, 0x03, 0x80, 0x3F, 0x80, 0x03, 0x00,
    0x02, 0x00, 0x06, 0x00, 0x00, 0x00, 0x00, 0x00, 0x00, 0x00, 0x00, 0x00, 0x00, 0x00, 0x00, 0x00,
    0x04, 0x00, 0x04, 0x00, 0x04, 0x00, 0x04, 0x00, 0x04, 0x00, 0x04, 0x00, 0x04, 0x00, 0x04, 0x00,
    0x04, 0x00, 0x15, 0x00, 0x1F, 0x00, 0x0E, 0x00, 0x04, 0x00, 0x00, 0x00, 0x00, 0x00, 0x00, 0x00,
    0x00, 0x00, 0x00, 0x00, 0x00, 0x00, 0x1F, 0x00, 0x1F, 0x80, 0x1F, 0x80, 0x1F, 0x80, 0x1F, 0x80,
    0x1F, 0x80, 0x1F, 0x00, 0x00, 0x00, 0x00, 0x00, 0x00, 0x00, 0x00, 0x00, 0x00, 0x00, 0x00, 0x00,
    0x00, 0x00, 0x00, 0x00, 0x00, 0x00, 0x0C, 0x00, 0x1E, 0x00, 0x21, 0x00, 0x21, 0x00, 0x21, 0x00,
    0x1E, 0x00, 0x0C, 0x00, 0x00, 0x00, 0x00, 0x00, 0x00, 0x00, 0x00, 0x00, 0x00, 0x00, 0x00, 0x00,
    0x1C, 0x07, 0x14, 0x05, 0x16, 0x09, 0x13, 0x19, 0x11, 0xB1, 0x10, 0xE1, 0x10, 0x41, 0x10, 0xE1,
    0x11, 0xB1, 0x13, 0x19, 0x16, 0x09, 0x14, 0x05, 0x18, 0x07, 0x1B, 0xFB, 0x1F, 0xFF, 0x00, 0x00,
};

const CJKGlyph UnifiedFont16px_Glyphs[] PROGMEM = {
    { 0x0020,      0,  4 },  //  
    { 0x0021,     32,  4 },  // !
    { 0x0022,     64,  6 },  // "
    { 0x0023,     96, 10 },  // #
    { 0x0024,    128,  9 },  // $
    { 0x0025,    160, 13 },  // %
    { 0x0026,    192, 11 },  // &
    { 0x0027,    224,  3 },  // '
    { 0x0028,    256,  4 },  // (
    { 0x0029,    288,  4 },  // )
    { 0x002A,    320,  9 },  // *
    { 0x002B,    352,  9 },  // +
    { 0x002C,    384,  4 },  // ,
    { 0x002D,    416,  5 },  // -
    { 0x002E,    448,  4 },  // .
    { 0x002F,    480,  6 },  // /
    { 0x0030,    512,  9 },  // 0
    { 0x0031,    544,  9 },  // 1
    { 0x0032,    576,  9 },  // 2
    { 0x0033,    608,  9 },  // 3
    { 0x0034,    640,  9 },  // 4
    { 0x0035,    672,  9 },  // 5
    { 0x0036,    704,  9 },  // 6
    { 0x0037,    736,  9 },  // 7
    { 0x0038,    768,  9 },  // 8
    { 0x0039,    800,  9 },  // 9
    { 0x003A,    832,  4 },  // :
    { 0x003B,    864,  4 },  // ;
    { 0x003C,    896,  9 },  // <
    { 0x003D,    928,  9 },  // =
    { 0x003E,    960,  9 },  // >
    { 0x003F,    992,  7 },  // ?
    { 0x0040,   1024, 14 },  // @
    { 0x0041,   1056, 10 },  // A
    { 0x0042,   1088, 10 },  // B
    { 0x0043,   1120, 10 },  // C
    { 0x0044,   1152, 11 },  // D
    { 0x0045,   1184,  9 },  // E
    { 0x0046,   1216,  8 },  // F
    { 0x0047,   1248, 12 },  // G
    { 0x0048,   1280, 12 },  // H
    { 0x0049,   1312,  5 },  // I
    { 0x004A,   1344,  4 },  // J
    { 0x004B,   1376,  9 },  // K
    { 0x004C,   1408,  8 },  // L
    { 0x004D,   1440, 14 },  // M
    { 0x004E,   1472, 12 },  // N
    { 0x004F,   1504, 12 },  // O
    { 0x0050,   1536,  9 },  // P
    { 0x0051,   1568, 12 },  // Q
    { 0x0052,   1600, 10 },  // R
    { 0x0053,   1632,  9 },  // S
    { 0x0054,   1664,  9 },  // T
    { 0x0055,   1696, 12 },  // U
    { 0x0056,   1728,  9 },  // V
    { 0x0057,   1760, 14 },  // W
    { 0x0058,   1792,  9 },  // X
    { 0x0059,   1824,  9 },  // Y
    { 0x005A,   1856,  9 },  // Z
    { 0x005B,   1888,  5 },  // [
    { 0x005C,   1920,  6 },  // ?
    { 0x005D,   1952,  5 },  // ]
    { 0x005E,   1984,  9 },  // ^
    { 0x005F,   2016,  7 },  // _
    { 0x0060,   2048,  4 },  // `
    { 0x0061,   2080,  9 },  // a
    { 0x0062,   2112, 10 },  // b
    { 0x0063,   2144,  8 },  // c
    { 0x0064,   2176, 10 },  // d
    { 0x0065,   2208,  9 },  // e
    { 0x0066,   2240,  5 },  // f
    { 0x0067,   2272, 10 },  // g
    { 0x0068,   2304, 10 },  // h
    { 0x0069,   2336,  4 },  // i
    { 0x006A,   2368,  4 },  // j
    { 0x006B,   2400,  8 },  // k
    { 0x006C,   2432,  4 },  // l
    { 0x006D,   2464, 14 },  // m
    { 0x006E,   2496, 10 },  // n
    { 0x006F,   2528,  9 },  // o
    { 0x0070,   2560, 10 },  // p
    { 0x0071,   2592, 10 },  // q
    { 0x0072,   2624,  6 },  // r
    { 0x0073,   2656,  8 },  // s
    { 0x0074,   2688,  5 },  // t
    { 0x0075,   2720, 10 },  // u
    { 0x0076,   2752,  8 },  // v
    { 0x0077,   2784, 12 },  // w
    { 0x0078,   2816,  8 },  // x
    { 0x0079,   2848,  8 },  // y
    { 0x007A,   2880,  7 },  // z
    { 0x007B,   2912,  6 },  // {
    { 0x007C,   2944,  9 },  // |
    { 0x007D,   2976,  6 },  // }
    { 0x007E,   3008,  9 },  // ~
    { 0x00A3,   3040,  9 },  // £
    { 0x00A5,   3072,  9 },  // ¥
    { 0x00A9,   3104, 13 },  // ©
    { 0x00AB,   3136,  7 },  // «
    { 0x00AE,   3168, 13 },  // ®
    { 0x00B0,   3200,  7 },  // °
    { 0x00B1,   3232,  9 },  // ±
    { 0x00BB,   3264,  7 },  // »
    { 0x00D7,   3296,  9 },  // ×
    { 0x00F7,   3328,  9 },  // ÷
    { 0x0401,   3360,  9 },  // Ё
    { 0x0404,   3392, 10 },  // Є
    { 0x0406,   3424,  4 },  // І
    { 0x0407,   3456,  4 },  // Ї
    { 0x0410,   3488, 10 },  // А
    { 0x0411,   3520, 10 },  // Б
    { 0x0412,   3552, 10 },  // В
    { 0x0413,   3584,  8 },  // Г
    { 0x0414,   3616, 11 },  // Д
    { 0x0415,   3648,  9 },  // Е
    { 0x0416,   3680, 14 },  // Ж
    { 0x0417,   3712,  9 },  // З
    { 0x0418,   3744, 12 },  // И
    { 0x0419,   3776, 12 },  // Й
    { 0x041A,   3808,  9 },  // К
    { 0x041B,   3840, 11 },  // Л
    { 0x041C,   3872, 14 },  // М
    { 0x041D,   3904, 12 },  // Н
    { 0x041E,   3936, 12 },  // О
    { 0x041F,   3968, 11 },  // П
    { 0x0420,   4000,  9 },  // Р
    { 0x0421,   4032, 10 },  // С
    { 0x0422,   4064,  9 },  // Т
    { 0x0423,   4096,  9 },  // У
    { 0x0424,   4128, 13 },  // Ф
    { 0x0425,   4160,  9 },  // Х
    { 0x0426,   4192, 12 },  // Ц
    { 0x0427,   4224, 11 },  // Ч
    { 0x0428,   4256, 16 },  // Ш
    { 0x0429,   4288, 16 },  // Щ
    { 0x042A,   4320, 11 },  // Ъ
    { 0x042B,   4352, 13 },  // Ы
    { 0x042C,   4384,  9 },  // Ь
    { 0x042D,   4416, 10 },  // Э
    { 0x042E,   4448, 16 },  // Ю
    { 0x042F,   4480, 10 },  // Я
    { 0x0430,   4512,  9 },  // а
    { 0x0431,   4544,  9 },  // б
    { 0x0432,   4576,  9 },  // в
    { 0x0433,   4608,  7 },  // г
    { 0x0434,   4640,  9 },  // д
    { 0x0435,   4672,  9 },  // е
    { 0x0436,   4704, 12 },  // ж
    { 0x0437,   4736,  7 },  // з
    { 0x0438,   4768, 10 },  // и
    { 0x0439,   4800, 10 },  // й
    { 0x043A,   4832,  8 },  // к
    { 0x043B,   4864,  9 },  // л
    { 0x043C,   4896, 12 },  // м
    { 0x043D,   4928,  9 },  // н
    { 0x043E,   4960,  9 },  // о
    { 0x043F,   4992,  9 },  // п
    { 0x0440,   5024,  9 },  // р
    { 0x0441,   5056,  8 },  // с
    { 0x0442,   5088,  7 },  // т
    { 0x0443,   5120,  8 },  // у
    { 0x0444,   5152, 11 },  // ф
    { 0x0445,   5184,  8 },  // х
    { 0x0446,   5216,  9 },  // ц
    { 0x0447,   5248,  9 },  // ч
    { 0x0448,   5280, 14 },  // ш
    { 0x0449,   5312, 14 },  // щ
    { 0x044A,   5344, 10 },  // ъ
    { 0x044B,   5376, 11 },  // ы
    { 0x044C,   5408,  8 },  // ь
    { 0x044D,   5440,  8 },  // э
    { 0x044E,   5472, 12 },  // ю
    { 0x044F,   5504,  9 },  // я
    { 0x0451,   5536,  9 },  // ё
    { 0x0454,   5568,  8 },  // є
    { 0x0456,   5600,  4 },  // і
    { 0x0457,   5632,  4 },  // ї
    { 0x0490,   5664,  8 },  // Ґ
    { 0x0491,   5696,  7 },  // ґ
    { 0x2013,   5728,  8 },  // –
    { 0x2014,   5760, 16 },  // —
    { 0x2026,   5792, 12 },  // …
    { 0x20AC,   5824,  9 },  // €
    { 0x2116,   5856, 16 },  // №
    { 0x2122,   5888, 12 },  // ™
    { 0x3000,   5920,  4 },  // 　
    { 0x3001,   5952, 16 },  // 、
    { 0x3002,   5984, 16 },  // 。
    { 0x3003,   6016, 16 },  // 〃
    { 0x3004,   6048, 16 },  // 〄
    { 0x3005,   6080, 16 },  // 々
    { 0x3006,   6112, 16 },  // 〆
    { 0x3007,   6144, 16 },  // 〇
    { 0x3008,   6176, 16 },  // 〈
    { 0x3009,   6208, 16 },  // 〉
    { 0x300A,   6240, 16 },  // 《
    { 0x300B,   6272, 16 },  // 》
    { 0x300C,   6304, 16 },  // 「
    { 0x300D,   6336, 16 },  // 」
    { 0x300E,   6368, 16 },  // 『
    { 0x300F,   6400, 16 },  // 』
    { 0x3010,   6432, 16 },  // 【
    { 0x3011,   6464, 16 },  // 】
    { 0x3012,   6496, 16 },  // 〒
    { 0x3013,   6528, 16 },  // 〓
    { 0x3014,   6560, 16 },  // 〔
    { 0x3015,   6592, 16 },  // 〕
    { 0x3016,   6624, 16 },  // 〖
    { 0x3017,   6656, 16 },  // 〗
    { 0x3018,   6688, 16 },  // 〘
    { 0x3019,   6720, 16 },  // 〙
    { 0x301A,   6752, 16 },  // 〚
    { 0x301B,   6784, 16 },  // 〛
    { 0x301C,   6816, 16 },  // 〜
    { 0x301D,   6848, 16 },  // 〝
    { 0x301E,   6880, 16 },  // 〞
    { 0x301F,   6912, 16 },  // 〟
    { 0x3020,   6944, 16 },  // 〠
    { 0x3021,   6976, 16 },  // 〡
    { 0x3022,   7008, 16 },  // 〢
    { 0x3023,   7040, 16 },  // 〣
    { 0x3024,   7072, 16 },  // 〤
    { 0x3025,   7104, 16 },  // 〥
    { 0x3026,   7136, 16 },  // 〦
    { 0x3027,   7168, 16 },  // 〧
    { 0x3028,   7200, 16 },  // 〨
    { 0x3029,   7232, 16 },  // 〩
    { 0x302A,   7264, 16 },  // 〪
    { 0x302B,   7296, 16 },  // 〫
    { 0x302C,   7328, 16 },  // 〬
    { 0x302D,   7360, 16 },  // 〭
    { 0x302E,   7392, 16 },  // 〮
    { 0x302F,   7424, 16 },  // 〯
    { 0x3030,   7456, 16 },  // 〰
    { 0x3031,   7488, 16 },  // 〱
    { 0x3032,   7520, 16 },  // 〲
    { 0x3033,   7552, 16 },  // 〳
    { 0x3034,   7584, 16 },  // 〴
    { 0x3035,   7616, 16 },  // 〵
    { 0x3036,   7648, 16 },  // 〶
    { 0x3037,   7680, 16 },  // 〷
    { 0x3038,   7712, 16 },  // 〸
    { 0x3039,   7744, 16 },  // 〹
    { 0x303A,   7776, 16 },  // 〺
    { 0x303B,   7808, 16 },  // 〻
    { 0x303C,   7840, 16 },  // 〼
    { 0x303D,   7872, 16 },  // 〽
    { 0x303E,   7904, 16 },  // 〾
    { 0x303F,   7936, 16 },  // 〿
    { 0x3041,   7968, 16 },  // ぁ
    { 0x3042,   8000, 16 },  // あ
    { 0x3043,   8032, 16 },  // ぃ
    { 0x3044,   8064, 16 },  // い
    { 0x3045,   8096, 16 },  // ぅ
    { 0x3046,   8128, 16 },  // う
    { 0x3047,   8160, 16 },  // ぇ
    { 0x3048,   8192, 16 },  // え
    { 0x3049,   8224, 16 },  // ぉ
    { 0x304A,   8256, 16 },  // お
    { 0x304B,   8288, 16 },  // か
    { 0x304C,   8320, 16 },  // が
    { 0x304D,   8352, 16 },  // き
    { 0x304E,   8384, 16 },  // ぎ
    { 0x304F,   8416, 16 },  // く
    { 0x3050,   8448, 16 },  // ぐ
    { 0x3051,   8480, 16 },  // け
    { 0x3052,   8512, 16 },  // げ
    { 0x3053,   8544, 16 },  // こ
    { 0x3054,   8576, 16 },  // ご
    { 0x3055,   8608, 16 },  // さ
    { 0x3056,   8640, 16 },  // ざ
    { 0x3057,   8672, 16 },  // し
    { 0x3058,   8704, 16 },  // じ
    { 0x3059,   8736, 16 },  // す
    { 0x305A,   8768, 16 },  // ず
    { 0x305B,   8800, 16 },  // せ
    { 0x305C,   8832, 16 },  // ぜ
    { 0x305D,   8864, 16 },  // そ
    { 0x305E,   8896, 16 },  // ぞ
    { 0x305F,   8928, 16 },  // た
    { 0x3060,   8960, 16 },  // だ
    { 0x3061,   8992, 16 },  // ち
    { 0x3062,   9024, 16 },  // ぢ
    { 0x3063,   9056, 16 },  // っ
    { 0x3064,   9088, 16 },  // つ
    { 0x3065,   9120, 16 },  // づ
    { 0x3066,   9152, 16 },  // て
    { 0x3067,   9184, 16 },  // で
    { 0x3068,   9216, 16 },  // と
    { 0x3069,   9248, 16 },  // ど
    { 0x306A,   9280, 16 },  // な
    { 0x306B,   9312, 16 },  // に
    { 0x306C,   9344, 16 },  // ぬ
    { 0x306D,   9376, 16 },  // ね
    { 0x306E,   9408, 16 },  // の
    { 0x306F,   9440, 16 },  // は
    { 0x3070,   9472, 16 },  // ば
    { 0x3071,   9504, 16 },  // ぱ
    { 0x3072,   9536, 16 },  // ひ
    { 0x3073,   9568, 16 },  // び
    { 0x3074,   9600, 16 },  // ぴ
    { 0x3075,   9632, 16 },  // ふ
    { 0x3076,   9664, 16 },  // ぶ
    { 0x3077,   9696, 16 },  // ぷ
    { 0x3078,   9728, 16 },  // へ
    { 0x3079,   9760, 16 },  // べ
    { 0x307A,   9792, 16 },  // ぺ
    { 0x307B,   9824, 16 },  // ほ
    { 0x307C,   9856, 16 },  // ぼ
    { 0x307D,   9888, 16 },  // ぽ
    { 0x307E,   9920, 16 },  // ま
    { 0x307F,   9952, 16 },  // み
    { 0x3080,   9984, 16 },  // む
    { 0x3081,  10016, 16 },  // め
    { 0x3082,  10048, 16 },  // も
    { 0x3083,  10080, 16 },  // ゃ
    { 0x3084,  10112, 16 },  // や
    { 0x3085,  10144, 16 },  // ゅ
    { 0x3086,  10176, 16 },  // ゆ
    { 0x3087,  10208, 16 },  // ょ
    { 0x3088,  10240, 16 },  // よ
    { 0x3089,  10272, 16 },  // ら
    { 0x308A,  10304, 16 },  // り
    { 0x308B,  10336, 16 },  // る
    { 0x308C,  10368, 16 },  // れ
    { 0x308D,  10400, 16 },  // ろ
    { 0x308E,  10432, 16 },  // ゎ
    { 0x308F,  10464, 16 },  // わ
    { 0x3090,  10496, 16 },  // ゐ
    { 0x3091,  10528, 16 },  // ゑ
    { 0x3092,  10560, 16 },  // を
    { 0x3093,  10592, 16 },  // ん
    { 0x3094,  10624, 16 },  // ゔ
    { 0x3095,  10656, 16 },  // ゕ
    { 0x3096,  10688, 16 },  // ゖ
    { 0x3097,  10720, 16 },  // ゗
    { 0x3098,  10752, 16 },  // ゘
    { 0x3099,  10784, 16 },  // ゙
    { 0x309A,  10816, 16 },  // ゚
    { 0x309B,  10848, 16 },  // ゛
    { 0x309C,  10880, 16 },  // ゜
    { 0x309D,  10912, 16 },  // ゝ
    { 0x309E,  10944, 16 },  // ゞ
    { 0x309F,  10976, 16 },  // ゟ
    { 0x30A0,  11008, 16 },  // ゠
    { 0x30A1,  11040, 16 },  // ァ
    { 0x30A2,  11072, 16 },  // ア
    { 0x30A3,  11104, 16 },  // ィ
    { 0x30A4,  11136, 16 },  // イ
    { 0x30A5,  11168, 16 },  // ゥ
    { 0x30A6,  11200, 16 },  // ウ
    { 0x30A7,  11232, 16 },  // ェ
    { 0x30A8,  11264, 16 },  // エ
    { 0x30A9,  11296, 16 },  // ォ
    { 0x30AA,  11328, 16 },  // オ
    { 0x30AB,  11360, 16 },  // カ
    { 0x30AC,  11392, 16 },  // ガ
    { 0x30AD,  11424, 16 },  // キ
    { 0x30AE,  11456, 16 },  // ギ
    { 0x30AF,  11488, 16 },  // ク
    { 0x30B0,  11520, 16 },  // グ
    { 0x30B1,  11552, 16 },  // ケ
    { 0x30B2,  11584, 16 },  // ゲ
    { 0x30B3,  11616, 16 },  // コ
    { 0x30B4,  11648, 16 },  // ゴ
    { 0x30B5,  11680, 16 },  // サ
    { 0x30B6,  11712, 16 },  // ザ
    { 0x30B7,  11744, 16 },  // シ
    { 0x30B8,  11776, 16 },  // ジ
    { 0x30B9,  11808, 16 },  // ス
    { 0x30BA,  11840, 16 },  // ズ
    { 0x30BB,  11872, 16 },  // セ
    { 0x30BC,  11904, 16 },  // ゼ
    { 0x30BD,  11936, 16 },  // ソ
    { 0x30BE,  11968, 16 },  // ゾ
    { 0x30BF,  12000, 16 },  // タ
    { 0x30C0,  12032, 16 },  // ダ
    { 0x30C1,  12064, 16 },  // チ
    { 0x30C2,  12096, 16 },  // ヂ
    { 0x30C3,  12128, 16 },  // ッ
    { 0x30C4,  12160, 16 },  // ツ
    { 0x30C5,  12192, 16 },  // ヅ
    { 0x30C6,  12224, 16 },  // テ
    { 0x30C7,  12256, 16 },  // デ
    { 0x30C8,  12288, 16 },  // ト
    { 0x30C9,  12320, 16 },  // ド
    { 0x30CA,  12352, 16 },  // ナ
    { 0x30CB,  12384, 16 },  // ニ
    { 0x30CC,  12416, 16 },  // ヌ
    { 0x30CD,  12448, 16 },  // ネ
    { 0x30CE,  12480, 16 },  // ノ
    { 0x30CF,  12512, 16 },  // ハ
    { 0x30D0,  12544, 16 },  // バ
    { 0x30D1,  12576, 16 },  // パ
    { 0x30D2,  12608, 16 },  // ヒ
    { 0x30D3,  12640, 16 },  // ビ
    { 0x30D4,  12672, 16 },  // ピ
    { 0x30D5,  12704, 16 },  // フ
    { 0x30D6,  12736, 16 },  // ブ
    { 0x30D7,  12768, 16 },  // プ
    { 0x30D8,  12800, 16 },  // ヘ
    { 0x30D9,  12832, 16 },  // ベ
    { 0x30DA,  12864, 16 },  // ペ
    { 0x30DB,  12896, 16 },  // ホ
    { 0x30DC,  12928, 16 },  // ボ
    { 0x30DD,  12960, 16 },  // ポ
    { 0x30DE,  12992, 16 },  // マ
    { 0x30DF,  13024, 16 },  // ミ
    { 0x30E0,  13056, 16 },  // ム
    { 0x30E1,  13088, 16 },  // メ
    { 0x30E2,  13120, 16 },  // モ
    { 0x30E3,  13152, 16 },  // ャ
    { 0x30E4,  13184, 16 },  // ヤ
    { 0x30E5,  13216, 16 },  // ュ
    { 0x30E6,  13248, 16 },  // ユ
    { 0x30E7,  13280, 16 },  // ョ
    { 0x30E8,  13312, 16 },  // ヨ
    { 0x30E9,  13344, 16 },  // ラ
    { 0x30EA,  13376, 16 },  // リ
    { 0x30EB,  13408, 16 },  // ル
    { 0x30EC,  13440, 16 },  // レ
    { 0x30ED,  13472, 16 },  // ロ
    { 0x30EE,  13504, 16 },  // ヮ
    { 0x30EF,  13536, 16 },  // ワ
    { 0x30F0,  13568, 16 },  // ヰ
    { 0x30F1,  13600, 16 },  // ヱ
    { 0x30F2,  13632, 16 },  // ヲ
    { 0x30F3,  13664, 16 },  // ン
    { 0x30F4,  13696, 16 },  // ヴ
    { 0x30F5,  13728, 16 },  // ヵ
    { 0x30F6,  13760, 16 },  // ヶ
    { 0x30F7,  13792, 16 },  // ヷ
    { 0x30F8,  13824, 16 },  // ヸ
    { 0x30F9,  13856, 16 },  // ヹ
    { 0x30FA,  13888, 16 },  // ヺ
    { 0x30FB,  13920, 16 },  // ・
    { 0x30FC,  13952, 16 },  // ー
    { 0x30FD,  13984, 16 },  // ヽ
    { 0x30FE,  14016, 16 },  // ヾ
    { 0x30FF,  14048, 16 },  // ヿ
    { 0x4E00,  14080, 16 },  // 一
    { 0x4E03,  14112, 16 },  // 七
    { 0x4E09,  14144, 16 },  // 三
    { 0x4E0A,  14176, 16 },  // 上
    { 0x4E0B,  14208, 16 },  // 下
    { 0x4E14,  14240, 16 },  // 且
    { 0x4E16,  14272, 16 },  // 世
    { 0x4E18,  14304, 16 },  // 丘
    { 0x4E2D,  14336, 16 },  // 中
    { 0x4E32,  14368, 16 },  // 串
    { 0x4E38,  14400, 16 },  // 丸
    { 0x4E3B,  14432, 16 },  // 主
    { 0x4E45,  14464, 16 },  // 久
    { 0x4E59,  14496, 16 },  // 乙
    { 0x4E5D,  14528, 16 },  // 九
    { 0x4E5E,  14560, 16 },  // 乞
    { 0x4E7E,  14592, 16 },  // 乾
    { 0x4E80,  14624, 16 },  // 亀
    { 0x4E8B,  14656, 16 },  // 事
    { 0x4E8C,  14688, 16 },  // 二
    { 0x4E92,  14720, 16 },  // 互
    { 0x4E94,  14752, 16 },  // 五
    { 0x4E9C,  14784, 16 },  // 亜
    { 0x4EA4,  14816, 16 },  // 交
    { 0x4EAB,  14848, 16 },  // 享
    { 0x4EAC,  14880, 16 },  // 京
    { 0x4EBA,  14912, 16 },  // 人
    { 0x4ECA,  14944, 16 },  // 今
    { 0x4ECB,  14976, 16 },  // 介
    { 0x4ED5,  15008, 16 },  // 仕
    { 0x4ED6,  15040, 16 },  // 他
    { 0x4EE3,  15072, 16 },  // 代
    { 0x4EE5,  15104, 16 },  // 以
    { 0x4EEE,  15136, 16 },  // 仮
    { 0x4EF0,  15168, 16 },  // 仰
    { 0x4EF6,  15200, 16 },  // 件
    { 0x4F01,  15232, 16 },  // 企
    { 0x4F0E,  15264, 16 },  // 伎
    { 0x4F11,  15296, 16 },  // 休
    { 0x4F1A,  15328, 16 },  // 会
    { 0x4F3A,  15360, 16 },  // 伺
    { 0x4F3C,  15392, 16 },  // 似
    { 0x4F4D,  15424, 16 },  // 位
    { 0x4F4F,  15456, 16 },  // 住
    { 0x4F50,  15488, 16 },  // 佐
    { 0x4F53,  15520, 16 },  // 体
    { 0x4F55,  15552, 16 },  // 何
    { 0x4F5C,  15584, 16 },  // 作
    { 0x4F73,  15616, 16 },  // 佳
    { 0x4F7F,  15648, 16 },  // 使
    { 0x4F8D,  15680, 16 },  // 侍
    { 0x4F9B,  15712, 16 },  // 供
    { 0x4F9D,  15744, 16 },  // 依
    { 0x4FA1,  15776, 16 },  // 価
    { 0x4FAF,  15808, 16 },  // 侯
    { 0x4FC2,  15840, 16 },  // 係
    { 0x4FDD,  15872, 16 },  // 保
    { 0x4FFA,  15904, 16 },  // 俺
    { 0x500B,  15936, 16 },  // 個
    { 0x5019,  15968, 16 },  // 候
    { 0x5039,  16000, 16 },  // 倹
    { 0x5049,  16032, 16 },  // 偉
    { 0x5065,  16064, 16 },  // 健
    { 0x5076,  16096, 16 },  // 偶
    { 0x507D,  16128, 16 },  // 偽
    { 0x5091,  16160, 16 },  // 傑
    { 0x5098,  16192, 16 },  // 傘
    { 0x50AC,  16224, 16 },  // 催
    { 0x50B2,  16256, 16 },  // 傲
    { 0x50B5,  16288, 16 },  // 債
    { 0x50BE,  16320, 16 },  // 傾
    { 0x50C5,  16352, 16 },  // 僅
    { 0x5100,  16384, 16 },  // 儀
    { 0x5104,  16416, 16 },  // 億
    { 0x5143,  16448, 16 },  // 元
    { 0x5144,  16480, 16 },  // 兄
    { 0x5149,  16512, 16 },  // 光
    { 0x514B,  16544, 16 },  // 克
    { 0x5150,  16576, 16 },  // 児
    { 0x5165,  16608, 16 },  // 入
    { 0x5168,  16640, 16 },  // 全
    { 0x516C,  16672, 16 },  // 公
    { 0x5171,  16704, 16 },  // 共
    { 0x5177,  16736, 16 },  // 具
    { 0x517C,  16768, 16 },  // 兼
    { 0x5185,  16800, 16 },  // 内
    { 0x5186,  16832, 16 },  // 円
    { 0x518A,  16864, 16 },  // 冊
    { 0x518D,  16896, 16 },  // 再
    { 0x5199,  16928, 16 },  // 写
    { 0x51A0,  16960, 16 },  // 冠
    { 0x51DD,  16992, 16 },  // 凝
    { 0x51F6,  17024, 16 },  // 凶
    { 0x51F9,  17056, 16 },  // 凹
    { 0x51FA,  17088, 16 },  // 出
    { 0x5206,  17120, 16 },  // 分
    { 0x5207,  17152, 16 },  // 切
    { 0x5208,  17184, 16 },  // 刈
    { 0x520A,  17216, 16 },  // 刊
    { 0x5211,  17248, 16 },  // 刑
    { 0x5236,  17280, 16 },  // 制
    { 0x5237,  17312, 16 },  // 刷
    { 0x5238,  17344, 16 },  // 券
    { 0x5239,  17376, 16 },  // 刹
    { 0x523A,  17408, 16 },  // 刺
    { 0x523B,  17440, 16 },  // 刻
    { 0x524A,  17472, 16 },  // 削
    { 0x524D,  17504, 16 },  // 前
    { 0x525B,  17536, 16 },  // 剛
    { 0x5263,  17568, 16 },  // 剣
    { 0x5264,  17600, 16 },  // 剤
    { 0x5272,  17632, 16 },  // 割
    { 0x5287,  17664, 16 },  // 劇
    { 0x529B,  17696, 16 },  // 力
    { 0x529F,  17728, 16 },  // 功
    { 0x52A0,  17760, 16 },  // 加
    { 0x52B9,  17792, 16 },  // 効
    { 0x52BE,  17824, 16 },  // 劾
    { 0x52D5,  17856, 16 },  // 動
    { 0x52D8,  17888, 16 },  // 勘
    { 0x52E4,  17920, 16 },  // 勤
    { 0x52E7,  17952, 16 },  // 勧
    { 0x52F2,  17984, 16 },  // 勲
    { 0x52FE,  18016, 16 },  // 勾
    { 0x5316,  18048, 16 },  // 化
    { 0x5317,  18080, 16 },  // 北
    { 0x533A,  18112, 16 },  // 区
    { 0x533B,  18144, 16 },  // 医
    { 0x5341,  18176, 16 },  // 十
    { 0x5348,  18208, 16 },  // 午
    { 0x5354,  18240, 16 },  // 協
    { 0x5370,  18272, 16 },  // 印
    { 0x5371,  18304, 16 },  // 危
    { 0x5374,  18336, 16 },  // 却
    { 0x5378,  18368, 16 },  // 卸
    { 0x539A,  18400, 16 },  // 厚
    { 0x539F,  18432, 16 },  // 原
    { 0x53B3,  18464, 16 },  // 厳
    { 0x53BB,  18496, 16 },  // 去
    { 0x53C2,  18528, 16 },  // 参
    { 0x53CA,  18560, 16 },  // 及
    { 0x53D6,  18592, 16 },  // 取
    { 0x53D7,  18624, 16 },  // 受
    { 0x53E3,  18656, 16 },  // 口
    { 0x53E4,  18688, 16 },  // 古
    { 0x53E5,  18720, 16 },  // 句
    { 0x53EB,  18752, 16 },  // 叫
    { 0x53EF,  18784, 16 },  // 可
    { 0x53F1,  18816, 16 },  // 叱
    { 0x53F2,  18848, 16 },  // 史
    { 0x53F3,  18880, 16 },  // 右
    { 0x53F7,  18912, 16 },  // 号
    { 0x53F8,  18944, 16 },  // 司
    { 0x5404,  18976, 16 },  // 各
    { 0x5408,  19008, 16 },  // 合
    { 0x5409,  19040, 16 },  // 吉
    { 0x540C,  19072, 16 },  // 同
    { 0x540D,  19104, 16 },  // 名
    { 0x540E,  19136, 16 },  // 后
    { 0x5411,  19168, 16 },  // 向
    { 0x541B,  19200, 16 },  // 君
    { 0x541F,  19232, 16 },  // 吟
    { 0x542B,  19264, 16 },  // 含
    { 0x5438,  19296, 16 },  // 吸
    { 0x5449,  19328, 16 },  // 呉
    { 0x544A,  19360, 16 },  // 告
    { 0x5473,  19392, 16 },  // 味
    { 0x547C,  19424, 16 },  // 呼
    { 0x54B2,  19456, 16 },  // 咲
    { 0x54BD,  19488, 16 },  // 咽
    { 0x54C0,  19520, 16 },  // 哀
    { 0x54C1,  19552, 16 },  // 品
    { 0x54E1,  19584, 16 },  // 員
    { 0x5504,  19616, 16 },  // 唄
    { 0x5506,  19648, 16 },  // 唆
    { 0x554F,  19680, 16 },  // 問
    { 0x5553,  19712, 16 },  // 啓
    { 0x5589,  19744, 16 },  // 喉
    { 0x559A,  19776, 16 },  // 喚
    { 0x559C,  19808, 16 },  // 喜
    { 0x559D,  19840, 16 },  // 喝
    { 0x55AB,  19872, 16 },  // 喫
    { 0x55B6,  19904, 16 },  // 営
    { 0x55C5,  19936, 16 },  // 嗅
    { 0x55E3,  19968, 16 },  // 嗣
    { 0x5668,  20000, 16 },  // 器
    { 0x5687,  20032, 16 },  // 嚇
    { 0x56DB,  20064, 16 },  // 四
    { 0x56DE,  20096, 16 },  // 回
    { 0x56E0,  20128, 16 },  // 因
    { 0x56F0,  20160, 16 },  // 困
    { 0x56F2,  20192, 16 },  // 囲
    { 0x56FA,  20224, 16 },  // 固
    { 0x56FD,  20256, 16 },  // 国
    { 0x570F,  20288, 16 },  // 圏
    { 0x5712,  20320, 16 },  // 園
    { 0x5727,  20352, 16 },  // 圧
    { 0x5728,  20384, 16 },  // 在
    { 0x5730,  20416, 16 },  // 地
    { 0x5747,  20448, 16 },  // 均
    { 0x5751,  20480, 16 },  // 坑
    { 0x578B,  20512, 16 },  // 型
    { 0x57A3,  20544, 16 },  // 垣
    { 0x57DF,  20576, 16 },  // 域
    { 0x57F7,  20608, 16 },  // 執
    { 0x57FA,  20640, 16 },  // 基
    { 0x57FC,  20672, 16 },  // 埼
    { 0x5805,  20704, 16 },  // 堅
    { 0x582A,  20736, 16 },  // 堪
    { 0x5834,  20768, 16 },  // 場
    { 0x584A,  20800, 16 },  // 塊
    { 0x585E,  20832, 16 },  // 塞
    { 0x5869,  20864, 16 },  // 塩
    { 0x5883,  20896, 16 },  // 境
    { 0x58BE,  20928, 16 },  // 墾
    { 0x58CA,  20960, 16 },  // 壊
    { 0x58EB,  20992, 16 },  // 士
    { 0x58F0,  21024, 16 },  // 声
    { 0x58F1,  21056, 16 },  // 壱
    { 0x5909,  21088, 16 },  // 変
    { 0x590F,  21120, 16 },  // 夏
    { 0x5916,  21152, 16 },  // 外
    { 0x5927,  21184, 16 },  // 大
    { 0x5929,  21216, 16 },  // 天
    { 0x592E,  21248, 16 },  // 央
    { 0x5931,  21280, 16 },  // 失
    { 0x5947,  21312, 16 },  // 奇
    { 0x5951,  21344, 16 },  // 契
    { 0x5965,  21376, 16 },  // 奥
    { 0x5973,  21408, 16 },  // 女
    { 0x597D,  21440, 16 },  // 好
    { 0x59BB,  21472, 16 },  // 妻
    { 0x59C9,  21504, 16 },  // 姉
    { 0x59CB,  21536, 16 },  // 始
    { 0x59D4,  21568, 16 },  // 委
    { 0x59FB,  21600, 16 },  // 姻
    { 0x59FF,  21632, 16 },  // 姿
    { 0x5A01,  21664, 16 },  // 威
    { 0x5A2F,  21696, 16 },  // 娯
    { 0x5A5A,  21728, 16 },  // 婚
    { 0x5A9B,  21760, 16 },  // 媛
    { 0x5AC1,  21792, 16 },  // 嫁
    { 0x5AC9,  21824, 16 },  // 嫉
    { 0x5ACC,  21856, 16 },  // 嫌
    { 0x5B50,  21888, 16 },  // 子
    { 0x5B54,  21920, 16 },  // 孔
    { 0x5B57,  21952, 16 },  // 字
    { 0x5B5D,  21984, 16 },  // 孝
    { 0x5B63,  22016, 16 },  // 季
    { 0x5B64,  22048, 16 },  // 孤
    { 0x5B66,  22080, 16 },  // 学
    { 0x5B87,  22112, 16 },  // 宇
    { 0x5B89,  22144, 16 },  // 安
    { 0x5B8C,  22176, 16 },  // 完
    { 0x5B98,  22208, 16 },  // 官
    { 0x5B9A,  22240, 16 },  // 定
    { 0x5B9B,  22272, 16 },  // 宛
    { 0x5B9C,  22304, 16 },  // 宜
    { 0x5B9F,  22336, 16 },  // 実
    { 0x5BA2,  22368, 16 },  // 客
    { 0x5BA4,  22400, 16 },  // 室
    { 0x5BAE,  22432, 16 },  // 宮
    { 0x5BB0,  22464, 16 },  // 宰
    { 0x5BB3,  22496, 16 },  // 害
    { 0x5BB4,  22528, 16 },  // 宴
    { 0x5BB6,  22560, 16 },  // 家
    { 0x5BC4,  22592, 16 },  // 寄
    { 0x5BD2,  22624, 16 },  // 寒
    { 0x5BDB,  22656, 16 },  // 寛
    { 0x5BDF,  22688, 16 },  // 察
    { 0x5BE1,  22720, 16 },  // 寡
    { 0x5BFA,  22752, 16 },  // 寺
    { 0x5BFE,  22784, 16 },  // 対
    { 0x5C04,  22816, 16 },  // 射
    { 0x5C09,  22848, 16 },  // 尉
    { 0x5C0F,  22880, 16 },  // 小
    { 0x5C11,  22912, 16 },  // 少
    { 0x5C40,  22944, 16 },  // 局
    { 0x5C45,  22976, 16 },  // 居
    { 0x5C48,  23008, 16 },  // 屈
    { 0x5C4B,  23040, 16 },  // 屋
    { 0x5C71,  23072, 16 },  // 山
    { 0x5C90,  23104, 16 },  // 岐
    { 0x5CA1,  23136, 16 },  // 岡
    { 0x5CA9,  23168, 16 },  // 岩
    { 0x5CB3,  23200, 16 },  // 岳
    { 0x5CB8,  23232, 16 },  // 岸
    { 0x5CE1,  23264, 16 },  // 峡
    { 0x5D0E,  23296, 16 },  // 崎
    { 0x5D16,  23328, 16 },  // 崖
    { 0x5D50,  23360, 16 },  // 嵐
    { 0x5DE5,  23392, 16 },  // 工
    { 0x5DE6,  23424, 16 },  // 左
    { 0x5DE7,  23456, 16 },  // 巧
    { 0x5DE8,  23488, 16 },  // 巨
    { 0x5DEE,  23520, 16 },  // 差
    { 0x5DF1,  23552, 16 },  // 己
    { 0x5DFB,  23584, 16 },  // 巻
    { 0x5DFE,  23616, 16 },  // 巾
    { 0x5E02,  23648, 16 },  // 市
    { 0x5E0C,  23680, 16 },  // 希
    { 0x5E2B,  23712, 16 },  // 師
    { 0x5E30,  23744, 16 },  // 帰
    { 0x5E72,  23776, 16 },  // 干
    { 0x5E73,  23808, 16 },  // 平
    { 0x5E74,  23840, 16 },  // 年
    { 0x5E78,  23872, 16 },  // 幸
    { 0x5E79,  23904, 16 },  // 幹
    { 0x5E7B,  23936, 16 },  // 幻
    { 0x5E7E,  23968, 16 },  // 幾
    { 0x5E83,  24000, 16 },  // 広
    { 0x5EA6,  24032, 16 },  // 度
    { 0x5EA7,  24064, 16 },  // 座
    { 0x5EAB,  24096, 16 },  // 庫
    { 0x5EB7,  24128, 16 },  // 康
    { 0x5EF6,  24160, 16 },  // 延
    { 0x5EFA,  24192, 16 },  // 建
    { 0x5F0F,  24224, 16 },  // 式
    { 0x5F13,  24256, 16 },  // 弓
    { 0x5F15,  24288, 16 },  // 引
    { 0x5F26,  24320, 16 },  // 弦
    { 0x5F27,  24352, 16 },  // 弧
    { 0x5F37,  24384, 16 },  // 強
    { 0x5F53,  24416, 16 },  // 当
    { 0x5F59,  24448, 16 },  // 彙
    { 0x5F62,  24480, 16 },  // 形
    { 0x5F69,  24512, 16 },  // 彩
    { 0x5F71,  24544, 16 },  // 影
    { 0x5F80,  24576, 16 },  // 往
    { 0x5F84,  24608, 16 },  // 径
    { 0x5F8C,  24640, 16 },  // 後
    { 0x5FA1,  24672, 16 },  // 御
    { 0x5FC3,  24704, 16 },  // 心
    { 0x5FCC,  24736, 16 },  // 忌
    { 0x5FD7,  24768, 16 },  // 志
    { 0x5FDC,  24800, 16 },  // 応
    { 0x5FEB,  24832, 16 },  // 快
    { 0x601D,  24864, 16 },  // 思
    { 0x6025,  24896, 16 },  // 急
    { 0x6027,  24928, 16 },  // 性
    { 0x6028,  24960, 16 },  // 怨
    { 0x602A,  24992, 16 },  // 怪
    { 0x6050,  25024, 16 },  // 恐
    { 0x6052,  25056, 16 },  // 恒
    { 0x6063,  25088, 16 },  // 恣
    { 0x6068,  25120, 16 },  // 恨
    { 0x6069,  25152, 16 },  // 恩
    { 0x606D,  25184, 16 },  // 恭
    { 0x6075,  25216, 16 },  // 恵
    { 0x6094,  25248, 16 },  // 悔
    { 0x609F,  25280, 16 },  // 悟
    { 0x60A3,  25312, 16 },  // 患
    { 0x60A6,  25344, 16 },  // 悦
    { 0x60AA,  25376, 16 },  // 悪
    { 0x60C5,  25408, 16 },  // 情
    { 0x60E7,  25440, 16 },  // 惧
    { 0x60E8,  25472, 16 },  // 惨
    { 0x610F,  25504, 16 },  // 意
    { 0x611A,  25536, 16 },  // 愚
    { 0x611B,  25568, 16 },  // 愛
    { 0x611F,  25600, 16 },  // 感
    { 0x6148,  25632, 16 },  // 慈
    { 0x614C,  25664, 16 },  // 慌
    { 0x6163,  25696, 16 },  // 慣
    { 0x6168,  25728, 16 },  // 慨
    { 0x6170,  25760, 16 },  // 慰
    { 0x6176,  25792, 16 },  // 慶
    { 0x61A9,  25824, 16 },  // 憩
    { 0x61AC,  25856, 16 },  // 憬
    { 0x61B2,  25888, 16 },  // 憲
    { 0x61B6,  25920, 16 },  // 憶
    { 0x61BE,  25952, 16 },  // 憾
    { 0x61C7,  25984, 16 },  // 懇
    { 0x61D0,  26016, 16 },  // 懐
    { 0x61F8,  26048, 16 },  // 懸
    { 0x6211,  26080, 16 },  // 我
    { 0x6212,  26112, 16 },  // 戒
    { 0x6226,  26144, 16 },  // 戦
    { 0x622F,  26176, 16 },  // 戯
    { 0x6238,  26208, 16 },  // 戸
    { 0x6240,  26240, 16 },  // 所
    { 0x624B,  26272, 16 },  // 手
    { 0x624D,  26304, 16 },  // 才
    { 0x6271,  26336, 16 },  // 扱
    { 0x6280,  26368, 16 },  // 技
    { 0x6297,  26400, 16 },  // 抗
    { 0x62BC,  26432, 16 },  // 押
    { 0x62D0,  26464, 16 },  // 拐
    { 0x62D2,  26496, 16 },  // 拒
    { 0x62D8,  26528, 16 },  // 拘
    { 0x62E0,  26560, 16 },  // 拠
    { 0x62E1,  26592, 16 },  // 拡
    { 0x62EC,  26624, 16 },  // 括
    { 0x62F3,  26656, 16 },  // 拳
    { 0x62F6,  26688, 16 },  // 拶
    { 0x62F7,  26720, 16 },  // 拷
    { 0x6301,  26752, 16 },  // 持
    { 0x6307,  26784, 16 },  // 指
    { 0x6319,  26816, 16 },  // 挙
    { 0x631F,  26848, 16 },  // 挟
    { 0x6328,  26880, 16 },  // 挨
    { 0x632B,  26912, 16 },  // 挫
    { 0x6398,  26944, 16 },  // 掘
    { 0x639B,  26976, 16 },  // 掛
    { 0x63A1,  27008, 16 },  // 採
    { 0x63A7,  27040, 16 },  // 控
    { 0x63B2,  27072, 16 },  // 掲
    { 0x63DB,  27104, 16 },  // 換
    { 0x63E1,  27136, 16 },  // 握
    { 0x63EE,  27168, 16 },  // 揮
    { 0x63F4,  27200, 16 },  // 援
    { 0x643A,  27232, 16 },  // 携
    { 0x643E,  27264, 16 },  // 搾
    { 0x646F,  27296, 16 },  // 摯
    { 0x6483,  27328, 16 },  // 撃
    { 0x64AE,  27360, 16 },  // 撮
    { 0x64E6,  27392, 16 },  // 擦
    { 0x64EC,  27424, 16 },  // 擬
    { 0x652F,  27456, 16 },  // 支
    { 0x6539,  27488, 16 },  // 改
    { 0x653B,  27520, 16 },  // 攻
    { 0x653F,  27552, 16 },  // 政
    { 0x6545,  27584, 16 },  // 故
    { 0x6551,  27616, 16 },  // 救
    { 0x6559,  27648, 16 },  // 教
    { 0x6562,  27680, 16 },  // 敢
    { 0x6563,  27712, 16 },  // 散
    { 0x656C,  27744, 16 },  // 敬
    { 0x6570,  27776, 16 },  // 数
    { 0x6587,  27808, 16 },  // 文
    { 0x658E,  27840, 16 },  // 斎
    { 0x65A4,  27872, 16 },  // 斤
    { 0x65AC,  27904, 16 },  // 斬
    { 0x65B0,  27936, 16 },  // 新
    { 0x65B9,  27968, 16 },  // 方
    { 0x65BD,  28000, 16 },  // 施
    { 0x65D7,  28032, 16 },  // 旗
    { 0x65E2,  28064, 16 },  // 既
    { 0x65E5,  28096, 16 },  // 日
    { 0x65E7,  28128, 16 },  // 旧
    { 0x65E8,  28160, 16 },  // 旨
    { 0x65FA,  28192, 16 },  // 旺
    { 0x6606,  28224, 16 },  // 昆
    { 0x660E,  28256, 16 },  // 明
    { 0x6613,  28288, 16 },  // 易
    { 0x6620,  28320, 16 },  // 映
    { 0x6628,  28352, 16 },  // 昨
    { 0x6642,  28384, 16 },  // 時
    { 0x666F,  28416, 16 },  // 景
    { 0x6681,  28448, 16 },  // 暁
    { 0x6687,  28480, 16 },  // 暇
    { 0x6697,  28512, 16 },  // 暗
    { 0x66AB,  28544, 16 },  // 暫
    { 0x66D6,  28576, 16 },  // 曖
    { 0x66F2,  28608, 16 },  // 曲
    { 0x66F4,  28640, 16 },  // 更
    { 0x66F8,  28672, 16 },  // 書
    { 0x6700,  28704, 16 },  // 最
    { 0x6708,  28736, 16 },  // 月
    { 0x671F,  28768, 16 },  // 期
    { 0x672C,  28800, 16 },  // 本
    { 0x672D,  28832, 16 },  // 札
    { 0x673A,  28864, 16 },  // 机
    { 0x673D,  28896, 16 },  // 朽
    { 0x6750,  28928, 16 },  // 材
    { 0x6765,  28960, 16 },  // 来
    { 0x6771,  28992, 16 },  // 東
    { 0x679C,  29024, 16 },  // 果
    { 0x679D,  29056, 16 },  // 枝
    { 0x67AF,  29088, 16 },  // 枯
    { 0x67B6,  29120, 16 },  // 架
    { 0x67F5,  29152, 16 },  // 柵
    { 0x67FB,  29184, 16 },  // 査
    { 0x67FF,  29216, 16 },  // 柿
    { 0x6804,  29248, 16 },  // 栄
    { 0x6821,  29280, 16 },  // 校
    { 0x682A,  29312, 16 },  // 株
    { 0x6838,  29344, 16 },  // 核
    { 0x6839,  29376, 16 },  // 根
    { 0x683C,  29408, 16 },  // 格
    { 0x683D,  29440, 16 },  // 栽
    { 0x6841,  29472, 16 },  // 桁
    { 0x6848,  29504, 16 },  // 案
    { 0x685C,  29536, 16 },  // 桜
    { 0x685F,  29568, 16 },  // 桟
    { 0x6897,  29600, 16 },  // 梗
    { 0x68B0,  29632, 16 },  // 械
    { 0x68C4,  29664, 16 },  // 棄
    { 0x68CB,  29696, 16 },  // 棋
    { 0x68FA,  29728, 16 },  // 棺
    { 0x6905,  29760, 16 },  // 椅
    { 0x691C,  29792, 16 },  // 検
    { 0x696D,  29824, 16 },  // 業
    { 0x6975,  29856, 16 },  // 極
    { 0x6977,  29888, 16 },  // 楷
    { 0x697D,  29920, 16 },  // 楽
    { 0x6982,  29952, 16 },  // 概
    { 0x69CB,  29984, 16 },  // 構
    { 0x6A29,  30016, 16 },  // 権
    { 0x6A2A,  30048, 16 },  // 横
    { 0x6A4B,  30080, 16 },  // 橋
    { 0x6A5F,  30112, 16 },  // 機
    { 0x6B20,  30144, 16 },  // 欠
    { 0x6B21,  30176, 16 },  // 次
    { 0x6B27,  30208, 16 },  // 欧
    { 0x6B3A,  30240, 16 },  // 欺
    { 0x6B3E,  30272, 16 },  // 款
    { 0x6B4C,  30304, 16 },  // 歌
    { 0x6B53,  30336, 16 },  // 歓
    { 0x6B62,  30368, 16 },  // 止
    { 0x6B63,  30400, 16 },  // 正
    { 0x6B6F,  30432, 16 },  // 歯
    { 0x6B73,  30464, 16 },  // 歳
    { 0x6B7B,  30496, 16 },  // 死
    { 0x6B8B,  30528, 16 },  // 残
    { 0x6BB4,  30560, 16 },  // 殴
    { 0x6BBA,  30592, 16 },  // 殺
    { 0x6BBB,  30624, 16 },  // 殻
    { 0x6BC0,  30656, 16 },  // 毀
    { 0x6C0F,  30688, 16 },  // 氏
    { 0x6C11,  30720, 16 },  // 民
    { 0x6C17,  30752, 16 },  // 気
    { 0x6C38,  30784, 16 },  // 永
    { 0x6C42,  30816, 16 },  // 求
    { 0x6C57,  30848, 16 },  // 汗
    { 0x6C5A,  30880, 16 },  // 汚
    { 0x6C5F,  30912, 16 },  // 江
    { 0x6C7A,  30944, 16 },  // 決
    { 0x6C7D,  30976, 16 },  // 汽
    { 0x6C99,  31008, 16 },  // 沙
    { 0x6CB3,  31040, 16 },  // 河
    { 0x6CBB,  31072, 16 },  // 治
    { 0x6CBF,  31104, 16 },  // 沿
    { 0x6CC1,  31136, 16 },  // 況
    { 0x6CD5,  31168, 16 },  // 法
    { 0x6CE3,  31200, 16 },  // 泣
    { 0x6CF3,  31232, 16 },  // 泳
    { 0x6D2A,  31264, 16 },  // 洪
    { 0x6D3B,  31296, 16 },  // 活
    { 0x6D66,  31328, 16 },  // 浦
    { 0x6D77,  31360, 16 },  // 海
    { 0x6DAF,  31392, 16 },  // 涯
    { 0x6DB2,  31424, 16 },  // 液
    { 0x6DEB,  31456, 16 },  // 淫
    { 0x6DF7,  31488, 16 },  // 混
    { 0x6E07,  31520, 16 },  // 渇
    { 0x6E08,  31552, 16 },  // 済
    { 0x6E13,  31584, 16 },  // 渓
    { 0x6E1B,  31616, 16 },  // 減
    { 0x6E26,  31648, 16 },  // 渦
    { 0x6E29,  31680, 16 },  // 温
    { 0x6E2F,  31712, 16 },  // 港
    { 0x6E56,  31744, 16 },  // 湖
    { 0x6E7F,  31776, 16 },  // 湿
    { 0x6E90,  31808, 16 },  // 源
    { 0x6E9D,  31840, 16 },  // 溝
    { 0x6ECB,  31872, 16 },  // 滋
    { 0x6ED1,  31904, 16 },  // 滑
    { 0x6F01,  31936, 16 },  // 漁
    { 0x6F06,  31968, 16 },  // 漆
    { 0x6F14,  32000, 16 },  // 演
    { 0x6F22,  32032, 16 },  // 漢
    { 0x6F54,  32064, 16 },  // 潔
    { 0x6F5F,  32096, 16 },  // 潟
    { 0x6F70,  32128, 16 },  // 潰
    { 0x6FC0,  32160, 16 },  // 激
    { 0x706B,  32192, 16 },  // 火
    { 0x7070,  32224, 16 },  // 灰
    { 0x707D,  32256, 16 },  // 災
    { 0x708E,  32288, 16 },  // 炎
    { 0x70BA,  32320, 16 },  // 為
    { 0x7159,  32352, 16 },  // 煙
    { 0x718A,  32384, 16 },  // 熊
    { 0x7259,  32416, 16 },  // 牙
    { 0x725B,  32448, 16 },  // 牛
    { 0x7269,  32480, 16 },  // 物
    { 0x72A0,  32512, 16 },  // 犠
    { 0x72AC,  32544, 16 },  // 犬
    { 0x72C2,  32576, 16 },  // 狂
    { 0x72ED,  32608, 16 },  // 狭
    { 0x732E,  32640, 16 },  // 献
    { 0x733F,  32672, 16 },  // 猿
    { 0x7344,  32704, 16 },  // 獄
    { 0x7372,  32736, 16 },  // 獲
    { 0x7384,  32768, 16 },  // 玄
    { 0x7389,  32800, 16 },  // 玉
    { 0x738B,  32832, 16 },  // 王
    { 0x73A9,  32864, 16 },  // 玩
    { 0x73FE,  32896, 16 },  // 現
    { 0x7403,  32928, 16 },  // 球
    { 0x7406,  32960, 16 },  // 理
    { 0x7434,  32992, 16 },  // 琴
    { 0x74B0,  33024, 16 },  // 環
    { 0x74BD,  33056, 16 },  // 璽
    { 0x74E6,  33088, 16 },  // 瓦
    { 0x7518,  33120, 16 },  // 甘
    { 0x751F,  33152, 16 },  // 生
    { 0x7523,  33184, 16 },  // 産
    { 0x7528,  33216, 16 },  // 用
    { 0x7530,  33248, 16 },  // 田
    { 0x7532,  33280, 16 },  // 甲
    { 0x753A,  33312, 16 },  // 町
    { 0x753B,  33344, 16 },  // 画
    { 0x754C,  33376, 16 },  // 界
    { 0x754F,  33408, 16 },  // 畏
    { 0x755D,  33440, 16 },  // 畝
    { 0x7570,  33472, 16 },  // 異
    { 0x757F,  33504, 16 },  // 畿
    { 0x7591,  33536, 16 },  // 疑
    { 0x75AB,  33568, 16 },  // 疫
    { 0x75BE,  33600, 16 },  // 疾
    { 0x75D5,  33632, 16 },  // 痕
    { 0x767A,  33664, 16 },  // 発
    { 0x7684,  33696, 16 },  // 的
    { 0x7686,  33728, 16 },  // 皆
    { 0x7687,  33760, 16 },  // 皇
    { 0x76BF,  33792, 16 },  // 皿
    { 0x76CA,  33824, 16 },  // 益
    { 0x76E3,  33856, 16 },  // 監
    { 0x76EE,  33888, 16 },  // 目
    { 0x76F4,  33920, 16 },  // 直
    { 0x76F8,  33952, 16 },  // 相
    { 0x770B,  33984, 16 },  // 看
    { 0x770C,  34016, 16 },  // 県
    { 0x773C,  34048, 16 },  // 眼
    { 0x77E2,  34080, 16 },  // 矢
    { 0x77EF,  34112, 16 },  // 矯
    { 0x7802,  34144, 16 },  // 砂
    { 0x7814,  34176, 16 },  // 研
    { 0x7815,  34208, 16 },  // 砕
    { 0x786C,  34240, 16 },  // 硬
    { 0x7881,  34272, 16 },  // 碁
    { 0x78BA,  34304, 16 },  // 確
    { 0x78C1,  34336, 16 },  // 磁
    { 0x793A,  34368, 16 },  // 示
    { 0x793E,  34400, 16 },  // 社
    { 0x7948,  34432, 16 },  // 祈
    { 0x7949,  34464, 16 },  // 祉
    { 0x795E,  34496, 16 },  // 神
    { 0x796D,  34528, 16 },  // 祭
    { 0x7981,  34560, 16 },  // 禁
    { 0x798D,  34592, 16 },  // 禍
    { 0x79C1,  34624, 16 },  // 私
    { 0x79D1,  34656, 16 },  // 科
    { 0x79FB,  34688, 16 },  // 移
    { 0x7A3C,  34720, 16 },  // 稼
    { 0x7A3D,  34752, 16 },  // 稽
    { 0x7A3F,  34784, 16 },  // 稿
    { 0x7A40,  34816, 16 },  // 穀
    { 0x7A4F,  34848, 16 },  // 穏
    { 0x7A6B,  34880, 16 },  // 穫
    { 0x7A74,  34912, 16 },  // 穴
    { 0x7A76,  34944, 16 },  // 究
    { 0x7A7A,  34976, 16 },  // 空
    { 0x7A9F,  35008, 16 },  // 窟
    { 0x7AAE,  35040, 16 },  // 窮
    { 0x7ACB,  35072, 16 },  // 立
    { 0x7AF6,  35104, 16 },  // 競
    { 0x7B2C,  35136, 16 },  // 第
    { 0x7B4B,  35168, 16 },  // 筋
    { 0x7B54,  35200, 16 },  // 答
    { 0x7B56,  35232, 16 },  // 策
    { 0x7B87,  35264, 16 },  // 箇
    { 0x7B97,  35296, 16 },  // 算
    { 0x7BA1,  35328, 16 },  // 管
    { 0x7C21,  35360, 16 },  // 簡
    { 0x7CF8,  35392, 16 },  // 糸
    { 0x7CFB,  35424, 16 },  // 系
    { 0x7CFE,  35456, 16 },  // 糾
    { 0x7D00,  35488, 16 },  // 紀
    { 0x7D05,  35520, 16 },  // 紅
    { 0x7D19,  35552, 16 },  // 紙
    { 0x7D1A,  35584, 16 },  // 級
    { 0x7D22,  35616, 16 },  // 索
    { 0x7D2B,  35648, 16 },  // 紫
    { 0x7D30,  35680, 16 },  // 細
    { 0x7D3A,  35712, 16 },  // 紺
    { 0x7D44,  35744, 16 },  // 組
    { 0x7D4C,  35776, 16 },  // 経
    { 0x7D50,  35808, 16 },  // 結
    { 0x7D5E,  35840, 16 },  // 絞
    { 0x7D66,  35872, 16 },  // 給
    { 0x7D75,  35904, 16 },  // 絵
    { 0x7D79,  35936, 16 },  // 絹
    { 0x7D99,  35968, 16 },  // 継
    { 0x7DAD,  36000, 16 },  // 維
    { 0x7DB1,  36032, 16 },  // 綱
    { 0x7DCA,  36064, 16 },  // 緊
    { 0x7DCF,  36096, 16 },  // 総
    { 0x7DE9,  36128, 16 },  // 緩
    { 0x7DEF,  36160, 16 },  // 緯
    { 0x7E01,  36192, 16 },  // 縁
    { 0x7E6D,  36224, 16 },  // 繭
    { 0x7E70,  36256, 16 },  // 繰
    { 0x7F36,  36288, 16 },  // 缶
    { 0x7F6A,  36320, 16 },  // 罪
    { 0x7F8E,  36352, 16 },  // 美
    { 0x7FA4,  36384, 16 },  // 群
    { 0x7FA9,  36416, 16 },  // 義
    { 0x7FBD,  36448, 16 },  // 羽
    { 0x7FC1,  36480, 16 },  // 翁
    { 0x8003,  36512, 16 },  // 考
    { 0x8005,  36544, 16 },  // 者
    { 0x8015,  36576, 16 },  // 耕
    { 0x8033,  36608, 16 },  // 耳
    { 0x809D,  36640, 16 },  // 肝
    { 0x80A1,  36672, 16 },  // 股
    { 0x80A2,  36704, 16 },  // 肢
    { 0x80A9,  36736, 16 },  // 肩
    { 0x80AF,  36768, 16 },  // 肯
    { 0x80B2,  36800, 16 },  // 育
    { 0x80C3,  36832, 16 },  // 胃
    { 0x80F8,  36864, 16 },  // 胸
    { 0x80FD,  36896, 16 },  // 能
    { 0x8102,  36928, 16 },  // 脂
    { 0x8105,  36960, 16 },  // 脅
    { 0x811A,  36992, 16 },  // 脚
    { 0x81C6,  37024, 16 },  // 臆
    { 0x81EA,  37056, 16 },  // 自
    { 0x81F3,  37088, 16 },  // 至
    { 0x81FC,  37120, 16 },  // 臼
    { 0x8208,  37152, 16 },  // 興
    { 0x820E,  37184, 16 },  // 舎
    { 0x822A,  37216, 16 },  // 航
    { 0x8237,  37248, 16 },  // 舷
    { 0x8266,  37280, 16 },  // 艦
    { 0x8276,  37312, 16 },  // 艶
    { 0x828B,  37344, 16 },  // 芋
    { 0x829D,  37376, 16 },  // 芝
    { 0x82B1,  37408, 16 },  // 花
    { 0x82B8,  37440, 16 },  // 芸
    { 0x82BD,  37472, 16 },  // 芽
    { 0x82DB,  37504, 16 },  // 苛
    { 0x82E6,  37536, 16 },  // 苦
    { 0x82F1,  37568, 16 },  // 英
    { 0x830E,  37600, 16 },  // 茎
    { 0x8328,  37632, 16 },  // 茨
    { 0x8352,  37664, 16 },  // 荒
    { 0x8377,  37696, 16 },  // 荷
    { 0x83CA,  37728, 16 },  // 菊
    { 0x83CC,  37760, 16 },  // 菌
    { 0x83D3,  37792, 16 },  // 菓
    { 0x83DC,  37824, 16 },  // 菜
    { 0x83EF,  37856, 16 },  // 華
    { 0x840E,  37888, 16 },  // 萎
    { 0x845B,  37920, 16 },  // 葛
    { 0x84CB,  37952, 16 },  // 蓋
    { 0x85AB,  37984, 16 },  // 薫
    { 0x864E,  38016, 16 },  // 虎
    { 0x8650,  38048, 16 },  // 虐
    { 0x865A,  38080, 16 },  // 虚
    { 0x865E,  38112, 16 },  // 虞
    { 0x868A,  38144, 16 },  // 蚊
    { 0x8695,  38176, 16 },  // 蚕
    { 0x86CD,  38208, 16 },  // 蛍
    { 0x8840,  38240, 16 },  // 血
    { 0x884C,  38272, 16 },  // 行
    { 0x8857,  38304, 16 },  // 街
    { 0x885B,  38336, 16 },  // 衛
    { 0x8861,  38368, 16 },  // 衡
    { 0x8863,  38400, 16 },  // 衣
    { 0x8868,  38432, 16 },  // 表
    { 0x88C1,  38464, 16 },  // 裁
    { 0x8910,  38496, 16 },  // 褐
    { 0x895F,  38528, 16 },  // 襟
    { 0x897F,  38560, 16 },  // 西
    { 0x8981,  38592, 16 },  // 要
    { 0x898B,  38624, 16 },  // 見
    { 0x898F,  38656, 16 },  // 規
    { 0x8996,  38688, 16 },  // 視
    { 0x899A,  38720, 16 },  // 覚
    { 0x89B3,  38752, 16 },  // 観
    { 0x89D2,  38784, 16 },  // 角
    { 0x89E3,  38816, 16 },  // 解
    { 0x8A00,  38848, 16 },  // 言
    { 0x8A08,  38880, 16 },  // 計
    { 0x8A13,  38912, 16 },  // 訓
    { 0x8A18,  38944, 16 },  // 記
    { 0x8A2D,  38976, 16 },  // 設
    { 0x8A31,  39008, 16 },  // 許
    { 0x8A50,  39040, 16 },  // 詐
    { 0x8A5E,  39072, 16 },  // 詞
    { 0x8A60,  39104, 16 },  // 詠
    { 0x8A63,  39136, 16 },  // 詣
    { 0x8A66,  39168, 16 },  // 試
    { 0x8A69,  39200, 16 },  // 詩
    { 0x8A70,  39232, 16 },  // 詰
    { 0x8A71,  39264, 16 },  // 話
    { 0x8A72,  39296, 16 },  // 該
    { 0x8A87,  39328, 16 },  // 誇
    { 0x8A8C,  39360, 16 },  // 誌
    { 0x8A9E,  39392, 16 },  // 語
    { 0x8AA4,  39424, 16 },  // 誤
    { 0x8AB2,  39456, 16 },  // 課
    { 0x8ABF,  39488, 16 },  // 調
    { 0x8AE7,  39520, 16 },  // 諧
    { 0x8AEE,  39552, 16 },  // 諮
    { 0x8B01,  39584, 16 },  // 謁
    { 0x8B19,  39616, 16 },  // 謙
    { 0x8B1B,  39648, 16 },  // 講
    { 0x8B39,  39680, 16 },  // 謹
    { 0x8B58,  39712, 16 },  // 識
    { 0x8B66,  39744, 16 },  // 警
    { 0x8B70,  39776, 16 },  // 議
    { 0x8B77,  39808, 16 },  // 護
    { 0x8C37,  39840, 16 },  // 谷
    { 0x8C6A,  39872, 16 },  // 豪
    { 0x8C9D,  39904, 16 },  // 貝
    { 0x8CA1,  39936, 16 },  // 財
    { 0x8CA2,  39968, 16 },  // 貢
    { 0x8CA8,  40000, 16 },  // 貨
    { 0x8CAB,  40032, 16 },  // 貫
    { 0x8CB4,  40064, 16 },  // 貴
    { 0x8CC0,  40096, 16 },  // 賀
    { 0x8CC7,  40128, 16 },  // 資
    { 0x8CDB,  40160, 16 },  // 賛
    { 0x8CDC,  40192, 16 },  // 賜
    { 0x8CE2,  40224, 16 },  // 賢
    { 0x8CEA,  40256, 16 },  // 質
    { 0x8CFC,  40288, 16 },  // 購
    { 0x8D77,  40320, 16 },  // 起
    { 0x8D8A,  40352, 16 },  // 越
    { 0x8DDD,  40384, 16 },  // 距
    { 0x8EAB,  40416, 16 },  // 身
    { 0x8ECA,  40448, 16 },  // 車
    { 0x8ECC,  40480, 16 },  // 軌
    { 0x8ECD,  40512, 16 },  // 軍
    { 0x8ED2,  40544, 16 },  // 軒
    { 0x8EF8,  40576, 16 },  // 軸
    { 0x8EFD,  40608, 16 },  // 軽
    { 0x8F03,  40640, 16 },  // 較
    { 0x8F09,  40672, 16 },  // 載
    { 0x8F1D,  40704, 16 },  // 輝
    { 0x8F44,  40736, 16 },  // 轄
    { 0x8F9E,  40768, 16 },  // 辞
    { 0x8FBC,  40800, 16 },  // 込
    { 0x8FCE,  40832, 16 },  // 迎
    { 0x8FD1,  40864, 16 },  // 近
    { 0x9006,  40896, 16 },  // 逆
    { 0x901A,  40928, 16 },  // 通
    { 0x9023,  40960, 16 },  // 連
    { 0x9032,  40992, 16 },  // 進
    { 0x9038,  41024, 16 },  // 逸
    { 0x9047,  41056, 16 },  // 遇
    { 0x904B,  41088, 16 },  // 運
    { 0x904E,  41120, 16 },  // 過
    { 0x9053,  41152, 16 },  // 道
    { 0x9055,  41184, 16 },  // 違
    { 0x9060,  41216, 16 },  // 遠
    { 0x9063,  41248, 16 },  // 遣
    { 0x9078,  41280, 16 },  // 選
    { 0x907A,  41312, 16 },  // 遺
    { 0x9084,  41344, 16 },  // 還
    { 0x90CA,  41376, 16 },  // 郊
    { 0x90E1,  41408, 16 },  // 郡
    { 0x90E8,  41440, 16 },  // 部
    { 0x90ED,  41472, 16 },  // 郭
    { 0x90F7,  41504, 16 },  // 郷
    { 0x90FD,  41536, 16 },  // 都
    { 0x9162,  41568, 16 },  // 酢
    { 0x9175,  41600, 16 },  // 酵
    { 0x9177,  41632, 16 },  // 酷
    { 0x9178,  41664, 16 },  // 酸
    { 0x91C7,  41696, 16 },  // 采
    { 0x91CD,  41728, 16 },  // 重
    { 0x91CE,  41760, 16 },  // 野
    { 0x91D1,  41792, 16 },  // 金
    { 0x91DC,  41824, 16 },  // 釜
    { 0x925B,  41856, 16 },  // 鉛
    { 0x9271,  41888, 16 },  // 鉱
    { 0x9280,  41920, 16 },  // 銀
    { 0x92ED,  41952, 16 },  // 鋭
    { 0x92FC,  41984, 16 },  // 鋼
    { 0x9326,  42016, 16 },  // 錦
    { 0x932E,  42048, 16 },  // 錮
    { 0x932F,  42080, 16 },  // 錯
    { 0x9375,  42112, 16 },  // 鍵
    { 0x938C,  42144, 16 },  // 鎌
    { 0x9396,  42176, 16 },  // 鎖
    { 0x93E1,  42208, 16 },  // 鏡
    { 0x9451,  42240, 16 },  // 鑑
    { 0x9577,  42272, 16 },  // 長
    { 0x958B,  42304, 16 },  // 開
    { 0x9591,  42336, 16 },  // 閑
    { 0x9593,  42368, 16 },  // 間
    { 0x95A2,  42400, 16 },  // 関
    { 0x95A3,  42432, 16 },  // 閣
    { 0x95B2,  42464, 16 },  // 閲
    { 0x964D,  42496, 16 },  // 降
    { 0x9650,  42528, 16 },  // 限
    { 0x9662,  42560, 16 },  // 院
    { 0x9665,  42592, 16 },  // 陥
    { 0x9670,  42624, 16 },  // 陰
    { 0x967A,  42656, 16 },  // 険
    { 0x9685,  42688, 16 },  // 隅
    { 0x968E,  42720, 16 },  // 階
    { 0x9694,  42752, 16 },  // 隔
    { 0x9699,  42784, 16 },  // 隙
    { 0x969B,  42816, 16 },  // 際
    { 0x96A0,  42848, 16 },  // 隠
    { 0x96C5,  42880, 16 },  // 雅
    { 0x96C7,  42912, 16 },  // 雇
    { 0x96CC,  42944, 16 },  // 雌
    { 0x96D1,  42976, 16 },  // 雑
    { 0x96E8,  43008, 16 },  // 雨
    { 0x96F2,  43040, 16 },  // 雲
    { 0x96FB,  43072, 16 },  // 電
    { 0x9769,  43104, 16 },  // 革
    { 0x9774,  43136, 16 },  // 靴
    { 0x97D3,  43168, 16 },  // 韓
    { 0x97F3,  43200, 16 },  // 音
    { 0x97FB,  43232, 16 },  // 韻
    { 0x97FF,  43264, 16 },  // 響
    { 0x9803,  43296, 16 },  // 頃
    { 0x9805,  43328, 16 },  // 項
    { 0x9811,  43360, 16 },  // 頑
    { 0x984D,  43392, 16 },  // 額
    { 0x984E,  43424, 16 },  // 顎
    { 0x9854,  43456, 16 },  // 顔
    { 0x9855,  43488, 16 },  // 顕
    { 0x9858,  43520, 16 },  // 願
    { 0x9867,  43552, 16 },  // 顧
    { 0x98E2,  43584, 16 },  // 飢
    { 0x98F2,  43616, 16 },  // 飲
    { 0x98FC,  43648, 16 },  // 飼
    { 0x990C,  43680, 16 },  // 餌
    { 0x9913,  43712, 16 },  // 餓
    { 0x9928,  43744, 16 },  // 館
    { 0x9999,  43776, 16 },  // 香
    { 0x99C5,  43808, 16 },  // 駅
    { 0x99C6,  43840, 16 },  // 駆
    { 0x99D2,  43872, 16 },  // 駒
    { 0x9A0E,  43904, 16 },  // 騎
    { 0x9A13,  43936, 16 },  // 験
    { 0x9A5A,  43968, 16 },  // 驚
    { 0x9AA8,  44000, 16 },  // 骨
    { 0x9AB8,  44032, 16 },  // 骸
    { 0x9AD8,  44064, 16 },  // 高
    { 0x9B31,  44096, 16 },  // 鬱
    { 0x9B3C,  44128, 16 },  // 鬼
    { 0x9B42,  44160, 16 },  // 魂
    { 0x9B5A,  44192, 16 },  // 魚
    { 0x9BE8,  44224, 16 },  // 鯨
    { 0x9D8F,  44256, 16 },  // 鶏
    { 0x9E7F,  44288, 16 },  // 鹿
    { 0x9EC4,  44320, 16 },  // 黄
    { 0x9ED2,  44352, 16 },  // 黒
    { 0x9F13,  44384, 16 },  // 鼓
    { 0xFF00,  44416, 16 },  // ＀
    { 0xFF01,  44448, 16 },  // ！
    { 0xFF02,  44480, 16 },  // ＂
    { 0xFF03,  44512, 16 },  // ＃
    { 0xFF04,  44544, 16 },  // ＄
    { 0xFF05,  44576, 16 },  // ％
    { 0xFF06,  44608, 16 },  // ＆
    { 0xFF07,  44640, 16 },  // ＇
    { 0xFF08,  44672, 16 },  // （
    { 0xFF09,  44704, 16 },  // ）
    { 0xFF0A,  44736, 16 },  // ＊
    { 0xFF0B,  44768, 16 },  // ＋
    { 0xFF0C,  44800, 16 },  // ，
    { 0xFF0D,  44832, 16 },  // －
    { 0xFF0E,  44864, 16 },  // ．
    { 0xFF0F,  44896, 16 },  // ／
    { 0xFF10,  44928, 16 },  // ０
    { 0xFF11,  44960, 16 },  // １
    { 0xFF12,  44992, 16 },  // ２
    { 0xFF13,  45024, 16 },  // ３
    { 0xFF14,  45056, 16 },  // ４
    { 0xFF15,  45088, 16 },  // ５
    { 0xFF16,  45120, 16 },  // ６
    { 0xFF17,  45152, 16 },  // ７
    { 0xFF18,  45184, 16 },  // ８
    { 0xFF19,  45216, 16 },  // ９
    { 0xFF1A,  45248, 16 },  // ：
    { 0xFF1B,  45280, 16 },  // ；
    { 0xFF1C,  45312, 16 },  // ＜
    { 0xFF1D,  45344, 16 },  // ＝
    { 0xFF1E,  45376, 16 },  // ＞
    { 0xFF1F,  45408, 16 },  // ？
    { 0xFF20,  45440, 16 },  // ＠
    { 0xFF21,  45472, 16 },  // Ａ
    { 0xFF22,  45504, 16 },  // Ｂ
    { 0xFF23,  45536, 16 },  // Ｃ
    { 0xFF24,  45568, 16 },  // Ｄ
    { 0xFF25,  45600, 16 },  // Ｅ
    { 0xFF26,  45632, 16 },  // Ｆ
    { 0xFF27,  45664, 16 },  // Ｇ
    { 0xFF28,  45696, 16 },  // Ｈ
    { 0xFF29,  45728, 16 },  // Ｉ
    { 0xFF2A,  45760, 16 },  // Ｊ
    { 0xFF2B,  45792, 16 },  // Ｋ
    { 0xFF2C,  45824, 16 },  // Ｌ
    { 0xFF2D,  45856, 16 },  // Ｍ
    { 0xFF2E,  45888, 16 },  // Ｎ
    { 0xFF2F,  45920, 16 },  // Ｏ
    { 0xFF30,  45952, 16 },  // Ｐ
    { 0xFF31,  45984, 16 },  // Ｑ
    { 0xFF32,  46016, 16 },  // Ｒ
    { 0xFF33,  46048, 16 },  // Ｓ
    { 0xFF34,  46080, 16 },  // Ｔ
    { 0xFF35,  46112, 16 },  // Ｕ
    { 0xFF36,  46144, 16 },  // Ｖ
    { 0xFF37,  46176, 16 },  // Ｗ
    { 0xFF38,  46208, 16 },  // Ｘ
    { 0xFF39,  46240, 16 },  // Ｙ
    { 0xFF3A,  46272, 16 },  // Ｚ
    { 0xFF3B,  46304, 16 },  // ［
    { 0xFF3C,  46336, 16 },  // ＼
    { 0xFF3D,  46368, 16 },  // ］
    { 0xFF3E,  46400, 16 },  // ＾
    { 0xFF3F,  46432, 16 },  // ＿
    { 0xFF40,  46464, 16 },  // ｀
    { 0xFF41,  46496, 16 },  // ａ
    { 0xFF42,  46528, 16 },  // ｂ
    { 0xFF43,  46560, 16 },  // ｃ
    { 0xFF44,  46592, 16 },  // ｄ
    { 0xFF45,  46624, 16 },  // ｅ
    { 0xFF46,  46656, 16 },  // ｆ
    { 0xFF47,  46688, 16 },  // ｇ
    { 0xFF48,  46720, 16 },  // ｈ
    { 0xFF49,  46752, 16 },  // ｉ
    { 0xFF4A,  46784, 16 },  // ｊ
    { 0xFF4B,  46816, 16 },  // ｋ
    { 0xFF4C,  46848, 16 },  // ｌ
    { 0xFF4D,  46880, 16 },  // ｍ
    { 0xFF4E,  46912, 16 },  // ｎ
    { 0xFF4F,  46944, 16 },  // ｏ
    { 0xFF50,  46976, 16 },  // ｐ
    { 0xFF51,  47008, 16 },  // ｑ
    { 0xFF52,  47040, 16 },  // ｒ
    { 0xFF53,  47072, 16 },  // ｓ
    { 0xFF54,  47104, 16 },  // ｔ
    { 0xFF55,  47136, 16 },  // ｕ
    { 0xFF56,  47168, 16 },  // ｖ
    { 0xFF57,  47200, 16 },  // ｗ
    { 0xFF58,  47232, 16 },  // ｘ
    { 0xFF59,  47264, 16 },  // ｙ
    { 0xFF5A,  47296, 16 },  // ｚ
    { 0xFF5B,  47328, 16 },  // ｛
    { 0xFF5C,  47360, 16 },  // ｜
    { 0xFF5D,  47392, 16 },  // ｝
    { 0xFF5E,  47424, 16 },  // ～
    { 0xFF5F,  47456, 16 },  // ｟
    { 0xFF60,  47488, 16 },  // ｠
    { 0xFF61,  47520,  8 },  // ｡
    { 0xFF62,  47552,  8 },  // ｢
    { 0xFF63,  47584,  8 },  // ｣
    { 0xFF64,  47616,  8 },  // ､
    { 0xFF65,  47648,  8 },  // ･
    { 0xFF66,  47680,  8 },  // ｦ
    { 0xFF67,  47712,  8 },  // ｧ
    { 0xFF68,  47744,  8 },  // ｨ
    { 0xFF69,  47776,  8 },  // ｩ
    { 0xFF6A,  47808,  8 },  // ｪ
    { 0xFF6B,  47840,  8 },  // ｫ
    { 0xFF6C,  47872,  8 },  // ｬ
    { 0xFF6D,  47904,  8 },  // ｭ
    { 0xFF6E,  47936,  8 },  // ｮ
    { 0xFF6F,  47968,  8 },  // ｯ
    { 0xFF70,  48000,  8 },  // ｰ
    { 0xFF71,  48032,  8 },  // ｱ
    { 0xFF72,  48064,  8 },  // ｲ
    { 0xFF73,  48096,  8 },  // ｳ
    { 0xFF74,  48128,  8 },  // ｴ
    { 0xFF75,  48160,  8 },  // ｵ
    { 0xFF76,  48192,  8 },  // ｶ
    { 0xFF77,  48224,  8 },  // ｷ
    { 0xFF78,  48256,  8 },  // ｸ
    { 0xFF79,  48288,  8 },  // ｹ
    { 0xFF7A,  48320,  8 },  // ｺ
    { 0xFF7B,  48352,  8 },  // ｻ
    { 0xFF7C,  48384,  8 },  // ｼ
    { 0xFF7D,  48416,  8 },  // ｽ
    { 0xFF7E,  48448,  8 },  // ｾ
    { 0xFF7F,  48480,  8 },  // ｿ
    { 0xFF80,  48512,  8 },  // ﾀ
    { 0xFF81,  48544,  8 },  // ﾁ
    { 0xFF82,  48576,  8 },  // ﾂ
    { 0xFF83,  48608,  8 },  // ﾃ
    { 0xFF84,  48640,  8 },  // ﾄ
    { 0xFF85,  48672,  8 },  // ﾅ
    { 0xFF86,  48704,  8 },  // ﾆ
    { 0xFF87,  48736,  8 },  // ﾇ
    { 0xFF88,  48768,  8 },  // ﾈ
    { 0xFF89,  48800,  8 },  // ﾉ
    { 0xFF8A,  48832,  8 },  // ﾊ
    { 0xFF8B,  48864,  8 },  // ﾋ
    { 0xFF8C,  48896,  8 },  // ﾌ
    { 0xFF8D,  48928,  8 },  // ﾍ
    { 0xFF8E,  48960,  8 },  // ﾎ
    { 0xFF8F,  48992,  8 },  // ﾏ
    { 0xFF90,  49024,  8 },  // ﾐ
    { 0xFF91,  49056,  8 },  // ﾑ
    { 0xFF92,  49088,  8 },  // ﾒ
    { 0xFF93,  49120,  8 },  // ﾓ
    { 0xFF94,  49152,  8 },  // ﾔ
    { 0xFF95,  49184,  8 },  // ﾕ
    { 0xFF96,  49216,  8 },  // ﾖ
    { 0xFF97,  49248,  8 },  // ﾗ
    { 0xFF98,  49280,  8 },  // ﾘ
    { 0xFF99,  49312,  8 },  // ﾙ
    { 0xFF9A,  49344,  8 },  // ﾚ
    { 0xFF9B,  49376,  8 },  // ﾛ
    { 0xFF9C,  49408,  8 },  // ﾜ
    { 0xFF9D,  49440,  8 },  // ﾝ
    { 0xFF9E,  49472,  8 },  // ﾞ
    { 0xFF9F,  49504,  8 },  // ﾟ
    { 0xFFA0,  49536, 16 },  // ﾠ
    { 0xFFA1,  49568, 15 },  // ﾡ
    { 0xFFA2,  49600, 15 },  // ﾢ
    { 0xFFA3,  49632, 15 },  // ﾣ
    { 0xFFA4,  49664, 15 },  // ﾤ
    { 0xFFA5,  49696, 15 },  // ﾥ
    { 0xFFA6,  49728, 15 },  // ﾦ
    { 0xFFA7,  49760, 15 },  // ﾧ
    { 0xFFA8,  49792, 15 },  // ﾨ
    { 0xFFA9,  49824, 15 },  // ﾩ
    { 0xFFAA,  49856, 15 },  // ﾪ
    { 0xFFAB,  49888, 15 },  // ﾫ
    { 0xFFAC,  49920, 15 },  // ﾬ
    { 0xFFAD,  49952, 15 },  // ﾭ
    { 0xFFAE,  49984, 15 },  // ﾮ
    { 0xFFAF,  50016, 15 },  // ﾯ
    { 0xFFB0,  50048, 15 },  // ﾰ
    { 0xFFB1,  50080, 15 },  // ﾱ
    { 0xFFB2,  50112, 15 },  // ﾲ
    { 0xFFB3,  50144, 15 },  // ﾳ
    { 0xFFB4,  50176, 15 },  // ﾴ
    { 0xFFB5,  50208, 15 },  // ﾵ
    { 0xFFB6,  50240, 15 },  // ﾶ
    { 0xFFB7,  50272, 15 },  // ﾷ
    { 0xFFB8,  50304, 15 },  // ﾸ
    { 0xFFB9,  50336, 15 },  // ﾹ
    { 0xFFBA,  50368, 15 },  // ﾺ
    { 0xFFBB,  50400, 15 },  // ﾻ
    { 0xFFBC,  50432, 15 },  // ﾼ
    { 0xFFBD,  50464, 15 },  // ﾽ
    { 0xFFBE,  50496, 15 },  // ﾾ
    { 0xFFBF,  50528, 16 },  // ﾿
    { 0xFFC0,  50560, 16 },  // ￀
    { 0xFFC1,  50592, 16 },  // ￁
    { 0xFFC2,  50624, 15 },  // ￂ
    { 0xFFC3,  50656, 15 },  // ￃ
    { 0xFFC4,  50688, 15 },  // ￄ
    { 0xFFC5,  50720, 15 },  // ￅ
    { 0xFFC6,  50752, 15 },  // ￆ
    { 0xFFC7,  50784, 15 },  // ￇ
    { 0xFFC8,  50816, 16 },  // ￈
    { 0xFFC9,  50848, 16 },  // ￉
    { 0xFFCA,  50880, 15 },  // ￊ
    { 0xFFCB,  50912, 15 },  // ￋ
    { 0xFFCC,  50944, 15 },  // ￌ
    { 0xFFCD,  50976, 15 },  // ￍ
    { 0xFFCE,  51008, 15 },  // ￎ
    { 0xFFCF,  51040, 15 },  // ￏ
    { 0xFFD0,  51072, 16 },  // ￐
    { 0xFFD1,  51104, 16 },  // ￑
    { 0xFFD2,  51136, 15 },  // ￒ
    { 0xFFD3,  51168, 15 },  // ￓ
    { 0xFFD4,  51200, 15 },  // ￔ
    { 0xFFD5,  51232, 15 },  // ￕ
    { 0xFFD6,  51264, 15 },  // ￖ
    { 0xFFD7,  51296, 15 },  // ￗ
    { 0xFFD8,  51328, 16 },  // ￘
    { 0xFFD9,  51360, 16 },  // ￙
    { 0xFFDA,  51392, 15 },  // ￚ
    { 0xFFDB,  51424, 15 },  // ￛ
    { 0xFFDC,  51456, 15 },  // ￜ
    { 0xFFDD,  51488, 16 },  // ￝
    { 0xFFDE,  51520, 16 },  // ￞
    { 0xFFDF,  51552, 16 },  // ￟
    { 0xFFE0,  51584, 16 },  // ￠
    { 0xFFE1,  51616, 16 },  // ￡
    { 0xFFE2,  51648, 16 },  // ￢
    { 0xFFE3,  51680, 16 },  // ￣
    { 0xFFE4,  51712, 16 },  // ￤
    { 0xFFE5,  51744, 16 },  // ￥
    { 0xFFE6,  51776, 16 },  // ￦
    { 0xFFE7,  51808, 16 },  // ￧
    { 0xFFE8,  51840,  8 },  // ￨
    { 0xFFE9,  51872,  8 },  // ￩
    { 0xFFEA,  51904,  8 },  // ￪
    { 0xFFEB,  51936,  8 },  // ￫
    { 0xFFEC,  51968,  8 },  // ￬
    { 0xFFED,  52000,  8 },  // ￭
    { 0xFFEE,  52032,  8 },  // ￮
    { 0xFFEF,  52064, 16 },  // ￯
};

const CJKFont UnifiedFont16px PROGMEM = {
    UnifiedFont16px_Bitmap,
    UnifiedFont16px_Glyphs,
    1628,   // glyphCount
    16,     // width
    16,     // height
    17, // xAdvance
    -16,    // yOffset
};

} // namespace NicheGraphics
