// Unified font: Noto Sans Regular (Latin/Cyrillic) + Noto Sans JP (Japanese)
// European: 185, Hiragana: 95, Katakana: 96, Kanji: 948
// Render: 28px, threshold: p>96
// Total: 1628 glyphs, 81400 bytes

#pragma once

#include <stdint.h>
#ifdef __AVR__
#include <avr/pgmspace.h>
#else
#define PROGMEM
#endif

#include "graphics/niche/Fonts/CJK/CJKFont.h"

namespace NicheGraphics {

const uint8_t UnifiedFont20px_Bitmap[] PROGMEM = {
    0x00, 0x00, 0x00, 0x00, 0x00, 0x00, 0x00, 0x00, 0x00, 0x00, 0x00, 0x00, 0x00, 0x00, 0x00, 0x00,
    0x00, 0x00, 0x00, 0x00, 0x00, 0x00, 0x00, 0x00, 0x00, 0x00, 0x00, 0x00, 0x00, 0x00, 0x00, 0x00,
    0x00, 0x00, 0x00, 0x00, 0x00, 0x00, 0x00, 0x00, 0x00, 0x00, 0x00, 0x00, 0x00, 0x00, 0x00, 0x00,
    0x00, 0x00, 0x00, 0x00, 0x00, 0x00, 0x00, 0x10, 0x00, 0x01, 0x00, 0x00, 0x10, 0x00, 0x01, 0x00,
    0x00, 0x10, 0x00, 0x01, 0x00, 0x00, 0x10, 0x00, 0x01, 0x00, 0x00, 0x10, 0x00, 0x01, 0x00, 0x00,
    0x10, 0x00, 0x00, 0x00, 0x00, 0x10, 0x00, 0x01, 0x80, 0x00, 0x10, 0x00, 0x00, 0x00, 0x00, 0x00,
    0x00, 0x00, 0x00, 0x00, 0x00, 0x00, 0x00, 0x00, 0x00, 0x12, 0x00, 0x01, 0x20, 0x00, 0x12, 0x00,
    0x01, 0x20, 0x00, 0x12, 0x00, 0x00, 0x00, 0x00, 0x00, 0x00, 0x00, 0x00, 0x00, 0x00, 0x00, 0x00,
    0x00, 0x00, 0x00, 0x00, 0x00, 0x00, 0x00, 0x00, 0x00, 0x00, 0x00, 0x00, 0x00, 0x00, 0x00, 0x00,
    0x00, 0x00, 0x00, 0x00, 0x00, 0x00, 0x00, 0x00, 0x00, 0x00, 0x00, 0x01, 0x10, 0x00, 0x31, 0x00,
    0x03, 0x10, 0x00, 0x23, 0x00, 0x1F, 0xFC, 0x01, 0xFF, 0xC0, 0x06, 0x20, 0x00, 0x62, 0x00, 0x04,
    0x60, 0x03, 0xFF, 0xC0, 0x3F, 0xF8, 0x00, 0xC4, 0x00, 0x0C, 0x40, 0x00, 0x8C, 0x00, 0x08, 0x00,
    0x00, 0x00, 0x00, 0x00, 0x00, 0x00, 0x00, 0x00, 0x00, 0x00, 0x00, 0x30, 0x00, 0x03, 0x00, 0x00,
    0xFE, 0x00, 0x1B, 0x00, 0x01, 0x30, 0x00, 0x13, 0x00, 0x01, 0xB0, 0x00, 0x0F, 0x00, 0x00, 0x7C,
    0x00, 0x03, 0xE0, 0x00, 0x33, 0x00, 0x03, 0x30, 0x00, 0x33, 0x00, 0x1B, 0xE0, 0x01, 0xFC, 0x00,
    0x03, 0x00, 0x00, 0x10, 0x00, 0x00, 0x00, 0x00, 0x00, 0x00, 0x00, 0x00, 0x00, 0x00, 0x00, 0x0E,
    0x04, 0x01, 0xB0, 0xC0, 0x11, 0x88, 0x01, 0x19, 0x80, 0x11, 0x90, 0x01, 0x1B, 0x00, 0x11, 0xAF,
    0x01, 0xB5, 0x98, 0x0E, 0xD8, 0x80, 0x09, 0x08, 0x01, 0x90, 0x80, 0x11, 0x08, 0x03, 0x19, 0x80,
    0x20, 0xF0, 0x00, 0x06, 0x00, 0x00, 0x00, 0x00, 0x00, 0x00, 0x00, 0x00, 0x00, 0x00, 0x00, 0x00,
    0x00, 0x03, 0xC0, 0x00, 0x66, 0x00, 0x0C, 0x20, 0x00, 0xC2, 0x00, 0x0C, 0x60, 0x00, 0x7C, 0x00,
    0x07, 0x80, 0x00, 0xF8, 0x20, 0x18, 0xC6, 0x01, 0x06, 0x60, 0x10, 0x3C, 0x01, 0x01, 0xC0, 0x18,
    0x3C, 0x00, 0xFE, 0x60, 0x03, 0x82, 0x00, 0x00, 0x00, 0x00, 0x00, 0x00, 0x00, 0x00, 0x00, 0x00,
    0x00, 0x00, 0x00, 0x10, 0x00, 0x01, 0x00, 0x00, 0x10, 0x00, 0x01, 0x00, 0x00, 0x10, 0x00, 0x00,
    0x00, 0x00, 0x00, 0x00, 0x00, 0x00, 0x00, 0x00, 0x00, 0x00, 0x00, 0x00, 0x00, 0x00, 0x00, 0x00,
    0x00, 0x00, 0x00, 0x00, 0x00, 0x00, 0x00, 0x00, 0x00, 0x00, 0x00, 0x00, 0x00, 0x00, 0x00, 0x00,
    0x00, 0x00, 0x00, 0x00, 0x00, 0x04, 0x00, 0x00, 0xC0, 0x00, 0x18, 0x00, 0x01, 0x80, 0x00, 0x10,
    0x00, 0x03, 0x00, 0x00, 0x30, 0x00, 0x03, 0x00, 0x00, 0x30, 0x00, 0x03, 0x00, 0x00, 0x30, 0x00,
    0x03, 0x00, 0x00, 0x30, 0x00, 0x01, 0x00, 0x00, 0x18, 0x00, 0x00, 0x80, 0x00, 0x0C, 0x00, 0x00,
    0x00, 0x00, 0x00, 0x00, 0x00, 0x00, 0x00, 0x30, 0x00, 0x01, 0x00, 0x00, 0x18, 0x00, 0x00, 0x80,
    0x00, 0x0C, 0x00, 0x00, 0xC0, 0x00, 0x04, 0x00, 0x00, 0x40, 0x00, 0x04, 0x00, 0x00, 0x40, 0x00,
    0x04, 0x00, 0x00, 0xC0, 0x00, 0x0C, 0x00, 0x00, 0xC0, 0x00, 0x08, 0x00, 0x01, 0x80, 0x00, 0x30,
    0x00, 0x00, 0x00, 0x00, 0x00, 0x00, 0x00, 0x30, 0x00, 0x03, 0x00, 0x00, 0x30, 0x00, 0x1B, 0x70,
    0x01, 0xFE, 0x00, 0x03, 0x00, 0x00, 0x78, 0x00, 0x0C, 0xC0, 0x00, 0x84, 0x00, 0x00, 0x00, 0x00,
    0x00, 0x00, 0x00, 0x00, 0x00, 0x00, 0x00, 0x00, 0x00, 0x00, 0x00, 0x00, 0x00, 0x00, 0x00, 0x00,
    0x00, 0x00, 0x00, 0x00, 0x00, 0x00, 0x00, 0x00, 0x00, 0x00, 0x00, 0x00, 0x00, 0x00, 0x00, 0x00,
    0x00, 0x00, 0x00, 0x20, 0x00, 0x02, 0x00, 0x00, 0x20, 0x00, 0x02, 0x00, 0x03, 0xFE, 0x00, 0x07,
    0x00, 0x00, 0x20, 0x00, 0x02, 0x00, 0x00, 0x20, 0x00, 0x00, 0x00, 0x00, 0x00, 0x00, 0x00, 0x00,
    0x00, 0x00, 0x00, 0x00, 0x00, 0x00, 0x00, 0x00, 0x00, 0x00, 0x00, 0x00, 0x00, 0x00, 0x00, 0x00,
    0x00, 0x00, 0x00, 0x00, 0x00, 0x00, 0x00, 0x00, 0x00, 0x00, 0x00, 0x00, 0x00, 0x00, 0x00, 0x00,
    0x00, 0x00, 0x00, 0x00, 0x00, 0x00, 0x00, 0x00, 0x00, 0x00, 0x00, 0x18, 0x00, 0x01, 0x80, 0x00,
    0x10, 0x00, 0x03, 0x00, 0x00, 0x30, 0x00, 0x00, 0x00, 0x00, 0x00, 0x00, 0x00, 0x00, 0x00, 0x00,
    0x00, 0x00, 0x00, 0x00, 0x00, 0x00, 0x00, 0x00, 0x00, 0x00, 0x00, 0x00, 0x00, 0x00, 0x00, 0x00,
    0x00, 0x00, 0x00, 0x3E, 0x00, 0x03, 0xE0, 0x00, 0x00, 0x00, 0x00, 0x00, 0x00, 0x00, 0x00, 0x00,
    0x00, 0x00, 0x00, 0x00, 0x00, 0x00, 0x00, 0x00, 0x00, 0x00, 0x00, 0x00, 0x00, 0x00, 0x00, 0x00,
    0x00, 0x00, 0x00, 0x00, 0x00, 0x00, 0x00, 0x00, 0x00, 0x00, 0x00, 0x00, 0x00, 0x00, 0x00, 0x00,
    0x00, 0x00, 0x00, 0x00, 0x00, 0x00, 0x00, 0x00, 0x00, 0x00, 0x00, 0x00, 0x00, 0x00, 0x00, 0x10,
    0x00, 0x01, 0x80, 0x00, 0x10, 0x00, 0x00, 0x00, 0x00, 0x00, 0x00, 0x00, 0x00, 0x00, 0x00, 0x00,
    0x00, 0x00, 0x00, 0x01, 0x00, 0x00, 0x30, 0x00, 0x02, 0x00, 0x00, 0x20, 0x00, 0x06, 0x00, 0x00,
    0x40, 0x00, 0x0C, 0x00, 0x00, 0xC0, 0x00, 0x08, 0x00, 0x01, 0x80, 0x00, 0x18, 0x00, 0x01, 0x00,
    0x00, 0x30, 0x00, 0x02, 0x00, 0x00, 0x20, 0x00, 0x00, 0x00, 0x00, 0x00, 0x00, 0x00, 0x00, 0x00,
    0x00, 0x00, 0x00, 0x00, 0x00, 0x07, 0xC0, 0x00, 0xEE, 0x00, 0x18, 0x30, 0x01, 0x83, 0x00, 0x10,
    0x10, 0x01, 0x01, 0x00, 0x10, 0x10, 0x01, 0x01, 0x00, 0x10, 0x10, 0x01, 0x01, 0x00, 0x18, 0x30,
    0x01, 0x83, 0x00, 0x0C, 0x60, 0x00, 0x7C, 0x00, 0x03, 0x80, 0x00, 0x00, 0x00, 0x00, 0x00, 0x00,
    0x00, 0x00, 0x00, 0x00, 0x00, 0x00, 0x00, 0x03, 0x80, 0x00, 0x78, 0x00, 0x0D, 0x80, 0x01, 0x98,
    0x00, 0x01, 0x80, 0x00, 0x18, 0x00, 0x01, 0x80, 0x00, 0x18, 0x00, 0x01, 0x80, 0x00, 0x18, 0x00,
    0x01, 0x80, 0x00, 0x18, 0x00, 0x01, 0x80, 0x00, 0x18, 0x00, 0x01, 0x00, 0x00, 0x00, 0x00, 0x00,
    0x00, 0x00, 0x00, 0x00, 0x00, 0x00, 0x00, 0x00, 0x00, 0x07, 0x80, 0x01, 0xCE, 0x00, 0x00, 0x60,
    0x00, 0x02, 0x00, 0x00, 0x20, 0x00, 0x06, 0x00, 0x00, 0x60, 0x00, 0x0C, 0x00, 0x01, 0x80, 0x00,
    0x30, 0x00, 0x02, 0x00, 0x00, 0x40, 0x00, 0x08, 0x00, 0x01, 0xFF, 0x00, 0x1F, 0xF0, 0x00, 0x00,
    0x00, 0x00, 0x00, 0x00, 0x00, 0x00, 0x00, 0x00, 0x00, 0x00, 0x00, 0x0F, 0xC0, 0x01, 0xCE, 0x00,
    0x00, 0x20, 0x00, 0x02, 0x00, 0x00, 0x20, 0x00, 0x06, 0x00, 0x07, 0xC0, 0x00, 0x7C, 0x00, 0x00,
    0x60, 0x00, 0x03, 0x00, 0x00, 0x30, 0x00, 0x03, 0x00, 0x00, 0x60, 0x03, 0xFC, 0x00, 0x0F, 0x00,
    0x00, 0x00, 0x00, 0x00, 0x00, 0x00, 0x00, 0x00, 0x00, 0x00, 0x00, 0x00, 0x00, 0x00, 0x60, 0x00,
    0x0E, 0x00, 0x01, 0xE0, 0x00, 0x16, 0x00, 0x03, 0x60, 0x00, 0x66, 0x00, 0x0C, 0x60, 0x00, 0x86,
    0x00, 0x18, 0x60, 0x03, 0x06, 0x00, 0x3F, 0xF8, 0x00, 0x06, 0x00, 0x00, 0x60, 0x00, 0x06, 0x00,
    0x00, 0x40, 0x00, 0x00, 0x00, 0x00, 0x00, 0x00, 0x00, 0x00, 0x00, 0x00, 0x00, 0x00, 0x00, 0x1F,
    0xC0, 0x01, 0x80, 0x00, 0x10, 0x00, 0x01, 0x00, 0x00, 0x10, 0x00, 0x01, 0x00, 0x00, 0x1F, 0xC0,
    0x00, 0x06, 0x00, 0x00, 0x60, 0x00, 0x02, 0x00, 0x00, 0x20, 0x00, 0x06, 0x00, 0x00, 0x60, 0x03,
    0xFC, 0x00, 0x0F, 0x00, 0x00, 0x00, 0x00, 0x00, 0x00, 0x00, 0x00, 0x00, 0x00, 0x00, 0x00, 0x00,
    0x00, 0x03, 0xE0, 0x00, 0x70, 0x00, 0x0C, 0x00, 0x01, 0x80, 0x00, 0x18, 0x00, 0x01, 0x00, 0x00,
    0x17, 0xE0, 0x01, 0xC3, 0x00, 0x18, 0x30, 0x01, 0x01, 0x00, 0x10, 0x10, 0x01, 0x83, 0x00, 0x0C,
    0x30, 0x00, 0x7E, 0x00, 0x03, 0x80, 0x00, 0x00, 0x00, 0x00, 0x00, 0x00, 0x00, 0x00, 0x00, 0x00,
    0x00, 0x00, 0x00, 0x3F, 0xF0, 0x00, 0x02, 0x00, 0x00, 0x60, 0x00, 0x06, 0x00, 0x00, 0xC0, 0x00,
    0x0C, 0x00, 0x00, 0x80, 0x00, 0x18, 0x00, 0x01, 0x00, 0x00, 0x30, 0x00, 0x02, 0x00, 0x00, 0x60,
    0x00, 0x06, 0x00, 0x00, 0xC0, 0x00, 0x00, 0x00, 0x00, 0x00, 0x00, 0x00, 0x00, 0x00, 0x00, 0x00,
    0x00, 0x00, 0x00, 0x00, 0x00, 0x07, 0xC0, 0x00, 0xCE, 0x00, 0x18, 0x30, 0x01, 0x03, 0x00, 0x18,
    0x20, 0x00, 0xC6, 0x00, 0x07, 0x80, 0x00, 0xFC, 0x00, 0x18, 0x60, 0x01, 0x83, 0x00, 0x10, 0x10,
    0x01, 0x03, 0x00, 0x18, 0x30, 0x00, 0xFE, 0x00, 0x03, 0x80, 0x00, 0x00, 0x00, 0x00, 0x00, 0x00,
    0x00, 0x00, 0x00, 0x00, 0x00, 0x00, 0x00, 0x0F, 0x80, 0x01, 0xDC, 0x00, 0x30, 0x60, 0x03, 0x06,
    0x00, 0x30, 0x20, 0x03, 0x02, 0x00, 0x30, 0x60, 0x01, 0x8E, 0x00, 0x0F, 0xA0, 0x00, 0x06, 0x00,
    0x00, 0x60, 0x00, 0x04, 0x00, 0x00, 0xC0, 0x01, 0xF8, 0x00, 0x0E, 0x00, 0x00, 0x00, 0x00, 0x00,
    0x00, 0x00, 0x00, 0x00, 0x00, 0x00, 0x00, 0x00, 0x00, 0x00, 0x00, 0x00, 0x00, 0x00, 0x00, 0x00,
    0x00, 0x00, 0x00, 0x18, 0x00, 0x01, 0x00, 0x00, 0x00, 0x00, 0x00, 0x00, 0x00, 0x00, 0x00, 0x00,
    0x00, 0x00, 0x00, 0x00, 0x00, 0x00, 0x00, 0x10, 0x00, 0x01, 0x80, 0x00, 0x10, 0x00, 0x00, 0x00,
    0x00, 0x00, 0x00, 0x00, 0x00, 0x00, 0x00, 0x00, 0x00, 0x00, 0x00, 0x00, 0x00, 0x00, 0x00, 0x00,
    0x00, 0x00, 0x00, 0x00, 0x00, 0x18, 0x00, 0x01, 0x00, 0x00, 0x00, 0x00, 0x00, 0x00, 0x00, 0x00,
    0x00, 0x00, 0x00, 0x00, 0x00, 0x00, 0x00, 0x00, 0x00, 0x10, 0x00, 0x01, 0x00, 0x00, 0x30, 0x00,
    0x03, 0x00, 0x00, 0x20, 0x00, 0x00, 0x00, 0x00, 0x00, 0x00, 0x00, 0x00, 0x00, 0x00, 0x00, 0x00,
    0x00, 0x00, 0x00, 0x00, 0x00, 0x07, 0x00, 0x01, 0xC0, 0x00, 0x70, 0x00, 0x1C, 0x00, 0x03, 0x00,
    0x00, 0x1E, 0x00, 0x00, 0x78, 0x00, 0x00, 0xE0, 0x00, 0x03, 0x00, 0x00, 0x00, 0x00, 0x00, 0x00,
    0x00, 0x00, 0x00, 0x00, 0x00, 0x00, 0x00, 0x00, 0x00, 0x00, 0x00, 0x00, 0x00, 0x00, 0x00, 0x00,
    0x00, 0x00, 0x00, 0x00, 0x00, 0x00, 0x00, 0x00, 0x00, 0x1F, 0xF0, 0x01, 0xFF, 0x00, 0x00, 0x00,
    0x00, 0x00, 0x00, 0x1F, 0xF0, 0x01, 0xFF, 0x00, 0x00, 0x00, 0x00, 0x00, 0x00, 0x00, 0x00, 0x00,
    0x00, 0x00, 0x00, 0x00, 0x00, 0x00, 0x00, 0x00, 0x00, 0x00, 0x00, 0x00, 0x00, 0x00, 0x00, 0x00,
    0x00, 0x00, 0x00, 0x00, 0x00, 0x00, 0x00, 0x00, 0x03, 0x80, 0x00, 0x1E, 0x00, 0x00, 0x38, 0x00,
    0x00, 0xE0, 0x00, 0x06, 0x00, 0x01, 0xC0, 0x00, 0x70, 0x00, 0x1C, 0x00, 0x03, 0x00, 0x00, 0x00,
    0x00, 0x00, 0x00, 0x00, 0x00, 0x00, 0x00, 0x00, 0x00, 0x00, 0x00, 0x00, 0x00, 0x00, 0x00, 0x00,
    0x00, 0x00, 0x00, 0x3F, 0x00, 0x03, 0x38, 0x00, 0x01, 0x80, 0x00, 0x08, 0x00, 0x01, 0x80, 0x00,
    0x18, 0x00, 0x03, 0x00, 0x00, 0xE0, 0x00, 0x0C, 0x00, 0x00, 0x80, 0x00, 0x08, 0x00, 0x00, 0x00,
    0x00, 0x08, 0x00, 0x01, 0x80, 0x00, 0x08, 0x00, 0x00, 0x00, 0x00, 0x00, 0x00, 0x00, 0x00, 0x00,
    0x00, 0x00, 0x00, 0x00, 0x00, 0x00, 0xFC, 0x00, 0x3C, 0x70, 0x06, 0x01, 0x80, 0xC0, 0x0C, 0x18,
    0x7C, 0x41, 0x8F, 0xC6, 0x11, 0x84, 0x61, 0x10, 0x46, 0x13, 0x04, 0x61, 0x30, 0x46, 0x11, 0x8C,
    0xC1, 0x9F, 0xFC, 0x18, 0x63, 0x00, 0xC0, 0x00, 0x07, 0x06, 0x00, 0x1F, 0xC0, 0x00, 0x00, 0x00,
    0x00, 0x00, 0x00, 0x00, 0x00, 0x00, 0x00, 0x01, 0x00, 0x00, 0x38, 0x00, 0x03, 0x80, 0x00, 0x2C,
    0x00, 0x06, 0xC0, 0x00, 0x44, 0x00, 0x0C, 0x60, 0x00, 0xC2, 0x00, 0x0F, 0xF0, 0x01, 0xFF, 0x00,
    0x10, 0x10, 0x03, 0x01, 0x80, 0x30, 0x18, 0x06, 0x00, 0xC0, 0x20, 0x08, 0x00, 0x00, 0x00, 0x00,
    0x00, 0x00, 0x00, 0x00, 0x00, 0x00, 0x00, 0x00, 0x00, 0x1F, 0xE0, 0x01, 0x87, 0x00, 0x18, 0x18,
    0x01, 0x81, 0x80, 0x18, 0x18, 0x01, 0x83, 0x00, 0x1F, 0xE0, 0x01, 0xFF, 0x00, 0x18, 0x18, 0x01,
    0x81, 0x80, 0x18, 0x18, 0x01, 0x81, 0x80, 0x18, 0x18, 0x01, 0xFF, 0x00, 0x0F, 0xC0, 0x00, 0x00,
    0x00, 0x00, 0x00, 0x00, 0x00, 0x00, 0x00, 0x00, 0x00, 0x00, 0x00, 0x01, 0xF8, 0x00, 0x79, 0xC0,
    0x0C, 0x00, 0x00, 0x80, 0x00, 0x18, 0x00, 0x01, 0x00, 0x00, 0x10, 0x00, 0x01, 0x00, 0x00, 0x10,
    0x00, 0x01, 0x80, 0x00, 0x18, 0x00, 0x00, 0x80, 0x00, 0x0E, 0x00, 0x00, 0x7F, 0x80, 0x00, 0xF0,
    0x00, 0x00, 0x00, 0x00, 0x00, 0x00, 0x00, 0x00, 0x00, 0x00, 0x00, 0x00, 0x00, 0x1F, 0xE0, 0x01,
    0x87, 0x80, 0x18, 0x0C, 0x01, 0x80, 0xC0, 0x18, 0x06, 0x01, 0x80, 0x60, 0x18, 0x06, 0x01, 0x80,
    0x60, 0x18, 0x06, 0x01, 0x80, 0x60, 0x18, 0x04, 0x01, 0x80, 0xC0, 0x18, 0x18, 0x01, 0xFF, 0x00,
    0x0F, 0x80, 0x00, 0x00, 0x00, 0x00, 0x00, 0x00, 0x00, 0x00, 0x00, 0x00, 0x00, 0x00, 0x00, 0x1F,
    0xF0, 0x01, 0x80, 0x00, 0x18, 0x00, 0x01, 0x80, 0x00, 0x18, 0x00, 0x01, 0x80, 0x00, 0x1F, 0xE0,
    0x01, 0xFE, 0x00, 0x18, 0x00, 0x01, 0x80, 0x00, 0x18, 0x00, 0x01, 0x80, 0x00, 0x18, 0x00, 0x01,
    0xFE, 0x00, 0x0F, 0xE0, 0x00, 0x00, 0x00, 0x00, 0x00, 0x00, 0x00, 0x00, 0x00, 0x00, 0x00, 0x00,
    0x00, 0x1F, 0xF0, 0x01, 0x80, 0x00, 0x18, 0x00, 0x01, 0x80, 0x00, 0x18, 0x00, 0x01, 0x80, 0x00,
    0x18, 0x00, 0x01, 0xFE, 0x00, 0x18, 0x00, 0x01, 0x80, 0x00, 0x18, 0x00, 0x01, 0x80, 0x00, 0x18,
    0x00, 0x01, 0x80, 0x00, 0x08, 0x00, 0x00, 0x00, 0x00, 0x00, 0x00, 0x00, 0x00, 0x00, 0x00, 0x00,
    0x00, 0x00, 0x00, 0x01, 0xFC, 0x00, 0x78, 0xC0, 0x0C, 0x00, 0x00, 0x80, 0x00, 0x18, 0x00, 0x01,
    0x00, 0x00, 0x10, 0x00, 0x01, 0x07, 0xE0, 0x10, 0x06, 0x01, 0x80, 0x60, 0x18, 0x06, 0x00, 0xC0,
    0x60, 0x0E, 0x06, 0x00, 0x3F, 0xE0, 0x00, 0xF0, 0x00, 0x00, 0x00, 0x00, 0x00, 0x00, 0x00, 0x00,
    0x00, 0x00, 0x00, 0x00, 0x00, 0x18, 0x04, 0x01, 0x80, 0x40, 0x18, 0x04, 0x01, 0x80, 0x40, 0x18,
    0x04, 0x01, 0x80, 0x40, 0x1F, 0xFC, 0x01, 0xFF, 0xC0, 0x18, 0x04, 0x01, 0x80, 0x40, 0x18, 0x04,
    0x01, 0x80, 0x40, 0x18, 0x04, 0x01, 0x80, 0x40, 0x08, 0x04, 0x00, 0x00, 0x00, 0x00, 0x00, 0x00,
    0x00, 0x00, 0x00, 0x00, 0x00, 0x00, 0x00, 0x3C, 0x00, 0x01, 0x80, 0x00, 0x18, 0x00, 0x01, 0x80,
    0x00, 0x18, 0x00, 0x01, 0x80, 0x00, 0x18, 0x00, 0x01, 0x80, 0x00, 0x18, 0x00, 0x01, 0x80, 0x00,
    0x18, 0x00, 0x01, 0x80, 0x00, 0x18, 0x00, 0x03, 0xC0, 0x00, 0x3C, 0x00, 0x00, 0x00, 0x00, 0x00,
    0x00, 0x00, 0x00, 0x00, 0x00, 0x00, 0x00, 0x00, 0x00, 0x18, 0x00, 0x01, 0x80, 0x00, 0x18, 0x00,
    0x01, 0x80, 0x00, 0x18, 0x00, 0x01, 0x80, 0x00, 0x18, 0x00, 0x01, 0x80, 0x00, 0x18, 0x00, 0x01,
    0x80, 0x00, 0x18, 0x00, 0x01, 0x80, 0x00, 0x18, 0x00, 0x01, 0x80, 0x00, 0x18, 0x00, 0x01, 0x80,
    0x00, 0xF0, 0x00, 0x0E, 0x00, 0x00, 0x00, 0x00, 0x00, 0x00, 0x00, 0x18, 0x18, 0x01, 0x83, 0x00,
    0x18, 0x60, 0x01, 0x8C, 0x00, 0x19, 0x80, 0x01, 0xB0, 0x00, 0x1B, 0x00, 0x01, 0xF8, 0x00, 0x19,
    0x80, 0x01, 0x8C, 0x00, 0x18, 0x60, 0x01, 0x82, 0x00, 0x18, 0x30, 0x01, 0x81, 0x80, 0x08, 0x08,
    0x00, 0x00, 0x00, 0x00, 0x00, 0x00, 0x00, 0x00, 0x00, 0x00, 0x00, 0x00, 0x00, 0x18, 0x00, 0x01,
    0x80, 0x00, 0x18, 0x00, 0x01, 0x80, 0x00, 0x18, 0x00, 0x01, 0x80, 0x00, 0x18, 0x00, 0x01, 0x80,
    0x00, 0x18, 0x00, 0x01, 0x80, 0x00, 0x18, 0x00, 0x01, 0x80, 0x00, 0x18, 0x00, 0x01, 0xFE, 0x00,
    0x0F, 0xE0, 0x00, 0x00, 0x00, 0x00, 0x00, 0x00, 0x00, 0x00, 0x00, 0x00, 0x00, 0x00, 0x00, 0x1C,
    0x01, 0x81, 0xC0, 0x18, 0x1E, 0x03, 0x81, 0xE0, 0x28, 0x1A, 0x06, 0x81, 0xB0, 0x48, 0x19, 0x04,
    0x81, 0x98, 0xC8, 0x19, 0x88, 0x81, 0x89, 0x88, 0x18, 0xD8, 0x81, 0x8D, 0x08, 0x18, 0x70, 0x81,
    0x86, 0x08, 0x08, 0x20, 0x80, 0x00, 0x00, 0x00, 0x00, 0x00, 0x00, 0x00, 0x00, 0x00, 0x00, 0x00,
    0x00, 0x18, 0x04, 0x01, 0xC0, 0x40, 0x1E, 0x04, 0x01, 0xA0, 0x40, 0x1B, 0x04, 0x01, 0x98, 0x40,
    0x18, 0x84, 0x01, 0x8C, 0x40, 0x18, 0x64, 0x01, 0x86, 0x40, 0x18, 0x34, 0x01, 0x81, 0xC0, 0x18,
    0x1C, 0x01, 0x80, 0xC0, 0x08, 0x04, 0x00, 0x00, 0x00, 0x00, 0x00, 0x00, 0x00, 0x00, 0x00, 0x00,
    0x00, 0x00, 0x00, 0x03, 0xF0, 0x00, 0x71, 0xC0, 0x0C, 0x06, 0x01, 0x80, 0x60, 0x18, 0x03, 0x01,
    0x00, 0x30, 0x10, 0x03, 0x01, 0x00, 0x30, 0x10, 0x03, 0x01, 0x00, 0x30, 0x18, 0x02, 0x00, 0x80,
    0x60, 0x0E, 0x0C, 0x00, 0x7F, 0x80, 0x01, 0xE0, 0x00, 0x00, 0x00, 0x00, 0x00, 0x00, 0x00, 0x00,
    0x00, 0x00, 0x00, 0x00, 0x00, 0x1F, 0xC0, 0x01, 0x8E, 0x00, 0x18, 0x30, 0x01, 0x81, 0x00, 0x18,
    0x10, 0x01, 0x81, 0x00, 0x18, 0x30, 0x01, 0x8E, 0x00, 0x1F, 0xC0, 0x01, 0x80, 0x00, 0x18, 0x00,
    0x01, 0x80, 0x00, 0x18, 0x00, 0x01, 0x80, 0x00, 0x08, 0x00, 0x00, 0x00, 0x00, 0x00, 0x00, 0x00,
    0x00, 0x00, 0x00, 0x00, 0x00, 0x00, 0x00, 0x03, 0xF0, 0x00, 0x71, 0xC0, 0x0C, 0x06, 0x01, 0x80,
    0x60, 0x18, 0x03, 0x01, 0x00, 0x30, 0x10, 0x03, 0x01, 0x00, 0x30, 0x10, 0x03, 0x01, 0x00, 0x30,
    0x18, 0x02, 0x00, 0x80, 0x60, 0x0E, 0x0C, 0x00, 0x7F, 0x80, 0x01, 0xF0, 0x00, 0x01, 0x80, 0x00,
    0x1C, 0x00, 0x00, 0xC0, 0x00, 0x00, 0x00, 0x00, 0x00, 0x1F, 0xC0, 0x01, 0x87, 0x00, 0x18, 0x30,
    0x01, 0x81, 0x00, 0x18, 0x10, 0x01, 0x83, 0x00, 0x18, 0x70, 0x01, 0xFC, 0x00, 0x18, 0xC0, 0x01,
    0x84, 0x00, 0x18, 0x60, 0x01, 0x83, 0x00, 0x18, 0x30, 0x01, 0x81, 0x80, 0x08, 0x08, 0x00, 0x00,
    0x00, 0x00, 0x00, 0x00, 0x00, 0x00, 0x00, 0x00, 0x00, 0x00, 0x00, 0x07, 0xE0, 0x00, 0xC6, 0x00,
    0x18, 0x00, 0x01, 0x00, 0x00, 0x10, 0x00, 0x01, 0x80, 0x00, 0x0F, 0x00, 0x00, 0x3C, 0x00, 0x00,
    0x60, 0x00, 0x03, 0x00, 0x00, 0x10, 0x00, 0x03, 0x00, 0x00, 0x30, 0x01, 0xFE, 0x00, 0x0F, 0x80,
    0x00, 0x00, 0x00, 0x00, 0x00, 0x00, 0x00, 0x00, 0x00, 0x00, 0x00, 0x00, 0x00, 0x3F, 0xF8, 0x00,
    0x30, 0x00, 0x03, 0x00, 0x00, 0x30, 0x00, 0x03, 0x00, 0x00, 0x30, 0x00, 0x03, 0x00, 0x00, 0x30,
    0x00, 0x03, 0x00, 0x00, 0x30, 0x00, 0x03, 0x00, 0x00, 0x30, 0x00, 0x03, 0x00, 0x00, 0x30, 0x00,
    0x01, 0x00, 0x00, 0x00, 0x00, 0x00, 0x00, 0x00, 0x00, 0x00, 0x00, 0x00, 0x00, 0x00, 0x00, 0x18,
    0x04, 0x01, 0x80, 0x40, 0x18, 0x04, 0x01, 0x80, 0x40, 0x18, 0x04, 0x01, 0x80, 0x40, 0x18, 0x04,
    0x01, 0x80, 0x40, 0x18, 0x04, 0x01, 0x80, 0x40, 0x18, 0x04, 0x00, 0x80, 0xC0, 0x0C, 0x1C, 0x00,
    0x7F, 0x80, 0x01, 0xE0, 0x00, 0x00, 0x00, 0x00, 0x00, 0x00, 0x00, 0x00, 0x00, 0x00, 0x00, 0x00,
    0x00, 0x60, 0x18, 0x02, 0x01, 0x80, 0x30, 0x10, 0x03, 0x03, 0x00, 0x10, 0x30, 0x01, 0x82, 0x00,
    0x08, 0x60, 0x00, 0xC6, 0x00, 0x0C, 0x40, 0x00, 0x4C, 0x00, 0x06, 0x80, 0x00, 0x78, 0x00, 0x03,
    0x80, 0x00, 0x30, 0x00, 0x01, 0x00, 0x00, 0x00, 0x00, 0x00, 0x00, 0x00, 0x00, 0x00, 0x00, 0x00,
    0x00, 0x00, 0x00, 0x20, 0x60, 0x63, 0x07, 0x06, 0x30, 0x70, 0x61, 0x05, 0x04, 0x10, 0xD0, 0xC1,
    0x8D, 0x8C, 0x18, 0x98, 0x80, 0x98, 0x88, 0x0D, 0x8D, 0x80, 0xD8, 0xD8, 0x0D, 0x05, 0x00, 0x70,
    0x70, 0x07, 0x07, 0x00, 0x60, 0x70, 0x02, 0x02, 0x00, 0x00, 0x00, 0x00, 0x00, 0x00, 0x00, 0x00,
    0x00, 0x00, 0x00, 0x00, 0x00, 0x30, 0x30, 0x03, 0x02, 0x00, 0x18, 0x60, 0x00, 0x8C, 0x00, 0x0C,
    0x80, 0x00, 0x78, 0x00, 0x03, 0x00, 0x00, 0x30, 0x00, 0x07, 0x80, 0x00, 0xC8, 0x00, 0x08, 0xC0,
    0x01, 0x86, 0x00, 0x30, 0x20, 0x03, 0x03, 0x00, 0x20, 0x10, 0x00, 0x00, 0x00, 0x00, 0x00, 0x00,
    0x00, 0x00, 0x00, 0x00, 0x00, 0x00, 0x00, 0x20, 0x10, 0x03, 0x03, 0x00, 0x10, 0x20, 0x01, 0x86,
    0x00, 0x0C, 0x40, 0x00, 0xCC, 0x00, 0x07, 0x80, 0x00, 0x78, 0x00, 0x03, 0x00, 0x00, 0x30, 0x00,
    0x03, 0x00, 0x00, 0x30, 0x00, 0x03, 0x00, 0x00, 0x30, 0x00, 0x00, 0x00, 0x00, 0x00, 0x00, 0x00,
    0x00, 0x00, 0x00, 0x00, 0x00, 0x00, 0x00, 0x00, 0x00, 0x1F, 0xF0, 0x00, 0x03, 0x00, 0x00, 0x20,
    0x00, 0x06, 0x00, 0x00, 0xC0, 0x00, 0x18, 0x00, 0x01, 0x80, 0x00, 0x30, 0x00, 0x06, 0x00, 0x00,
    0x60, 0x00, 0x0C, 0x00, 0x01, 0x80, 0x00, 0x18, 0x00, 0x03, 0xFF, 0x00, 0x3F, 0xF0, 0x00, 0x00,
    0x00, 0x00, 0x00, 0x00, 0x00, 0x00, 0x00, 0x00, 0x00, 0x00, 0x00, 0x1E, 0x00, 0x01, 0x80, 0x00,
    0x10, 0x00, 0x01, 0x00, 0x00, 0x10, 0x00, 0x01, 0x00, 0x00, 0x10, 0x00, 0x01, 0x00, 0x00, 0x10,
    0x00, 0x01, 0x00, 0x00, 0x10, 0x00, 0x01, 0x00, 0x00, 0x10, 0x00, 0x01, 0x00, 0x00, 0x10, 0x00,
    0x01, 0x00, 0x00, 0x1E, 0x00, 0x01, 0xE0, 0x00, 0x00, 0x00, 0x00, 0x00, 0x00, 0x20, 0x00, 0x03,
    0x00, 0x00, 0x30, 0x00, 0x01, 0x00, 0x00, 0x18, 0x00, 0x01, 0x80, 0x00, 0x08, 0x00, 0x00, 0xC0,
    0x00, 0x04, 0x00, 0x00, 0x60, 0x00, 0x06, 0x00, 0x00, 0x20, 0x00, 0x03, 0x00, 0x00, 0x30, 0x00,
    0x01, 0x00, 0x00, 0x00, 0x00, 0x00, 0x00, 0x00, 0x00, 0x00, 0x00, 0x00, 0x00, 0x00, 0x00, 0x3C,
    0x00, 0x00, 0x40, 0x00, 0x04, 0x00, 0x00, 0x40, 0x00, 0x04, 0x00, 0x00, 0x40, 0x00, 0x04, 0x00,
    0x00, 0x40, 0x00, 0x04, 0x00, 0x00, 0x40, 0x00, 0x04, 0x00, 0x00, 0x40, 0x00, 0x04, 0x00, 0x00,
    0x40, 0x00, 0x04, 0x00, 0x00, 0x40, 0x00, 0x3C, 0x00, 0x03, 0xC0, 0x00, 0x00, 0x00, 0x00, 0x00,
    0x00, 0x03, 0x00, 0x00, 0x38, 0x00, 0x06, 0x80, 0x00, 0x4C, 0x00, 0x0C, 0x40, 0x00, 0x86, 0x00,
    0x18, 0x20, 0x01, 0x03, 0x00, 0x30, 0x10, 0x00, 0x00, 0x00, 0x00, 0x00, 0x00, 0x00, 0x00, 0x00,
    0x00, 0x00, 0x00, 0x00, 0x00, 0x00, 0x00, 0x00, 0x00, 0x00, 0x00, 0x00, 0x00, 0x00, 0x00, 0x00,
    0x00, 0x00, 0x00, 0x00, 0x00, 0x00, 0x00, 0x00, 0x00, 0x00, 0x00, 0x00, 0x00, 0x00, 0x00, 0x00,
    0x00, 0x00, 0x00, 0x00, 0x00, 0x00, 0x00, 0x00, 0x00, 0x00, 0x00, 0x00, 0x00, 0x00, 0x00, 0x00,
    0x00, 0x00, 0x00, 0x00, 0x00, 0x00, 0x00, 0x00, 0x00, 0x00, 0x00, 0x3F, 0xC0, 0x07, 0xFC, 0x00,
    0x00, 0x00, 0x03, 0x00, 0x00, 0x18, 0x00, 0x00, 0xC0, 0x00, 0x00, 0x00, 0x00, 0x00, 0x00, 0x00,
    0x00, 0x00, 0x00, 0x00, 0x00, 0x00, 0x00, 0x00, 0x00, 0x00, 0x00, 0x00, 0x00, 0x00, 0x00, 0x00,
    0x00, 0x00, 0x00, 0x00, 0x00, 0x00, 0x00, 0x00, 0x00, 0x00, 0x00, 0x00, 0x00, 0x00, 0x00, 0x00,
    0x00, 0x00, 0x00, 0x00, 0x00, 0x00, 0x00, 0x00, 0x00, 0x00, 0x00, 0x00, 0x00, 0x00, 0x00, 0x20,
    0x00, 0x1F, 0xC0, 0x00, 0x0C, 0x00, 0x00, 0x60, 0x00, 0x06, 0x00, 0x0F, 0xE0, 0x01, 0x86, 0x00,
    0x30, 0x60, 0x03, 0x06, 0x00, 0x30, 0xE0, 0x01, 0xFE, 0x00, 0x0E, 0x00, 0x00, 0x00, 0x00, 0x00,
    0x00, 0x00, 0x00, 0x00, 0x00, 0x00, 0x01, 0x00, 0x00, 0x10, 0x00, 0x01, 0x00, 0x00, 0x10, 0x00,
    0x01, 0x10, 0x00, 0x17, 0xC0, 0x01, 0xC6, 0x00, 0x18, 0x30, 0x01, 0x03, 0x00, 0x10, 0x30, 0x01,
    0x03, 0x00, 0x10, 0x30, 0x01, 0x83, 0x00, 0x18, 0x60, 0x01, 0xFC, 0x00, 0x13, 0x80, 0x00, 0x00,
    0x00, 0x00, 0x00, 0x00, 0x00, 0x00, 0x00, 0x00, 0x00, 0x00, 0x00, 0x00, 0x00, 0x00, 0x00, 0x00,
    0x00, 0x00, 0x00, 0x10, 0x00, 0x07, 0xC0, 0x00, 0xC0, 0x00, 0x18, 0x00, 0x01, 0x00, 0x00, 0x10,
    0x00, 0x01, 0x00, 0x00, 0x10, 0x00, 0x01, 0x80, 0x00, 0x08, 0x00, 0x00, 0xFC, 0x00, 0x03, 0x80,
    0x00, 0x00, 0x00, 0x00, 0x00, 0x00, 0x00, 0x00, 0x00, 0x00, 0x00, 0x01, 0x00, 0x00, 0x30, 0x00,
    0x01, 0x00, 0x00, 0x10, 0x00, 0x11, 0x00, 0x0F, 0xF0, 0x00, 0xC7, 0x00, 0x18, 0x30, 0x01, 0x03,
    0x00, 0x10, 0x30, 0x01, 0x01, 0x00, 0x10, 0x30, 0x01, 0x83, 0x00, 0x18, 0x30, 0x00, 0xFF, 0x00,
    0x03, 0x90, 0x00, 0x00, 0x00, 0x00, 0x00, 0x00, 0x00, 0x00, 0x00, 0x00, 0x00, 0x00, 0x00, 0x00,
    0x00, 0x00, 0x00, 0x00, 0x00, 0x00, 0x00, 0x10, 0x00, 0x07, 0xC0, 0x00, 0xC6, 0x00, 0x18, 0x20,
    0x01, 0x03, 0x00, 0x1F, 0xF0, 0x01, 0x00, 0x00, 0x10, 0x00, 0x01, 0x80, 0x00, 0x0C, 0x00, 0x00,
    0xFE, 0x00, 0x03, 0xC0, 0x00, 0x00, 0x00, 0x00, 0x00, 0x00, 0x00, 0x00, 0x00, 0x00, 0x00, 0x38,
    0x00, 0x07, 0x80, 0x00, 0xC0, 0x00, 0x0C, 0x00, 0x00, 0xE0, 0x00, 0x3F, 0x00, 0x00, 0xC0, 0x00,
    0x0C, 0x00, 0x00, 0xC0, 0x00, 0x0C, 0x00, 0x00, 0xC0, 0x00, 0x0C, 0x00, 0x00, 0xC0, 0x00, 0x0C,
    0x00, 0x00, 0xC0, 0x00, 0x08, 0x00, 0x00, 0x00, 0x00, 0x00, 0x00, 0x00, 0x00, 0x00, 0x00, 0x00,
    0x00, 0x00, 0x00, 0x00, 0x00, 0x00, 0x00, 0x00, 0x00, 0x00, 0x00, 0x10, 0x00, 0x0F, 0xF0, 0x00,
    0xC7, 0x00, 0x18, 0x30, 0x01, 0x03, 0x00, 0x10, 0x10, 0x01, 0x01, 0x00, 0x10, 0x30, 0x01, 0x83,
    0x00, 0x18, 0x30, 0x00, 0xFF, 0x00, 0x03, 0x90, 0x00, 0x03, 0x00, 0x00, 0x30, 0x00, 0x03, 0x00,
    0x00, 0x00, 0x01, 0x00, 0x00, 0x10, 0x00, 0x01, 0x00, 0x00, 0x10, 0x00, 0x01, 0x10, 0x00, 0x17,
    0xE0, 0x01, 0xC6, 0x00, 0x18, 0x30, 0x01, 0x03, 0x00, 0x10, 0x30, 0x01, 0x03, 0x00, 0x10, 0x30,
    0x01, 0x03, 0x00, 0x10, 0x30, 0x01, 0x03, 0x00, 0x10, 0x20, 0x00, 0x00, 0x00, 0x00, 0x00, 0x00,
    0x00, 0x00, 0x00, 0x00, 0x00, 0x00, 0x00, 0x10, 0x00, 0x01, 0x00, 0x00, 0x00, 0x00, 0x00, 0x00,
    0x00, 0x18, 0x00, 0x01, 0x00, 0x00, 0x10, 0x00, 0x01, 0x00, 0x00, 0x10, 0x00, 0x01, 0x00, 0x00,
    0x10, 0x00, 0x01, 0x00, 0x00, 0x10, 0x00, 0x01, 0x80, 0x00, 0x10, 0x00, 0x00, 0x00, 0x00, 0x00,
    0x00, 0x00, 0x00, 0x00, 0x00, 0x00, 0x00, 0x00, 0x00, 0x10, 0x00, 0x01, 0x00, 0x00, 0x00, 0x00,
    0x00, 0x00, 0x00, 0x18, 0x00, 0x01, 0x00, 0x00, 0x10, 0x00, 0x01, 0x00, 0x00, 0x10, 0x00, 0x01,
    0x00, 0x00, 0x10, 0x00, 0x01, 0x00, 0x00, 0x10, 0x00, 0x01, 0x00, 0x00, 0x10, 0x00, 0x01, 0x00,
    0x00, 0x10, 0x00, 0x01, 0x00, 0x00, 0x00, 0x00, 0x01, 0x00, 0x00, 0x10, 0x00, 0x01, 0x00, 0x00,
    0x10, 0x00, 0x01, 0x00, 0x00, 0x10, 0xC0, 0x01, 0x18, 0x00, 0x11, 0x00, 0x01, 0x20, 0x00, 0x16,
    0x00, 0x01, 0xF0, 0x00, 0x1B, 0x00, 0x01, 0x18, 0x00, 0x10, 0xC0, 0x01, 0x06, 0x00, 0x10, 0x20,
    0x00, 0x00, 0x00, 0x00, 0x00, 0x00, 0x00, 0x00, 0x00, 0x00, 0x01, 0x00, 0x00, 0x10, 0x00, 0x01,
    0x00, 0x00, 0x10, 0x00, 0x01, 0x00, 0x00, 0x10, 0x00, 0x01, 0x00, 0x00, 0x10, 0x00, 0x01, 0x00,
    0x00, 0x10, 0x00, 0x01, 0x00, 0x00, 0x10, 0x00, 0x01, 0x00, 0x00, 0x10, 0x00, 0x01, 0x00, 0x00,
    0x10, 0x00, 0x00, 0x00, 0x00, 0x00, 0x00, 0x00, 0x00, 0x00, 0x00, 0x00, 0x00, 0x00, 0x00, 0x00,
    0x00, 0x00, 0x00, 0x00, 0x00, 0x00, 0x00, 0x10, 0x40, 0x17, 0xDF, 0x81, 0x87, 0x18, 0x18, 0x60,
    0xC1, 0x06, 0x0C, 0x10, 0x60, 0xC1, 0x06, 0x0C, 0x10, 0x60, 0xC1, 0x06, 0x0C, 0x10, 0x60, 0xC1,
    0x06, 0x0C, 0x10, 0x20, 0x80, 0x00, 0x00, 0x00, 0x00, 0x00, 0x00, 0x00, 0x00, 0x00, 0x00, 0x00,
    0x00, 0x00, 0x00, 0x00, 0x00, 0x00, 0x00, 0x00, 0x00, 0x10, 0x00, 0x17, 0xE0, 0x01, 0xC6, 0x00,
    0x18, 0x30, 0x01, 0x03, 0x00, 0x10, 0x30, 0x01, 0x03, 0x00, 0x10, 0x30, 0x01, 0x03, 0x00, 0x10,
    0x30, 0x01, 0x03, 0x00, 0x10, 0x20, 0x00, 0x00, 0x00, 0x00, 0x00, 0x00, 0x00, 0x00, 0x00, 0x00,
    0x00, 0x00, 0x00, 0x00, 0x00, 0x00, 0x00, 0x00, 0x00, 0x00, 0x00, 0x10, 0x00, 0x07, 0xE0, 0x00,
    0xC6, 0x00, 0x18, 0x30, 0x01, 0x01, 0x00, 0x10, 0x10, 0x01, 0x01, 0x00, 0x10, 0x10, 0x01, 0x83,
    0x00, 0x08, 0x20, 0x00, 0xFE, 0x00, 0x03, 0x80, 0x00, 0x00, 0x00, 0x00, 0x00, 0x00, 0x00, 0x00,
    0x00, 0x00, 0x00, 0x00, 0x00, 0x00, 0x00, 0x00, 0x00, 0x00, 0x00, 0x00, 0x00, 0x10, 0x00, 0x17,
    0xC0, 0x01, 0xC6, 0x00, 0x18, 0x30, 0x01, 0x03, 0x00, 0x10, 0x30, 0x01, 0x03, 0x00, 0x10, 0x30,
    0x01, 0x83, 0x00, 0x18, 0x60, 0x01, 0xFC, 0x00, 0x13, 0x80, 0x01, 0x00, 0x00, 0x10, 0x00, 0x01,
    0x00, 0x00, 0x00, 0x00, 0x00, 0x00, 0x00, 0x00, 0x00, 0x00, 0x00, 0x00, 0x00, 0x00, 0x00, 0x10,
    0x00, 0x0F, 0xD0, 0x00, 0xC7, 0x00, 0x18, 0x30, 0x01, 0x03, 0x00, 0x10, 0x10, 0x01, 0x01, 0x00,
    0x10, 0x30, 0x01, 0x83, 0x00, 0x18, 0x70, 0x00, 0xFF, 0x00, 0x03, 0x90, 0x00, 0x01, 0x00, 0x00,
    0x10, 0x00, 0x01, 0x00, 0x00, 0x00, 0x00, 0x00, 0x00, 0x00, 0x00, 0x00, 0x00, 0x00, 0x00, 0x00,
    0x00, 0x10, 0x00, 0x17, 0x80, 0x01, 0xC0, 0x00, 0x18, 0x00, 0x01, 0x00, 0x00, 0x10, 0x00, 0x01,
    0x00, 0x00, 0x10, 0x00, 0x01, 0x00, 0x00, 0x10, 0x00, 0x01, 0x00, 0x00, 0x10, 0x00, 0x00, 0x00,
    0x00, 0x00, 0x00, 0x00, 0x00, 0x00, 0x00, 0x00, 0x00, 0x00, 0x00, 0x00, 0x00, 0x00, 0x00, 0x00,
    0x00, 0x00, 0x00, 0x20, 0x00, 0x1F, 0x80, 0x03, 0x00, 0x00, 0x30, 0x00, 0x03, 0x00, 0x00, 0x1E,
    0x00, 0x00, 0x78, 0x00, 0x00, 0xC0, 0x00, 0x0C, 0x00, 0x00, 0xC0, 0x03, 0xF8, 0x00, 0x0E, 0x00,
    0x00, 0x00, 0x00, 0x00, 0x00, 0x00, 0x00, 0x00, 0x00, 0x00, 0x00, 0x00, 0x00, 0x00, 0x00, 0x00,
    0x80, 0x00, 0x08, 0x00, 0x01, 0xE0, 0x00, 0x3F, 0x00, 0x00, 0x80, 0x00, 0x08, 0x00, 0x00, 0x80,
    0x00, 0x08, 0x00, 0x00, 0x80, 0x00, 0x08, 0x00, 0x00, 0x80, 0x00, 0x08, 0x00, 0x00, 0xF0, 0x00,
    0x06, 0x00, 0x00, 0x00, 0x00, 0x00, 0x00, 0x00, 0x00, 0x00, 0x00, 0x00, 0x00, 0x00, 0x00, 0x00,
    0x00, 0x00, 0x00, 0x00, 0x00, 0x00, 0x00, 0x00, 0x00, 0x10, 0x30, 0x01, 0x03, 0x00, 0x10, 0x30,
    0x01, 0x03, 0x00, 0x10, 0x30, 0x01, 0x03, 0x00, 0x10, 0x30, 0x01, 0x03, 0x00, 0x18, 0x70, 0x00,
    0xFF, 0x00, 0x07, 0x00, 0x00, 0x00, 0x00, 0x00, 0x00, 0x00, 0x00, 0x00, 0x00, 0x00, 0x00, 0x00,
    0x00, 0x00, 0x00, 0x00, 0x00, 0x00, 0x00, 0x00, 0x00, 0x00, 0x00, 0x60, 0x60, 0x03, 0x04, 0x00,
    0x30, 0xC0, 0x01, 0x0C, 0x00, 0x18, 0x80, 0x01, 0x98, 0x00, 0x09, 0x00, 0x00, 0xD0, 0x00, 0x07,
    0x00, 0x00, 0x60, 0x00, 0x02, 0x00, 0x00, 0x00, 0x00, 0x00, 0x00, 0x00, 0x00, 0x00, 0x00, 0x00,
    0x00, 0x00, 0x00, 0x00, 0x00, 0x00, 0x00, 0x00, 0x00, 0x00, 0x00, 0x00, 0x00, 0x20, 0xC3, 0x03,
    0x0C, 0x30, 0x31, 0xE2, 0x01, 0x16, 0x60, 0x13, 0x26, 0x01, 0xB3, 0x60, 0x1A, 0x34, 0x00, 0xE1,
    0xC0, 0x0E, 0x1C, 0x00, 0xC1, 0x80, 0x04, 0x08, 0x00, 0x00, 0x00, 0x00, 0x00, 0x00, 0x00, 0x00,
    0x00, 0x00, 0x00, 0x00, 0x00, 0x00, 0x00, 0x00, 0x00, 0x00, 0x00, 0x00, 0x00, 0x00, 0x00, 0x30,
    0x60, 0x01, 0x8C, 0x00, 0x0D, 0x80, 0x00, 0xF0, 0x00, 0x07, 0x00, 0x00, 0x70, 0x00, 0x0D, 0x00,
    0x00, 0x98, 0x00, 0x18, 0xC0, 0x03, 0x06, 0x00, 0x20, 0x20, 0x00, 0x00, 0x00, 0x00, 0x00, 0x00,
    0x00, 0x00, 0x00, 0x00, 0x00, 0x00, 0x00, 0x00, 0x00, 0x00, 0x00, 0x00, 0x00, 0x00, 0x00, 0x00,
    0x00, 0x60, 0x60, 0x03, 0x04, 0x00, 0x30, 0xC0, 0x01, 0x0C, 0x00, 0x18, 0x80, 0x01, 0x98, 0x00,
    0x09, 0x00, 0x00, 0xD0, 0x00, 0x07, 0x00, 0x00, 0x60, 0x00, 0x06, 0x00, 0x00, 0x60, 0x00, 0x04,
    0x00, 0x00, 0xC0, 0x00, 0x00, 0x00, 0x00, 0x00, 0x00, 0x00, 0x00, 0x00, 0x00, 0x00, 0x00, 0x00,
    0x01, 0xF0, 0x00, 0x1F, 0xC0, 0x00, 0x0C, 0x00, 0x01, 0x80, 0x00, 0x30, 0x00, 0x02, 0x00, 0x00,
    0x60, 0x00, 0x0C, 0x00, 0x01, 0x80, 0x00, 0x18, 0x00, 0x03, 0xFC, 0x00, 0x3F, 0xC0, 0x00, 0x00,
    0x00, 0x00, 0x00, 0x00, 0x00, 0x00, 0x00, 0x00, 0x00, 0x00, 0x00, 0x07, 0x00, 0x00, 0xE0, 0x00,
    0x0C, 0x00, 0x00, 0xC0, 0x00, 0x0C, 0x00, 0x00, 0xC0, 0x00, 0x0C, 0x00, 0x01, 0x80, 0x00, 0x38,
    0x00, 0x01, 0x80, 0x00, 0x0C, 0x00, 0x00, 0xC0, 0x00, 0x0C, 0x00, 0x00, 0xC0, 0x00, 0x0C, 0x00,
    0x00, 0xC0, 0x00, 0x07, 0x00, 0x00, 0x30, 0x00, 0x00, 0x00, 0x00, 0x30, 0x00, 0x03, 0x00, 0x00,
    0x30, 0x00, 0x03, 0x00, 0x00, 0x30, 0x00, 0x03, 0x00, 0x00, 0x30, 0x00, 0x03, 0x00, 0x00, 0x30,
    0x00, 0x03, 0x00, 0x00, 0x30, 0x00, 0x03, 0x00, 0x00, 0x30, 0x00, 0x03, 0x00, 0x00, 0x30, 0x00,
    0x03, 0x00, 0x00, 0x30, 0x00, 0x03, 0x00, 0x00, 0x30, 0x00, 0x00, 0x00, 0x00, 0x00, 0x00, 0x30,
    0x00, 0x01, 0x80, 0x00, 0x0C, 0x00, 0x00, 0xC0, 0x00, 0x0C, 0x00, 0x00, 0xC0, 0x00, 0x0C, 0x00,
    0x00, 0xE0, 0x00, 0x07, 0x00, 0x00, 0xC0, 0x00, 0x0C, 0x00, 0x00, 0xC0, 0x00, 0x0C, 0x00, 0x00,
    0xC0, 0x00, 0x0C, 0x00, 0x00, 0xC0, 0x00, 0x38, 0x00, 0x02, 0x00, 0x00, 0x00, 0x00, 0x00, 0x00,
    0x00, 0x00, 0x00, 0x00, 0x00, 0x00, 0x00, 0x00, 0x00, 0x00, 0x00, 0x00, 0x00, 0x00, 0x00, 0x00,
    0x3E, 0x30, 0x02, 0x3E, 0x00, 0x00, 0x00, 0x00, 0x00, 0x00, 0x00, 0x00, 0x00, 0x00, 0x00, 0x00,
    0x00, 0x00, 0x00, 0x00, 0x00, 0x00, 0x00, 0x00, 0x00, 0x00, 0x00, 0x00, 0x00, 0x00, 0x00, 0x00,
    0x00, 0x00, 0x00, 0x03, 0xE0, 0x00, 0x66, 0x00, 0x0C, 0x00, 0x00, 0xC0, 0x00, 0x0C, 0x00, 0x00,
    0xC0, 0x00, 0x0C, 0x00, 0x03, 0xF8, 0x00, 0x0C, 0x00, 0x00, 0xC0, 0x00, 0x0C, 0x00, 0x00, 0xC0,
    0x00, 0x08, 0x00, 0x03, 0xFF, 0x00, 0x3F, 0xF0, 0x00, 0x00, 0x00, 0x00, 0x00, 0x00, 0x00, 0x00,
    0x00, 0x00, 0x00, 0x00, 0x00, 0x30, 0x18, 0x01, 0x01, 0x00, 0x18, 0x30, 0x00, 0xC6, 0x00, 0x0C,
    0x60, 0x00, 0x6C, 0x00, 0x06, 0x80, 0x00, 0x38, 0x00, 0x1F, 0xF0, 0x00, 0x30, 0x00, 0x03, 0x00,
    0x01, 0xFF, 0x00, 0x03, 0x00, 0x00, 0x30, 0x00, 0x01, 0x00, 0x00, 0x00, 0x00, 0x00, 0x00, 0x00,
    0x00, 0x00, 0x00, 0x00, 0x00, 0x00, 0x00, 0x03, 0xF0, 0x00, 0x71, 0xC0, 0x08, 0x06, 0x01, 0x1F,
    0x30, 0x33, 0x01, 0x02, 0x30, 0x10, 0x22, 0x01, 0x82, 0x20, 0x18, 0x22, 0x01, 0x83, 0x30, 0x10,
    0x13, 0xB1, 0x01, 0x8F, 0x20, 0x0C, 0x06, 0x00, 0x7F, 0xC0, 0x01, 0xF0, 0x00, 0x00, 0x00, 0x00,
    0x00, 0x00, 0x00, 0x00, 0x00, 0x00, 0x00, 0x00, 0x00, 0x00, 0x00, 0x00, 0x00, 0x00, 0x00, 0x00,
    0x00, 0x00, 0x00, 0x00, 0x00, 0x00, 0x4C, 0x00, 0x0D, 0x80, 0x01, 0x90, 0x00, 0x33, 0x00, 0x03,
    0x30, 0x00, 0x19, 0x00, 0x00, 0xD8, 0x00, 0x04, 0xC0, 0x00, 0x00, 0x00, 0x00, 0x00, 0x00, 0x00,
    0x00, 0x00, 0x00, 0x00, 0x00, 0x00, 0x00, 0x00, 0x00, 0x00, 0x00, 0x03, 0xF0, 0x00, 0x71, 0xC0,
    0x08, 0x06, 0x01, 0x3F, 0x30, 0x33, 0x19, 0x02, 0x31, 0x90, 0x23, 0x19, 0x82, 0x3F, 0x18, 0x23,
    0x61, 0x83, 0x33, 0x10, 0x13, 0x19, 0x01, 0x90, 0xA0, 0x0C, 0x06, 0x00, 0x7F, 0xC0, 0x01, 0xF0,
    0x00, 0x00, 0x00, 0x00, 0x00, 0x00, 0x00, 0x00, 0x00, 0x00, 0x00, 0x00, 0x00, 0x0F, 0x00, 0x01,
    0x98, 0x00, 0x10, 0x80, 0x01, 0x08, 0x00, 0x19, 0x80, 0x00, 0xF0, 0x00, 0x00, 0x00, 0x00, 0x00,
    0x00, 0x00, 0x00, 0x00, 0x00, 0x00, 0x00, 0x00, 0x00, 0x00, 0x00, 0x00, 0x00, 0x00, 0x00, 0x00,
    0x00, 0x00, 0x00, 0x00, 0x00, 0x00, 0x00, 0x00, 0x00, 0x00, 0x00, 0x00, 0x00, 0x00, 0x00, 0x00,
    0x00, 0x00, 0x00, 0x00, 0x00, 0x00, 0x00, 0x20, 0x00, 0x02, 0x00, 0x00, 0x20, 0x00, 0x02, 0x00,
    0x03, 0xFE, 0x00, 0x07, 0x00, 0x00, 0x20, 0x00, 0x02, 0x00, 0x00, 0x20, 0x00, 0x00, 0x00, 0x03,
    0xFE, 0x00, 0x3F, 0xE0, 0x00, 0x00, 0x00, 0x00, 0x00, 0x00, 0x00, 0x00, 0x00, 0x00, 0x00, 0x00,
    0x00, 0x00, 0x00, 0x00, 0x00, 0x00, 0x00, 0x00, 0x00, 0x00, 0x00, 0x00, 0x00, 0x02, 0x60, 0x00,
    0x33, 0x00, 0x01, 0x90, 0x00, 0x0D, 0x80, 0x00, 0xC8, 0x00, 0x19, 0x00, 0x03, 0x30, 0x00, 0x26,
    0x00, 0x00, 0x00, 0x00, 0x00, 0x00, 0x00, 0x00, 0x00, 0x00, 0x00, 0x00, 0x00, 0x00, 0x00, 0x00,
    0x00, 0x00, 0x00, 0x00, 0x00, 0x00, 0x00, 0x00, 0x00, 0x00, 0x01, 0x02, 0x00, 0x18, 0x60, 0x00,
    0xCC, 0x00, 0x07, 0x80, 0x00, 0x30, 0x00, 0x07, 0x80, 0x00, 0xCC, 0x00, 0x18, 0x60, 0x01, 0x02,
    0x00, 0x00, 0x00, 0x00, 0x00, 0x00, 0x00, 0x00, 0x00, 0x00, 0x00, 0x00, 0x00, 0x00, 0x00, 0x00,
    0x00, 0x00, 0x00, 0x00, 0x00, 0x00, 0x00, 0x00, 0x00, 0x00, 0x00, 0x00, 0x00, 0x20, 0x00, 0x02,
    0x00, 0x00, 0x00, 0x00, 0x3F, 0xE0, 0x03, 0xFE, 0x00, 0x00, 0x00, 0x00, 0x20, 0x00, 0x02, 0x00,
    0x00, 0x20, 0x00, 0x00, 0x00, 0x00, 0x00, 0x00, 0x00, 0x00, 0x00, 0x00, 0x00, 0x00, 0x00, 0x00,
    0x00, 0x00, 0x00, 0x00, 0x00, 0x00, 0x00, 0x1F, 0xE0, 0x01, 0x80, 0x00, 0x18, 0x00, 0x01, 0x80,
    0x00, 0x18, 0x00, 0x01, 0x80, 0x00, 0x1F, 0xE0, 0x01, 0xFE, 0x00, 0x18, 0x00, 0x01, 0x80, 0x00,
    0x18, 0x00, 0x01, 0x80, 0x00, 0x18, 0x00, 0x01, 0xFE, 0x00, 0x0F, 0xE0, 0x00, 0x00, 0x00, 0x00,
    0x00, 0x00, 0x00, 0x00, 0x00, 0x00, 0x00, 0x00, 0x00, 0x01, 0xF8, 0x00, 0x71, 0x80, 0x0C, 0x00,
    0x01, 0x80, 0x00, 0x18, 0x00, 0x01, 0x00, 0x00, 0x1F, 0xE0, 0x01, 0xFE, 0x00, 0x10, 0x00, 0x01,
    0x80, 0x00, 0x18, 0x00, 0x00, 0xC0, 0x00, 0x0E, 0x00, 0x00, 0x7F, 0x80, 0x00, 0xF0, 0x00, 0x00,
    0x00, 0x00, 0x00, 0x00, 0x00, 0x00, 0x00, 0x00, 0x00, 0x00, 0x00, 0x18, 0x00, 0x01, 0x80, 0x00,
    0x18, 0x00, 0x01, 0x80, 0x00, 0x18, 0x00, 0x01, 0x80, 0x00, 0x18, 0x00, 0x01, 0x80, 0x00, 0x18,
    0x00, 0x01, 0x80, 0x00, 0x18, 0x00, 0x01, 0x80, 0x00, 0x18, 0x00, 0x01, 0x80, 0x00, 0x08, 0x00,
    0x00, 0x00, 0x00, 0x00, 0x00, 0x00, 0x00, 0x00, 0x00, 0x00, 0x00, 0x00, 0x00, 0x18, 0x00, 0x01,
    0x80, 0x00, 0x18, 0x00, 0x01, 0x80, 0x00, 0x18, 0x00, 0x01, 0x80, 0x00, 0x18, 0x00, 0x01, 0x80,
    0x00, 0x18, 0x00, 0x01, 0x80, 0x00, 0x18, 0x00, 0x01, 0x80, 0x00, 0x18, 0x00, 0x01, 0x80, 0x00,
    0x08, 0x00, 0x00, 0x00, 0x00, 0x00, 0x00, 0x00, 0x00, 0x00, 0x00, 0x00, 0x00, 0x00, 0x00, 0x01,
    0x00, 0x00, 0x38, 0x00, 0x03, 0x80, 0x00, 0x2C, 0x00, 0x06, 0xC0, 0x00, 0x44, 0x00, 0x0C, 0x60,
    0x00, 0xC2, 0x00, 0x0F, 0xF0, 0x01, 0xFF, 0x00, 0x10, 0x10, 0x03, 0x01, 0x80, 0x30, 0x18, 0x06,
    0x00, 0xC0, 0x20, 0x08, 0x00, 0x00, 0x00, 0x00, 0x00, 0x00, 0x00, 0x00, 0x00, 0x00, 0x00, 0x00,
    0x00, 0x1F, 0xF0, 0x01, 0x80, 0x00, 0x18, 0x00, 0x01, 0x80, 0x00, 0x18, 0x00, 0x01, 0x80, 0x00,
    0x1F, 0xC0, 0x01, 0xFF, 0x00, 0x18, 0x30, 0x01, 0x81, 0x80, 0x18, 0x18, 0x01, 0x81, 0x80, 0x18,
    0x30, 0x01, 0xFE, 0x00, 0x0F, 0x80, 0x00, 0x00, 0x00, 0x00, 0x00, 0x00, 0x00, 0x00, 0x00, 0x00,
    0x00, 0x00, 0x00, 0x1F, 0xE0, 0x01, 0x87, 0x00, 0x18, 0x18, 0x01, 0x81, 0x80, 0x18, 0x18, 0x01,
    0x81, 0x00, 0x1F, 0xE0, 0x01, 0xFF, 0x00, 0x18, 0x18, 0x01, 0x81, 0x80, 0x18, 0x18, 0x01, 0x81,
    0x80, 0x18, 0x18, 0x01, 0xFF, 0x00, 0x0F, 0xC0, 0x00, 0x00, 0x00, 0x00, 0x00, 0x00, 0x00, 0x00,
    0x00, 0x00, 0x00, 0x00, 0x00, 0x1F, 0xE0, 0x01, 0x80, 0x00, 0x18, 0x00, 0x01, 0x80, 0x00, 0x18,
    0x00, 0x01, 0x80, 0x00, 0x18, 0x00, 0x01, 0x80, 0x00, 0x18, 0x00, 0x01, 0x80, 0x00, 0x18, 0x00,
    0x01, 0x80, 0x00, 0x18, 0x00, 0x01, 0x80, 0x00, 0x08, 0x00, 0x00, 0x00, 0x00, 0x00, 0x00, 0x00,
    0x00, 0x00, 0x00, 0x00, 0x00, 0x00, 0x00, 0x03, 0xFC, 0x00, 0x20, 0xC0, 0x02, 0x04, 0x00, 0x20,
    0x40, 0x02, 0x04, 0x00, 0x20, 0x40, 0x06, 0x04, 0x00, 0x60, 0x40, 0x06, 0x04, 0x00, 0x60, 0x40,
    0x04, 0x04, 0x00, 0xC0, 0x40, 0x0C, 0x04, 0x03, 0xFF, 0xF0, 0x3F, 0xFF, 0x03, 0x00, 0x30, 0x30,
    0x03, 0x02, 0x00, 0x30, 0x00, 0x00, 0x00, 0x00, 0x00, 0x1F, 0xF0, 0x01, 0x80, 0x00, 0x18, 0x00,
    0x01, 0x80, 0x00, 0x18, 0x00, 0x01, 0x80, 0x00, 0x1F, 0xE0, 0x01, 0xFE, 0x00, 0x18, 0x00, 0x01,
    0x80, 0x00, 0x18, 0x00, 0x01, 0x80, 0x00, 0x18, 0x00, 0x01, 0xFE, 0x00, 0x0F, 0xE0, 0x00, 0x00,
    0x00, 0x00, 0x00, 0x00, 0x00, 0x00, 0x00, 0x00, 0x00, 0x00, 0x00, 0x30, 0x60, 0x41, 0x86, 0x0C,
    0x18, 0x61, 0x80, 0xC6, 0x18, 0x06, 0x63, 0x00, 0x66, 0x60, 0x03, 0xFE, 0x00, 0x3F, 0xE0, 0x06,
    0x66, 0x00, 0x66, 0x30, 0x0C, 0x61, 0x81, 0x86, 0x18, 0x18, 0x60, 0xC3, 0x06, 0x06, 0x20, 0x20,
    0x40, 0x00, 0x00, 0x00, 0x00, 0x00, 0x00, 0x00, 0x00, 0x00, 0x00, 0x00, 0x00, 0x1F, 0x80, 0x03,
    0x8E, 0x00, 0x00, 0x60, 0x00, 0x02, 0x00, 0x00, 0x20, 0x00, 0x06, 0x00, 0x0F, 0xC0, 0x00, 0xFC,
    0x00, 0x00, 0x60, 0x00, 0x03, 0x00, 0x00, 0x30, 0x00, 0x03, 0x00, 0x00, 0x60, 0x03, 0xFC, 0x00,
    0x0F, 0x00, 0x00, 0x00, 0x00, 0x00, 0x00, 0x00, 0x00, 0x00, 0x00, 0x00, 0x00, 0x00, 0x00, 0x18,
    0x04, 0x01, 0x80, 0xC0, 0x18, 0x1C, 0x01, 0x81, 0x40, 0x18, 0x34, 0x01, 0x86, 0x40, 0x18, 0x44,
    0x01, 0x8C, 0x40, 0x19, 0x84, 0x01, 0x90, 0x40, 0x1B, 0x04, 0x01, 0xE0, 0x40, 0x1C, 0x04, 0x01,
    0xC0, 0x60, 0x08, 0x04, 0x00, 0x00, 0x00, 0x00, 0x00, 0x00, 0x00, 0x00, 0x01, 0xE0, 0x00, 0x00,
    0x00, 0x18, 0x04, 0x01, 0x80, 0xC0, 0x18, 0x1C, 0x01, 0x81, 0x40, 0x18, 0x34, 0x01, 0x86, 0x40,
    0x18, 0x44, 0x01, 0x8C, 0x40, 0x19, 0x84, 0x01, 0x90, 0x40, 0x1B, 0x04, 0x01, 0xE0, 0x40, 0x1C,
    0x04, 0x01, 0xC0, 0x60, 0x08, 0x04, 0x00, 0x00, 0x00, 0x00, 0x00, 0x00, 0x00, 0x00, 0x00, 0x00,
    0x00, 0x00, 0x00, 0x18, 0x18, 0x01, 0x81, 0x00, 0x18, 0x30, 0x01, 0x86, 0x00, 0x18, 0xC0, 0x01,
    0x8C, 0x00, 0x1F, 0x80, 0x01, 0xF8, 0x00, 0x18, 0xC0, 0x01, 0x8C, 0x00, 0x18, 0x60, 0x01, 0x83,
    0x00, 0x18, 0x30, 0x01, 0x81, 0x80, 0x08, 0x08, 0x00, 0x00, 0x00, 0x00, 0x00, 0x00, 0x00, 0x00,
    0x00, 0x00, 0x00, 0x00, 0x00, 0x07, 0xFC, 0x00, 0x60, 0xC0, 0x04, 0x0C, 0x00, 0x40, 0xC0, 0x04,
    0x0C, 0x00, 0x40, 0xC0, 0x04, 0x0C, 0x00, 0x40, 0xC0, 0x04, 0x0C, 0x00, 0x40, 0xC0, 0x04, 0x0C,
    0x00, 0xC0, 0xC0, 0x0C, 0x0C, 0x03, 0x80, 0xC0, 0x30, 0x08, 0x00, 0x00, 0x00, 0x00, 0x00, 0x00,
    0x00, 0x00, 0x00, 0x00, 0x00, 0x00, 0x00, 0x1C, 0x01, 0x81, 0xC0, 0x18, 0x1E, 0x03, 0x81, 0xE0,
    0x28, 0x1A, 0x06, 0x81, 0xB0, 0x48, 0x19, 0x04, 0x81, 0x98, 0xC8, 0x19, 0x88, 0x81, 0x89, 0x88,
    0x18, 0xD8, 0x81, 0x8D, 0x08, 0x18, 0x70, 0x81, 0x86, 0x08, 0x08, 0x20, 0x80, 0x00, 0x00, 0x00,
    0x00, 0x00, 0x00, 0x00, 0x00, 0x00, 0x00, 0x00, 0x00, 0x18, 0x04, 0x01, 0x80, 0x40, 0x18, 0x04,
    0x01, 0x80, 0x40, 0x18, 0x04, 0x01, 0x80, 0x40, 0x1F, 0xFC, 0x01, 0xFF, 0xC0, 0x18, 0x04, 0x01,
    0x80, 0x40, 0x18, 0x04, 0x01, 0x80, 0x40, 0x18, 0x04, 0x01, 0x80, 0x40, 0x08, 0x04, 0x00, 0x00,
    0x00, 0x00, 0x00, 0x00, 0x00, 0x00, 0x00, 0x00, 0x00, 0x00, 0x00, 0x03, 0xF0, 0x00, 0x73, 0xC0,
    0x0C, 0x0C, 0x01, 0x80, 0x60, 0x18, 0x02, 0x01, 0x00, 0x30, 0x10, 0x03, 0x01, 0x00, 0x30, 0x10,
    0x03, 0x01, 0x80, 0x30, 0x18, 0x02, 0x00, 0x80, 0x60, 0x0E, 0x0C, 0x00, 0x7F, 0x80, 0x01, 0xE0,
    0x00, 0x00, 0x00, 0x00, 0x00, 0x00, 0x00, 0x00, 0x00, 0x00, 0x00, 0x00, 0x00, 0x1F, 0xFC, 0x01,
    0x80, 0xC0, 0x18, 0x04, 0x01, 0x80, 0x40, 0x18, 0x04, 0x01, 0x80, 0x40, 0x18, 0x04, 0x01, 0x80,
    0x40, 0x18, 0x04, 0x01, 0x80, 0x40, 0x18, 0x04, 0x01, 0x80, 0x40, 0x18, 0x04, 0x01, 0x80, 0x40,
    0x08, 0x04, 0x00, 0x00, 0x00, 0x00, 0x00, 0x00, 0x00, 0x00, 0x00, 0x00, 0x00, 0x00, 0x00, 0x1F,
    0xC0, 0x01, 0x8E, 0x00, 0x18, 0x30, 0x01, 0x81, 0x00, 0x18, 0x10, 0x01, 0x81, 0x00, 0x18, 0x30,
    0x01, 0x8E, 0x00, 0x1F, 0xC0, 0x01, 0x80, 0x00, 0x18, 0x00, 0x01, 0x80, 0x00, 0x18, 0x00, 0x01,
    0x80, 0x00, 0x08, 0x00, 0x00, 0x00, 0x00, 0x00, 0x00, 0x00, 0x00, 0x00, 0x00, 0x00, 0x00, 0x00,
    0x00, 0x01, 0xF8, 0x00, 0x71, 0x80, 0x0C, 0x00, 0x01, 0x80, 0x00, 0x18, 0x00, 0x01, 0x00, 0x00,
    0x10, 0x00, 0x01, 0x00, 0x00, 0x10, 0x00, 0x01, 0x80, 0x00, 0x18, 0x00, 0x00, 0x80, 0x00, 0x0E,
    0x00, 0x00, 0x7F, 0x80, 0x00, 0xF0, 0x00, 0x00, 0x00, 0x00, 0x00, 0x00, 0x00, 0x00, 0x00, 0x00,
    0x00, 0x00, 0x00, 0x3F, 0xF8, 0x00, 0x30, 0x00, 0x03, 0x00, 0x00, 0x30, 0x00, 0x03, 0x00, 0x00,
    0x30, 0x00, 0x03, 0x00, 0x00, 0x30, 0x00, 0x03, 0x00, 0x00, 0x30, 0x00, 0x03, 0x00, 0x00, 0x30,
    0x00, 0x03, 0x00, 0x00, 0x30, 0x00, 0x01, 0x00, 0x00, 0x00, 0x00, 0x00, 0x00, 0x00, 0x00, 0x00,
    0x00, 0x00, 0x00, 0x00, 0x00, 0x20, 0x18, 0x03, 0x01, 0x80, 0x30, 0x10, 0x01, 0x83, 0x00, 0x18,
    0x20, 0x00, 0xC6, 0x00, 0x04, 0x40, 0x00, 0x6C, 0x00, 0x02, 0x80, 0x00, 0x38, 0x00, 0x01, 0x80,
    0x00, 0x30, 0x00, 0x02, 0x00, 0x01, 0xE0, 0x00, 0x18, 0x00, 0x00, 0x00, 0x00, 0x00, 0x00, 0x00,
    0x00, 0x00, 0x00, 0x00, 0x00, 0x00, 0x00, 0x00, 0x40, 0x00, 0x1F, 0x00, 0x07, 0xFC, 0x00, 0xC4,
    0x60, 0x18, 0x43, 0x01, 0x04, 0x30, 0x10, 0x43, 0x01, 0x04, 0x30, 0x10, 0x43, 0x01, 0x84, 0x30,
    0x0C, 0x46, 0x00, 0x7F, 0xC0, 0x01, 0xF0, 0x00, 0x04, 0x00, 0x00, 0x40, 0x00, 0x00, 0x00, 0x00,
    0x00, 0x00, 0x00, 0x00, 0x00, 0x00, 0x00, 0x00, 0x00, 0x30, 0x30, 0x03, 0x02, 0x00, 0x18, 0x60,
    0x00, 0x8C, 0x00, 0x0C, 0x80, 0x00, 0x78, 0x00, 0x03, 0x00, 0x00, 0x30, 0x00, 0x07, 0x80, 0x00,
    0xC8, 0x00, 0x08, 0xC0, 0x01, 0x86, 0x00, 0x30, 0x60, 0x02, 0x03, 0x00, 0x20, 0x10, 0x00, 0x00,
    0x00, 0x00, 0x00, 0x00, 0x00, 0x00, 0x00, 0x00, 0x00, 0x00, 0x00, 0x18, 0x04, 0x01, 0x80, 0x40,
    0x18, 0x04, 0x01, 0x80, 0x40, 0x18, 0x04, 0x01, 0x80, 0x40, 0x18, 0x04, 0x01, 0x80, 0x40, 0x18,
    0x04, 0x01, 0x80, 0x40, 0x18, 0x04, 0x01, 0x80, 0x40, 0x18, 0x04, 0x01, 0xFF, 0xF0, 0x0F, 0xFF,
    0x00, 0x00, 0x30, 0x00, 0x03, 0x00, 0x00, 0x30, 0x00, 0x00, 0x00, 0x00, 0x00, 0x10, 0x18, 0x01,
    0x01, 0x80, 0x10, 0x18, 0x01, 0x01, 0x80, 0x10, 0x18, 0x01, 0x01, 0x80, 0x18, 0x18, 0x01, 0xC7,
    0x80, 0x07, 0xF8, 0x00, 0x01, 0x80, 0x00, 0x18, 0x00, 0x01, 0x80, 0x00, 0x18, 0x00, 0x01, 0x80,
    0x00, 0x00, 0x00, 0x00, 0x00, 0x00, 0x00, 0x00, 0x00, 0x00, 0x00, 0x00, 0x00, 0x00, 0x00, 0x18,
    0x10, 0x31, 0x81, 0x03, 0x18, 0x10, 0x31, 0x81, 0x03, 0x18, 0x10, 0x31, 0x81, 0x03, 0x18, 0x10,
    0x31, 0x81, 0x03, 0x18, 0x10, 0x31, 0x81, 0x03, 0x18, 0x10, 0x31, 0x81, 0x03, 0x18, 0x10, 0x31,
    0xFF, 0xFF, 0x0F, 0xFF, 0xE0, 0x00, 0x00, 0x00, 0x00, 0x00, 0x00, 0x00, 0x00, 0x00, 0x00, 0x00,
    0x00, 0x18, 0x10, 0x21, 0x81, 0x03, 0x18, 0x10, 0x21, 0x81, 0x02, 0x18, 0x10, 0x21, 0x81, 0x02,
    0x18, 0x10, 0x21, 0x81, 0x02, 0x18, 0x10, 0x21, 0x81, 0x02, 0x18, 0x10, 0x21, 0x81, 0x02, 0x18,
    0x10, 0x21, 0xFF, 0xFF, 0x0F, 0xFF, 0xF0, 0x00, 0x00, 0x00, 0x00, 0x00, 0x00, 0x00, 0x00, 0x00,
    0x00, 0x00, 0x00, 0x3C, 0x00, 0x00, 0x40, 0x00, 0x04, 0x00, 0x00, 0x40, 0x00, 0x04, 0x00, 0x00,
    0x60, 0x00, 0x07, 0xF0, 0x00, 0x41, 0x80, 0x04, 0x0C, 0x00, 0x40, 0xC0, 0x04, 0x0C, 0x00, 0x40,
    0xC0, 0x04, 0x18, 0x00, 0x7F, 0x00, 0x07, 0xC0, 0x00, 0x00, 0x00, 0x00, 0x00, 0x00, 0x00, 0x00,
    0x00, 0x00, 0x00, 0x00, 0x00, 0x18, 0x03, 0x01, 0x80, 0x30, 0x18, 0x03, 0x01, 0x80, 0x30, 0x18,
    0x03, 0x01, 0x80, 0x30, 0x1F, 0xE3, 0x01, 0x83, 0x30, 0x18, 0x33, 0x01, 0x81, 0x30, 0x18, 0x13,
    0x01, 0x81, 0x30, 0x18, 0x33, 0x01, 0xFE, 0x30, 0x0F, 0x81, 0x00, 0x00, 0x00, 0x00, 0x00, 0x00,
    0x00, 0x00, 0x00, 0x00, 0x00, 0x00, 0x00, 0x18, 0x00, 0x01, 0x80, 0x00, 0x18, 0x00, 0x01, 0x80,
    0x00, 0x18, 0x00, 0x01, 0x80, 0x00, 0x1F, 0xE0, 0x01, 0x87, 0x00, 0x18, 0x30, 0x01, 0x81, 0x00,
    0x18, 0x10, 0x01, 0x81, 0x00, 0x18, 0x30, 0x01, 0xFE, 0x00, 0x0F, 0x80, 0x00, 0x00, 0x00, 0x00,
    0x00, 0x00, 0x00, 0x00, 0x00, 0x00, 0x00, 0x00, 0x00, 0x1F, 0x80, 0x03, 0x9E, 0x00, 0x00, 0x60,
    0x00, 0x03, 0x00, 0x00, 0x10, 0x00, 0x01, 0x80, 0x0F, 0xF8, 0x00, 0xFF, 0x80, 0x00, 0x18, 0x00,
    0x01, 0x80, 0x00, 0x10, 0x00, 0x03, 0x00, 0x00, 0x60, 0x03, 0xFC, 0x00, 0x0F, 0x00, 0x00, 0x00,
    0x00, 0x00, 0x00, 0x00, 0x00, 0x00, 0x00, 0x00, 0x00, 0x00, 0x00, 0x18, 0x1F, 0x81, 0x83, 0x9C,
    0x18, 0x60, 0x61, 0x8C, 0x02, 0x18, 0xC0, 0x31, 0x88, 0x03, 0x1F, 0x80, 0x31, 0xF8, 0x03, 0x18,
    0x80, 0x31, 0x88, 0x03, 0x18, 0xC0, 0x31, 0x8C, 0x06, 0x18, 0x60, 0xC1, 0x83, 0xF8, 0x08, 0x0E,
    0x00, 0x00, 0x00, 0x00, 0x00, 0x00, 0x00, 0x00, 0x00, 0x00, 0x00, 0x00, 0x00, 0x07, 0xF0, 0x00,
    0xE3, 0x00, 0x18, 0x10, 0x01, 0x01, 0x00, 0x10, 0x10, 0x01, 0x81, 0x00, 0x1C, 0x10, 0x00, 0xFF,
    0x00, 0x03, 0x30, 0x00, 0x61, 0x00, 0x0C, 0x10, 0x00, 0xC1, 0x00, 0x18, 0x10, 0x03, 0x03, 0x00,
    0x20, 0x10, 0x00, 0x00, 0x00, 0x00, 0x00, 0x00, 0x00, 0x00, 0x00, 0x00, 0x00, 0x00, 0x00, 0x00,
    0x00, 0x00, 0x00, 0x00, 0x00, 0x00, 0x00, 0x20, 0x00, 0x1F, 0xC0, 0x00, 0x0C, 0x00, 0x00, 0x60,
    0x00, 0x06, 0x00, 0x0F, 0xE0, 0x01, 0x86, 0x00, 0x30, 0x60, 0x03, 0x06, 0x00, 0x30, 0xE0, 0x01,
    0xFE, 0x00, 0x0E, 0x00, 0x00, 0x00, 0x00, 0x00, 0x00, 0x00, 0x00, 0x00, 0x00, 0x00, 0x00, 0x1F,
    0x00, 0x07, 0x80, 0x00, 0xC0, 0x00, 0x18, 0x00, 0x01, 0x90, 0x00, 0x17, 0xE0, 0x01, 0xC7, 0x00,
    0x18, 0x30, 0x01, 0x01, 0x00, 0x10, 0x10, 0x01, 0x01, 0x00, 0x10, 0x10, 0x01, 0x83, 0x00, 0x0C,
    0x60, 0x00, 0xFE, 0x00, 0x03, 0x80, 0x00, 0x00, 0x00, 0x00, 0x00, 0x00, 0x00, 0x00, 0x00, 0x00,
    0x00, 0x00, 0x00, 0x00, 0x00, 0x00, 0x00, 0x00, 0x00, 0x00, 0x00, 0xF0, 0x00, 0x1F, 0xC0, 0x01,
    0x06, 0x00, 0x10, 0x60, 0x01, 0x06, 0x00, 0x1F, 0xC0, 0x01, 0xFC, 0x00, 0x10, 0x60, 0x01, 0x02,
    0x00, 0x10, 0x60, 0x01, 0xFE, 0x00, 0x1F, 0x80, 0x00, 0x00, 0x00, 0x00, 0x00, 0x00, 0x00, 0x00,
    0x00, 0x00, 0x00, 0x00, 0x00, 0x00, 0x00, 0x00, 0x00, 0x00, 0x00, 0x00, 0x00, 0xF8, 0x00, 0x1F,
    0x80, 0x01, 0x00, 0x00, 0x10, 0x00, 0x01, 0x00, 0x00, 0x10, 0x00, 0x01, 0x00, 0x00, 0x10, 0x00,
    0x01, 0x00, 0x00, 0x10, 0x00, 0x01, 0x00, 0x00, 0x10, 0x00, 0x00, 0x00, 0x00, 0x00, 0x00, 0x00,
    0x00, 0x00, 0x00, 0x00, 0x00, 0x00, 0x00, 0x00, 0x00, 0x00, 0x00, 0x00, 0x00, 0x00, 0x00, 0x1C,
    0x00, 0x07, 0xF0, 0x00, 0x41, 0x00, 0x04, 0x10, 0x00, 0x41, 0x00, 0x04, 0x10, 0x00, 0x41, 0x00,
    0x0C, 0x10, 0x00, 0xC1, 0x00, 0x08, 0x10, 0x03, 0xFF, 0x80, 0x3F, 0xFC, 0x03, 0x00, 0xC0, 0x30,
    0x0C, 0x00, 0x00, 0x00, 0x00, 0x00, 0x00, 0x00, 0x00, 0x00, 0x00, 0x00, 0x00, 0x00, 0x00, 0x00,
    0x00, 0x20, 0x00, 0x0F, 0x80, 0x01, 0x8C, 0x00, 0x30, 0x60, 0x03, 0x06, 0x00, 0x3F, 0xE0, 0x03,
    0x00, 0x00, 0x30, 0x00, 0x03, 0x00, 0x00, 0x18, 0x00, 0x00, 0xFC, 0x00, 0x07, 0x80, 0x00, 0x00,
    0x00, 0x00, 0x00, 0x00, 0x00, 0x00, 0x00, 0x00, 0x00, 0x00, 0x00, 0x00, 0x00, 0x00, 0x00, 0x00,
    0x00, 0x00, 0x00, 0x00, 0x00, 0x30, 0x86, 0x01, 0x08, 0x40, 0x18, 0x8C, 0x00, 0xC9, 0x80, 0x07,
    0xF0, 0x00, 0x7F, 0x00, 0x0C, 0x98, 0x01, 0x88, 0xC0, 0x10, 0x84, 0x03, 0x08, 0x60, 0x20, 0x82,
    0x00, 0x00, 0x00, 0x00, 0x00, 0x00, 0x00, 0x00, 0x00, 0x00, 0x00, 0x00, 0x00, 0x00, 0x00, 0x00,
    0x00, 0x00, 0x00, 0x00, 0x00, 0x60, 0x00, 0x1F, 0x80, 0x00, 0x0C, 0x00, 0x00, 0xC0, 0x00, 0x18,
    0x00, 0x0F, 0x80, 0x00, 0x0C, 0x00, 0x00, 0xC0, 0x00, 0x04, 0x00, 0x00, 0xC0, 0x03, 0xF8, 0x00,
    0x0E, 0x00, 0x00, 0x00, 0x00, 0x00, 0x00, 0x00, 0x00, 0x00, 0x00, 0x00, 0x00, 0x00, 0x00, 0x00,
    0x00, 0x00, 0x00, 0x00, 0x00, 0x00, 0x00, 0x00, 0x00, 0x10, 0x70, 0x01, 0x07, 0x00, 0x10, 0xF0,
    0x01, 0x1B, 0x00, 0x11, 0x30, 0x01, 0x33, 0x00, 0x16, 0x30, 0x01, 0x43, 0x00, 0x1C, 0x30, 0x01,
    0x83, 0x00, 0x10, 0x20, 0x00, 0x00, 0x00, 0x00, 0x00, 0x00, 0x00, 0x00, 0x00, 0x00, 0x00, 0x00,
    0x00, 0x0C, 0xC0, 0x00, 0x7C, 0x00, 0x03, 0x00, 0x00, 0x00, 0x00, 0x10, 0x70, 0x01, 0x07, 0x00,
    0x10, 0xF0, 0x01, 0x1B, 0x00, 0x11, 0x30, 0x01, 0x33, 0x00, 0x16, 0x30, 0x01, 0x43, 0x00, 0x1C,
    0x30, 0x01, 0x83, 0x00, 0x10, 0x20, 0x00, 0x00, 0x00, 0x00, 0x00, 0x00, 0x00, 0x00, 0x00, 0x00,
    0x00, 0x00, 0x00, 0x00, 0x00, 0x00, 0x00, 0x00, 0x00, 0x00, 0x00, 0x00, 0x00, 0x10, 0x40, 0x01,
    0x0C, 0x00, 0x11, 0x80, 0x01, 0x10, 0x00, 0x1F, 0x00, 0x01, 0xF0, 0x00, 0x13, 0x00, 0x01, 0x18,
    0x00, 0x10, 0xC0, 0x01, 0x06, 0x00, 0x10, 0x00, 0x00, 0x00, 0x00, 0x00, 0x00, 0x00, 0x00, 0x00,
    0x00, 0x00, 0x00, 0x00, 0x00, 0x00, 0x00, 0x00, 0x00, 0x00, 0x00, 0x00, 0x00, 0x3C, 0x00, 0x0F,
    0xE0, 0x00, 0xC2, 0x00, 0x0C, 0x20, 0x00, 0xC2, 0x00, 0x0C, 0x20, 0x00, 0xC2, 0x00, 0x0C, 0x20,
    0x00, 0xC2, 0x00, 0x08, 0x20, 0x03, 0x82, 0x00, 0x30, 0x20, 0x00, 0x00, 0x00, 0x00, 0x00, 0x00,
    0x00, 0x00, 0x00, 0x00, 0x00, 0x00, 0x00, 0x00, 0x00, 0x00, 0x00, 0x00, 0x00, 0x00, 0x00, 0x00,
    0x00, 0x18, 0x0C, 0x01, 0xC0, 0xC0, 0x1C, 0x1C, 0x01, 0x41, 0x40, 0x16, 0x34, 0x01, 0x22, 0x40,
    0x13, 0x64, 0x01, 0x16, 0x40, 0x11, 0xC4, 0x01, 0x0C, 0x60, 0x10, 0x84, 0x00, 0x00, 0x00, 0x00,
    0x00, 0x00, 0x00, 0x00, 0x00, 0x00, 0x00, 0x00, 0x00, 0x00, 0x00, 0x00, 0x00, 0x00, 0x00, 0x00,
    0x00, 0x00, 0x00, 0x10, 0x20, 0x01, 0x02, 0x00, 0x10, 0x20, 0x01, 0x02, 0x00, 0x1F, 0xE0, 0x01,
    0xFE, 0x00, 0x10, 0x20, 0x01, 0x02, 0x00, 0x10, 0x20, 0x01, 0x02, 0x00, 0x10, 0x20, 0x00, 0x00,
    0x00, 0x00, 0x00, 0x00, 0x00, 0x00, 0x00, 0x00, 0x00, 0x00, 0x00, 0x00, 0x00, 0x00, 0x00, 0x00,
    0x00, 0x00, 0x00, 0x20, 0x00, 0x0F, 0xC0, 0x01, 0x86, 0x00, 0x30, 0x20, 0x03, 0x03, 0x00, 0x30,
    0x30, 0x03, 0x03, 0x00, 0x30, 0x30, 0x03, 0x02, 0x00, 0x18, 0x60, 0x00, 0xFC, 0x00, 0x07, 0x00,
    0x00, 0x00, 0x00, 0x00, 0x00, 0x00, 0x00, 0x00, 0x00, 0x00, 0x00, 0x00, 0x00, 0x00, 0x00, 0x00,
    0x00, 0x00, 0x00, 0x00, 0x00, 0xFC, 0x00, 0x1F, 0xE0, 0x01, 0x02, 0x00, 0x10, 0x20, 0x01, 0x02,
    0x00, 0x10, 0x20, 0x01, 0x02, 0x00, 0x10, 0x20, 0x01, 0x02, 0x00, 0x10, 0x20, 0x01, 0x02, 0x00,
    0x10, 0x20, 0x00, 0x00, 0x00, 0x00, 0x00, 0x00, 0x00, 0x00, 0x00, 0x00, 0x00, 0x00, 0x00, 0x00,
    0x00, 0x00, 0x00, 0x00, 0x00, 0x00, 0x00, 0x10, 0x00, 0x17, 0xC0, 0x01, 0xC6, 0x00, 0x18, 0x30,
    0x01, 0x03, 0x00, 0x10, 0x30, 0x01, 0x03, 0x00, 0x10, 0x30, 0x01, 0x83, 0x00, 0x18, 0x60, 0x01,
    0xFE, 0x00, 0x13, 0x80, 0x01, 0x00, 0x00, 0x10, 0x00, 0x01, 0x00, 0x00, 0x00, 0x00, 0x00, 0x00,
    0x00, 0x00, 0x00, 0x00, 0x00, 0x00, 0x00, 0x00, 0x00, 0x10, 0x00, 0x0F, 0xC0, 0x01, 0x80, 0x00,
    0x30, 0x00, 0x03, 0x00, 0x00, 0x30, 0x00, 0x03, 0x00, 0x00, 0x30, 0x00, 0x03, 0x00, 0x00, 0x18,
    0x00, 0x00, 0xFC, 0x00, 0x03, 0x80, 0x00, 0x00, 0x00, 0x00, 0x00, 0x00, 0x00, 0x00, 0x00, 0x00,
    0x00, 0x00, 0x00, 0x00, 0x00, 0x00, 0x00, 0x00, 0x00, 0x00, 0x01, 0x9C, 0x00, 0x3F, 0xE0, 0x00,
    0x20, 0x00, 0x02, 0x00, 0x00, 0x20, 0x00, 0x02, 0x00, 0x00, 0x20, 0x00, 0x02, 0x00, 0x00, 0x20,
    0x00, 0x02, 0x00, 0x00, 0x60, 0x00, 0x02, 0x00, 0x00, 0x00, 0x00, 0x00, 0x00, 0x00, 0x00, 0x00,
    0x00, 0x00, 0x00, 0x00, 0x00, 0x00, 0x00, 0x00, 0x00, 0x00, 0x00, 0x00, 0x00, 0x00, 0x00, 0x30,
    0x20, 0x03, 0x06, 0x00, 0x10, 0x60, 0x01, 0x84, 0x00, 0x08, 0xC0, 0x00, 0xC8, 0x00, 0x0C, 0x80,
    0x00, 0x58, 0x00, 0x07, 0x00, 0x00, 0x30, 0x00, 0x03, 0x00, 0x00, 0x20, 0x00, 0x06, 0x00, 0x00,
    0x40, 0x00, 0x00, 0x00, 0x00, 0x00, 0x00, 0x01, 0x80, 0x00, 0x18, 0x00, 0x01, 0x80, 0x00, 0x18,
    0x00, 0x0F, 0xF0, 0x01, 0x99, 0x80, 0x31, 0x88, 0x03, 0x18, 0xC0, 0x31, 0x8C, 0x03, 0x18, 0xC0,
    0x31, 0x8C, 0x03, 0x18, 0xC0, 0x19, 0x98, 0x00, 0xFF, 0x00, 0x03, 0xC0, 0x00, 0x18, 0x00, 0x01,
    0x80, 0x00, 0x18, 0x00, 0x00, 0x00, 0x00, 0x00, 0x00, 0x00, 0x00, 0x00, 0x00, 0x00, 0x00, 0x00,
    0x00, 0x00, 0x00, 0x30, 0xC0, 0x01, 0x08, 0x00, 0x19, 0x80, 0x00, 0xF0, 0x00, 0x06, 0x00, 0x00,
    0x60, 0x00, 0x0F, 0x00, 0x01, 0x98, 0x00, 0x10, 0x80, 0x03, 0x0C, 0x00, 0x20, 0x40, 0x00, 0x00,
    0x00, 0x00, 0x00, 0x00, 0x00, 0x00, 0x00, 0x00, 0x00, 0x00, 0x00, 0x00, 0x00, 0x00, 0x00, 0x00,
    0x00, 0x00, 0x00, 0x00, 0x00, 0x10, 0x20, 0x01, 0x02, 0x00, 0x10, 0x20, 0x01, 0x02, 0x00, 0x10,
    0x20, 0x01, 0x02, 0x00, 0x10, 0x20, 0x01, 0x02, 0x00, 0x10, 0x20, 0x01, 0xFF, 0x80, 0x1F, 0xF8,
    0x00, 0x01, 0x80, 0x00, 0x18, 0x00, 0x00, 0x00, 0x00, 0x00, 0x00, 0x00, 0x00, 0x00, 0x00, 0x00,
    0x00, 0x00, 0x00, 0x00, 0x00, 0x00, 0x00, 0x10, 0x20, 0x01, 0x02, 0x00, 0x10, 0x20, 0x01, 0x02,
    0x00, 0x18, 0x20, 0x00, 0xFE, 0x00, 0x03, 0x20, 0x00, 0x02, 0x00, 0x00, 0x20, 0x00, 0x02, 0x00,
    0x00, 0x20, 0x00, 0x00, 0x00, 0x00, 0x00, 0x00, 0x00, 0x00, 0x00, 0x00, 0x00, 0x00, 0x00, 0x00,
    0x00, 0x00, 0x00, 0x00, 0x00, 0x00, 0x00, 0x00, 0x00, 0x10, 0x61, 0x81, 0x06, 0x08, 0x10, 0x60,
    0x81, 0x06, 0x08, 0x10, 0x60, 0x81, 0x06, 0x08, 0x10, 0x60, 0x81, 0x06, 0x08, 0x10, 0x60, 0x81,
    0xFF, 0xF8, 0x1F, 0xFF, 0x80, 0x00, 0x00, 0x00, 0x00, 0x00, 0x00, 0x00, 0x00, 0x00, 0x00, 0x00,
    0x00, 0x00, 0x00, 0x00, 0x00, 0x00, 0x00, 0x00, 0x00, 0x00, 0x00, 0x10, 0x41, 0x81, 0x04, 0x18,
    0x10, 0x41, 0x81, 0x04, 0x18, 0x10, 0x41, 0x81, 0x04, 0x18, 0x10, 0x41, 0x81, 0x04, 0x18, 0x10,
    0x41, 0x81, 0xFF, 0xFC, 0x1F, 0xFF, 0xE0, 0x00, 0x06, 0x00, 0x00, 0x60, 0x00, 0x00, 0x00, 0x00,
    0x00, 0x00, 0x00, 0x00, 0x00, 0x00, 0x00, 0x00, 0x00, 0x00, 0x01, 0x80, 0x00, 0x3C, 0x00, 0x00,
    0x40, 0x00, 0x04, 0x00, 0x00, 0x60, 0x00, 0x07, 0xF0, 0x00, 0x61, 0x80, 0x04, 0x18, 0x00, 0x41,
    0x80, 0x04, 0x18, 0x00, 0x7F, 0x00, 0x07, 0xC0, 0x00, 0x00, 0x00, 0x00, 0x00, 0x00, 0x00, 0x00,
    0x00, 0x00, 0x00, 0x00, 0x00, 0x00, 0x00, 0x00, 0x00, 0x00, 0x00, 0x00, 0x00, 0x00, 0x00, 0x10,
    0x0C, 0x01, 0x00, 0xC0, 0x10, 0x0C, 0x01, 0x00, 0xC0, 0x1F, 0xCC, 0x01, 0x0E, 0xC0, 0x10, 0x6C,
    0x01, 0x06, 0xC0, 0x10, 0x6C, 0x01, 0xFC, 0xC0, 0x1F, 0x00, 0x00, 0x00, 0x00, 0x00, 0x00, 0x00,
    0x00, 0x00, 0x00, 0x00, 0x00, 0x00, 0x00, 0x00, 0x00, 0x00, 0x00, 0x00, 0x00, 0x00, 0x00, 0x00,
    0x00, 0x10, 0x00, 0x01, 0x00, 0x00, 0x10, 0x00, 0x01, 0x00, 0x00, 0x1F, 0xC0, 0x01, 0x0E, 0x00,
    0x10, 0x60, 0x01, 0x06, 0x00, 0x10, 0x60, 0x01, 0xFC, 0x00, 0x1F, 0x00, 0x00, 0x00, 0x00, 0x00,
    0x00, 0x00, 0x00, 0x00, 0x00, 0x00, 0x00, 0x00, 0x00, 0x00, 0x00, 0x00, 0x00, 0x00, 0x00, 0x00,
    0x00, 0x40, 0x00, 0x1F, 0x80, 0x00, 0x0C, 0x00, 0x00, 0x40, 0x00, 0x06, 0x00, 0x1F, 0xE0, 0x00,
    0x06, 0x00, 0x00, 0x60, 0x00, 0x04, 0x00, 0x00, 0xC0, 0x03, 0xF8, 0x00, 0x0E, 0x00, 0x00, 0x00,
    0x00, 0x00, 0x00, 0x00, 0x00, 0x00, 0x00, 0x00, 0x00, 0x00, 0x00, 0x00, 0x00, 0x00, 0x00, 0x00,
    0x00, 0x00, 0x00, 0x00, 0x00, 0x10, 0xFC, 0x01, 0x18, 0x60, 0x13, 0x02, 0x01, 0x30, 0x30, 0x1F,
    0x03, 0x01, 0x30, 0x30, 0x13, 0x03, 0x01, 0x10, 0x20, 0x11, 0x86, 0x01, 0x0F, 0xC0, 0x10, 0x30,
    0x00, 0x00, 0x00, 0x00, 0x00, 0x00, 0x00, 0x00, 0x00, 0x00, 0x00, 0x00, 0x00, 0x00, 0x00, 0x00,
    0x00, 0x00, 0x00, 0x00, 0x00, 0x3C, 0x00, 0x0F, 0xE0, 0x01, 0x82, 0x00, 0x10, 0x20, 0x01, 0x02,
    0x00, 0x18, 0x20, 0x00, 0xFE, 0x00, 0x07, 0xE0, 0x00, 0xC2, 0x00, 0x08, 0x20, 0x01, 0x82, 0x00,
    0x10, 0x20, 0x00, 0x00, 0x00, 0x00, 0x00, 0x00, 0x00, 0x00, 0x00, 0x00, 0x00, 0x00, 0x00, 0x0C,
    0x80, 0x00, 0xC8, 0x00, 0x00, 0x00, 0x00, 0x20, 0x00, 0x0F, 0x80, 0x01, 0x8C, 0x00, 0x30, 0x60,
    0x03, 0x06, 0x00, 0x3F, 0xE0, 0x03, 0x00, 0x00, 0x30, 0x00, 0x03, 0x00, 0x00, 0x18, 0x00, 0x00,
    0xFC, 0x00, 0x07, 0x80, 0x00, 0x00, 0x00, 0x00, 0x00, 0x00, 0x00, 0x00, 0x00, 0x00, 0x00, 0x00,
    0x00, 0x00, 0x00, 0x00, 0x00, 0x00, 0x00, 0x00, 0x00, 0x10, 0x00, 0x0F, 0xC0, 0x01, 0x80, 0x00,
    0x30, 0x00, 0x03, 0x00, 0x00, 0x3F, 0x80, 0x03, 0x00, 0x00, 0x30, 0x00, 0x03, 0x00, 0x00, 0x18,
    0x00, 0x00, 0xFC, 0x00, 0x03, 0x80, 0x00, 0x00, 0x00, 0x00, 0x00, 0x00, 0x00, 0x00, 0x00, 0x00,
    0x00, 0x00, 0x00, 0x10, 0x00, 0x01, 0x00, 0x00, 0x00, 0x00, 0x00, 0x00, 0x00, 0x18, 0x00, 0x01,
    0x00, 0x00, 0x10, 0x00, 0x01, 0x00, 0x00, 0x10, 0x00, 0x01, 0x00, 0x00, 0x10, 0x00, 0x01, 0x00,
    0x00, 0x10, 0x00, 0x01, 0x80, 0x00, 0x10, 0x00, 0x00, 0x00, 0x00, 0x00, 0x00, 0x00, 0x00, 0x00,
    0x00, 0x00, 0x00, 0x00, 0x00, 0x2C, 0x00, 0x02, 0x40, 0x00, 0x00, 0x00, 0x00, 0x00, 0x00, 0x18,
    0x00, 0x01, 0x00, 0x00, 0x10, 0x00, 0x01, 0x00, 0x00, 0x10, 0x00, 0x01, 0x00, 0x00, 0x10, 0x00,
    0x01, 0x00, 0x00, 0x10, 0x00, 0x01, 0x80, 0x00, 0x10, 0x00, 0x00, 0x00, 0x00, 0x00, 0x00, 0x00,
    0x00, 0x00, 0x00, 0x30, 0x00, 0x03, 0x00, 0x1F, 0xF0, 0x01, 0x80, 0x00, 0x18, 0x00, 0x01, 0x80,
    0x00, 0x18, 0x00, 0x01, 0x80, 0x00, 0x18, 0x00, 0x01, 0x80, 0x00, 0x18, 0x00, 0x01, 0x80, 0x00,
    0x18, 0x00, 0x01, 0x80, 0x00, 0x18, 0x00, 0x01, 0x80, 0x00, 0x08, 0x00, 0x00, 0x00, 0x00, 0x00,
    0x00, 0x00, 0x00, 0x00, 0x00, 0x00, 0x00, 0x00, 0x00, 0x00, 0x00, 0x00, 0x08, 0x00, 0x00, 0x80,
    0x00, 0xF8, 0x00, 0x1F, 0x80, 0x01, 0x00, 0x00, 0x10, 0x00, 0x01, 0x00, 0x00, 0x10, 0x00, 0x01,
    0x00, 0x00, 0x10, 0x00, 0x01, 0x00, 0x00, 0x10, 0x00, 0x01, 0x00, 0x00, 0x10, 0x00, 0x00, 0x00,
    0x00, 0x00, 0x00, 0x00, 0x00, 0x00, 0x00, 0x00, 0x00, 0x00, 0x00, 0x00, 0x00, 0x00, 0x00, 0x00,
    0x00, 0x00, 0x00, 0x00, 0x00, 0x00, 0x00, 0x00, 0x00, 0x00, 0x00, 0x00, 0x00, 0x00, 0x00, 0x3F,
    0xC0, 0x03, 0xFE, 0x00, 0x00, 0x00, 0x00, 0x00, 0x00, 0x00, 0x00, 0x00, 0x00, 0x00, 0x00, 0x00,
    0x00, 0x00, 0x00, 0x00, 0x00, 0x00, 0x00, 0x00, 0x00, 0x00, 0x00, 0x00, 0x00, 0x00, 0x00, 0x00,
    0x00, 0x00, 0x00, 0x00, 0x00, 0x00, 0x00, 0x00, 0x00, 0x00, 0x00, 0x00, 0x00, 0x00, 0x00, 0x00,
    0x00, 0x3F, 0xFF, 0xF3, 0xFF, 0xFF, 0x00, 0x00, 0x00, 0x00, 0x00, 0x00, 0x00, 0x00, 0x00, 0x00,
    0x00, 0x00, 0x00, 0x00, 0x00, 0x00, 0x00, 0x00, 0x00, 0x00, 0x00, 0x00, 0x00, 0x00, 0x00, 0x00,
    0x00, 0x00, 0x00, 0x00, 0x00, 0x00, 0x00, 0x00, 0x00, 0x00, 0x00, 0x00, 0x00, 0x00, 0x00, 0x00,
    0x00, 0x00, 0x00, 0x00, 0x00, 0x00, 0x00, 0x00, 0x00, 0x00, 0x00, 0x00, 0x00, 0x10, 0x84, 0x01,
    0x8C, 0x60, 0x10, 0x84, 0x00, 0x00, 0x00, 0x00, 0x00, 0x00, 0x00, 0x00, 0x00, 0x00, 0x00, 0x00,
    0x00, 0x01, 0xF0, 0x00, 0x73, 0x00, 0x06, 0x00, 0x00, 0xC0, 0x00, 0x0C, 0x00, 0x03, 0xFC, 0x00,
    0x18, 0x00, 0x00, 0x80, 0x00, 0x3F, 0xC0, 0x00, 0xC0, 0x00, 0x0C, 0x00, 0x00, 0xC0, 0x00, 0x06,
    0x00, 0x00, 0x3F, 0x00, 0x00, 0xE0, 0x00, 0x00, 0x00, 0x00, 0x00, 0x00, 0x00, 0x00, 0x00, 0x00,
    0x00, 0x00, 0x00, 0x18, 0x08, 0x01, 0xC0, 0x80, 0x1C, 0x08, 0x01, 0xE0, 0x80, 0x1A, 0x08, 0x01,
    0xB0, 0x8F, 0x19, 0x89, 0x91, 0x98, 0x91, 0x18, 0xC9, 0x01, 0x84, 0x91, 0x18, 0x69, 0xB1, 0x83,
    0x8F, 0x18, 0x38, 0x01, 0x81, 0x9F, 0x00, 0x08, 0xF0, 0x00, 0x00, 0x00, 0x00, 0x00, 0x00, 0x00,
    0x00, 0x00, 0x00, 0x00, 0x00, 0x7F, 0x84, 0x01, 0x98, 0xC0, 0x19, 0xCE, 0x01, 0x9D, 0xE0, 0x19,
    0x56, 0x01, 0x97, 0x60, 0x19, 0x36, 0x00, 0x00, 0x00, 0x00, 0x00, 0x00, 0x00, 0x00, 0x00, 0x00,
    0x00, 0x00, 0x00, 0x00, 0x00, 0x00, 0x00, 0x00, 0x00, 0x00, 0x00, 0x00, 0x00, 0x00, 0x00, 0x00,
    0x00, 0x00, 0x00, 0x00, 0x00, 0x00, 0x00, 0x00, 0x00, 0x00, 0x00, 0x00, 0x00, 0x00, 0x00, 0x00,
    0x00, 0x00, 0x00, 0x00, 0x00, 0x00, 0x00, 0x00, 0x00, 0x00, 0x00, 0x00, 0x00, 0x00, 0x00, 0x00,
    0x00, 0x00, 0x00, 0x00, 0x00, 0x00, 0x00, 0x00, 0x00, 0x00, 0x00, 0x00, 0x00, 0x00, 0x00, 0x00,
    0x00, 0x00, 0x00, 0x00, 0x00, 0x00, 0x00, 0x00, 0x00, 0x00, 0x00, 0x00, 0x00, 0x00, 0x00, 0x00,
    0x00, 0x00, 0x00, 0x00, 0x00, 0x00, 0x00, 0x00, 0x00, 0x00, 0x00, 0x00, 0x00, 0x00, 0x00, 0x00,
    0x00, 0x00, 0x18, 0x00, 0x01, 0xC0, 0x00, 0x0E, 0x00, 0x00, 0x70, 0x00, 0x03, 0x00, 0x00, 0x00,
    0x00, 0x00, 0x00, 0x00, 0x00, 0x00, 0x00, 0x00, 0x00, 0x00, 0x00, 0x00, 0x00, 0x00, 0x00, 0x00,
    0x00, 0x00, 0x00, 0x00, 0x00, 0x00, 0x00, 0x00, 0x00, 0x00, 0x00, 0x00, 0x00, 0x00, 0x00, 0x00,
    0x00, 0x00, 0xC0, 0x00, 0x1F, 0x00, 0x03, 0x10, 0x00, 0x21, 0x00, 0x03, 0x10, 0x00, 0x3B, 0x00,
    0x01, 0xE0, 0x00, 0x00, 0x00, 0x00, 0x00, 0x00, 0x00, 0x00, 0x00, 0x00, 0x00, 0x00, 0x00, 0x00,
    0x00, 0x00, 0x00, 0x61, 0x80, 0x0E, 0x38, 0x00, 0xC3, 0x00, 0x0C, 0x30, 0x00, 0xC6, 0x00, 0x18,
    0x60, 0x01, 0x84, 0x00, 0x30, 0xC0, 0x03, 0x0C, 0x00, 0x20, 0x80, 0x00, 0x00, 0x00, 0x00, 0x00,
    0x00, 0x00, 0x00, 0x00, 0x00, 0x00, 0x00, 0x00, 0x00, 0x00, 0x01, 0xE0, 0x00, 0x30, 0x18, 0x0E,
    0x01, 0xC0, 0x80, 0x1A, 0x18, 0x01, 0xB1, 0x01, 0x19, 0x30, 0x1B, 0x13, 0x03, 0xE1, 0x20, 0x10,
    0x02, 0x07, 0x01, 0x30, 0xF0, 0x13, 0x1B, 0x01, 0x11, 0x80, 0x31, 0x8C, 0x03, 0x0C, 0x40, 0x60,
    0x64, 0x1C, 0x03, 0xCF, 0x80, 0x01, 0xE0, 0x00, 0x00, 0x00, 0x00, 0x00, 0x00, 0x00, 0x00, 0x06,
    0x00, 0x00, 0x60, 0x00, 0x06, 0x00, 0x00, 0xC0, 0x00, 0x0F, 0xFC, 0x01, 0xFF, 0xC0, 0x18, 0x1C,
    0x03, 0x01, 0x80, 0x70, 0x38, 0x0E, 0x03, 0x00, 0xCE, 0x60, 0x08, 0x7E, 0x00, 0x01, 0xC0, 0x00,
    0x0F, 0x00, 0x00, 0x38, 0x00, 0x01, 0x00, 0x00, 0x00, 0x00, 0x00, 0x00, 0x00, 0x00, 0x00, 0x00,
    0x00, 0x00, 0x06, 0x00, 0x00, 0xC0, 0x00, 0x1C, 0x01, 0x83, 0x80, 0x1C, 0x30, 0x00, 0xF6, 0x00,
    0x03, 0xC0, 0x00, 0x1E, 0x00, 0x03, 0xF0, 0x00, 0x33, 0x80, 0x46, 0x1C, 0x06, 0xE0, 0xC0, 0x7C,
    0x00, 0x07, 0x80, 0x00, 0x70, 0x00, 0x07, 0x00, 0x00, 0x60, 0x00, 0x00, 0x00, 0x00, 0x00, 0x00,
    0x01, 0xFE, 0x00, 0x3F, 0xF8, 0x07, 0x01, 0xC0, 0xC0, 0x0E, 0x18, 0x00, 0x61, 0x80, 0x03, 0x30,
    0x00, 0x33, 0x00, 0x03, 0x30, 0x00, 0x33, 0x00, 0x03, 0x30, 0x00, 0x33, 0x00, 0x03, 0x18, 0x00,
    0x71, 0xC0, 0x06, 0x0E, 0x00, 0xC0, 0x70, 0x38, 0x03, 0xFF, 0x00, 0x0F, 0xC0, 0x00, 0x00, 0x00,
    0x00, 0x00, 0x00, 0x00, 0x30, 0x00, 0x03, 0x00, 0x00, 0x60, 0x00, 0x0C, 0x00, 0x00, 0xC0, 0x00,
    0x18, 0x00, 0x03, 0x00, 0x00, 0x30, 0x00, 0x06, 0x00, 0x00, 0x60, 0x00, 0x03, 0x00, 0x00, 0x18,
    0x00, 0x01, 0x80, 0x00, 0x0C, 0x00, 0x00, 0x60, 0x00, 0x06, 0x00, 0x00, 0x30, 0x00, 0x03, 0x00,
    0x00, 0x00, 0x00, 0x00, 0x18, 0x00, 0x01, 0x80, 0x00, 0x0C, 0x00, 0x00, 0xC0, 0x00, 0x06, 0x00,
    0x00, 0x30, 0x00, 0x03, 0x00, 0x00, 0x18, 0x00, 0x00, 0xC0, 0x00, 0x18, 0x00, 0x01, 0x80, 0x00,
    0x30, 0x00, 0x03, 0x00, 0x00, 0x60, 0x00, 0x0C, 0x00, 0x00, 0xC0, 0x00, 0x18, 0x00, 0x01, 0x00,
    0x00, 0x00, 0x00, 0x00, 0x00, 0x00, 0x00, 0x00, 0x90, 0x00, 0x1B, 0x00, 0x01, 0x30, 0x00, 0x36,
    0x00, 0x03, 0x60, 0x00, 0x64, 0x00, 0x06, 0xC0, 0x00, 0xC8, 0x00, 0x0D, 0x80, 0x00, 0xD8, 0x00,
    0x04, 0x80, 0x00, 0x6C, 0x00, 0x02, 0x40, 0x00, 0x36, 0x00, 0x03, 0x20, 0x00, 0x1B, 0x00, 0x01,
    0x90, 0x00, 0x0D, 0x00, 0x00, 0x00, 0x00, 0x00, 0x36, 0x00, 0x01, 0x30, 0x00, 0x1B, 0x00, 0x00,
    0x98, 0x00, 0x0D, 0x80, 0x00, 0x48, 0x00, 0x06, 0xC0, 0x00, 0x24, 0x00, 0x03, 0x60, 0x00, 0x36,
    0x00, 0x06, 0x40, 0x00, 0x6C, 0x00, 0x0C, 0x80, 0x00, 0xD8, 0x00, 0x09, 0x00, 0x01, 0xB0, 0x00,
    0x12, 0x00, 0x03, 0x60, 0x00, 0x00, 0x00, 0x00, 0x00, 0x00, 0x00, 0x03, 0xF0, 0x00, 0x30, 0x00,
    0x03, 0x00, 0x00, 0x30, 0x00, 0x03, 0x00, 0x00, 0x30, 0x00, 0x03, 0x00, 0x00, 0x30, 0x00, 0x03,
    0x00, 0x00, 0x30, 0x00, 0x03, 0x00, 0x00, 0x30, 0x00, 0x00, 0x00, 0x00, 0x00, 0x00, 0x00, 0x00,
    0x00, 0x00, 0x00, 0x00, 0x00, 0x00, 0x00, 0x00, 0x00, 0x00, 0x00, 0x00, 0x00, 0x00, 0x00, 0x00,
    0x00, 0x00, 0x00, 0x00, 0x00, 0x00, 0x00, 0x00, 0x00, 0x18, 0x00, 0x01, 0x80, 0x00, 0x18, 0x00,
    0x01, 0x80, 0x00, 0x18, 0x00, 0x01, 0x80, 0x00, 0x18, 0x00, 0x01, 0x80, 0x00, 0x18, 0x00, 0x01,
    0x80, 0x00, 0x18, 0x00, 0x3F, 0x80, 0x03, 0xF8, 0x00, 0x00, 0x00, 0x00, 0x00, 0x00, 0x00, 0x06,
    0x00, 0x00, 0x60, 0x00, 0x06, 0xF0, 0x00, 0x68, 0x00, 0x06, 0x80, 0x00, 0x68, 0x00, 0x06, 0x80,
    0x00, 0x68, 0x00, 0x06, 0x80, 0x00, 0x68, 0x00, 0x06, 0x80, 0x00, 0x68, 0x00, 0x07, 0x80, 0x00,
    0x00, 0x00, 0x00, 0x00, 0x00, 0x00, 0x00, 0x00, 0x00, 0x00, 0x00, 0x00, 0x00, 0x00, 0x00, 0x00,
    0x00, 0x00, 0x00, 0x00, 0x00, 0x00, 0x00, 0x00, 0x00, 0x00, 0x00, 0x00, 0x00, 0x38, 0x00, 0x06,
    0xC0, 0x00, 0x6C, 0x00, 0x06, 0xC0, 0x00, 0x6C, 0x00, 0x06, 0xC0, 0x00, 0x6C, 0x00, 0x06, 0xC0,
    0x00, 0x2C, 0x00, 0x06, 0xC0, 0x03, 0xEC, 0x00, 0x20, 0xC0, 0x03, 0xF8, 0x00, 0x00, 0x00, 0x00,
    0x00, 0x00, 0x00, 0x01, 0xF0, 0x00, 0x1E, 0x00, 0x01, 0xE0, 0x00, 0x1C, 0x00, 0x01, 0xC0, 0x00,
    0x1C, 0x00, 0x01, 0x80, 0x00, 0x18, 0x00, 0x01, 0x80, 0x00, 0x18, 0x00, 0x01, 0x80, 0x00, 0x1C,
    0x00, 0x01, 0xC0, 0x00, 0x1C, 0x00, 0x01, 0xE0, 0x00, 0x1E, 0x00, 0x01, 0xF0, 0x00, 0x1F, 0x00,
    0x00, 0x00, 0x00, 0x00, 0x1F, 0x00, 0x00, 0xF0, 0x00, 0x0F, 0x00, 0x00, 0x70, 0x00, 0x07, 0x00,
    0x00, 0x70, 0x00, 0x07, 0x00, 0x00, 0x30, 0x00, 0x03, 0x00, 0x00, 0x30, 0x00, 0x03, 0x00, 0x00,
    0x70, 0x00, 0x07, 0x00, 0x00, 0x70, 0x00, 0x0F, 0x00, 0x00, 0xF0, 0x00, 0x1F, 0x00, 0x03, 0xF0,
    0x00, 0x00, 0x00, 0x00, 0x00, 0x00, 0x00, 0x00, 0x00, 0x00, 0x00, 0x07, 0xFF, 0xE0, 0x7F, 0xFC,
    0x00, 0x00, 0x00, 0x00, 0x00, 0x07, 0xFF, 0xC0, 0x7F, 0xFE, 0x00, 0x18, 0x00, 0x01, 0x80, 0x00,
    0x18, 0x00, 0x01, 0x80, 0x00, 0x18, 0x00, 0x01, 0x80, 0x00, 0x18, 0x00, 0x01, 0x80, 0x00, 0x00,
    0x00, 0x00, 0x00, 0x00, 0x00, 0x00, 0x00, 0x00, 0x00, 0x00, 0x01, 0xFF, 0xFF, 0x1F, 0xFF, 0xF1,
    0xFF, 0xFF, 0x1F, 0xFF, 0xF1, 0xFF, 0xFF, 0x1F, 0xFF, 0xE0, 0x00, 0x00, 0x00, 0x00, 0x00, 0x00,
    0x00, 0x00, 0x00, 0x01, 0xFF, 0xFF, 0x1F, 0xFF, 0xF1, 0xFF, 0xFF, 0x1F, 0xFF, 0xF1, 0xFF, 0xFF,
    0x1F, 0xFF, 0xE0, 0x00, 0x00, 0x00, 0x00, 0x00, 0x00, 0x00, 0x00, 0x00, 0x30, 0x00, 0x0E, 0x00,
    0x00, 0xC0, 0x00, 0x08, 0x00, 0x00, 0x80, 0x00, 0x08, 0x00, 0x00, 0x80, 0x00, 0x08, 0x00, 0x00,
    0x80, 0x00, 0x08, 0x00, 0x00, 0x80, 0x00, 0x08, 0x00, 0x00, 0x80, 0x00, 0x08, 0x00, 0x00, 0x80,
    0x00, 0x0C, 0x00, 0x00, 0x70, 0x00, 0x03, 0x00, 0x00, 0x00, 0x00, 0x00, 0x38, 0x00, 0x00, 0xE0,
    0x00, 0x06, 0x00, 0x00, 0x20, 0x00, 0x02, 0x00, 0x00, 0x20, 0x00, 0x02, 0x00, 0x00, 0x20, 0x00,
    0x02, 0x00, 0x00, 0x20, 0x00, 0x02, 0x00, 0x00, 0x20, 0x00, 0x02, 0x00, 0x00, 0x20, 0x00, 0x02,
    0x00, 0x00, 0x60, 0x00, 0x1C, 0x00, 0x03, 0x80, 0x00, 0x00, 0x00, 0x00, 0x00, 0x00, 0x00, 0x04,
    0x30, 0x00, 0x46, 0x00, 0x04, 0x40, 0x00, 0x48, 0x00, 0x04, 0x80, 0x00, 0x50, 0x00, 0x07, 0x00,
    0x00, 0x70, 0x00, 0x07, 0x00, 0x00, 0x70, 0x00, 0x07, 0x00, 0x00, 0x50, 0x00, 0x04, 0x00, 0x00,
    0x48, 0x00, 0x04, 0x80, 0x00, 0x44, 0x00, 0x04, 0x20, 0x00, 0x3F, 0x00, 0x00, 0x00, 0x00, 0x00,
    0x10, 0x80, 0x00, 0x88, 0x00, 0x04, 0x80, 0x00, 0x28, 0x00, 0x02, 0x00, 0x00, 0x18, 0x00, 0x01,
    0x80, 0x00, 0x18, 0x00, 0x01, 0x80, 0x00, 0x18, 0x00, 0x01, 0x80, 0x00, 0x18, 0x00, 0x02, 0x00,
    0x00, 0x20, 0x00, 0x06, 0x80, 0x00, 0x48, 0x00, 0x18, 0x80, 0x03, 0xF8, 0x00, 0x00, 0x00, 0x00,
    0x00, 0x00, 0x00, 0x00, 0xF0, 0x00, 0x19, 0x00, 0x02, 0x30, 0x00, 0x2C, 0x00, 0x02, 0x80, 0x00,
    0x28, 0x00, 0x02, 0x80, 0x00, 0x28, 0x00, 0x02, 0x80, 0x00, 0x28, 0x00, 0x02, 0x80, 0x00, 0x28,
    0x00, 0x02, 0x80, 0x00, 0x28, 0x00, 0x02, 0x60, 0x00, 0x33, 0x00, 0x01, 0x90, 0x00, 0x07, 0x00,
    0x00, 0x20, 0x00, 0x00, 0x3C, 0x00, 0x02, 0x60, 0x00, 0x19, 0x00, 0x00, 0xD0, 0x00, 0x05, 0x00,
    0x00, 0x50, 0x00, 0x05, 0x00, 0x00, 0x50, 0x00, 0x05, 0x00, 0x00, 0x50, 0x00, 0x05, 0x00, 0x00,
    0x50, 0x00, 0x05, 0x00, 0x00, 0x50, 0x00, 0x0D, 0x00, 0x03, 0x30, 0x00, 0x26, 0x00, 0x03, 0x80,
    0x00, 0x10, 0x00, 0x00, 0x00, 0x00, 0x00, 0x01, 0xF0, 0x00, 0x1A, 0x00, 0x01, 0xA0, 0x00, 0x1A,
    0x00, 0x01, 0xA0, 0x00, 0x1A, 0x00, 0x01, 0xA0, 0x00, 0x1A, 0x00, 0x01, 0xA0, 0x00, 0x1A, 0x00,
    0x01, 0xA0, 0x00, 0x1A, 0x00, 0x01, 0xA0, 0x00, 0x1A, 0x00, 0x01, 0xA0, 0x00, 0x1A, 0x00, 0x01,
    0xF0, 0x00, 0x1F, 0x00, 0x00, 0x00, 0x00, 0x00, 0x3F, 0x00, 0x00, 0xB0, 0x00, 0x0B, 0x00, 0x00,
    0xB0, 0x00, 0x0B, 0x00, 0x00, 0xB0, 0x00, 0x0B, 0x00, 0x00, 0xB0, 0x00, 0x0B, 0x00, 0x00, 0xB0,
    0x00, 0x0B, 0x00, 0x00, 0xB0, 0x00, 0x0B, 0x00, 0x00, 0xB0, 0x00, 0x0B, 0x00, 0x00, 0xB0, 0x00,
    0x1B, 0x00, 0x03, 0xF0, 0x00, 0x00, 0x00, 0x00, 0x00, 0x00, 0x00, 0x00, 0x00, 0x00, 0x00, 0x00,
    0x00, 0x00, 0x00, 0x00, 0x00, 0x00, 0x00, 0x00, 0x00, 0x07, 0xC0, 0x00, 0xFE, 0x01, 0x1C, 0x70,
    0x33, 0x81, 0xC7, 0x00, 0x0F, 0xE0, 0x00, 0x38, 0x00, 0x00, 0x00, 0x00, 0x00, 0x00, 0x00, 0x00,
    0x00, 0x00, 0x00, 0x00, 0x00, 0x00, 0x00, 0x00, 0x00, 0x00, 0x00, 0x00, 0x00, 0x01, 0xC0, 0x00,
    0x1E, 0x00, 0x00, 0x70, 0x00, 0x19, 0x00, 0x01, 0xC0, 0x00, 0x0E, 0x00, 0x00, 0x30, 0x00, 0x00,
    0x00, 0x00, 0x00, 0x00, 0x00, 0x00, 0x00, 0x00, 0x00, 0x00, 0x00, 0x00, 0x00, 0x00, 0x00, 0x00,
    0x00, 0x00, 0x00, 0x00, 0x00, 0x00, 0x00, 0x00, 0x00, 0x00, 0x00, 0x00, 0x00, 0x00, 0x07, 0x00,
    0x00, 0xE0, 0x00, 0x18, 0x00, 0x01, 0x20, 0x00, 0x07, 0x00, 0x00, 0xE0, 0x00, 0x18, 0x00, 0x00,
    0x00, 0x00, 0x00, 0x00, 0x00, 0x00, 0x00, 0x00, 0x00, 0x00, 0x00, 0x00, 0x00, 0x00, 0x00, 0x00,
    0x00, 0x00, 0x00, 0x00, 0x00, 0x00, 0x00, 0x00, 0x00, 0x00, 0x00, 0x00, 0x00, 0x00, 0x00, 0x00,
    0x00, 0x00, 0x00, 0x00, 0x00, 0x00, 0x00, 0x00, 0x00, 0x00, 0x00, 0x00, 0x00, 0x00, 0x00, 0x00,
    0x00, 0x00, 0x00, 0x00, 0x00, 0x00, 0x00, 0x00, 0x00, 0x10, 0x00, 0x01, 0xC0, 0x00, 0x0E, 0x00,
    0x00, 0x70, 0x00, 0x10, 0x00, 0x01, 0xC0, 0x00, 0x0F, 0x00, 0x00, 0x30, 0x00, 0x00, 0x00, 0x00,
    0x00, 0x00, 0x00, 0x00, 0x00, 0x00, 0x00, 0x0F, 0xFF, 0xE0, 0xFF, 0xFC, 0x00, 0x00, 0x00, 0xFF,
    0xFE, 0x0F, 0xFF, 0xC1, 0x33, 0x9B, 0x27, 0xBB, 0xC2, 0x4B, 0xAC, 0x37, 0xBB, 0x91, 0xB3, 0x13,
    0x09, 0x82, 0x20, 0x4C, 0x64, 0x06, 0x7C, 0x80, 0x1F, 0xF0, 0x00, 0x78, 0x00, 0x00, 0x00, 0x00,
    0x00, 0x00, 0x00, 0x00, 0x00, 0x30, 0x00, 0x03, 0x00, 0x00, 0x30, 0x00, 0x03, 0x00, 0x00, 0x30,
    0x00, 0x03, 0x00, 0x00, 0x30, 0x00, 0x03, 0x00, 0x00, 0x30, 0x00, 0x03, 0x00, 0x00, 0x30, 0x00,
    0x03, 0x00, 0x00, 0x30, 0x00, 0x03, 0x00, 0x00, 0x30, 0x00, 0x03, 0x00, 0x00, 0x30, 0x00, 0x00,
    0x00, 0x00, 0x00, 0x00, 0x00, 0x00, 0x00, 0x06, 0x00, 0x00, 0x60, 0x00, 0x86, 0x00, 0x0C, 0x60,
    0x00, 0xC6, 0x00, 0x0C, 0x60, 0x00, 0xC6, 0x00, 0x0C, 0x60, 0x00, 0xC6, 0x00, 0x0C, 0x60, 0x00,
    0xC6, 0x00, 0x0C, 0x60, 0x00, 0xC6, 0x00, 0x0C, 0x60, 0x00, 0x86, 0x00, 0x00, 0x60, 0x00, 0x06,
    0x00, 0x00, 0x00, 0x00, 0x00, 0x00, 0x00, 0x00, 0x00, 0x00, 0xC0, 0x20, 0x0C, 0x02, 0x00, 0xC0,
    0x21, 0x0C, 0x02, 0x10, 0xC0, 0x21, 0x0C, 0x02, 0x10, 0xC0, 0x21, 0x0C, 0x02, 0x10, 0xC0, 0x21,
    0x0C, 0x02, 0x10, 0xC0, 0x21, 0x0C, 0x02, 0x10, 0xC0, 0x21, 0x0C, 0x02, 0x00, 0xC0, 0x20, 0x0C,
    0x00, 0x00, 0xC0, 0x00, 0x0C, 0x00, 0x00, 0x00, 0x00, 0x00, 0x00, 0x00, 0x00, 0x00, 0x0C, 0x01,
    0x01, 0xC0, 0x38, 0x18, 0x01, 0xC1, 0x80, 0x0E, 0x38, 0x00, 0x73, 0x00, 0x03, 0xF0, 0x00, 0x1E,
    0x00, 0x00, 0xE0, 0x00, 0x1F, 0x00, 0x03, 0xB8, 0x00, 0x71, 0xC0, 0x1E, 0x0C, 0x07, 0xC0, 0xE0,
    0xF0, 0x06, 0x0C, 0x00, 0x00, 0x00, 0x00, 0x00, 0x00, 0x00, 0x00, 0x00, 0x00, 0x00, 0x00, 0x0C,
    0x00, 0x00, 0xC6, 0x00, 0x1C, 0x70, 0x01, 0x83, 0x00, 0x18, 0x30, 0x03, 0xC6, 0x00, 0x0F, 0xE0,
    0x00, 0x7C, 0x00, 0x0E, 0xE0, 0x01, 0x83, 0x00, 0x30, 0x18, 0x03, 0x01, 0x80, 0x30, 0x18, 0x01,
    0x83, 0x00, 0x1E, 0xF0, 0x00, 0x7C, 0x00, 0x00, 0x00, 0x00, 0x00, 0x00, 0x00, 0x00, 0x00, 0x00,
    0x00, 0x01, 0x00, 0x00, 0x10, 0x00, 0x01, 0x00, 0x00, 0x10, 0x00, 0x00, 0x00, 0x1F, 0xFF, 0xF0,
    0x00, 0x00, 0x00, 0x00, 0x00, 0x00, 0x00, 0x00, 0x00, 0x00, 0x00, 0x00, 0x00, 0x00, 0x00, 0x00,
    0x00, 0x00, 0x00, 0x00, 0x00, 0x00, 0x00, 0x00, 0x00, 0x00, 0x00, 0x00, 0x00, 0x00, 0x00, 0x00,
    0x00, 0x00, 0x00, 0x01, 0x00, 0x00, 0x10, 0x00, 0x01, 0x00, 0x00, 0x10, 0x00, 0x00, 0x00, 0x1F,
    0xFF, 0xF0, 0x00, 0x00, 0x00, 0x00, 0x00, 0x00, 0x00, 0x00, 0x00, 0x00, 0x3F, 0xF8, 0x03, 0xFF,
    0x80, 0x00, 0x00, 0x00, 0x00, 0x00, 0x00, 0x00, 0x00, 0x00, 0x00, 0x00, 0x00, 0x00, 0x00, 0x00,
    0x00, 0x00, 0x00, 0x10, 0x00, 0x03, 0x00, 0x00, 0x30, 0x00, 0x03, 0x00, 0x00, 0x10, 0x01, 0xFF,
    0xFF, 0x1F, 0xFF, 0xF0, 0x00, 0x00, 0x00, 0x00, 0x00, 0x3F, 0xF8, 0x03, 0xFF, 0x80, 0x00, 0x00,
    0x00, 0x00, 0x00, 0x00, 0x00, 0x00, 0x00, 0x01, 0xFF, 0xFF, 0x1F, 0xFF, 0xF0, 0x00, 0x00, 0x00,
    0x00, 0x00, 0x00, 0x00, 0x00, 0x10, 0x00, 0x01, 0x00, 0x00, 0x10, 0x00, 0x7F, 0xF8, 0x07, 0xFF,
    0xC0, 0x00, 0x18, 0x02, 0x01, 0x80, 0x70, 0x30, 0x03, 0x83, 0x00, 0x1C, 0x60, 0x00, 0xEE, 0x00,
    0x07, 0xC0, 0x00, 0x3C, 0x00, 0x0F, 0xE0, 0x03, 0xC7, 0x80, 0xF8, 0x1E, 0x1E, 0x00, 0x60, 0x00,
    0x00, 0x00, 0x00, 0x00, 0x00, 0x00, 0x01, 0xB4, 0x00, 0x18, 0x58, 0x06, 0x01, 0x00, 0x40, 0x06,
    0x18, 0x00, 0x00, 0x00, 0x03, 0x20, 0x00, 0x13, 0x00, 0x00, 0x00, 0x00, 0x13, 0x00, 0x00, 0x30,
    0x00, 0x00, 0x00, 0x03, 0x18, 0x00, 0x01, 0x80, 0x04, 0x04, 0x00, 0x60, 0x40, 0x18, 0x01, 0xA5,
    0x00, 0x02, 0x40, 0x10, 0x00, 0x07, 0x80, 0x00, 0x01, 0xB4, 0x00, 0x18, 0x58, 0x06, 0x01, 0x00,
    0x40, 0x06, 0x18, 0x00, 0x00, 0x00, 0x03, 0x20, 0x00, 0x13, 0x00, 0x00, 0x00, 0x00, 0x13, 0x00,
    0x00, 0x30, 0x00, 0x00, 0x00, 0x03, 0x18, 0x00, 0x01, 0x80, 0x04, 0x04, 0x00, 0x60, 0x40, 0x18,
    0x01, 0xA5, 0x00, 0x02, 0x40, 0x00, 0x00, 0x00, 0x00, 0x00, 0x01, 0xB4, 0x00, 0x18, 0x58, 0x06,
    0x01, 0x00, 0x40, 0x06, 0x18, 0x00, 0x00, 0x00, 0x03, 0x20, 0x00, 0x13, 0x00, 0x00, 0x00, 0x00,
    0x13, 0x00, 0x00, 0x30, 0x00, 0x00, 0x00, 0x03, 0x18, 0x00, 0x01, 0x80, 0x04, 0x04, 0x00, 0x60,
    0x40, 0x18, 0x01, 0xA5, 0x00, 0x02, 0x40, 0x00, 0x00, 0x00, 0x00, 0x00, 0x01, 0xB4, 0x00, 0x18,
    0x58, 0x06, 0x01, 0x00, 0x40, 0x06, 0x18, 0x00, 0x00, 0x00, 0x03, 0x20, 0x00, 0x13, 0x00, 0x00,
    0x00, 0x00, 0x13, 0x00, 0x00, 0x30, 0x00, 0x00, 0x00, 0x03, 0x18, 0x00, 0x01, 0x80, 0x04, 0x04,
    0x00, 0x60, 0x40, 0x18, 0x01, 0xA5, 0x00, 0x02, 0x40, 0x00, 0x00, 0x10, 0x00, 0x03, 0x01, 0xB4,
    0x00, 0x18, 0x58, 0x06, 0x01, 0x00, 0x40, 0x06, 0x18, 0x00, 0x00, 0x00, 0x03, 0x20, 0x00, 0x13,
    0x00, 0x00, 0x00, 0x00, 0x13, 0x00, 0x00, 0x30, 0x00, 0x00, 0x00, 0x03, 0x18, 0x00, 0x01, 0x80,
    0x04, 0x04, 0x00, 0x60, 0x40, 0x18, 0x01, 0xA5, 0x00, 0x02, 0x40, 0x00, 0x00, 0x00, 0x00, 0x00,
    0x01, 0xB4, 0x00, 0x18, 0x58, 0x06, 0x01, 0x00, 0x40, 0x06, 0x18, 0x00, 0x00, 0x00, 0x03, 0x20,
    0x00, 0x13, 0x00, 0x00, 0x00, 0x00, 0x13, 0x00, 0x00, 0x30, 0x00, 0x00, 0x00, 0x03, 0x18, 0x00,
    0x01, 0x80, 0x04, 0x04, 0x00, 0x60, 0x40, 0x18, 0x01, 0xA5, 0x00, 0x02, 0x40, 0x00, 0x00, 0x00,
    0x00, 0x00, 0x00, 0x00, 0x00, 0x00, 0x00, 0x00, 0x00, 0x00, 0x00, 0x00, 0x00, 0x00, 0x00, 0x00,
    0x00, 0x60, 0x78, 0x03, 0x06, 0xC1, 0x18, 0xC6, 0x31, 0x88, 0x62, 0x0F, 0x83, 0xE0, 0x60, 0x18,
    0x00, 0x00, 0x00, 0x00, 0x00, 0x00, 0x00, 0x00, 0x00, 0x00, 0x00, 0x00, 0x00, 0x00, 0x00, 0x00,
    0x00, 0x00, 0x00, 0x00, 0x00, 0xC0, 0x00, 0x18, 0x00, 0x01, 0x80, 0x00, 0x30, 0x00, 0x03, 0x00,
    0x00, 0x60, 0x00, 0x06, 0x00, 0x00, 0x60, 0x00, 0x06, 0x00, 0x00, 0x60, 0x00, 0x03, 0x00, 0x00,
    0x30, 0x00, 0x01, 0x80, 0x00, 0x18, 0x00, 0x00, 0xC0, 0x00, 0x0E, 0x00, 0x00, 0x60, 0x00, 0x07,
    0x00, 0x00, 0x30, 0x00, 0x03, 0x80, 0x00, 0xC2, 0x40, 0x18, 0x30, 0x01, 0x80, 0x00, 0x30, 0x00,
    0x03, 0x00, 0x00, 0x60, 0x00, 0x06, 0x00, 0x00, 0x60, 0x00, 0x06, 0x00, 0x00, 0x60, 0x00, 0x03,
    0x00, 0x00, 0x30, 0x00, 0x01, 0x80, 0x00, 0x18, 0x00, 0x00, 0xC0, 0x00, 0x0E, 0x00, 0x00, 0x60,
    0x00, 0x07, 0x00, 0x00, 0x30, 0x00, 0x03, 0x80, 0x00, 0x06, 0x00, 0x00, 0xE0, 0x00, 0x0C, 0x00,
    0x01, 0xC0, 0x00, 0x18, 0x00, 0x03, 0x80, 0x00, 0x30, 0x00, 0x07, 0x00, 0x00, 0x60, 0x00, 0x0C,
    0x00, 0x00, 0xC0, 0x00, 0x18, 0x00, 0x01, 0x80, 0x00, 0x30, 0x00, 0x03, 0x00, 0x00, 0x60, 0x00,
    0x06, 0x00, 0x00, 0x60, 0x00, 0x06, 0x00, 0x00, 0x00, 0x00, 0x00, 0x06, 0x00, 0x00, 0xE0, 0x00,
    0x0C, 0x00, 0x01, 0xC0, 0x00, 0x18, 0x00, 0x03, 0x80, 0x00, 0x30, 0x00, 0x07, 0x08, 0x00, 0x64,
    0x80, 0x0C, 0x6C, 0x00, 0xC2, 0x40, 0x18, 0x30, 0x01, 0x80, 0x00, 0x30, 0x00, 0x03, 0x00, 0x00,
    0x60, 0x00, 0x06, 0x00, 0x00, 0x60, 0x00, 0x06, 0x00, 0x00, 0x00, 0x00, 0x03, 0x00, 0x00, 0x38,
    0x00, 0x01, 0x80, 0x00, 0x1C, 0x00, 0x00, 0xC0, 0x00, 0x06, 0x00, 0x00, 0x60, 0x00, 0x03, 0x00,
    0x00, 0x38, 0x00, 0x01, 0x80, 0x00, 0x1C, 0x00, 0x00, 0xC0, 0x00, 0x0E, 0x00, 0x00, 0x60, 0x00,
    0x07, 0x00, 0x00, 0x30, 0x00, 0x03, 0x00, 0x00, 0x00, 0x00, 0x00, 0x00, 0x00, 0x00, 0x01, 0x83,
    0x00, 0x60, 0x0C, 0x0C, 0x00, 0x60, 0x80, 0x02, 0x13, 0xFF, 0x91, 0x3F, 0xF9, 0x20, 0x00, 0x02,
    0x00, 0x00, 0x23, 0xFF, 0x82, 0x03, 0x00, 0x20, 0x30, 0x03, 0x03, 0x01, 0x10, 0x30, 0x11, 0x83,
    0x03, 0x08, 0x30, 0x60, 0x63, 0x0C, 0x03, 0x83, 0x80, 0x0F, 0xE0, 0x00, 0x00, 0x00, 0x00, 0x00,
    0x10, 0x6C, 0x31, 0x8C, 0xC3, 0x18, 0xC6, 0x30, 0xCC, 0x66, 0x0C, 0x83, 0x60, 0x58, 0x36, 0x07,
    0x81, 0xC0, 0x70, 0x1C, 0x03, 0x01, 0xC0, 0x30, 0x1C, 0x07, 0x81, 0xC0, 0x78, 0x3E, 0x0D, 0x83,
    0x60, 0xCC, 0x66, 0x18, 0xC6, 0x31, 0x84, 0xC3, 0x30, 0x6C, 0x13, 0x06, 0x81, 0x00, 0x00, 0x00,
    0x00, 0x00, 0x00, 0x30, 0x00, 0x03, 0x00, 0x00, 0x30, 0x00, 0x03, 0x00, 0x00, 0x30, 0x00, 0x03,
    0x80, 0x1F, 0xFF, 0xF0, 0x03, 0x00, 0x00, 0x30, 0x00, 0x03, 0x00, 0x00, 0x30, 0x00, 0x03, 0x00,
    0x00, 0x30, 0x00, 0x03, 0x00, 0x00, 0x30, 0x00, 0x03, 0x00, 0x00, 0x30, 0x00, 0x01, 0x00, 0x00,
    0x00, 0x00, 0x00, 0x00, 0x00, 0x86, 0x00, 0x08, 0x60, 0x00, 0x86, 0x00, 0x08, 0x60, 0x00, 0x86,
    0x01, 0xDD, 0x77, 0x1F, 0xFF, 0xF0, 0x0C, 0x60, 0x00, 0x86, 0x00, 0x08, 0x60, 0x00, 0x86, 0x00,
    0x08, 0x60, 0x00, 0x86, 0x00, 0x08, 0x60, 0x00, 0x86, 0x00, 0x08, 0x60, 0x00, 0x86, 0x00, 0x08,
    0x60, 0x00, 0x00, 0x00, 0x00, 0x00, 0x03, 0x10, 0x80, 0x31, 0x08, 0x03, 0x10, 0x80, 0x31, 0x08,
    0x03, 0x10, 0x80, 0x33, 0x9C, 0x1F, 0xFF, 0xF0, 0x33, 0x9C, 0x03, 0x10, 0x80, 0x31, 0x08, 0x03,
    0x10, 0x80, 0x21, 0x08, 0x06, 0x10, 0x80, 0x61, 0x08, 0x06, 0x10, 0x80, 0xC1, 0x08, 0x1C, 0x00,
    0x80, 0x80, 0x08, 0x00, 0x00, 0x00, 0x00, 0x00, 0x01, 0x80, 0x00, 0x1C, 0x00, 0x00, 0xE0, 0x00,
    0x07, 0x00, 0x00, 0x38, 0x00, 0x01, 0xE0, 0x00, 0x1F, 0x00, 0x17, 0xE0, 0x03, 0xE0, 0x00, 0x18,
    0x00, 0x00, 0xC0, 0x00, 0x0E, 0x00, 0x00, 0x78, 0x00, 0x01, 0xE0, 0x00, 0x0F, 0x00, 0x03, 0xE0,
    0x00, 0xF0, 0x00, 0x0C, 0x00, 0x00, 0x00, 0x00, 0x00, 0x00, 0x00, 0x00, 0x00, 0xFF, 0xFE, 0x18,
    0x00, 0x61, 0x80, 0x0F, 0x18, 0x01, 0xB1, 0x80, 0x33, 0x18, 0x06, 0x31, 0x80, 0xC3, 0x18, 0x18,
    0x31, 0x83, 0x03, 0x18, 0x60, 0x31, 0x8C, 0x03, 0x19, 0x80, 0x31, 0xB0, 0x03, 0x1C, 0x00, 0x31,
    0xFF, 0xFF, 0x0F, 0xFF, 0xE0, 0x00, 0x00, 0x00, 0x00, 0x00, 0x00, 0x00, 0x00, 0x00, 0x00, 0x00,
    0x00, 0x00, 0x30, 0x00, 0x72, 0x80, 0x08, 0xCC, 0x01, 0x80, 0x40, 0x00, 0x06, 0x00, 0x00, 0x20,
    0x00, 0x03, 0x00, 0x00, 0x10, 0x00, 0x01, 0x80, 0x00, 0x08, 0x00, 0x00, 0xC0, 0x00, 0x06, 0x00,
    0x00, 0x30, 0x00, 0x01, 0x00, 0x00, 0x00, 0x00, 0x00, 0x00, 0x00, 0x00, 0x00, 0x00, 0x36, 0x4D,
    0xB2, 0x00, 0x01, 0x00, 0x00, 0x02, 0x00, 0x01, 0x20, 0xE0, 0x10, 0x1F, 0xF0, 0x21, 0x0C, 0x12,
    0x00, 0x81, 0x01, 0xFE, 0x02, 0x1F, 0xE1, 0x20, 0x30, 0x10, 0x1F, 0xF0, 0x00, 0x60, 0x02, 0x04,
    0x01, 0x20, 0x00, 0x10, 0x00, 0x00, 0x20, 0x00, 0x13, 0x64, 0xDB, 0x00, 0x00, 0x00, 0x00, 0x00,
    0x01, 0xFF, 0x00, 0x3F, 0xF8, 0x02, 0x01, 0x80, 0x38, 0x38, 0x02, 0xC4, 0x80, 0x24, 0x58, 0x02,
    0x69, 0x80, 0x23, 0x98, 0x02, 0x11, 0x80, 0x21, 0x18, 0x02, 0x39, 0x80, 0x26, 0xD8, 0x02, 0x45,
    0x80, 0x2C, 0x48, 0x03, 0x83, 0x80, 0x20, 0x18, 0x03, 0xFF, 0x80, 0x00, 0x00, 0x00, 0x00, 0x00,
    0x00, 0x00, 0x00, 0x00, 0x00, 0x00, 0x00, 0x00, 0x00, 0x00, 0x02, 0x00, 0x00, 0x61, 0x80, 0x7F,
    0xF8, 0x03, 0xF0, 0x00, 0x06, 0x20, 0x00, 0x7F, 0x00, 0x0F, 0xFC, 0x01, 0xE4, 0xC0, 0x36, 0xC6,
    0x06, 0x78, 0x60, 0x67, 0x06, 0x06, 0x70, 0xC0, 0x7F, 0x38, 0x03, 0x0F, 0x00, 0x00, 0x00, 0x00,
    0x00, 0x00, 0x00, 0x00, 0x00, 0x60, 0x00, 0x06, 0x00, 0x00, 0x67, 0x80, 0xFF, 0xF8, 0x00, 0xE0,
    0x00, 0x04, 0x30, 0x00, 0xDF, 0x00, 0x0F, 0xFC, 0x01, 0xC6, 0xE0, 0x7C, 0x66, 0x06, 0xCC, 0x20,
    0xCD, 0x83, 0x0C, 0x78, 0x21, 0x87, 0x06, 0x1D, 0xE0, 0xE0, 0xFE, 0x3C, 0x06, 0x0F, 0x00, 0x00,
    0x40, 0x00, 0x00, 0x00, 0x00, 0x00, 0x00, 0x00, 0x00, 0x00, 0x00, 0x00, 0x00, 0x00, 0x00, 0x00,
    0x00, 0x00, 0x00, 0x60, 0x00, 0x06, 0x03, 0x00, 0x60, 0x38, 0x06, 0x01, 0x80, 0x60, 0x18, 0x06,
    0x00, 0xC0, 0x60, 0x0C, 0x06, 0x30, 0xC0, 0x63, 0x0C, 0x03, 0x30, 0x40, 0x3E, 0x00, 0x01, 0xC0,
    0x00, 0x00, 0x00, 0x00, 0x00, 0x00, 0x00, 0x00, 0x00, 0x00, 0x00, 0x00, 0x00, 0x0C, 0x00, 0x00,
    0xC0, 0x18, 0x0C, 0x01, 0xC0, 0xC0, 0x0C, 0x0C, 0x00, 0xE0, 0xC0, 0x06, 0x0C, 0x00, 0x60, 0xC0,
    0x06, 0x0C, 0x00, 0x30, 0xE3, 0x03, 0x06, 0x30, 0x30, 0x63, 0x00, 0x03, 0xE0, 0x00, 0x3E, 0x00,
    0x00, 0x80, 0x00, 0x00, 0x00, 0x00, 0x00, 0x00, 0x00, 0x00, 0x00, 0x00, 0x00, 0x00, 0x00, 0x00,
    0x00, 0x00, 0x04, 0x00, 0x00, 0xFF, 0x00, 0x01, 0xF0, 0x00, 0x00, 0x00, 0x00, 0x00, 0x01, 0xFF,
    0x00, 0x3F, 0x38, 0x01, 0x01, 0x80, 0x00, 0x18, 0x00, 0x01, 0x80, 0x00, 0x18, 0x00, 0x03, 0x00,
    0x00, 0xF0, 0x00, 0x7C, 0x00, 0x07, 0x00, 0x00, 0x00, 0x00, 0x00, 0x00, 0x00, 0x00, 0x00, 0x1F,
    0x00, 0x01, 0xFF, 0x00, 0x00, 0x70, 0x00, 0x00, 0x00, 0x00, 0x80, 0x03, 0xFF, 0x00, 0x7C, 0x38,
    0x06, 0x01, 0x80, 0x00, 0x0C, 0x00, 0x00, 0xC0, 0x00, 0x18, 0x00, 0x01, 0x80, 0x00, 0x38, 0x00,
    0x0F, 0x00, 0x03, 0xE0, 0x00, 0xF8, 0x00, 0x0C, 0x00, 0x00, 0x00, 0x00, 0x00, 0x00, 0x00, 0x00,
    0x00, 0x00, 0x00, 0x00, 0x00, 0x00, 0x00, 0x00, 0x00, 0xFE, 0x00, 0x03, 0xE0, 0x00, 0x00, 0x00,
    0x00, 0x60, 0x03, 0xFE, 0x00, 0x38, 0xC0, 0x00, 0x18, 0x00, 0x03, 0x00, 0x00, 0x78, 0x00, 0x0D,
    0xC0, 0x01, 0x8C, 0x00, 0x30, 0xE4, 0x06, 0x07, 0xC0, 0x00, 0x00, 0x00, 0x00, 0x00, 0x00, 0x00,
    0x00, 0x80, 0x00, 0x1F, 0xF0, 0x00, 0x3F, 0x00, 0x00, 0x00, 0x00, 0x00, 0x00, 0x07, 0xF0, 0x07,
    0xFF, 0x00, 0x60, 0xE0, 0x00, 0x1C, 0x00, 0x03, 0x80, 0x00, 0x70, 0x00, 0x0F, 0x80, 0x01, 0xDC,
    0x00, 0x38, 0xC0, 0x07, 0x0C, 0x00, 0xE0, 0x7F, 0x0C, 0x07, 0xF0, 0x00, 0x00, 0x00, 0x00, 0x00,
    0x00, 0x00, 0x00, 0x00, 0x00, 0x00, 0x00, 0x00, 0x00, 0x00, 0x00, 0x00, 0x00, 0xC0, 0x00, 0x0C,
    0x18, 0x07, 0xFD, 0xC0, 0x7F, 0x0E, 0x00, 0xC0, 0x20, 0x0C, 0x00, 0x00, 0xFF, 0x00, 0x1F, 0xF8,
    0x03, 0xC0, 0xC0, 0x6C, 0x0C, 0x06, 0xC0, 0xC0, 0x6C, 0x1C, 0x03, 0xCF, 0x80, 0x1C, 0xE0, 0x00,
    0x00, 0x00, 0x00, 0x00, 0x00, 0x80, 0x00, 0x0C, 0x00, 0x00, 0xC0, 0x00, 0x0D, 0xD8, 0x0F, 0xFC,
    0xE0, 0xFE, 0x07, 0x00, 0x80, 0x10, 0x08, 0x00, 0x00, 0xFF, 0x80, 0x1F, 0xBC, 0x07, 0x80, 0xE0,
    0xE8, 0x06, 0x0C, 0x80, 0x61, 0x8C, 0x06, 0x1C, 0xC1, 0xC0, 0xF8, 0xF8, 0x07, 0x9F, 0x00, 0x00,
    0x00, 0x00, 0x00, 0x00, 0x00, 0x00, 0x00, 0x00, 0x00, 0x0C, 0x00, 0x00, 0xC0, 0x00, 0x0C, 0x0C,
    0x00, 0xC0, 0xC1, 0xFF, 0xC6, 0x1F, 0xFE, 0x60, 0x18, 0x63, 0x01, 0x86, 0x30, 0x38, 0x63, 0x03,
    0x06, 0x10, 0x30, 0x60, 0x06, 0x06, 0x00, 0x60, 0x60, 0x0E, 0x0C, 0x00, 0xCF, 0xC0, 0x0C, 0xF8,
    0x00, 0x00, 0x00, 0x00, 0x00, 0x00, 0x00, 0x00, 0x00, 0x00, 0x30, 0x0C, 0x0D, 0x00, 0xC0, 0xD0,
    0x18, 0x0C, 0x01, 0x81, 0x81, 0xFF, 0x8C, 0x3F, 0xFC, 0xE0, 0x38, 0x66, 0x03, 0x06, 0x70, 0x30,
    0x63, 0x03, 0x04, 0x30, 0x60, 0xC0, 0x06, 0x0C, 0x00, 0xC0, 0xC0, 0x0C, 0x0C, 0x01, 0xCF, 0x80,
    0x18, 0xF8, 0x00, 0x00, 0x00, 0x00, 0x00, 0x00, 0x00, 0x00, 0x00, 0x10, 0x00, 0x01, 0x80, 0x04,
    0x1F, 0x80, 0x7F, 0xF8, 0x00, 0x1C, 0x00, 0x00, 0xC0, 0x00, 0x0F, 0xC0, 0xFF, 0xFC, 0x07, 0xFE,
    0x00, 0x00, 0x30, 0x00, 0x03, 0x00, 0x60, 0xF8, 0x06, 0x03, 0x00, 0x60, 0x00, 0x06, 0x00, 0x00,
    0x7C, 0x70, 0x01, 0xFF, 0x00, 0x00, 0x00, 0x00, 0x00, 0x00, 0x00, 0x00, 0x00, 0x30, 0xB0, 0x03,
    0x0B, 0x00, 0x3F, 0xD0, 0xFF, 0xF0, 0x00, 0x18, 0x00, 0x01, 0x80, 0x00, 0x0F, 0xC0, 0xFF, 0xFC,
    0x0F, 0xFE, 0x00, 0x00, 0x60, 0x00, 0x07, 0x00, 0x41, 0xF0, 0x0C, 0x07, 0x00, 0xC0, 0x00, 0x0C,
    0x00, 0x00, 0x78, 0xE0, 0x03, 0xFE, 0x00, 0x00, 0x00, 0x00, 0x00, 0x00, 0x00, 0x00, 0x00, 0x00,
    0x00, 0x00, 0x60, 0x00, 0x0E, 0x00, 0x01, 0xC0, 0x00, 0x70, 0x00, 0x0E, 0x00, 0x01, 0xC0, 0x00,
    0x38, 0x00, 0x07, 0x00, 0x00, 0x30, 0x00, 0x03, 0x80, 0x00, 0x0E, 0x00, 0x00, 0x70, 0x00, 0x03,
    0x80, 0x00, 0x1C, 0x00, 0x00, 0xE0, 0x00, 0x07, 0x00, 0x00, 0x20, 0x00, 0x00, 0x00, 0x00, 0x00,
    0x00, 0x00, 0x00, 0x00, 0x60, 0x00, 0x0E, 0x00, 0x03, 0x80, 0x00, 0x70, 0x80, 0x0E, 0x6C, 0x01,
    0xC6, 0xC0, 0x30, 0x34, 0x07, 0x00, 0x00, 0x70, 0x00, 0x03, 0x80, 0x00, 0x1C, 0x00, 0x00, 0xF0,
    0x00, 0x03, 0x80, 0x00, 0x1C, 0x00, 0x00, 0xE0, 0x00, 0x07, 0x00, 0x00, 0x20, 0x00, 0x00, 0x00,
    0x00, 0x00, 0x00, 0x00, 0x00, 0xC0, 0x18, 0x0C, 0x01, 0x80, 0xC0, 0x18, 0x0C, 0x01, 0xB0, 0xC7,
    0xFF, 0x08, 0x7F, 0xC1, 0x80, 0x18, 0x18, 0x01, 0x81, 0x80, 0x18, 0x1A, 0x01, 0x81, 0xE0, 0x18,
    0x0E, 0x03, 0x00, 0xE0, 0x30, 0x0C, 0x07, 0x00, 0xC0, 0xE0, 0x04, 0x1C, 0x00, 0x00, 0x00, 0x00,
    0x00, 0x00, 0x00, 0x00, 0x00, 0x00, 0x10, 0x40, 0x17, 0x0C, 0x01, 0xA0, 0xC0, 0x1A, 0x0C, 0x01,
    0x80, 0xC2, 0x3F, 0x0C, 0x7F, 0xF1, 0x80, 0x18, 0x18, 0x01, 0x81, 0x80, 0x18, 0x18, 0x01, 0x81,
    0xB0, 0x18, 0x1E, 0x03, 0x00, 0xE0, 0x30, 0x0E, 0x03, 0x00, 0xC0, 0x60, 0x0C, 0x1E, 0x00, 0x01,
    0x80, 0x00, 0x00, 0x00, 0x00, 0x00, 0x00, 0x00, 0x00, 0x00, 0x00, 0x02, 0x01, 0x00, 0x3F, 0xF8,
    0x00, 0x7C, 0x00, 0x00, 0x00, 0x00, 0x00, 0x00, 0x00, 0x00, 0x00, 0x00, 0x00, 0x00, 0x00, 0x00,
    0x00, 0x00, 0x60, 0x00, 0x06, 0x00, 0x00, 0x60, 0x00, 0x06, 0x00, 0x00, 0x3F, 0xFC, 0x01, 0xFF,
    0xC0, 0x00, 0x00, 0x00, 0x00, 0x00, 0x00, 0x00, 0x00, 0x00, 0xB0, 0x00, 0x0D, 0x00, 0x00, 0xD0,
    0x7F, 0xF4, 0x00, 0xFC, 0x00, 0x00, 0x00, 0x00, 0x00, 0x00, 0x00, 0x00, 0x00, 0x00, 0x00, 0x00,
    0x00, 0x00, 0x00, 0x00, 0xC0, 0x00, 0x0C, 0x00, 0x00, 0xC0, 0x00, 0x0E, 0x00, 0x00, 0x7C, 0xFC,
    0x03, 0xFF, 0x80, 0x00, 0x00, 0x00, 0x00, 0x00, 0x00, 0x00, 0x00, 0x08, 0x00, 0x01, 0x80, 0x00,
    0x0C, 0x00, 0x00, 0xDE, 0x0F, 0xFF, 0xC0, 0x7F, 0xE0, 0x00, 0x06, 0x00, 0x00, 0x30, 0x00, 0x03,
    0x00, 0x00, 0x18, 0x06, 0x0F, 0x80, 0x60, 0x38, 0x06, 0x00, 0x00, 0x60, 0x00, 0x06, 0x00, 0x00,
    0x3C, 0x70, 0x01, 0xFF, 0x00, 0x00, 0x00, 0x00, 0x00, 0x00, 0x00, 0x00, 0x00, 0x00, 0xB0, 0x01,
    0x8D, 0x00, 0x1C, 0x40, 0x00, 0xCE, 0x0F, 0xFF, 0xC0, 0xFF, 0xE0, 0x00, 0x06, 0x00, 0x00, 0x30,
    0x00, 0x03, 0x00, 0x00, 0x18, 0x06, 0x0F, 0x80, 0x60, 0x38, 0x06, 0x00, 0x00, 0x60, 0x00, 0x06,
    0x00, 0x00, 0x3C, 0x70, 0x01, 0xFF, 0x00, 0x00, 0x00, 0x00, 0x00, 0x00, 0x00, 0x00, 0x00, 0x00,
    0x00, 0x30, 0x00, 0x03, 0x00, 0x00, 0x30, 0x00, 0x03, 0x00, 0x00, 0x30, 0x00, 0x03, 0x00, 0x00,
    0x30, 0x00, 0x03, 0x00, 0x00, 0x30, 0x00, 0x03, 0x00, 0x00, 0x30, 0x00, 0x03, 0x00, 0x60, 0x30,
    0x0E, 0x03, 0x01, 0xC0, 0x1C, 0xF8, 0x00, 0xFE, 0x00, 0x00, 0x00, 0x00, 0x00, 0x00, 0x00, 0x00,
    0x00, 0x00, 0x00, 0x30, 0x00, 0x03, 0x01, 0x80, 0x30, 0x4C, 0x03, 0x06, 0xC0, 0x30, 0x24, 0x03,
    0x02, 0x00, 0x30, 0x00, 0x03, 0x00, 0x00, 0x30, 0x00, 0x03, 0x00, 0x00, 0x30, 0x00, 0x03, 0x00,
    0x20, 0x30, 0x06, 0x03, 0x00, 0xE0, 0x38, 0x3C, 0x01, 0xFF, 0x00, 0x0F, 0xC0, 0x00, 0x00, 0x00,
    0x00, 0x00, 0x00, 0x00, 0x00, 0x00, 0x40, 0x00, 0x04, 0x00, 0xFF, 0xFF, 0x0F, 0xFF, 0xF0, 0x00,
    0x40, 0x00, 0x3C, 0x00, 0x0F, 0xC0, 0x00, 0xC6, 0x00, 0x08, 0x60, 0x00, 0xC6, 0x00, 0x0F, 0xE0,
    0x00, 0x7E, 0x00, 0x00, 0xC0, 0x00, 0x1C, 0x00, 0x0F, 0x80, 0x00, 0xE0, 0x00, 0x00, 0x00, 0x00,
    0x00, 0x00, 0x00, 0x00, 0x00, 0x00, 0x20, 0x00, 0xDB, 0x00, 0x0C, 0xD0, 0xFF, 0xFF, 0x1F, 0xFF,
    0xF0, 0x00, 0xC0, 0x00, 0x7C, 0x00, 0x0F, 0xC0, 0x01, 0xCC, 0x00, 0x18, 0xC0, 0x01, 0x8C, 0x00,
    0x18, 0xC0, 0x00, 0xFC, 0x00, 0x07, 0xC0, 0x00, 0x18, 0x00, 0x07, 0x80, 0x01, 0xE0, 0x00, 0x1C,
    0x00, 0x00, 0x00, 0x00, 0x00, 0x00, 0x00, 0x00, 0x00, 0x30, 0x30, 0x03, 0x03, 0x00, 0x30, 0x30,
    0x03, 0x03, 0x00, 0x37, 0xFF, 0x3F, 0xFF, 0xE3, 0xF0, 0x30, 0x03, 0x03, 0x00, 0x30, 0x30, 0x03,
    0x1F, 0x00, 0x31, 0xE0, 0x03, 0x00, 0x00, 0x30, 0x00, 0x03, 0x80, 0x00, 0x1F, 0xFC, 0x00, 0x7F,
    0x80, 0x00, 0x00, 0x00, 0x00, 0x00, 0x00, 0x00, 0x00, 0x00, 0x00, 0x00, 0x31, 0x03, 0x03, 0x50,
    0x30, 0x36, 0x03, 0x03, 0x00, 0x30, 0x32, 0x03, 0xFF, 0xF3, 0xFF, 0xF0, 0x33, 0x03, 0x00, 0x30,
    0x30, 0x03, 0x1F, 0x00, 0x31, 0xE0, 0x03, 0x00, 0x00, 0x30, 0x00, 0x03, 0x00, 0x00, 0x1F, 0xF8,
    0x01, 0xFF, 0x80, 0x00, 0x00, 0x00, 0x00, 0x00, 0x00, 0x00, 0x00, 0x00, 0x00, 0x1F, 0xF0, 0x03,
    0xFF, 0x00, 0x00, 0xE0, 0x00, 0x1C, 0x00, 0x03, 0x80, 0x00, 0x60, 0x00, 0x1F, 0xFE, 0x1F, 0xFF,
    0xE1, 0xE3, 0x00, 0x00, 0x60, 0x00, 0x0C, 0x00, 0x00, 0xC0, 0x00, 0x0C, 0x00, 0x00, 0x60, 0x00,
    0x07, 0xC0, 0x00, 0x1F, 0x00, 0x00, 0x00, 0x00, 0x00, 0x00, 0x00, 0x00, 0x00, 0x00, 0x00, 0x3F,
    0xF0, 0x03, 0xFF, 0x00, 0x00, 0xC6, 0x00, 0x39, 0xA0, 0x07, 0x0A, 0x00, 0xE0, 0x00, 0x1F, 0xFE,
    0x1F, 0xFF, 0xC1, 0xE7, 0x00, 0x00, 0xC0, 0x00, 0x0C, 0x00, 0x00, 0xC0, 0x00, 0x0C, 0x00, 0x00,
    0xC0, 0x00, 0x07, 0x80, 0x00, 0x3F, 0x00, 0x00, 0x00, 0x00, 0x00, 0x00, 0x00, 0x00, 0x00, 0x00,
    0x00, 0x0C, 0x00, 0x00, 0xC0, 0x00, 0x0D, 0xC0, 0x1F, 0xFC, 0x00, 0xFE, 0x00, 0x01, 0x8F, 0xE0,
    0x18, 0xFE, 0x01, 0x80, 0x00, 0x38, 0x00, 0x03, 0x00, 0x00, 0x31, 0x80, 0x07, 0x18, 0x00, 0x61,
    0x80, 0x06, 0x1C, 0x00, 0xC0, 0xFF, 0x0C, 0x07, 0xE0, 0x00, 0x00, 0x00, 0x00, 0x00, 0x00, 0x00,
    0x00, 0x00, 0x00, 0x0C, 0x02, 0x00, 0x80, 0xB0, 0x19, 0x8D, 0x1F, 0xF8, 0x41, 0xFE, 0x00, 0x01,
    0x80, 0x00, 0x31, 0xFE, 0x03, 0x1F, 0xE0, 0x30, 0x00, 0x03, 0x00, 0x00, 0x60, 0x00, 0x06, 0x30,
    0x00, 0x63, 0x00, 0x0C, 0x30, 0x00, 0xC3, 0xFE, 0x1C, 0x1F, 0xE0, 0x00, 0x00, 0x00, 0x00, 0x00,
    0x00, 0x00, 0x00, 0x00, 0x00, 0x0C, 0x00, 0x00, 0xC0, 0x00, 0xFF, 0xF8, 0x0F, 0xFF, 0x00, 0x18,
    0x00, 0x01, 0x80, 0x00, 0x18, 0x00, 0x03, 0x7F, 0x80, 0x3F, 0xBC, 0x03, 0x80, 0xC0, 0x70, 0x06,
    0x02, 0x00, 0x60, 0x00, 0x0C, 0x00, 0x01, 0xC0, 0x0F, 0xF8, 0x00, 0xFE, 0x00, 0x00, 0x00, 0x00,
    0x00, 0x00, 0x00, 0x00, 0x00, 0x00, 0xB0, 0x18, 0x0D, 0x01, 0x80, 0x61, 0xFF, 0xF8, 0x1F, 0xFF,
    0x00, 0x18, 0x00, 0x01, 0x00, 0x00, 0x30, 0x00, 0x03, 0x1E, 0x00, 0x3F, 0xF8, 0x07, 0xC1, 0xC0,
    0x70, 0x0C, 0x06, 0x00, 0xC0, 0x00, 0x0C, 0x00, 0x01, 0xC0, 0x00, 0x38, 0x01, 0xFF, 0x00, 0x1F,
    0xC0, 0x00, 0x00, 0x00, 0x00, 0x00, 0x00, 0x00, 0x00, 0x00, 0x00, 0x00, 0x00, 0x00, 0x00, 0x00,
    0x00, 0x00, 0x00, 0x00, 0x00, 0x00, 0x1F, 0x00, 0x0F, 0xF8, 0x07, 0xE1, 0xC0, 0x70, 0x0E, 0x00,
    0x00, 0x60, 0x00, 0x06, 0x00, 0x00, 0xE0, 0x00, 0x0C, 0x00, 0x03, 0x80, 0x07, 0xF0, 0x00, 0x7C,
    0x00, 0x00, 0x00, 0x00, 0x00, 0x00, 0x00, 0x00, 0x00, 0x00, 0x00, 0x00, 0x00, 0x00, 0x00, 0x00,
    0x01, 0xF0, 0x01, 0xFF, 0xC0, 0xFE, 0x1E, 0x1F, 0x00, 0x61, 0x80, 0x07, 0x00, 0x00, 0x30, 0x00,
    0x03, 0x00, 0x00, 0x60, 0x00, 0x06, 0x00, 0x01, 0xC0, 0x00, 0x78, 0x00, 0xFF, 0x00, 0x0F, 0x80,
    0x00, 0x00, 0x00, 0x00, 0x00, 0x00, 0x00, 0x00, 0x00, 0x00, 0x00, 0x00, 0x30, 0x00, 0x0B, 0x00,
    0x00, 0xD0, 0x01, 0xE4, 0x00, 0xFF, 0x80, 0x7E, 0x1C, 0x1F, 0x00, 0xE1, 0x80, 0x06, 0x00, 0x00,
    0x60, 0x00, 0x06, 0x00, 0x00, 0x60, 0x00, 0x06, 0x00, 0x00, 0xC0, 0x00, 0x3C, 0x00, 0x3F, 0x00,
    0x0F, 0xC0, 0x00, 0x40, 0x00, 0x00, 0x00, 0x00, 0x00, 0x00, 0x00, 0x00, 0x00, 0x00, 0x00, 0x00,
    0x00, 0x00, 0x3F, 0xE1, 0xFF, 0xFE, 0x1F, 0x0C, 0x00, 0x01, 0x80, 0x00, 0x30, 0x00, 0x03, 0x00,
    0x00, 0x60, 0x00, 0x06, 0x00, 0x00, 0x60, 0x00, 0x06, 0x00, 0x00, 0x60, 0x00, 0x03, 0x00, 0x00,
    0x3C, 0x00, 0x01, 0xF8, 0x00, 0x07, 0xC0, 0x00, 0x00, 0x00, 0x00, 0x00, 0x00, 0x00, 0x00, 0x00,
    0x00, 0x00, 0x00, 0x00, 0x7F, 0xE1, 0xFF, 0xFE, 0x1F, 0x1C, 0x00, 0x03, 0x04, 0x00, 0x31, 0x60,
    0x06, 0x1B, 0x00, 0x60, 0x80, 0x0C, 0x00, 0x00, 0xC0, 0x00, 0x0C, 0x00, 0x00, 0x60, 0x00, 0x07,
    0x00, 0x00, 0x38, 0x00, 0x01, 0xF8, 0x00, 0x07, 0x80, 0x00, 0x00, 0x00, 0x00, 0x00, 0x00, 0x00,
    0x00, 0x00, 0x00, 0x30, 0x00, 0x03, 0x00, 0x00, 0x18, 0x08, 0x01, 0x81, 0xC0, 0x0C, 0x78, 0x00,
    0xDE, 0x00, 0x07, 0x80, 0x00, 0xE0, 0x00, 0x1C, 0x00, 0x03, 0x00, 0x00, 0x30, 0x00, 0x06, 0x00,
    0x00, 0x60, 0x00, 0x03, 0x00, 0x00, 0x3F, 0xFE, 0x00, 0xFF, 0xC0, 0x00, 0x00, 0x00, 0x00, 0x00,
    0x00, 0x00, 0x00, 0x00, 0x30, 0x20, 0x0B, 0x03, 0x00, 0xD0, 0x30, 0x06, 0x03, 0x83, 0x00, 0x18,
    0xF0, 0x01, 0xFC, 0x00, 0x0F, 0x00, 0x01, 0xC0, 0x00, 0x38, 0x00, 0x03, 0x00, 0x00, 0x60, 0x00,
    0x06, 0x00, 0x00, 0x60, 0x00, 0x06, 0x00, 0x00, 0x3F, 0xFC, 0x01, 0xFF, 0xC0, 0x00, 0x00, 0x00,
    0x00, 0x00, 0x00, 0x00, 0x00, 0xE0, 0x00, 0x0C, 0x00, 0x00, 0xC0, 0x00, 0xFF, 0x98, 0x1F, 0xF1,
    0xC0, 0x18, 0x07, 0x01, 0x82, 0x30, 0x30, 0x60, 0x03, 0x06, 0x00, 0x60, 0x60, 0x06, 0x06, 0x00,
    0xC3, 0xE0, 0x1C, 0x7F, 0x80, 0x8C, 0x7C, 0x00, 0xC6, 0x60, 0x0E, 0xE2, 0x00, 0x7C, 0x00, 0x00,
    0x00, 0x00, 0x00, 0x00, 0x00, 0x00, 0x00, 0x00, 0x00, 0xC0, 0x00, 0x0C, 0x00, 0x00, 0xC3, 0xFE,
    0x0C, 0x1F, 0x80, 0xC0, 0x00, 0x0C, 0x00, 0x00, 0x80, 0x00, 0x18, 0x00, 0x01, 0x80, 0x00, 0x1A,
    0x00, 0x01, 0xA6, 0x00, 0x1E, 0x60, 0x01, 0xE6, 0x00, 0x0C, 0x70, 0x60, 0xC3, 0xFE, 0x0C, 0x0F,
    0x80, 0x00, 0x00, 0x00, 0x00, 0x00, 0x00, 0x00, 0x00, 0x00, 0x00, 0x01, 0xC0, 0x00, 0x18, 0x00,
    0xC1, 0xE0, 0x0C, 0xFF, 0x80, 0x7D, 0x9C, 0x07, 0x18, 0x60, 0x61, 0x86, 0x0F, 0x30, 0x21, 0xB3,
    0x02, 0x19, 0xE0, 0x21, 0x9E, 0x7E, 0x10, 0xCF, 0xE1, 0x9D, 0x8F, 0x1F, 0x98, 0xF0, 0xF0, 0xF9,
    0x00, 0x07, 0x00, 0x00, 0x00, 0x00, 0x00, 0x00, 0x00, 0x00, 0x00, 0x80, 0x00, 0x18, 0x00, 0x01,
    0x80, 0x00, 0x18, 0x78, 0x1F, 0x9F, 0xC1, 0xFB, 0x8E, 0x01, 0xE0, 0x60, 0x1C, 0x06, 0x03, 0x80,
    0x20, 0x78, 0x02, 0x07, 0x80, 0x20, 0xD8, 0xFE, 0x19, 0x9F, 0xE1, 0x99, 0x07, 0x11, 0x98, 0xF0,
    0x19, 0xFC, 0x01, 0x87, 0x00, 0x00, 0x00, 0x00, 0x00, 0x00, 0x00, 0x00, 0x00, 0x00, 0x00, 0x00,
    0x00, 0x00, 0x7E, 0x00, 0x1F, 0xF8, 0x03, 0x98, 0xC0, 0x61, 0x86, 0x0E, 0x18, 0x30, 0xC3, 0x03,
    0x18, 0x30, 0x31, 0x83, 0x03, 0x18, 0x70, 0x31, 0x86, 0x03, 0x0C, 0xE0, 0x70, 0xFC, 0x0E, 0x07,
    0x81, 0xC0, 0x30, 0xF8, 0x00, 0x0E, 0x00, 0x00, 0x00, 0x00, 0x00, 0x00, 0x00, 0x00, 0x00, 0x00,
    0x00, 0x40, 0x10, 0x0C, 0x01, 0x80, 0xC0, 0x10, 0x0C, 0x01, 0xB0, 0xC7, 0xFF, 0x0C, 0x3F, 0xC0,
    0x80, 0x10, 0x18, 0x01, 0x81, 0x80, 0x18, 0x18, 0x01, 0x81, 0xA1, 0xF8, 0x1E, 0x7F, 0xC1, 0xE6,
    0x1E, 0x0C, 0xC1, 0xB0, 0xC7, 0x71, 0x0C, 0x3F, 0x00, 0x00, 0x00, 0x00, 0x00, 0x00, 0x00, 0x00,
    0x00, 0x00, 0x10, 0xC0, 0x16, 0x0C, 0x01, 0xA0, 0xC0, 0x12, 0x0C, 0x01, 0xB0, 0xC7, 0xFF, 0x0C,
    0x3F, 0x80, 0x80, 0x10, 0x18, 0x01, 0x81, 0x80, 0x18, 0x18, 0x01, 0x81, 0xA1, 0xF8, 0x1E, 0x7F,
    0xC1, 0xE6, 0x1E, 0x0C, 0xC1, 0xB0, 0xC7, 0x71, 0x0C, 0x3F, 0x00, 0x00, 0x00, 0x00, 0x00, 0x00,
    0x00, 0x00, 0x00, 0x00, 0x30, 0xC0, 0x16, 0x0C, 0x01, 0xE0, 0xC0, 0x13, 0x0C, 0x01, 0xB0, 0xC7,
    0xFF, 0x0C, 0x3F, 0x81, 0x80, 0x10, 0x18, 0x01, 0x81, 0x80, 0x18, 0x18, 0x01, 0x81, 0xA1, 0xF8,
    0x1E, 0x7F, 0xC1, 0xE6, 0x1E, 0x1C, 0xC1, 0xB0, 0xC7, 0x71, 0x0C, 0x3F, 0x00, 0x00, 0x00, 0x00,
    0x00, 0x00, 0x00, 0x00, 0x00, 0x00, 0x00, 0x00, 0x00, 0x0F, 0xE3, 0x01, 0xFE, 0x30, 0x01, 0x81,
    0x80, 0x30, 0x18, 0x03, 0x01, 0xC0, 0x60, 0x1C, 0x06, 0x01, 0xE0, 0xC0, 0x1F, 0x0C, 0x01, 0xB0,
    0xC0, 0x10, 0x0C, 0x03, 0x00, 0xC0, 0x30, 0x06, 0x06, 0x00, 0x79, 0xE0, 0x03, 0xF8, 0x00, 0x00,
    0x00, 0x00, 0x00, 0x00, 0x00, 0x00, 0x00, 0x00, 0x10, 0x00, 0x05, 0x00, 0x63, 0x51, 0xFE, 0x36,
    0x1F, 0xC3, 0x00, 0x18, 0x18, 0x03, 0x01, 0x80, 0x60, 0x1C, 0x06, 0x01, 0xC0, 0x40, 0x1E, 0x0C,
    0x01, 0x30, 0xC0, 0x13, 0x0C, 0x03, 0x00, 0xC0, 0x30, 0x0C, 0x07, 0x00, 0x60, 0xE0, 0x07, 0xFC,
    0x00, 0x1F, 0x00, 0x00, 0x00, 0x00, 0x00, 0x00, 0x00, 0x00, 0x70, 0x00, 0x0C, 0x01, 0xE3, 0xC1,
    0xFE, 0x37, 0x1D, 0x83, 0x20, 0x18, 0x38, 0x03, 0x01, 0x80, 0x60, 0x1C, 0x06, 0x01, 0xC0, 0xC0,
    0x1E, 0x0C, 0x03, 0x70, 0xC0, 0x32, 0x0C, 0x03, 0x00, 0xC0, 0x30, 0x0C, 0x06, 0x00, 0x60, 0xE0,
    0x07, 0xFC, 0x00, 0x1F, 0x00, 0x00, 0x00, 0x00, 0x00, 0x00, 0x00, 0x00, 0x00, 0x06, 0x00, 0x00,
    0x78, 0x00, 0x01, 0xC0, 0x00, 0x0E, 0x00, 0x00, 0xC0, 0x00, 0x08, 0x00, 0x06, 0x00, 0x00, 0x60,
    0x00, 0x03, 0x0C, 0x00, 0x18, 0xC0, 0x30, 0xC6, 0x07, 0x0C, 0x30, 0xE0, 0x63, 0x3C, 0x06, 0x31,
    0x0F, 0xC1, 0x00, 0xFC, 0x00, 0x00, 0x00, 0x00, 0x00, 0x00, 0x00, 0x00, 0x00, 0x00, 0x00, 0x06,
    0x00, 0x00, 0x78, 0x20, 0x03, 0xCB, 0x00, 0x0E, 0xD0, 0x01, 0xC4, 0x00, 0x08, 0x00, 0x04, 0x00,
    0x00, 0x60, 0x00, 0x03, 0x0C, 0x00, 0x18, 0xC0, 0x31, 0xC6, 0x07, 0x0C, 0x60, 0xE0, 0xC3, 0x38,
    0x0C, 0x33, 0x1F, 0xC1, 0x01, 0xF8, 0x00, 0x00, 0x00, 0x00, 0x00, 0x00, 0x00, 0x00, 0x00, 0x00,
    0x00, 0x06, 0x00, 0x00, 0x70, 0x70, 0x03, 0xCD, 0x00, 0x0E, 0x80, 0x01, 0xCF, 0x00, 0x00, 0x70,
    0x04, 0x00, 0x00, 0x60, 0x00, 0x03, 0x0C, 0x00, 0x18, 0xC0, 0x31, 0xC6, 0x07, 0x0C, 0x70, 0xE0,
    0xC3, 0x38, 0x0C, 0x33, 0x1F, 0xC1, 0x01, 0xF8, 0x00, 0x00, 0x00, 0x00, 0x00, 0x00, 0x00, 0x00,
    0x00, 0x00, 0x00, 0x00, 0x00, 0x00, 0x00, 0x00, 0x00, 0x00, 0x00, 0xF0, 0x00, 0x1F, 0x00, 0x03,
    0x98, 0x00, 0x30, 0xC0, 0x06, 0x0E, 0x00, 0xE0, 0x70, 0x1C, 0x03, 0x81, 0x80, 0x1C, 0x00, 0x00,
    0xE0, 0x00, 0x07, 0x00, 0x00, 0x30, 0x00, 0x01, 0x00, 0x00, 0x00, 0x00, 0x00, 0x00, 0x00, 0x00,
    0x00, 0x00, 0x00, 0x00, 0x00, 0x00, 0x00, 0x00, 0x00, 0x60, 0x00, 0x36, 0x00, 0xE1, 0x30, 0x1F,
    0x18, 0x03, 0xB8, 0x80, 0x31, 0xC0, 0x06, 0x0E, 0x00, 0xE0, 0x60, 0x1C, 0x03, 0x01, 0x80, 0x18,
    0x10, 0x01, 0xC0, 0x00, 0x0E, 0x00, 0x00, 0x70, 0x00, 0x03, 0x00, 0x00, 0x00, 0x00, 0x00, 0x00,
    0x00, 0x00, 0x00, 0x00, 0x00, 0x00, 0x00, 0x00, 0x00, 0x00, 0x01, 0xC0, 0x00, 0x36, 0x00, 0xE3,
    0x30, 0x1F, 0x32, 0x03, 0xB9, 0xE0, 0x31, 0x80, 0x06, 0x0C, 0x00, 0xE0, 0x60, 0x1C, 0x07, 0x03,
    0x80, 0x38, 0x10, 0x01, 0xC0, 0x00, 0x0E, 0x00, 0x00, 0x70, 0x00, 0x03, 0x00, 0x00, 0x00, 0x00,
    0x00, 0x00, 0x00, 0x00, 0x00, 0x00, 0x00, 0x00, 0x00, 0xC0, 0x00, 0x0C, 0x7F, 0xE0, 0xC3, 0xFC,
    0x0C, 0x03, 0x00, 0xC0, 0x30, 0x0C, 0x7F, 0xE0, 0x87, 0xFE, 0x18, 0x03, 0x01, 0x80, 0x30, 0x18,
    0x03, 0x01, 0xA1, 0xF0, 0x1E, 0x7F, 0x81, 0xEE, 0x3E, 0x0C, 0xC3, 0x70, 0xC7, 0x73, 0x0C, 0x3E,
    0x00, 0x00, 0x00, 0x00, 0x00, 0x00, 0x00, 0x00, 0x00, 0x00, 0x30, 0xC0, 0x0D, 0x0C, 0x7F, 0xD1,
    0x87, 0xFC, 0x18, 0x06, 0x01, 0x80, 0x60, 0x18, 0x06, 0x01, 0x8F, 0xFE, 0x18, 0x7F, 0xC1, 0x80,
    0x60, 0x18, 0x06, 0x01, 0xC3, 0xE0, 0x1C, 0xFF, 0x01, 0xCC, 0x7C, 0x1C, 0x86, 0xE1, 0x8E, 0xE2,
    0x18, 0x7C, 0x00, 0x80, 0x00, 0x00, 0x00, 0x00, 0x00, 0x00, 0x00, 0x00, 0x70, 0xC0, 0x04, 0x0C,
    0x7F, 0xF0, 0x87, 0xFC, 0x18, 0x06, 0x01, 0x80, 0x60, 0x18, 0x06, 0x01, 0x8F, 0xFE, 0x18, 0x7F,
    0xC1, 0x80, 0x60, 0x18, 0x06, 0x01, 0xC3, 0xE0, 0x1C, 0xFF, 0x81, 0xCC, 0x7C, 0x1C, 0x86, 0xE1,
    0x8E, 0xE2, 0x18, 0x7C, 0x00, 0x80, 0x00, 0x00, 0x00, 0x00, 0x00, 0x00, 0x00, 0x18, 0x00, 0x01,
    0x80, 0x00, 0x18, 0xC0, 0x7F, 0xFC, 0x00, 0x78, 0x00, 0x01, 0x80, 0x00, 0x18, 0x00, 0x7F, 0xFE,
    0x07, 0xFF, 0xC0, 0x01, 0x80, 0x00, 0x18, 0x00, 0x1F, 0x80, 0x03, 0xFE, 0x00, 0x61, 0xF8, 0x06,
    0x19, 0xE0, 0x73, 0x86, 0x03, 0xF0, 0x00, 0x00, 0x00, 0x00, 0x00, 0x00, 0x00, 0x00, 0x00, 0x00,
    0x00, 0x3F, 0xC0, 0x03, 0xFC, 0x00, 0x01, 0x80, 0x00, 0x18, 0x00, 0x03, 0x00, 0x00, 0x30, 0x60,
    0x07, 0x06, 0x03, 0xFE, 0x60, 0xFF, 0xFE, 0x1C, 0xC1, 0xE1, 0x8C, 0x0F, 0x11, 0x80, 0xD1, 0xB8,
    0x18, 0x1F, 0x03, 0x80, 0xE0, 0x70, 0x00, 0x1E, 0x00, 0x00, 0x80, 0x00, 0x00, 0x00, 0x00, 0x00,
    0x00, 0x80, 0x00, 0x18, 0x00, 0x00, 0x80, 0x01, 0xFF, 0x98, 0x1F, 0xF0, 0xC0, 0x18, 0x07, 0x03,
    0x80, 0x30, 0xF8, 0x00, 0x0C, 0xC0, 0x01, 0x8C, 0x00, 0x18, 0xC0, 0x01, 0xD8, 0x0C, 0x0F, 0x80,
    0xC0, 0x78, 0x0C, 0x01, 0x80, 0xC0, 0x1C, 0x7C, 0x00, 0xFF, 0x80, 0x00, 0x00, 0x00, 0x00, 0x00,
    0x00, 0x00, 0x00, 0x00, 0x00, 0x00, 0x60, 0x06, 0x04, 0x00, 0x61, 0xC0, 0x06, 0xFF, 0x00, 0x3C,
    0xFC, 0x07, 0x18, 0xC0, 0xF1, 0x86, 0x0D, 0x98, 0x61, 0x9B, 0x02, 0x18, 0xF0, 0x21, 0x8E, 0x06,
    0x10, 0xE0, 0x61, 0x9F, 0x0E, 0x1F, 0x81, 0xC0, 0xE0, 0x78, 0x00, 0x1F, 0x00, 0x00, 0x00, 0x00,
    0x00, 0x00, 0x00, 0x00, 0x00, 0x00, 0x00, 0x0C, 0x00, 0x00, 0xC0, 0x00, 0x8C, 0x00, 0x0F, 0xFC,
    0x00, 0x7F, 0xC0, 0x00, 0xC0, 0x00, 0x0C, 0x00, 0x08, 0x81, 0x81, 0xFF, 0xCC, 0x07, 0xFC, 0xE0,
    0x18, 0x06, 0x01, 0x80, 0x60, 0x18, 0x06, 0x01, 0xC0, 0xC0, 0x0E, 0x7C, 0x00, 0x7F, 0x00, 0x00,
    0x00, 0x00, 0x00, 0x00, 0x00, 0x00, 0x00, 0x00, 0x00, 0x00, 0x00, 0x00, 0x00, 0x00, 0x00, 0x00,
    0x00, 0x30, 0x00, 0x23, 0x00, 0x06, 0x1F, 0x00, 0x37, 0xF8, 0x03, 0xF0, 0xC0, 0xF8, 0x0C, 0x1F,
    0x80, 0xC0, 0x0D, 0xFC, 0x00, 0xCF, 0x00, 0x06, 0x00, 0x00, 0x60, 0x00, 0x06, 0x00, 0x00, 0x30,
    0x00, 0x03, 0x00, 0x00, 0x00, 0x00, 0x00, 0x00, 0x00, 0x20, 0x00, 0x03, 0x00, 0x04, 0x18, 0x00,
    0x60, 0xF0, 0x06, 0x3F, 0xC0, 0x3F, 0x8E, 0x03, 0xC0, 0x21, 0xF8, 0x03, 0x3D, 0x80, 0x61, 0x0C,
    0x8E, 0x00, 0xCF, 0xC0, 0x0C, 0x70, 0x00, 0x60, 0x00, 0x06, 0x00, 0x00, 0x70, 0x00, 0x03, 0x00,
    0x00, 0x30, 0x00, 0x01, 0x00, 0x00, 0x00, 0x00, 0x00, 0x00, 0x00, 0x00, 0x00, 0x00, 0x00, 0x00,
    0x00, 0x00, 0x00, 0x00, 0x00, 0x18, 0x00, 0x61, 0xC0, 0x06, 0x3F, 0x00, 0x6F, 0xF8, 0x07, 0xCC,
    0xC0, 0x78, 0xCC, 0x07, 0x0C, 0xC0, 0x60, 0xCC, 0x06, 0xCC, 0xC0, 0x67, 0x98, 0x06, 0x7F, 0x80,
    0x23, 0xE0, 0x00, 0x30, 0x00, 0x06, 0x00, 0x00, 0x00, 0x00, 0x00, 0x00, 0x00, 0x00, 0x00, 0x00,
    0xC0, 0x04, 0x0C, 0x00, 0xC0, 0xF0, 0x0C, 0x3F, 0xC0, 0xCF, 0xCE, 0x0D, 0xC4, 0x70, 0xF0, 0x43,
    0x0F, 0x04, 0x30, 0xE0, 0x43, 0x0E, 0xCC, 0x30, 0xCE, 0xC7, 0x0C, 0x7D, 0xE0, 0xC3, 0xFC, 0x00,
    0x1C, 0x00, 0x03, 0x80, 0x00, 0x70, 0x00, 0x06, 0x00, 0x00, 0x00, 0x00, 0x00, 0x00, 0x00, 0x00,
    0x00, 0x00, 0x00, 0x00, 0x00, 0x00, 0x00, 0x00, 0x00, 0x30, 0x00, 0x03, 0x00, 0x00, 0x30, 0x00,
    0x03, 0xF8, 0x00, 0x3F, 0x80, 0x03, 0x00, 0x00, 0x30, 0x00, 0x03, 0x00, 0x01, 0xF0, 0x00, 0x7F,
    0xE0, 0x06, 0x1F, 0x00, 0x63, 0x38, 0x07, 0xF1, 0x80, 0x1E, 0x00, 0x00, 0x00, 0x00, 0x00, 0x00,
    0x00, 0x00, 0x00, 0x01, 0x80, 0x00, 0x18, 0x00, 0x01, 0x00, 0x00, 0x10, 0x00, 0x01, 0xFC, 0x00,
    0x1F, 0x80, 0x01, 0x00, 0x00, 0x18, 0x00, 0x01, 0x80, 0x00, 0x38, 0x00, 0x7F, 0xC0, 0x0E, 0x3F,
    0x00, 0xC1, 0xBC, 0x0C, 0x18, 0xE0, 0xF7, 0x84, 0x07, 0xF0, 0x00, 0x00, 0x00, 0x00, 0x00, 0x00,
    0x00, 0x00, 0x00, 0x00, 0x00, 0x0E, 0x00, 0x00, 0xFF, 0x00, 0x01, 0xF0, 0x03, 0x00, 0x00, 0x30,
    0x00, 0x03, 0x00, 0x00, 0x30, 0x00, 0x02, 0x7F, 0x80, 0x6F, 0x3C, 0x07, 0x80, 0xC0, 0x70, 0x06,
    0x06, 0x00, 0x60, 0x00, 0x0E, 0x00, 0x01, 0xC0, 0x00, 0x78, 0x00, 0xFF, 0x00, 0x0F, 0x80, 0x00,
    0x00, 0x00, 0x00, 0x00, 0x03, 0x00, 0x00, 0x31, 0xC0, 0x03, 0x3F, 0x00, 0x36, 0x30, 0x03, 0xC1,
    0x80, 0x38, 0x18, 0x03, 0x01, 0x80, 0x30, 0x18, 0x03, 0x01, 0x80, 0x30, 0x18, 0x03, 0x01, 0x80,
    0x20, 0x18, 0x00, 0x03, 0x80, 0x00, 0x70, 0x00, 0x0E, 0x00, 0x07, 0xC0, 0x00, 0xF0, 0x00, 0x00,
    0x00, 0x00, 0x00, 0x00, 0x00, 0x00, 0x00, 0x00, 0x00, 0x3F, 0xF0, 0x03, 0xFF, 0x00, 0x00, 0xE0,
    0x00, 0x1C, 0x00, 0x03, 0x80, 0x00, 0x70, 0x00, 0x0F, 0xE0, 0x03, 0xFF, 0x80, 0x78, 0x1C, 0x0E,
    0x00, 0xE0, 0xC7, 0x06, 0x00, 0xF8, 0x60, 0x18, 0xCE, 0x01, 0x8C, 0xC0, 0x1C, 0xF8, 0x00, 0xFF,
    0x00, 0x00, 0x00, 0x00, 0x00, 0x00, 0x00, 0x00, 0x00, 0x80, 0x00, 0x18, 0x00, 0x01, 0x80, 0x00,
    0x18, 0x30, 0x1F, 0xCF, 0xC1, 0xFB, 0x8C, 0x01, 0xF0, 0xC0, 0x1C, 0x0C, 0x03, 0x80, 0xC0, 0x38,
    0x0C, 0x07, 0x80, 0xC0, 0xD8, 0x08, 0x1D, 0x80, 0x81, 0x98, 0x18, 0x11, 0x81, 0xD0, 0x18, 0x0F,
    0x01, 0x80, 0x60, 0x00, 0x00, 0x00, 0x00, 0x00, 0x00, 0x00, 0x00, 0x00, 0x00, 0x00, 0x00, 0x03,
    0xFF, 0x00, 0x3F, 0xF0, 0x00, 0x0E, 0x00, 0x01, 0x80, 0x00, 0x30, 0x00, 0x0F, 0xE0, 0x01, 0xFF,
    0x80, 0x38, 0x1C, 0x07, 0x00, 0xE0, 0xC0, 0x06, 0x08, 0x00, 0x60, 0x00, 0x0C, 0x00, 0x01, 0xC0,
    0x08, 0xF8, 0x00, 0xFF, 0x00, 0x00, 0x00, 0x00, 0x00, 0x00, 0x00, 0x00, 0x00, 0x00, 0x00, 0x00,
    0x00, 0x00, 0x00, 0x00, 0x0C, 0x00, 0x00, 0xC0, 0x00, 0x0C, 0x00, 0x07, 0xC7, 0x00, 0x7D, 0xF8,
    0x00, 0xF0, 0xC0, 0x1C, 0x06, 0x01, 0x80, 0x60, 0x38, 0x06, 0x06, 0x80, 0x60, 0xE8, 0x0C, 0x0C,
    0x83, 0x80, 0x08, 0xF0, 0x00, 0x8C, 0x00, 0x00, 0x00, 0x00, 0x00, 0x00, 0x00, 0x00, 0x00, 0x80,
    0x00, 0x18, 0x00, 0x01, 0x80, 0x00, 0x18, 0x00, 0x1F, 0xC7, 0x01, 0xFB, 0xFC, 0x01, 0xF0, 0xE0,
    0x1C, 0x03, 0x03, 0x80, 0x30, 0x78, 0x03, 0x07, 0x80, 0x30, 0xD8, 0x03, 0x19, 0x80, 0x71, 0x98,
    0x0E, 0x11, 0x83, 0xC0, 0x18, 0xF0, 0x01, 0x84, 0x00, 0x00, 0x00, 0x00, 0x00, 0x00, 0x00, 0x00,
    0x00, 0x00, 0x00, 0x3F, 0x80, 0x03, 0xF8, 0x00, 0x01, 0x80, 0x00, 0x18, 0x00, 0x03, 0xF0, 0x00,
    0xFF, 0xC0, 0x3F, 0x0C, 0x03, 0x20, 0x60, 0x66, 0x06, 0x0C, 0x60, 0x30, 0xCC, 0x03, 0x18, 0xDE,
    0x21, 0x9B, 0xF6, 0x1F, 0xB1, 0xE0, 0xF3, 0x9C, 0x00, 0x1F, 0x80, 0x00, 0x00, 0x00, 0x00, 0x00,
    0x00, 0x00, 0x00, 0x00, 0x00, 0x3F, 0xF0, 0x03, 0xFF, 0x00, 0x03, 0x80, 0x00, 0x7E, 0x00, 0x1F,
    0xF8, 0x07, 0x00, 0xC0, 0xEF, 0x0C, 0x09, 0x98, 0xC0, 0x19, 0xB8, 0x00, 0xFF, 0x00, 0x1F, 0xC0,
    0x03, 0x80, 0x00, 0x7C, 0xFC, 0x0F, 0xFC, 0xE1, 0xC7, 0x87, 0x18, 0x30, 0x30, 0x00, 0x00, 0x00,
    0x00, 0x00, 0x00, 0x00, 0x00, 0x40, 0x00, 0x0C, 0x00, 0x00, 0xC7, 0x01, 0xFF, 0xF0, 0x07, 0xC0,
    0x00, 0x18, 0x00, 0x03, 0xE0, 0x60, 0x3F, 0x9E, 0x07, 0x1F, 0x80, 0xC3, 0xC0, 0x18, 0x78, 0x00,
    0x0D, 0x80, 0x01, 0x98, 0x00, 0x19, 0x80, 0x01, 0x80, 0x00, 0x1E, 0x3C, 0x00, 0xFF, 0xC0, 0x00,
    0x00, 0x00, 0x00, 0x00, 0x00, 0x00, 0x00, 0x00, 0x00, 0x03, 0x00, 0x00, 0x30, 0x00, 0x07, 0x00,
    0x00, 0x60, 0x00, 0x0C, 0x00, 0x00, 0xC0, 0x00, 0x18, 0x00, 0x01, 0xF8, 0x00, 0x3D, 0xC0, 0x03,
    0x0C, 0x00, 0x70, 0xC1, 0x06, 0x0C, 0x30, 0xC0, 0xC3, 0x0C, 0x0C, 0x71, 0xC0, 0xFE, 0x18, 0x07,
    0xC0, 0x00, 0x00, 0x00, 0x00, 0x00, 0x00, 0x00, 0x00, 0x00, 0x00, 0x1F, 0x00, 0x01, 0xFF, 0x30,
    0x00, 0xEB, 0x00, 0x00, 0xD0, 0x01, 0x84, 0x03, 0xFF, 0x00, 0xFC, 0x78, 0x04, 0x01, 0x80, 0x00,
    0x18, 0x00, 0x01, 0x80, 0x00, 0x18, 0x00, 0x01, 0x80, 0x00, 0x30, 0x00, 0x0F, 0x00, 0x03, 0xC0,
    0x01, 0xF8, 0x00, 0x0C, 0x00, 0x00, 0x00, 0x00, 0x00, 0x00, 0x00, 0x00, 0x00, 0x00, 0x00, 0x00,
    0x00, 0x00, 0x00, 0x00, 0x00, 0x60, 0x00, 0x0E, 0x00, 0x00, 0xC1, 0x80, 0x0F, 0x98, 0x0F, 0xFC,
    0xC0, 0x0C, 0x46, 0x01, 0x86, 0x60, 0x18, 0x46, 0x01, 0x84, 0x00, 0x30, 0xC0, 0x03, 0x0C, 0x00,
    0x65, 0xC0, 0x06, 0x78, 0x00, 0x00, 0x00, 0x00, 0x00, 0x00, 0x00, 0x00, 0x00, 0x00, 0x00, 0x00,
    0x00, 0x00, 0x00, 0x00, 0x00, 0x00, 0x02, 0x03, 0x00, 0x60, 0x30, 0x06, 0x03, 0x00, 0x60, 0x36,
    0x06, 0x7F, 0xE0, 0x60, 0x30, 0x06, 0x03, 0x00, 0x60, 0x30, 0x07, 0x03, 0x00, 0x70, 0x30, 0x07,
    0x02, 0x00, 0x70, 0x60, 0x06, 0x0C, 0x00, 0x21, 0xC0, 0x00, 0x00, 0x00, 0x00, 0x00, 0x1C, 0x00,
    0x71, 0xC0, 0x0F, 0x1A, 0x00, 0xB1, 0xB0, 0x1B, 0x19, 0x83, 0x31, 0x8C, 0x63, 0x18, 0x4C, 0x31,
    0x86, 0x83, 0x18, 0x38, 0x31, 0x83, 0x83, 0x18, 0x6C, 0x31, 0x84, 0x43, 0x18, 0x86, 0x31, 0x98,
    0x33, 0x1B, 0x01, 0xB1, 0xE0, 0x0B, 0x1C, 0x00, 0x71, 0xC0, 0x07, 0x1F, 0xFF, 0xF0, 0x00, 0x00,
    0x1C, 0x00, 0x71, 0xC0, 0x0F, 0x1A, 0x00, 0xB1, 0xB0, 0x1B, 0x19, 0x83, 0x31, 0x8C, 0x63, 0x18,
    0x4C, 0x31, 0x86, 0x83, 0x18, 0x38, 0x31, 0x83, 0x83, 0x18, 0x6C, 0x31, 0x84, 0x43, 0x18, 0x86,
    0x31, 0x98, 0x33, 0x1B, 0x01, 0xB1, 0xE0, 0x0B, 0x1C, 0x00, 0x71, 0xC0, 0x07, 0x1F, 0xFF, 0xF0,
    0x00, 0x00, 0x01, 0xB4, 0xD0, 0x18, 0x5D, 0x06, 0x01, 0x60, 0x40, 0x06, 0x18, 0x00, 0x00, 0x00,
    0x03, 0x20, 0x00, 0x13, 0x00, 0x00, 0x00, 0x00, 0x13, 0x00, 0x00, 0x30, 0x00, 0x00, 0x00, 0x03,
    0x18, 0x00, 0x01, 0x80, 0x04, 0x04, 0x00, 0x60, 0x40, 0x18, 0x01, 0xA5, 0x00, 0x02, 0x40, 0x00,
    0x00, 0x00, 0x00, 0x00, 0x01, 0xB4, 0x60, 0x18, 0x5C, 0x06, 0x01, 0x70, 0x40, 0x07, 0x18, 0x00,
    0x00, 0x00, 0x03, 0x20, 0x00, 0x13, 0x00, 0x00, 0x00, 0x00, 0x13, 0x00, 0x00, 0x30, 0x00, 0x00,
    0x00, 0x03, 0x18, 0x00, 0x01, 0x80, 0x04, 0x04, 0x00, 0x60, 0x40, 0x18, 0x01, 0xA5, 0x00, 0x02,
    0x40, 0x00, 0x00, 0x00, 0x00, 0x00, 0x0C, 0x00, 0x03, 0x60, 0x00, 0x32, 0x00, 0x01, 0x80, 0x00,
    0x00, 0x00, 0x00, 0x00, 0x00, 0x00, 0x00, 0x00, 0x00, 0x00, 0x00, 0x00, 0x00, 0x00, 0x00, 0x00,
    0x00, 0x00, 0x00, 0x00, 0x00, 0x00, 0x00, 0x00, 0x00, 0x00, 0x00, 0x00, 0x00, 0x00, 0x00, 0x00,
    0x00, 0x00, 0x00, 0x00, 0x00, 0x00, 0x00, 0x00, 0x1C, 0x00, 0x02, 0x60, 0x00, 0x26, 0x00, 0x03,
    0xC0, 0x00, 0x08, 0x00, 0x00, 0x00, 0x00, 0x00, 0x00, 0x00, 0x00, 0x00, 0x00, 0x00, 0x00, 0x00,
    0x00, 0x00, 0x00, 0x00, 0x00, 0x00, 0x00, 0x00, 0x00, 0x00, 0x00, 0x00, 0x00, 0x00, 0x00, 0x00,
    0x00, 0x00, 0x00, 0x00, 0x00, 0x00, 0x00, 0x00, 0x00, 0x00, 0x00, 0x00, 0x00, 0x00, 0x00, 0x00,
    0x00, 0x00, 0x00, 0x00, 0x00, 0xC0, 0x00, 0x06, 0x00, 0x00, 0x30, 0x00, 0x01, 0x80, 0x00, 0x0C,
    0x00, 0x00, 0xE0, 0x00, 0x07, 0x00, 0x00, 0x38, 0x00, 0x0F, 0x00, 0x07, 0xE0, 0x00, 0x70, 0x00,
    0x00, 0x00, 0x00, 0x00, 0x00, 0x00, 0x00, 0x00, 0x00, 0x00, 0x00, 0x00, 0x00, 0x00, 0x00, 0x00,
    0x00, 0x00, 0x09, 0x80, 0x00, 0xD8, 0x01, 0x86, 0x80, 0x1C, 0x60, 0x00, 0xE0, 0x00, 0x07, 0x00,
    0x00, 0x38, 0x00, 0x01, 0xC0, 0x00, 0x0E, 0x00, 0x00, 0x70, 0x00, 0x0F, 0x00, 0x07, 0xE0, 0x00,
    0xF0, 0x00, 0x00, 0x00, 0x00, 0x00, 0x00, 0x00, 0x00, 0x00, 0x00, 0x00, 0x00, 0x00, 0x00, 0x0C,
    0x00, 0x00, 0xC0, 0x00, 0x18, 0x00, 0x01, 0x80, 0x00, 0x3F, 0x80, 0x03, 0x3E, 0x00, 0x70, 0x40,
    0x06, 0x00, 0x00, 0xCC, 0x00, 0x0F, 0xE0, 0x01, 0xE7, 0x00, 0x38, 0x30, 0x03, 0x03, 0x00, 0x60,
    0x30, 0x0E, 0x03, 0x01, 0xC8, 0x60, 0x19, 0xFC, 0x00, 0x0F, 0x80, 0x00, 0x00, 0x00, 0x00, 0x00,
    0x00, 0x00, 0x00, 0x00, 0x00, 0x00, 0x00, 0x00, 0x00, 0x00, 0x00, 0x00, 0x00, 0x00, 0x00, 0x00,
    0x00, 0x00, 0x1F, 0xF0, 0x00, 0x00, 0x00, 0x00, 0x00, 0x01, 0xFF, 0x00, 0x00, 0x00, 0x00, 0x00,
    0x00, 0x00, 0x00, 0x00, 0x00, 0x00, 0x00, 0x00, 0x00, 0x00, 0x00, 0x00, 0x00, 0x00, 0x00, 0x00,
    0x00, 0x00, 0x00, 0x00, 0x00, 0x00, 0x00, 0x00, 0x00, 0x00, 0x00, 0x00, 0x00, 0x00, 0x00, 0x20,
    0x04, 0x07, 0xFF, 0xE0, 0x00, 0x0C, 0x00, 0x11, 0xC0, 0x03, 0x38, 0x00, 0x37, 0x00, 0x03, 0x20,
    0x00, 0x30, 0x00, 0x03, 0x00, 0x00, 0x60, 0x00, 0x0E, 0x00, 0x01, 0xC0, 0x00, 0x18, 0x00, 0x00,
    0x00, 0x00, 0x00, 0x00, 0x00, 0x00, 0x00, 0x00, 0x00, 0x0F, 0xFF, 0xF0, 0xFF, 0xFF, 0x00, 0x00,
    0x60, 0x01, 0x0E, 0x00, 0x31, 0xC0, 0x03, 0x38, 0x00, 0x33, 0x00, 0x03, 0x00, 0x00, 0x30, 0x00,
    0x03, 0x00, 0x00, 0x70, 0x00, 0x06, 0x00, 0x00, 0xC0, 0x00, 0x38, 0x00, 0x03, 0x00, 0x00, 0x00,
    0x00, 0x00, 0x00, 0x00, 0x00, 0x00, 0x00, 0x00, 0x00, 0x00, 0x00, 0x00, 0x00, 0x00, 0x00, 0x00,
    0x00, 0x01, 0x80, 0x00, 0x38, 0x00, 0x07, 0x00, 0x00, 0xE0, 0x00, 0x38, 0x00, 0x0F, 0x80, 0x07,
    0xF8, 0x00, 0xF1, 0x80, 0x08, 0x18, 0x00, 0x01, 0x80, 0x00, 0x18, 0x00, 0x01, 0x80, 0x00, 0x18,
    0x00, 0x01, 0x80, 0x00, 0x00, 0x00, 0x00, 0x00, 0x00, 0x00, 0x00, 0x00, 0x0C, 0x00, 0x01, 0xC0,
    0x00, 0x38, 0x00, 0x07, 0x00, 0x01, 0xE0, 0x00, 0x3C, 0x00, 0x1F, 0x80, 0x07, 0xD8, 0x01, 0xF1,
    0x80, 0x18, 0x18, 0x00, 0x01, 0x80, 0x00, 0x18, 0x00, 0x01, 0x80, 0x00, 0x18, 0x00, 0x01, 0x80,
    0x00, 0x18, 0x00, 0x00, 0x00, 0x00, 0x00, 0x00, 0x00, 0x00, 0x00, 0x00, 0x00, 0x00, 0x00, 0x00,
    0x00, 0x00, 0x00, 0x00, 0x00, 0x30, 0x00, 0x03, 0x00, 0x07, 0xFF, 0x80, 0x7F, 0xFC, 0x06, 0x01,
    0x80, 0x60, 0x18, 0x06, 0x01, 0x80, 0x40, 0x38, 0x00, 0x03, 0x00, 0x00, 0x70, 0x00, 0x0E, 0x00,
    0x03, 0xC0, 0x00, 0xF0, 0x00, 0x04, 0x00, 0x00, 0x00, 0x00, 0x00, 0x00, 0x00, 0x30, 0x00, 0x03,
    0x00, 0x00, 0x30, 0x00, 0xFF, 0xFC, 0x0F, 0xFF, 0xE0, 0xC0, 0x06, 0x0C, 0x00, 0x60, 0xC0, 0x0E,
    0x0C, 0x00, 0xC0, 0xC0, 0x0C, 0x00, 0x01, 0x80, 0x00, 0x38, 0x00, 0x07, 0x00, 0x00, 0xE0, 0x00,
    0x3C, 0x00, 0x0F, 0x80, 0x00, 0xE0, 0x00, 0x00, 0x00, 0x00, 0x00, 0x00, 0x00, 0x00, 0x00, 0x00,
    0x00, 0x00, 0x00, 0x00, 0x00, 0x00, 0x00, 0x00, 0x00, 0x00, 0x00, 0x00, 0x00, 0x07, 0xFF, 0xC0,
    0x7F, 0xFC, 0x00, 0x30, 0x00, 0x03, 0x00, 0x00, 0x30, 0x00, 0x03, 0x00, 0x00, 0x30, 0x00, 0x03,
    0x00, 0x00, 0x30, 0x00, 0xFF, 0xFE, 0x07, 0xFF, 0xC0, 0x00, 0x00, 0x00, 0x00, 0x00, 0x00, 0x00,
    0x00, 0x00, 0x00, 0x00, 0x00, 0x00, 0x00, 0x00, 0xFF, 0xFE, 0x0F, 0xFF, 0xE0, 0x03, 0x00, 0x00,
    0x30, 0x00, 0x03, 0x00, 0x00, 0x30, 0x00, 0x03, 0x00, 0x00, 0x30, 0x00, 0x03, 0x00, 0x00, 0x30,
    0x00, 0x03, 0x00, 0x1F, 0xFF, 0xF1, 0xFF, 0xFF, 0x00, 0x00, 0x00, 0x00, 0x00, 0x00, 0x00, 0x00,
    0x00, 0x00, 0x00, 0x00, 0x00, 0x00, 0x00, 0x00, 0x00, 0x00, 0x00, 0x00, 0x00, 0x06, 0x00, 0x00,
    0x60, 0x00, 0x06, 0x00, 0x7F, 0xFE, 0x07, 0xFF, 0xE0, 0x01, 0xE0, 0x00, 0x3E, 0x00, 0x07, 0x60,
    0x00, 0xE6, 0x00, 0x1C, 0x60, 0x07, 0x86, 0x00, 0x60, 0x60, 0x00, 0x3E, 0x00, 0x03, 0xC0, 0x00,
    0x00, 0x00, 0x00, 0x00, 0x00, 0x00, 0x00, 0x00, 0x60, 0x00, 0x06, 0x00, 0x00, 0x60, 0x0F, 0xFF,
    0xE0, 0xFF, 0xFF, 0x00, 0x1E, 0x00, 0x01, 0xE0, 0x00, 0x3E, 0x00, 0x07, 0x60, 0x00, 0xE6, 0x00,
    0x3C, 0x60, 0x07, 0x86, 0x01, 0xE0, 0x60, 0x1C, 0x06, 0x00, 0x03, 0xE0, 0x00, 0x7E, 0x00, 0x00,
    0x00, 0x00, 0x00, 0x00, 0x00, 0x00, 0x00, 0x20, 0x00, 0x03, 0x00, 0x00, 0x30, 0x00, 0x03, 0x00,
    0x0F, 0xFF, 0xC0, 0xFF, 0xFE, 0x00, 0x60, 0x60, 0x06, 0x06, 0x00, 0x60, 0x60, 0x06, 0x06, 0x00,
    0xC0, 0x60, 0x0C, 0x0C, 0x01, 0x80, 0xC0, 0x38, 0x0C, 0x07, 0x00, 0xC0, 0xE1, 0xF8, 0x0C, 0x0F,
    0x00, 0x00, 0x00, 0x00, 0x00, 0x00, 0x00, 0x00, 0x00, 0x00, 0x20, 0x06, 0x1B, 0x00, 0x60, 0xB0,
    0x06, 0x0C, 0x00, 0x60, 0x01, 0xFF, 0xFC, 0x0F, 0xFF, 0xC0, 0x06, 0x0C, 0x00, 0xC0, 0xC0, 0x0C,
    0x0C, 0x00, 0xC0, 0xC0, 0x18, 0x0C, 0x01, 0x80, 0xC0, 0x38, 0x08, 0x07, 0x01, 0x80, 0xE1, 0xF8,
    0x1C, 0x1F, 0x00, 0x00, 0x00, 0x00, 0x00, 0x00, 0x00, 0x00, 0x00, 0x00, 0x00, 0x06, 0x00, 0x00,
    0x60, 0x00, 0x06, 0x3C, 0x00, 0xFF, 0xC0, 0xFF, 0xC0, 0x0F, 0x30, 0x00, 0x03, 0x00, 0x00, 0x30,
    0x20, 0x03, 0xFE, 0x03, 0xFF, 0xC1, 0xFF, 0x80, 0x0C, 0x18, 0x00, 0x01, 0x80, 0x00, 0x1C, 0x00,
    0x00, 0xC0, 0x00, 0x0C, 0x00, 0x00, 0x00, 0x00, 0x00, 0x00, 0x00, 0x00, 0x00, 0x00, 0xB0, 0x06,
    0x0B, 0x00, 0x60, 0xD0, 0x06, 0x18, 0x00, 0x7F, 0x81, 0xFF, 0xF0, 0x1F, 0xF0, 0x00, 0x03, 0x00,
    0x00, 0x30, 0x00, 0x03, 0x3E, 0x00, 0xFF, 0xE1, 0xFF, 0xC0, 0x1E, 0x18, 0x00, 0x01, 0x80, 0x00,
    0x18, 0x00, 0x01, 0x80, 0x00, 0x1C, 0x00, 0x00, 0x80, 0x00, 0x00, 0x00, 0x00, 0x00, 0x00, 0x00,
    0x00, 0x03, 0x00, 0x00, 0x70, 0x00, 0x07, 0xFC, 0x00, 0xFF, 0xE0, 0x1C, 0x0E, 0x03, 0x80, 0xC0,
    0x70, 0x0C, 0x0E, 0x01, 0x80, 0xC0, 0x38, 0x00, 0x03, 0x00, 0x00, 0x70, 0x00, 0x0E, 0x00, 0x01,
    0xC0, 0x00, 0x78, 0x00, 0x1E, 0x00, 0x03, 0xC0, 0x00, 0x10, 0x00, 0x00, 0x00, 0x00, 0x00, 0x00,
    0x00, 0x00, 0xB0, 0x06, 0x0D, 0x00, 0x60, 0x40, 0x0F, 0xFC, 0x01, 0xFF, 0xC0, 0x38, 0x1C, 0x03,
    0x01, 0x80, 0xE0, 0x18, 0x1C, 0x03, 0x81, 0x80, 0x30, 0x00, 0x06, 0x00, 0x00, 0xE0, 0x00, 0x1C,
    0x00, 0x03, 0x80, 0x00, 0xF0, 0x00, 0x3E, 0x00, 0x07, 0x80, 0x00, 0x20, 0x00, 0x00, 0x00, 0x00,
    0x00, 0x00, 0x00, 0x80, 0x00, 0x1C, 0x00, 0x01, 0x80, 0x00, 0x18, 0x00, 0x03, 0xFF, 0xF0, 0x3F,
    0xFF, 0x06, 0x06, 0x00, 0xE0, 0xC0, 0x1C, 0x0C, 0x01, 0x80, 0xC0, 0x00, 0x0C, 0x00, 0x01, 0x80,
    0x00, 0x38, 0x00, 0x03, 0x00, 0x00, 0x70, 0x00, 0x1E, 0x00, 0x01, 0x80, 0x00, 0x00, 0x00, 0x00,
    0x00, 0x00, 0x00, 0x00, 0x00, 0x00, 0x30, 0x08, 0x0B, 0x01, 0x80, 0xD0, 0x18, 0x04, 0x01, 0x80,
    0x00, 0x3F, 0xFF, 0x07, 0xFF, 0xE0, 0x60, 0x40, 0x0C, 0x0C, 0x01, 0xC0, 0xC0, 0x08, 0x0C, 0x00,
    0x01, 0xC0, 0x00, 0x18, 0x00, 0x03, 0x80, 0x00, 0x70, 0x00, 0x0E, 0x00, 0x01, 0xC0, 0x00, 0x08,
    0x00, 0x00, 0x00, 0x00, 0x00, 0x00, 0x00, 0x00, 0x00, 0x00, 0x00, 0x00, 0x00, 0x00, 0xFF, 0xFC,
    0x07, 0xFE, 0xC0, 0x00, 0x0C, 0x00, 0x00, 0xC0, 0x00, 0x0C, 0x00, 0x00, 0xC0, 0x00, 0x0C, 0x00,
    0x00, 0xC0, 0x00, 0x0C, 0x00, 0x00, 0xC0, 0x00, 0x0C, 0x0F, 0xFF, 0xC0, 0xFF, 0xFC, 0x00, 0x00,
    0xC0, 0x00, 0x00, 0x00, 0x00, 0x00, 0x00, 0x00, 0x00, 0x01, 0xB0, 0x00, 0x1B, 0x00, 0x00, 0xD0,
    0x7F, 0xFC, 0x0F, 0xFF, 0xC0, 0x00, 0x0C, 0x00, 0x00, 0xC0, 0x00, 0x0C, 0x00, 0x00, 0xC0, 0x00,
    0x0C, 0x00, 0x00, 0xC0, 0x00, 0x0C, 0x00, 0x00, 0xC0, 0x00, 0x0C, 0x0F, 0xFF, 0xC0, 0xFF, 0xFC,
    0x00, 0x00, 0xC0, 0x00, 0x00, 0x00, 0x00, 0x00, 0x00, 0x00, 0x00, 0x00, 0x00, 0x18, 0x30, 0x01,
    0x83, 0x00, 0x18, 0x30, 0x01, 0x83, 0x01, 0xFF, 0xFF, 0x1F, 0xFF, 0xF0, 0x18, 0x30, 0x01, 0x83,
    0x00, 0x18, 0x30, 0x01, 0x83, 0x00, 0x18, 0x30, 0x00, 0x06, 0x00, 0x00, 0xE0, 0x00, 0x1C, 0x00,
    0x03, 0x80, 0x00, 0x70, 0x00, 0x00, 0x00, 0x00, 0x00, 0x00, 0x00, 0x00, 0x00, 0x00, 0x00, 0x10,
    0x2B, 0x03, 0x06, 0xF0, 0x30, 0x65, 0x03, 0x06, 0x03, 0xBF, 0x7E, 0x3F, 0xFF, 0xE0, 0x30, 0x60,
    0x03, 0x06, 0x00, 0x30, 0x60, 0x03, 0x06, 0x00, 0x30, 0x60, 0x00, 0x06, 0x00, 0x00, 0xC0, 0x00,
    0x1C, 0x00, 0x03, 0x80, 0x00, 0xF0, 0x00, 0x06, 0x00, 0x00, 0x00, 0x00, 0x00, 0x00, 0x00, 0x00,
    0x00, 0x18, 0x00, 0x01, 0xC0, 0x00, 0x0E, 0x00, 0x00, 0x70, 0x00, 0x00, 0x00, 0x0C, 0x00, 0x20,
    0xF0, 0x07, 0x03, 0x80, 0x60, 0x10, 0x0C, 0x00, 0x03, 0x80, 0x00, 0x70, 0x00, 0x0E, 0x00, 0x03,
    0xC0, 0x01, 0xF0, 0x00, 0x7C, 0x00, 0x07, 0x00, 0x00, 0x00, 0x00, 0x00, 0x00, 0x00, 0x00, 0x00,
    0x00, 0x00, 0x00, 0x10, 0x16, 0x03, 0xC1, 0xB0, 0x0E, 0x19, 0x00, 0x60, 0xC0, 0x00, 0x00, 0x1C,
    0x00, 0x20, 0xF0, 0x06, 0x07, 0x80, 0xE0, 0x10, 0x1C, 0x00, 0x03, 0x80, 0x00, 0x70, 0x00, 0x0E,
    0x00, 0x03, 0xC0, 0x01, 0xF0, 0x00, 0xFC, 0x00, 0x07, 0x00, 0x00, 0x00, 0x00, 0x00, 0x00, 0x00,
    0x00, 0x00, 0x00, 0x00, 0x00, 0x00, 0x00, 0x00, 0x00, 0x00, 0x7F, 0xF8, 0x00, 0x03, 0x80, 0x00,
    0x38, 0x00, 0x03, 0x00, 0x00, 0x70, 0x00, 0x0E, 0x00, 0x00, 0xC0, 0x00, 0x1C, 0x00, 0x03, 0xE0,
    0x00, 0x73, 0x00, 0x1C, 0x18, 0x03, 0x80, 0xC0, 0xF0, 0x0E, 0x0C, 0x00, 0x60, 0x00, 0x00, 0x00,
    0x00, 0x00, 0x00, 0x00, 0x00, 0x00, 0xB0, 0x00, 0x0D, 0x00, 0x00, 0xD0, 0x7F, 0xF8, 0x07, 0xFB,
    0x80, 0x00, 0x30, 0x00, 0x07, 0x00, 0x00, 0x60, 0x00, 0x0E, 0x00, 0x01, 0xC0, 0x00, 0x1C, 0x00,
    0x03, 0xE0, 0x00, 0xE7, 0x00, 0x1C, 0x38, 0x07, 0x81, 0xC0, 0xF0, 0x0E, 0x1C, 0x00, 0x60, 0x00,
    0x00, 0x00, 0x00, 0x00, 0x00, 0x00, 0x00, 0x00, 0x00, 0x0C, 0x00, 0x00, 0x80, 0x00, 0x08, 0x00,
    0x00, 0x83, 0xE0, 0x0F, 0xFE, 0x0F, 0xFC, 0xC1, 0xFC, 0x0C, 0x18, 0x81, 0x80, 0x08, 0x30, 0x00,
    0x87, 0x00, 0x08, 0x00, 0x00, 0x80, 0x00, 0x08, 0x00, 0x00, 0xC0, 0x40, 0x0F, 0xFE, 0x00, 0x7F,
    0xC0, 0x00, 0x00, 0x00, 0x00, 0x00, 0x00, 0x00, 0x00, 0x00, 0x20, 0x18, 0x1B, 0x01, 0x80, 0xD0,
    0x18, 0x04, 0x01, 0x80, 0x40, 0x18, 0xFE, 0x01, 0xFF, 0xC3, 0xFE, 0x1C, 0x3F, 0x81, 0x80, 0x18,
    0x30, 0x01, 0x87, 0x00, 0x18, 0x60, 0x01, 0x80, 0x00, 0x18, 0x00, 0x01, 0x80, 0x00, 0x1E, 0xFC,
    0x00, 0xFF, 0xC0, 0x00, 0x00, 0x00, 0x00, 0x00, 0x00, 0x00, 0x00, 0x00, 0x00, 0x00, 0x00, 0x0C,
    0x00, 0xC0, 0xE0, 0x0C, 0x06, 0x00, 0xC0, 0x70, 0x0C, 0x03, 0x01, 0x80, 0x38, 0x18, 0x01, 0x03,
    0x80, 0x00, 0x30, 0x00, 0x07, 0x00, 0x00, 0xE0, 0x00, 0x1C, 0x00, 0x03, 0x80, 0x00, 0x70, 0x00,
    0x1E, 0x00, 0x01, 0x80, 0x00, 0x00, 0x00, 0x00, 0x00, 0x00, 0x00, 0x00, 0x00, 0x01, 0xB0, 0x00,
    0x09, 0x00, 0x00, 0xC0, 0xC0, 0x0C, 0x0E, 0x00, 0xC0, 0x60, 0x1C, 0x07, 0x01, 0x80, 0x30, 0x18,
    0x03, 0x03, 0x80, 0x00, 0x30, 0x00, 0x07, 0x00, 0x00, 0xE0, 0x00, 0x0C, 0x00, 0x03, 0x80, 0x00,
    0x78, 0x00, 0x1E, 0x00, 0x01, 0xC0, 0x00, 0x00, 0x00, 0x00, 0x00, 0x00, 0x00, 0x00, 0x00, 0x30,
    0x00, 0x03, 0x00, 0x00, 0x60, 0x00, 0x0F, 0xFE, 0x00, 0xC0, 0xE0, 0x18, 0x0C, 0x03, 0x00, 0xC0,
    0xE6, 0x18, 0x1C, 0x71, 0x80, 0x83, 0xF0, 0x00, 0x0F, 0x00, 0x00, 0xF8, 0x00, 0x1F, 0x80, 0x03,
    0x88, 0x00, 0xF0, 0x00, 0x3C, 0x00, 0x03, 0x80, 0x00, 0x00, 0x00, 0x00, 0x00, 0x00, 0x00, 0x00,
    0x00, 0x00, 0xB0, 0x06, 0x0D, 0x00, 0x60, 0x50, 0x0F, 0xFC, 0x01, 0xFF, 0xC0, 0x18, 0x0C, 0x03,
    0x01, 0xC0, 0x60, 0x18, 0x1C, 0xE3, 0x81, 0x87, 0x30, 0x00, 0x3F, 0x00, 0x00, 0xE0, 0x00, 0x1F,
    0x00, 0x03, 0xB8, 0x00, 0x70, 0x00, 0x1E, 0x00, 0x07, 0x80, 0x00, 0x60, 0x00, 0x00, 0x00, 0x00,
    0x00, 0x00, 0x00, 0x00, 0x00, 0x00, 0xF8, 0x0F, 0xFF, 0x80, 0x7F, 0x80, 0x00, 0x10, 0x00, 0x01,
    0x00, 0x00, 0x10, 0x01, 0xFF, 0xFF, 0x1F, 0xFF, 0xE0, 0x03, 0x00, 0x00, 0x30, 0x00, 0x03, 0x00,
    0x00, 0x70, 0x00, 0x06, 0x00, 0x00, 0xC0, 0x00, 0x3C, 0x00, 0x03, 0x00, 0x00, 0x00, 0x00, 0x00,
    0x00, 0x00, 0x00, 0x00, 0x00, 0x00, 0x00, 0x00, 0x10, 0x00, 0x3F, 0x80, 0xFF, 0xF2, 0x06, 0x30,
    0xB0, 0x03, 0x0D, 0x00, 0x30, 0x40, 0x03, 0x00, 0x1F, 0xFF, 0xE0, 0x03, 0x80, 0x00, 0x30, 0x00,
    0x03, 0x00, 0x00, 0x30, 0x00, 0x06, 0x00, 0x00, 0xE0, 0x00, 0x1C, 0x00, 0x03, 0x80, 0x00, 0x30,
    0x00, 0x00, 0x00, 0x00, 0x00, 0x00, 0x00, 0x00, 0x00, 0x00, 0x00, 0x00, 0x00, 0x00, 0x00, 0x00,
    0x00, 0x00, 0x00, 0x03, 0x00, 0x06, 0x30, 0xC0, 0x63, 0x0C, 0x03, 0x18, 0xC0, 0x31, 0x18, 0x03,
    0x01, 0x80, 0x00, 0x38, 0x00, 0x07, 0x00, 0x00, 0x60, 0x00, 0x1C, 0x00, 0x03, 0x80, 0x00, 0xF0,
    0x00, 0x0C, 0x00, 0x00, 0x00, 0x00, 0x00, 0x00, 0x00, 0x00, 0x00, 0x06, 0x00, 0x00, 0x60, 0x61,
    0xC7, 0x06, 0x0C, 0x30, 0x60, 0xC3, 0x06, 0x06, 0x10, 0xC0, 0x60, 0x0C, 0x02, 0x01, 0xC0, 0x00,
    0x18, 0x00, 0x03, 0x80, 0x00, 0x70, 0x00, 0x0E, 0x00, 0x01, 0xC0, 0x00, 0x78, 0x00, 0x1E, 0x00,
    0x01, 0xC0, 0x00, 0x00, 0x00, 0x00, 0x00, 0x00, 0x00, 0x00, 0x00, 0x01, 0xB0, 0x00, 0x0D, 0x00,
    0x60, 0xC1, 0x86, 0x00, 0x18, 0x60, 0x60, 0xC3, 0x0E, 0x0C, 0x30, 0xC0, 0xE1, 0x0C, 0x06, 0x01,
    0x80, 0x00, 0x18, 0x00, 0x03, 0x00, 0x00, 0x70, 0x00, 0x0E, 0x00, 0x01, 0xC0, 0x00, 0x38, 0x00,
    0x0F, 0x00, 0x03, 0xC0, 0x00, 0x10, 0x00, 0x00, 0x00, 0x00, 0x00, 0x00, 0x00, 0x00, 0x00, 0x3F,
    0xF8, 0x03, 0xFF, 0xC0, 0x00, 0x00, 0x00, 0x00, 0x00, 0x00, 0x00, 0x00, 0x00, 0x01, 0xFF, 0xFF,
    0x1F, 0xFF, 0xF0, 0x01, 0x80, 0x00, 0x18, 0x00, 0x01, 0x80, 0x00, 0x30, 0x00, 0x03, 0x00, 0x00,
    0x60, 0x00, 0x0E, 0x00, 0x03, 0xC0, 0x00, 0x10, 0x00, 0x00, 0x00, 0x00, 0x00, 0x00, 0x00, 0x00,
    0x10, 0x00, 0x0D, 0x03, 0xFF, 0x60, 0x3F, 0xF0, 0x00, 0x00, 0x00, 0x00, 0x00, 0x00, 0x00, 0x01,
    0xFF, 0xFF, 0x1F, 0xFF, 0xE0, 0x01, 0x80, 0x00, 0x18, 0x00, 0x01, 0x80, 0x00, 0x30, 0x00, 0x03,
    0x00, 0x00, 0x60, 0x00, 0x0E, 0x00, 0x03, 0xC0, 0x00, 0x10, 0x00, 0x00, 0x00, 0x00, 0x00, 0x00,
    0x00, 0x00, 0x00, 0x0C, 0x00, 0x00, 0xC0, 0x00, 0x0C, 0x00, 0x00, 0xC0, 0x00, 0x0C, 0x00, 0x00,
    0xE0, 0x00, 0x0F, 0x80, 0x00, 0xFF, 0x00, 0x0C, 0x7C, 0x00, 0xC1, 0xC0, 0x0C, 0x00, 0x00, 0xC0,
    0x00, 0x0C, 0x00, 0x00, 0xC0, 0x00, 0x0C, 0x00, 0x00, 0xC0, 0x00, 0x00, 0x00, 0x00, 0x00, 0x00,
    0x00, 0x00, 0x00, 0x00, 0x00, 0x18, 0x0C, 0x01, 0x82, 0xC0, 0x18, 0x36, 0x01, 0x81, 0x00, 0x18,
    0x00, 0x01, 0xC0, 0x00, 0x1F, 0x80, 0x01, 0xFF, 0x00, 0x18, 0xFC, 0x01, 0x81, 0xC0, 0x18, 0x00,
    0x01, 0x80, 0x00, 0x18, 0x00, 0x01, 0x80, 0x00, 0x18, 0x00, 0x01, 0x80, 0x00, 0x00, 0x00, 0x00,
    0x00, 0x00, 0x00, 0x00, 0x00, 0x00, 0x00, 0x01, 0x80, 0x00, 0x18, 0x00, 0x01, 0x80, 0x00, 0x18,
    0x00, 0x83, 0x82, 0x1F, 0xFF, 0xF0, 0x01, 0x80, 0x00, 0x18, 0x00, 0x01, 0x80, 0x00, 0x18, 0x00,
    0x03, 0x00, 0x00, 0x30, 0x00, 0x06, 0x00, 0x00, 0xE0, 0x00, 0x3C, 0x00, 0x03, 0x80, 0x00, 0x00,
    0x00, 0x00, 0x00, 0x00, 0x00, 0x00, 0x00, 0x00, 0x00, 0x00, 0x00, 0x00, 0x00, 0x00, 0x7F, 0xFC,
    0x07, 0xFF, 0xC0, 0x00, 0x00, 0x00, 0x00, 0x00, 0x00, 0x00, 0x00, 0x00, 0x00, 0x00, 0x00, 0x00,
    0x00, 0x00, 0x00, 0x00, 0x00, 0x00, 0x01, 0xFF, 0xFE, 0x1F, 0xFF, 0xE0, 0x00, 0x00, 0x00, 0x00,
    0x00, 0x00, 0x00, 0x00, 0x00, 0x00, 0x00, 0x00, 0x00, 0x00, 0x00, 0x00, 0x00, 0x00, 0x00, 0x00,
    0x7F, 0xFC, 0x00, 0x01, 0xC0, 0x00, 0x18, 0x00, 0x01, 0x80, 0x38, 0x30, 0x03, 0xC3, 0x00, 0x0F,
    0x60, 0x00, 0x3E, 0x00, 0x01, 0xE0, 0x00, 0x3F, 0x00, 0x07, 0x38, 0x01, 0xE1, 0xC0, 0x7C, 0x08,
    0x0F, 0x00, 0x00, 0x40, 0x00, 0x00, 0x00, 0x00, 0x00, 0x00, 0x00, 0x10, 0x00, 0x01, 0x00, 0x00,
    0x10, 0x00, 0x7F, 0xF8, 0x0F, 0xFF, 0xC0, 0x00, 0x38, 0x00, 0x03, 0x00, 0x00, 0xE0, 0x00, 0x1C,
    0x00, 0x07, 0x80, 0x01, 0xF3, 0x80, 0x7F, 0x1E, 0x1F, 0x10, 0x70, 0x81, 0x02, 0x00, 0x10, 0x00,
    0x01, 0x00, 0x00, 0x30, 0x00, 0x01, 0x00, 0x00, 0x00, 0x00, 0x00, 0x00, 0x00, 0x00, 0x00, 0x00,
    0x00, 0x00, 0x01, 0x80, 0x00, 0x18, 0x00, 0x01, 0x80, 0x00, 0x30, 0x00, 0x03, 0x00, 0x00, 0x60,
    0x00, 0x06, 0x00, 0x00, 0xC0, 0x00, 0x1C, 0x00, 0x03, 0x80, 0x00, 0x70, 0x00, 0x0E, 0x00, 0x03,
    0xC0, 0x00, 0xF0, 0x00, 0x06, 0x00, 0x00, 0x00, 0x00, 0x00, 0x00, 0x00, 0x00, 0x00, 0x00, 0x00,
    0x00, 0x00, 0x00, 0x00, 0x02, 0x00, 0x0C, 0x60, 0x00, 0xC3, 0x00, 0x18, 0x30, 0x01, 0x81, 0x80,
    0x18, 0x18, 0x03, 0x81, 0xC0, 0x30, 0x0C, 0x03, 0x00, 0xC0, 0x60, 0x0E, 0x06, 0x00, 0x60, 0xC0,
    0x06, 0x1C, 0x00, 0x31, 0x80, 0x03, 0x00, 0x00, 0x00, 0x00, 0x00, 0x00, 0x00, 0x00, 0x00, 0x00,
    0x00, 0x00, 0x30, 0x00, 0x0B, 0x00, 0x00, 0xD0, 0x08, 0x64, 0x01, 0x86, 0x00, 0x18, 0x30, 0x01,
    0x83, 0x00, 0x18, 0x18, 0x03, 0x01, 0x80, 0x30, 0x1C, 0x03, 0x00, 0xC0, 0x60, 0x0C, 0x06, 0x00,
    0xE0, 0xC0, 0x06, 0x1C, 0x00, 0x61, 0x80, 0x07, 0x00, 0x00, 0x20, 0x00, 0x00, 0x00, 0x00, 0x00,
    0x00, 0x00, 0x00, 0x00, 0x70, 0x00, 0x0D, 0x00, 0x00, 0x80, 0x0C, 0x67, 0x01, 0xC7, 0x20, 0x18,
    0x30, 0x01, 0x83, 0x80, 0x18, 0x18, 0x03, 0x01, 0x80, 0x30, 0x0C, 0x03, 0x00, 0xC0, 0x60, 0x0E,
    0x06, 0x00, 0x60, 0xC0, 0x06, 0x1C, 0x00, 0x71, 0x80, 0x03, 0x00, 0x00, 0x00, 0x00, 0x00, 0x00,
    0x00, 0x00, 0x00, 0x00, 0x00, 0x00, 0x00, 0x30, 0x00, 0x03, 0x00, 0x00, 0x30, 0x00, 0x03, 0x00,
    0xC0, 0x30, 0x7C, 0x03, 0x3F, 0x00, 0x3F, 0x80, 0x03, 0xC0, 0x00, 0x30, 0x00, 0x03, 0x00, 0x00,
    0x30, 0x00, 0x03, 0x00, 0x00, 0x30, 0x00, 0x03, 0x80, 0xE0, 0x1F, 0xFE, 0x00, 0x7F, 0x80, 0x00,
    0x00, 0x00, 0x00, 0x00, 0x00, 0x00, 0x00, 0x00, 0x60, 0x60, 0x1B, 0x06, 0x00, 0xD0, 0x60, 0x04,
    0x06, 0x01, 0x80, 0x60, 0x78, 0x06, 0x7F, 0x00, 0x7F, 0x80, 0x07, 0xC0, 0x00, 0x60, 0x00, 0x06,
    0x00, 0x00, 0x60, 0x00, 0x06, 0x00, 0x00, 0x60, 0x00, 0x07, 0x00, 0xC0, 0x3F, 0xFC, 0x01, 0xFF,
    0x80, 0x00, 0x00, 0x00, 0x00, 0x00, 0x00, 0x00, 0x00, 0x00, 0xF0, 0x60, 0x09, 0x06, 0x01, 0x90,
    0x60, 0x0F, 0x06, 0x01, 0xE0, 0x60, 0xF8, 0x06, 0x7E, 0x00, 0x7F, 0x00, 0x07, 0x80, 0x00, 0x60,
    0x00, 0x06, 0x00, 0x00, 0x60, 0x00, 0x06, 0x00, 0x00, 0x60, 0x00, 0x07, 0x00, 0xC0, 0x3F, 0xFC,
    0x01, 0xFF, 0x80, 0x00, 0x00, 0x00, 0x00, 0x00, 0x00, 0x00, 0x00, 0x00, 0x00, 0x00, 0x00, 0x00,
    0x00, 0x00, 0xFF, 0xFE, 0x00, 0x00, 0xE0, 0x00, 0x0C, 0x00, 0x00, 0xC0, 0x00, 0x1C, 0x00, 0x01,
    0x80, 0x00, 0x18, 0x00, 0x03, 0x00, 0x00, 0x70, 0x00, 0x0E, 0x00, 0x01, 0xC0, 0x00, 0x78, 0x00,
    0x3E, 0x00, 0x01, 0xC0, 0x00, 0x00, 0x00, 0x00, 0x00, 0x00, 0x00, 0x00, 0x00, 0x01, 0xB0, 0x00,
    0x0D, 0x00, 0x00, 0xC0, 0xFF, 0xFC, 0x00, 0x00, 0xC0, 0x00, 0x0C, 0x00, 0x00, 0xC0, 0x00, 0x18,
    0x00, 0x01, 0x80, 0x00, 0x38, 0x00, 0x03, 0x00, 0x00, 0x60, 0x00, 0x0E, 0x00, 0x03, 0xC0, 0x00,
    0x78, 0x00, 0x3E, 0x00, 0x03, 0x80, 0x00, 0x00, 0x00, 0x00, 0x00, 0x00, 0x00, 0x00, 0x00, 0x00,
    0x70, 0x00, 0x0C, 0x00, 0x00, 0xC0, 0xFF, 0xFF, 0x00, 0x01, 0xE0, 0x00, 0x0C, 0x00, 0x01, 0xC0,
    0x00, 0x18, 0x00, 0x01, 0x80, 0x00, 0x30, 0x00, 0x07, 0x00, 0x00, 0x60, 0x00, 0x0C, 0x00, 0x03,
    0xC0, 0x00, 0xF0, 0x00, 0x3E, 0x00, 0x03, 0x80, 0x00, 0x00, 0x00, 0x00, 0x00, 0x00, 0x00, 0x00,
    0x00, 0x00, 0x00, 0x00, 0x00, 0x00, 0x00, 0x00, 0x00, 0x00, 0x00, 0xF0, 0x00, 0x1F, 0x80, 0x03,
    0x9C, 0x00, 0x30, 0xE0, 0x06, 0x06, 0x00, 0xE0, 0x30, 0x1C, 0x01, 0x81, 0x80, 0x1C, 0x00, 0x00,
    0xE0, 0x00, 0x07, 0x00, 0x00, 0x30, 0x00, 0x00, 0x00, 0x00, 0x00, 0x00, 0x00, 0x00, 0x00, 0x00,
    0x00, 0x00, 0x00, 0x00, 0x00, 0x00, 0x00, 0x00, 0x00, 0x60, 0x00, 0x36, 0x00, 0xE1, 0x30, 0x1F,
    0x18, 0x01, 0xB8, 0x80, 0x31, 0xC0, 0x06, 0x0E, 0x00, 0xE0, 0x70, 0x1C, 0x03, 0x81, 0x80, 0x1C,
    0x00, 0x00, 0xE0, 0x00, 0x07, 0x00, 0x00, 0x70, 0x00, 0x03, 0x00, 0x00, 0x00, 0x00, 0x00, 0x00,
    0x00, 0x00, 0x00, 0x00, 0x00, 0x00, 0x00, 0x00, 0x00, 0x00, 0x01, 0xE0, 0x00, 0x13, 0x00, 0xE1,
    0x30, 0x1F, 0x1E, 0x01, 0x98, 0xC0, 0x30, 0xC0, 0x06, 0x0E, 0x00, 0xE0, 0x70, 0x1C, 0x03, 0x81,
    0x80, 0x1C, 0x00, 0x00, 0xE0, 0x00, 0x07, 0x00, 0x00, 0x30, 0x00, 0x00, 0x00, 0x00, 0x00, 0x00,
    0x00, 0x00, 0x00, 0x00, 0x00, 0x00, 0x00, 0x00, 0x00, 0x03, 0x00, 0x00, 0x10, 0x00, 0x01, 0x00,
    0x1F, 0xFF, 0xE1, 0xFF, 0xFE, 0x00, 0x10, 0x00, 0x01, 0x00, 0x03, 0x11, 0x80, 0x31, 0x18, 0x06,
    0x10, 0xC0, 0xE1, 0x06, 0x0C, 0x10, 0x61, 0x81, 0x03, 0x00, 0x10, 0x00, 0x0B, 0x00, 0x00, 0xF0,
    0x00, 0x00, 0x00, 0x00, 0x00, 0x00, 0x00, 0x00, 0x00, 0x00, 0x30, 0x03, 0x0B, 0x00, 0x30, 0xD0,
    0x01, 0x00, 0x1F, 0xFF, 0xE1, 0xFF, 0xFE, 0x00, 0x30, 0x00, 0x03, 0x00, 0x03, 0x31, 0x80, 0x33,
    0x18, 0x06, 0x30, 0xC0, 0xE3, 0x0E, 0x1C, 0x30, 0x61, 0x83, 0x03, 0x00, 0x30, 0x00, 0x0B, 0x00,
    0x01, 0xF0, 0x00, 0x00, 0x00, 0x00, 0x00, 0x00, 0x00, 0x00, 0x00, 0x00, 0xB0, 0x03, 0x19, 0x00,
    0x30, 0xF0, 0x01, 0x06, 0x1F, 0xFF, 0xE1, 0xFF, 0xFE, 0x00, 0x30, 0x00, 0x03, 0x00, 0x03, 0x31,
    0x80, 0x33, 0x18, 0x06, 0x30, 0xC0, 0xE3, 0x0E, 0x1C, 0x30, 0x61, 0x83, 0x03, 0x00, 0x30, 0x00,
    0x0B, 0x00, 0x01, 0xF0, 0x00, 0x00, 0x00, 0x00, 0x00, 0x00, 0x00, 0x00, 0x00, 0x00, 0x00, 0x00,
    0x00, 0x00, 0x00, 0x01, 0xFF, 0xFF, 0x0F, 0xFF, 0xF0, 0x00, 0x0E, 0x00, 0x00, 0xC0, 0x00, 0x18,
    0x01, 0x03, 0x80, 0x38, 0x70, 0x01, 0xCE, 0x00, 0x07, 0xC0, 0x00, 0x38, 0x00, 0x01, 0xC0, 0x00,
    0x0C, 0x00, 0x00, 0x60, 0x00, 0x06, 0x00, 0x00, 0x00, 0x00, 0x00, 0x00, 0x00, 0x00, 0x00, 0x00,
    0x00, 0x1C, 0x00, 0x01, 0xFC, 0x00, 0x03, 0xF8, 0x00, 0x03, 0xC0, 0x00, 0x00, 0x00, 0x00, 0x00,
    0x3F, 0x00, 0x01, 0xFF, 0x00, 0x00, 0xF0, 0x00, 0x00, 0x00, 0x00, 0x00, 0x06, 0x00, 0x00, 0x7F,
    0x00, 0x01, 0xFE, 0x00, 0x01, 0xF8, 0x00, 0x01, 0x80, 0x00, 0x00, 0x00, 0x00, 0x00, 0x00, 0x00,
    0x00, 0x00, 0x00, 0x03, 0x00, 0x00, 0x70, 0x00, 0x06, 0x00, 0x00, 0x60, 0x00, 0x06, 0x00, 0x00,
    0xC0, 0x00, 0x0C, 0x00, 0x00, 0xC1, 0x00, 0x18, 0x38, 0x01, 0x81, 0x80, 0x18, 0x0C, 0x03, 0x00,
    0xC0, 0x33, 0xFE, 0x1F, 0xFF, 0xE1, 0xFC, 0x03, 0x00, 0x00, 0x30, 0x00, 0x00, 0x00, 0x00, 0x00,
    0x00, 0x00, 0x00, 0x00, 0x00, 0x00, 0x08, 0x00, 0x01, 0x80, 0x00, 0x18, 0x03, 0x03, 0x80, 0x38,
    0x30, 0x01, 0xE3, 0x00, 0x07, 0x60, 0x00, 0x3E, 0x00, 0x01, 0xE0, 0x00, 0x1F, 0x00, 0x03, 0x38,
    0x00, 0xE1, 0xC0, 0x1C, 0x0E, 0x03, 0x80, 0x60, 0xF0, 0x00, 0x0C, 0x00, 0x00, 0x00, 0x00, 0x00,
    0x00, 0x00, 0x00, 0x00, 0x00, 0x00, 0x00, 0x00, 0x00, 0x07, 0xFF, 0xC0, 0x7F, 0xFC, 0x00, 0x60,
    0x00, 0x06, 0x00, 0x00, 0x60, 0x00, 0x06, 0x00, 0x1F, 0xFF, 0xE0, 0xF7, 0xFE, 0x00, 0x60, 0x00,
    0x06, 0x00, 0x00, 0x60, 0x00, 0x06, 0x00, 0x00, 0x70, 0x00, 0x03, 0xFE, 0x00, 0x1F, 0xC0, 0x00,
    0x00, 0x00, 0x00, 0x00, 0x00, 0x00, 0x00, 0x00, 0x00, 0x00, 0x00, 0x00, 0x00, 0x00, 0x00, 0x00,
    0x00, 0x80, 0x00, 0x0C, 0x00, 0x00, 0xC0, 0xC0, 0x0D, 0xFE, 0x07, 0xFE, 0xC0, 0xFE, 0x18, 0x00,
    0x63, 0x80, 0x06, 0x70, 0x00, 0x36, 0x00, 0x03, 0x00, 0x00, 0x30, 0x00, 0x03, 0x00, 0x00, 0x18,
    0x00, 0x01, 0x80, 0x00, 0x00, 0x00, 0x00, 0x00, 0x00, 0x00, 0x00, 0x38, 0x00, 0x01, 0x80, 0x00,
    0x18, 0x0F, 0x01, 0xDF, 0xF0, 0x7F, 0xE6, 0x1F, 0xC0, 0xC1, 0x8C, 0x1C, 0x00, 0xE3, 0x80, 0x06,
    0x70, 0x00, 0x62, 0x00, 0x06, 0x00, 0x00, 0x70, 0x00, 0x03, 0x00, 0x00, 0x30, 0x00, 0x03, 0x00,
    0x00, 0x18, 0x00, 0x00, 0x00, 0x00, 0x00, 0x00, 0x00, 0x00, 0x00, 0x00, 0x00, 0x00, 0x00, 0x00,
    0x00, 0x00, 0x00, 0x00, 0x00, 0x00, 0x00, 0x00, 0x00, 0x03, 0xFF, 0x00, 0x3F, 0xF0, 0x00, 0x03,
    0x00, 0x00, 0x30, 0x00, 0x03, 0x00, 0x00, 0x30, 0x00, 0x07, 0x00, 0x00, 0x60, 0x0F, 0xFF, 0xE0,
    0xFF, 0xFE, 0x00, 0x00, 0x00, 0x00, 0x00, 0x00, 0x00, 0x00, 0x00, 0x00, 0x00, 0x00, 0x00, 0x00,
    0x00, 0x00, 0x00, 0x00, 0x7F, 0xF8, 0x03, 0xFF, 0x80, 0x00, 0x18, 0x00, 0x01, 0x80, 0x00, 0x18,
    0x00, 0x03, 0x80, 0x00, 0x30, 0x00, 0x03, 0x00, 0x00, 0x30, 0x00, 0x03, 0x01, 0xFF, 0xFF, 0x1F,
    0xFF, 0xF0, 0xFF, 0xFF, 0x00, 0x00, 0x00, 0x00, 0x00, 0x00, 0x00, 0x00, 0x00, 0x00, 0x00, 0x00,
    0x00, 0x00, 0x00, 0x00, 0x00, 0x00, 0x00, 0x00, 0x00, 0x00, 0x00, 0x00, 0x00, 0x03, 0xFF, 0x80,
    0x00, 0x18, 0x00, 0x00, 0x80, 0x00, 0x18, 0x03, 0xFF, 0x80, 0x1F, 0xF8, 0x00, 0x00, 0x80, 0x00,
    0x18, 0x00, 0x01, 0x80, 0x3F, 0xF8, 0x03, 0xFF, 0x80, 0x00, 0x08, 0x00, 0x00, 0x00, 0x00, 0x00,
    0x00, 0x00, 0x00, 0x00, 0x00, 0x00, 0x00, 0x00, 0x7F, 0xFC, 0x00, 0x00, 0xC0, 0x00, 0x0C, 0x00,
    0x00, 0xC0, 0x00, 0x0C, 0x07, 0xFF, 0xC0, 0x7F, 0xFC, 0x00, 0x00, 0xC0, 0x00, 0x0C, 0x00, 0x00,
    0xC0, 0x00, 0x0C, 0x0F, 0xFF, 0xC0, 0xFF, 0xFC, 0x00, 0x00, 0xC0, 0x00, 0x00, 0x00, 0x00, 0x00,
    0x00, 0x00, 0x00, 0x00, 0x00, 0x3F, 0xFC, 0x03, 0xFF, 0xC0, 0x00, 0x00, 0x00, 0x00, 0x00, 0x00,
    0x00, 0x0F, 0xFF, 0xE0, 0xFF, 0xFE, 0x00, 0x00, 0x60, 0x00, 0x0E, 0x00, 0x00, 0xC0, 0x00, 0x1C,
    0x00, 0x03, 0x80, 0x00, 0x70, 0x00, 0x1E, 0x00, 0x07, 0xC0, 0x00, 0xF0, 0x00, 0x00, 0x00, 0x00,
    0x00, 0x00, 0x00, 0x00, 0x00, 0x00, 0x00, 0x20, 0x18, 0x03, 0x01, 0x80, 0x30, 0x18, 0x03, 0x01,
    0x80, 0x30, 0x18, 0x03, 0x01, 0x80, 0x30, 0x18, 0x03, 0x01, 0x80, 0x30, 0x18, 0x03, 0x01, 0x80,
    0x00, 0x30, 0x00, 0x03, 0x00, 0x00, 0x60, 0x00, 0x0E, 0x00, 0x07, 0xC0, 0x00, 0x70, 0x00, 0x00,
    0x00, 0x00, 0x00, 0x00, 0x00, 0x00, 0x00, 0x00, 0x00, 0x18, 0xC0, 0x01, 0x8C, 0x00, 0x18, 0xC0,
    0x01, 0x8C, 0x00, 0x18, 0xC0, 0x01, 0x8C, 0x00, 0x18, 0xC0, 0x01, 0x8C, 0x00, 0x18, 0xC0, 0x03,
    0x0C, 0x10, 0x30, 0xC3, 0x03, 0x0C, 0xE0, 0x60, 0xDC, 0x0E, 0x0F, 0x81, 0xC0, 0xF0, 0x18, 0x0C,
    0x00, 0x00, 0x00, 0x00, 0x00, 0x00, 0x00, 0x00, 0x00, 0x00, 0x00, 0x30, 0x00, 0x03, 0x00, 0x00,
    0x30, 0x00, 0x03, 0x00, 0x00, 0x30, 0x00, 0x03, 0x00, 0x00, 0x30, 0x00, 0x03, 0x00, 0x30, 0x30,
    0x07, 0x03, 0x00, 0xE0, 0x30, 0x1C, 0x03, 0x07, 0x80, 0x31, 0xE0, 0x03, 0xF8, 0x00, 0x3E, 0x00,
    0x01, 0x80, 0x00, 0x00, 0x00, 0x00, 0x00, 0x00, 0x00, 0x00, 0x00, 0x00, 0x00, 0x00, 0x00, 0x00,
    0x00, 0x00, 0xFF, 0xFC, 0x0C, 0x00, 0xC0, 0xC0, 0x0C, 0x0C, 0x00, 0xC0, 0xC0, 0x0C, 0x0C, 0x00,
    0xC0, 0xC0, 0x0C, 0x0C, 0x00, 0xC0, 0xC0, 0x0C, 0x0C, 0x00, 0xC0, 0xFF, 0xFC, 0x0F, 0xFF, 0xC0,
    0xC0, 0x0C, 0x00, 0x00, 0x40, 0x00, 0x00, 0x00, 0x00, 0x00, 0x00, 0x00, 0x00, 0x00, 0x00, 0x00,
    0x00, 0x00, 0x00, 0x00, 0x00, 0x00, 0x00, 0x00, 0x00, 0x00, 0x00, 0x07, 0xFF, 0xC0, 0x60, 0x1C,
    0x06, 0x01, 0x80, 0x60, 0x18, 0x06, 0x01, 0x80, 0x40, 0x38, 0x00, 0x03, 0x00, 0x00, 0x70, 0x00,
    0x0E, 0x00, 0x03, 0xC0, 0x00, 0xF0, 0x00, 0x0E, 0x00, 0x00, 0x00, 0x00, 0x00, 0x00, 0x00, 0x00,
    0x00, 0x00, 0x00, 0x0F, 0xFF, 0xE0, 0xFF, 0xFE, 0x0C, 0x00, 0x60, 0xC0, 0x0E, 0x0C, 0x00, 0xC0,
    0xC0, 0x0C, 0x0C, 0x00, 0xC0, 0x00, 0x1C, 0x00, 0x01, 0x80, 0x00, 0x30, 0x00, 0x07, 0x00, 0x00,
    0xE0, 0x00, 0x3C, 0x00, 0x0F, 0x00, 0x00, 0xC0, 0x00, 0x00, 0x00, 0x00, 0x00, 0x00, 0x00, 0x00,
    0x00, 0x00, 0x00, 0x00, 0x30, 0x00, 0x03, 0x00, 0x00, 0x30, 0x0F, 0xFF, 0xF0, 0xFF, 0xFF, 0x00,
    0x83, 0x00, 0x08, 0x30, 0x00, 0x83, 0x00, 0x08, 0x30, 0x00, 0x83, 0x00, 0xFF, 0xFF, 0x1F, 0xFF,
    0xF0, 0x00, 0x30, 0x00, 0x03, 0x00, 0x00, 0x30, 0x00, 0x03, 0x00, 0x00, 0x00, 0x00, 0x00, 0x00,
    0x00, 0x00, 0x00, 0x00, 0x00, 0x00, 0x00, 0x00, 0x00, 0x00, 0xFF, 0xFF, 0x00, 0x00, 0x60, 0x00,
    0x0E, 0x00, 0x31, 0xC0, 0x03, 0x38, 0x00, 0x33, 0x00, 0x03, 0x00, 0x00, 0x30, 0x00, 0x03, 0x00,
    0x00, 0x30, 0x00, 0x03, 0x00, 0x1F, 0xFF, 0xF1, 0xFF, 0xFF, 0x00, 0x00, 0x00, 0x00, 0x00, 0x00,
    0x00, 0x00, 0x00, 0x00, 0x00, 0x00, 0x00, 0x00, 0x00, 0x0F, 0xFF, 0xE0, 0x7F, 0xFE, 0x00, 0x00,
    0x60, 0x00, 0x0E, 0x00, 0x00, 0xC0, 0x7F, 0xFC, 0x07, 0xFF, 0xC0, 0x00, 0x18, 0x00, 0x01, 0x80,
    0x00, 0x30, 0x00, 0x06, 0x00, 0x01, 0xE0, 0x00, 0x38, 0x00, 0x1F, 0x00, 0x01, 0xC0, 0x00, 0x00,
    0x00, 0x00, 0x00, 0x00, 0x00, 0x00, 0x00, 0x00, 0x00, 0x00, 0x00, 0x06, 0x00, 0x00, 0x78, 0x00,
    0x01, 0xC0, 0x00, 0x0E, 0x03, 0x00, 0x60, 0x30, 0x00, 0x07, 0x00, 0x00, 0xE0, 0x00, 0x1C, 0x00,
    0x03, 0x80, 0x00, 0x70, 0x00, 0x1E, 0x00, 0x07, 0xC0, 0x01, 0xF0, 0x00, 0xFC, 0x00, 0x07, 0x00,
    0x00, 0x00, 0x00, 0x00, 0x00, 0x00, 0x00, 0x00, 0x00, 0x01, 0x60, 0x03, 0x1B, 0x00, 0x30, 0xD0,
    0x03, 0x00, 0x1F, 0xFF, 0xC1, 0xFF, 0xFC, 0x18, 0x00, 0xC1, 0x80, 0x0C, 0x18, 0x00, 0xC1, 0x80,
    0x18, 0x08, 0x01, 0x80, 0x00, 0x38, 0x00, 0x07, 0x00, 0x00, 0xE0, 0x00, 0x1C, 0x00, 0x07, 0x80,
    0x01, 0xE0, 0x00, 0x08, 0x00, 0x00, 0x00, 0x00, 0x00, 0x00, 0x00, 0x00, 0x00, 0x00, 0x00, 0x00,
    0x00, 0x00, 0x00, 0x00, 0x00, 0x30, 0x00, 0x03, 0x00, 0x00, 0x30, 0x00, 0x7F, 0xF8, 0x07, 0xFF,
    0xC0, 0x06, 0x08, 0x00, 0x60, 0x80, 0x06, 0x08, 0x00, 0xC1, 0x80, 0x0C, 0x18, 0x01, 0x81, 0x80,
    0x38, 0x38, 0x07, 0x1F, 0x00, 0x00, 0x00, 0x00, 0x00, 0x00, 0x00, 0x00, 0x00, 0x00, 0x00, 0x00,
    0x00, 0x00, 0x00, 0x00, 0x00, 0x00, 0x00, 0xC0, 0x00, 0x0C, 0x00, 0x00, 0xC0, 0x00, 0x1F, 0xFE,
    0x01, 0xFF, 0xE0, 0x30, 0x40, 0x06, 0x0C, 0x00, 0x40, 0xC0, 0x00, 0x0C, 0x00, 0x01, 0x80, 0x00,
    0x38, 0x00, 0x07, 0x00, 0x00, 0xE0, 0x00, 0x0C, 0x00, 0x00, 0x00, 0x00, 0x00, 0x00, 0x00, 0x01,
    0xB0, 0x00, 0x0B, 0x00, 0x00, 0x81, 0xFF, 0xFC, 0x1F, 0xFF, 0xC1, 0x80, 0x0C, 0x18, 0x00, 0xC1,
    0x80, 0x0C, 0x18, 0x01, 0xC0, 0x80, 0x18, 0x00, 0x01, 0x80, 0x00, 0x30, 0x00, 0x07, 0x00, 0x00,
    0xE0, 0x00, 0x1C, 0x00, 0x0F, 0x80, 0x01, 0xE0, 0x00, 0x08, 0x00, 0x00, 0x00, 0x00, 0x00, 0x00,
    0x00, 0x00, 0x30, 0x00, 0x6D, 0x00, 0x06, 0x50, 0x00, 0x60, 0x1F, 0xFF, 0xE0, 0xFF, 0xFE, 0x01,
    0x86, 0x00, 0x18, 0x60, 0x01, 0x86, 0x00, 0x18, 0x60, 0x01, 0x86, 0x01, 0xFF, 0xFE, 0x1F, 0xFF,
    0xF0, 0x00, 0x60, 0x00, 0x06, 0x00, 0x00, 0x60, 0x00, 0x06, 0x00, 0x00, 0x00, 0x00, 0x00, 0x00,
    0x00, 0x00, 0x00, 0x01, 0x20, 0x00, 0x1B, 0x00, 0x00, 0xD0, 0xFF, 0xFE, 0x0F, 0xFF, 0xE0, 0x00,
    0x0C, 0x00, 0x31, 0xC0, 0x03, 0x38, 0x00, 0x37, 0x00, 0x03, 0x00, 0x00, 0x30, 0x00, 0x03, 0x00,
    0x00, 0x30, 0x00, 0x03, 0x00, 0x1F, 0xFF, 0xF1, 0xFF, 0xFF, 0x00, 0x00, 0x00, 0x00, 0x00, 0x00,
    0x00, 0x00, 0x00, 0x00, 0x00, 0x01, 0xB0, 0x00, 0x09, 0x00, 0x00, 0x80, 0xFF, 0xFC, 0x00, 0x00,
    0xC0, 0x00, 0x0C, 0x00, 0x00, 0xC0, 0x00, 0x1C, 0x0F, 0xFF, 0x80, 0x7F, 0xF8, 0x00, 0x03, 0x80,
    0x00, 0x30, 0x00, 0x06, 0x00, 0x00, 0xC0, 0x00, 0x3C, 0x00, 0x0F, 0x00, 0x03, 0xE0, 0x00, 0x18,
    0x00, 0x00, 0x00, 0x00, 0x00, 0x00, 0x00, 0x00, 0x00, 0x00, 0x00, 0x00, 0x00, 0x00, 0x00, 0x00,
    0x00, 0x00, 0x00, 0x00, 0x00, 0x00, 0x30, 0x00, 0x07, 0x80, 0x00, 0x7C, 0x00, 0x07, 0xC0, 0x00,
    0x38, 0x00, 0x00, 0x00, 0x00, 0x00, 0x00, 0x00, 0x00, 0x00, 0x00, 0x00, 0x00, 0x00, 0x00, 0x00,
    0x00, 0x00, 0x00, 0x00, 0x00, 0x00, 0x00, 0x00, 0x00, 0x00, 0x00, 0x00, 0x00, 0x00, 0x00, 0x00,
    0x00, 0x00, 0x00, 0x00, 0x00, 0x00, 0x00, 0x00, 0x00, 0x00, 0x00, 0x00, 0x1F, 0xFF, 0xF1, 0xFF,
    0xFE, 0x00, 0x00, 0x00, 0x00, 0x00, 0x00, 0x00, 0x00, 0x00, 0x00, 0x00, 0x00, 0x00, 0x00, 0x00,
    0x00, 0x00, 0x00, 0x00, 0x00, 0x00, 0x00, 0x00, 0x00, 0x00, 0x00, 0x00, 0x00, 0x00, 0x00, 0x00,
    0x00, 0x00, 0x00, 0x00, 0x00, 0x00, 0x00, 0x0C, 0x00, 0x00, 0xE0, 0x00, 0x07, 0x00, 0x00, 0x38,
    0x00, 0x01, 0xC0, 0x00, 0x0C, 0x00, 0x00, 0xE0, 0x00, 0x07, 0x00, 0x00, 0x30, 0x00, 0x00, 0x00,
    0x00, 0x00, 0x00, 0x00, 0x00, 0x00, 0x00, 0x00, 0x00, 0x00, 0x00, 0x00, 0x00, 0x00, 0x00, 0x00,
    0x00, 0x00, 0x01, 0x00, 0x00, 0xD8, 0x00, 0x04, 0x80, 0x18, 0x60, 0x01, 0xC0, 0x00, 0x0E, 0x00,
    0x00, 0x70, 0x00, 0x03, 0x80, 0x00, 0x1C, 0x00, 0x00, 0xE0, 0x00, 0x07, 0x00, 0x00, 0x70, 0x00,
    0x00, 0x00, 0x00, 0x00, 0x00, 0x00, 0x00, 0x00, 0x00, 0x00, 0x00, 0x00, 0x00, 0x00, 0x00, 0x00,
    0x00, 0x7F, 0xF8, 0x07, 0xFF, 0x80, 0x00, 0x08, 0x00, 0x01, 0x80, 0x00, 0x18, 0x00, 0x01, 0x80,
    0x00, 0x18, 0x00, 0x01, 0x80, 0x00, 0x18, 0x00, 0x01, 0x80, 0x00, 0x18, 0x00, 0x01, 0x80, 0x00,
    0x18, 0x00, 0x01, 0x80, 0x00, 0x18, 0x00, 0x01, 0x80, 0x00, 0x08, 0x00, 0x00, 0x00, 0x00, 0x00,
    0x00, 0x00, 0x00, 0x00, 0x00, 0x00, 0x00, 0x00, 0x00, 0x00, 0x00, 0x00, 0x00, 0x00, 0x00, 0x00,
    0x00, 0x00, 0x00, 0x00, 0x3F, 0xFF, 0xF1, 0xFF, 0xFF, 0x00, 0x00, 0x00, 0x00, 0x00, 0x00, 0x00,
    0x00, 0x00, 0x00, 0x00, 0x00, 0x00, 0x00, 0x00, 0x00, 0x00, 0x00, 0x00, 0x00, 0x00, 0x00, 0x00,
    0x00, 0x00, 0x00, 0xC0, 0x00, 0x0C, 0x00, 0x00, 0xC0, 0x00, 0x0C, 0x00, 0x00, 0xC0, 0x00, 0x0C,
    0x3F, 0x01, 0xFF, 0xF1, 0xFF, 0x80, 0x1E, 0xC0, 0x00, 0x0C, 0x00, 0x00, 0xC0, 0x00, 0x0C, 0x00,
    0x00, 0xC0, 0x30, 0x0C, 0x03, 0x00, 0xC0, 0x30, 0x0E, 0x07, 0x00, 0x7F, 0xE0, 0x00, 0x00, 0x00,
    0x00, 0x00, 0x00, 0x00, 0x00, 0x00, 0x00, 0xFF, 0xFE, 0x0F, 0xFF, 0xE0, 0x00, 0x00, 0x00, 0x00,
    0x00, 0x00, 0x00, 0x00, 0x00, 0x00, 0x00, 0x00, 0x07, 0xFF, 0xC0, 0x3F, 0xF8, 0x00, 0x00, 0x00,
    0x00, 0x00, 0x00, 0x00, 0x00, 0x00, 0x00, 0x00, 0x00, 0x01, 0xFF, 0xFF, 0x1F, 0xFF, 0xF0, 0x00,
    0x00, 0x00, 0x00, 0x00, 0x00, 0x00, 0x00, 0x30, 0x00, 0x03, 0x00, 0x00, 0x30, 0x00, 0x03, 0x00,
    0x00, 0x30, 0x00, 0x03, 0x00, 0x00, 0x3F, 0xE0, 0x03, 0xFE, 0x00, 0x30, 0x00, 0x03, 0x00, 0x00,
    0x30, 0x00, 0x03, 0x00, 0x00, 0x30, 0x00, 0x03, 0x00, 0x00, 0x30, 0x01, 0xFF, 0x7F, 0x3F, 0xFF,
    0xF0, 0x00, 0x00, 0x00, 0x00, 0x00, 0x00, 0x00, 0x00, 0x00, 0x03, 0xFF, 0xFF, 0x3F, 0xFF, 0xF0,
    0x03, 0x00, 0x00, 0x30, 0x00, 0x03, 0x00, 0x00, 0x38, 0x00, 0x03, 0xE0, 0x00, 0x37, 0x80, 0x03,
    0x1E, 0x00, 0x30, 0xE0, 0x03, 0x00, 0x00, 0x30, 0x00, 0x03, 0x00, 0x00, 0x30, 0x00, 0x03, 0x00,
    0x00, 0x30, 0x00, 0x03, 0x00, 0x00, 0x00, 0x00, 0x00, 0x00, 0x00, 0x00, 0x00, 0x7F, 0xFC, 0x06,
    0x00, 0xC0, 0x60, 0x0C, 0x06, 0x00, 0xC0, 0x70, 0x1C, 0x07, 0xFF, 0xC0, 0x60, 0x0C, 0x06, 0x00,
    0xC0, 0x60, 0x0C, 0x07, 0x01, 0xC0, 0x7F, 0xFC, 0x06, 0x00, 0xC0, 0x60, 0x0C, 0x02, 0x00, 0xC0,
    0x70, 0x1C, 0x3F, 0xFF, 0xF0, 0x00, 0x00, 0x00, 0x00, 0x00, 0x00, 0x00, 0x02, 0x10, 0xC0, 0x61,
    0x0C, 0x06, 0x10, 0xC0, 0x61, 0x0C, 0x06, 0x10, 0xC3, 0xFF, 0xFF, 0x1F, 0xFF, 0xF0, 0x21, 0x0C,
    0x06, 0x10, 0xC0, 0x61, 0x0C, 0x06, 0x1F, 0xC0, 0x61, 0xFC, 0x06, 0x10, 0x00, 0x60, 0x00, 0x06,
    0x00, 0x00, 0x7F, 0xFF, 0x07, 0xFF, 0xF0, 0x20, 0x00, 0x00, 0x00, 0x00, 0x00, 0x00, 0x00, 0x00,
    0x80, 0x01, 0xFC, 0x07, 0xFE, 0x00, 0x7C, 0x00, 0x06, 0x00, 0x00, 0x60, 0x00, 0x06, 0x00, 0x00,
    0x7F, 0xFF, 0x07, 0xFF, 0xF0, 0x60, 0x30, 0x06, 0x03, 0x00, 0x60, 0x30, 0x06, 0x03, 0x00, 0x60,
    0x30, 0x02, 0x03, 0x00, 0x70, 0x30, 0x3F, 0xFF, 0xF0, 0x00, 0x00, 0x00, 0x00, 0x00, 0x00, 0x00,
    0x00, 0x10, 0x00, 0x01, 0x00, 0x00, 0x10, 0x00, 0xFF, 0xFE, 0x1F, 0xFF, 0xF1, 0x81, 0x02, 0x18,
    0x10, 0x21, 0x81, 0x02, 0x18, 0x10, 0x21, 0x81, 0x02, 0x1F, 0xFF, 0xF1, 0xFF, 0xFF, 0x18, 0x10,
    0x20, 0x01, 0x00, 0x00, 0x10, 0x00, 0x01, 0x00, 0x00, 0x10, 0x00, 0x01, 0x00, 0x00, 0x00, 0x00,
    0x00, 0x00, 0x00, 0x30, 0x00, 0x03, 0x00, 0x0F, 0xFF, 0xE0, 0xFF, 0xFE, 0x0C, 0x10, 0x60, 0xC3,
    0x86, 0x0F, 0xFF, 0xE0, 0x03, 0x00, 0x00, 0x10, 0x01, 0xFF, 0xFF, 0x1F, 0xFF, 0xF1, 0x83, 0x03,
    0x18, 0x30, 0x31, 0xFF, 0xFF, 0x1F, 0xFF, 0xF1, 0x83, 0x03, 0x00, 0x30, 0x00, 0x03, 0x00, 0x00,
    0x00, 0x00, 0x00, 0x00, 0x00, 0xC0, 0x00, 0x0C, 0x00, 0x00, 0xC0, 0x00, 0x0C, 0x00, 0x1F, 0xFF,
    0x01, 0xFF, 0xF8, 0x00, 0xC1, 0x80, 0x0C, 0x18, 0x0C, 0xC1, 0x80, 0xFC, 0x18, 0x03, 0xC1, 0x80,
    0x1E, 0x18, 0x03, 0xF1, 0x80, 0x33, 0x99, 0x06, 0x01, 0x90, 0xE0, 0x19, 0x3C, 0x01, 0xF3, 0x00,
    0x1F, 0x00, 0x00, 0x00, 0x00, 0x00, 0x00, 0x70, 0x00, 0x03, 0x80, 0x00, 0x1C, 0x00, 0xFF, 0xFE,
    0x1F, 0xFF, 0xF0, 0x03, 0x00, 0x00, 0x30, 0x00, 0x03, 0x00, 0x00, 0x10, 0x00, 0xFF, 0xFE, 0x0F,
    0xFF, 0xE0, 0x01, 0x00, 0x00, 0x30, 0x00, 0x03, 0x00, 0x00, 0x10, 0x00, 0x03, 0x80, 0x3F, 0xFF,
    0xF0, 0x00, 0x00, 0x00, 0x00, 0x00, 0x00, 0x00, 0x00, 0xC0, 0x00, 0x18, 0x00, 0x01, 0x80, 0x00,
    0x3F, 0xE0, 0x03, 0xFE, 0x00, 0x70, 0x60, 0x06, 0x0C, 0x00, 0xC0, 0xC0, 0x1C, 0x1C, 0x03, 0x81,
    0xC0, 0x00, 0x3E, 0x00, 0x07, 0x60, 0x00, 0xE3, 0x00, 0x1C, 0x38, 0x03, 0x81, 0xC0, 0x70, 0x0E,
    0x1E, 0x00, 0x71, 0x80, 0x01, 0x00, 0x00, 0x00, 0x00, 0x00, 0x00, 0x00, 0x00, 0xFF, 0xF8, 0x1F,
    0xFF, 0x80, 0x00, 0x70, 0x00, 0x0E, 0x00, 0x01, 0xC0, 0x00, 0x30, 0x00, 0x06, 0x00, 0x01, 0xC0,
    0x00, 0x38, 0x00, 0x07, 0x00, 0x00, 0x60, 0x00, 0x0C, 0x00, 0x31, 0x80, 0x03, 0x18, 0x00, 0x30,
    0xE0, 0x07, 0x0F, 0xFF, 0xE0, 0x00, 0x00, 0x00, 0x00, 0x00, 0x00, 0x00, 0x00, 0xC0, 0x00, 0x0C,
    0x00, 0x00, 0xC0, 0x00, 0x0C, 0x00, 0x00, 0xC0, 0x01, 0xFF, 0xF0, 0x1F, 0xFF, 0x00, 0x0C, 0x30,
    0x00, 0xC3, 0x00, 0x0C, 0x30, 0x01, 0x83, 0x00, 0x18, 0x30, 0x01, 0x83, 0x00, 0x30, 0x30, 0x07,
    0x03, 0x10, 0xE0, 0x31, 0x1C, 0x03, 0xF3, 0x80, 0x1F, 0x00, 0x00, 0x00, 0x00, 0x00, 0x03, 0x80,
    0x00, 0x30, 0x00, 0x07, 0xFF, 0xF0, 0x7F, 0xFF, 0x0C, 0x00, 0x01, 0x80, 0x00, 0x3F, 0xFF, 0x00,
    0x7F, 0xF0, 0x00, 0x0E, 0x00, 0x03, 0x80, 0x00, 0x70, 0x00, 0x1C, 0x00, 0x03, 0x80, 0x00, 0x70,
    0x01, 0x0C, 0x00, 0x30, 0xC0, 0x03, 0x0F, 0xFF, 0xF0, 0x7F, 0xFE, 0x00, 0x00, 0x00, 0x00, 0x00,
    0x02, 0x06, 0x00, 0x60, 0x60, 0x3F, 0xEC, 0x03, 0xFC, 0xFF, 0x02, 0x1C, 0x01, 0xFF, 0x80, 0x18,
    0x70, 0x01, 0xFE, 0xFE, 0x1F, 0xEF, 0xE1, 0x06, 0x1C, 0x1F, 0xE3, 0x81, 0xFC, 0x30, 0x02, 0x06,
    0x03, 0xFE, 0xC1, 0x07, 0x0C, 0x10, 0x21, 0x81, 0x02, 0x1F, 0xF0, 0x20, 0xFF, 0x00, 0x00, 0x00,
    0x00, 0x00, 0x01, 0xF0, 0x00, 0x3F, 0xE0, 0x07, 0x0C, 0x00, 0xFF, 0xFE, 0x1E, 0x38, 0x60, 0x7F,
    0xFE, 0x07, 0xFF, 0xE0, 0x63, 0x86, 0x07, 0xFF, 0xE0, 0x7F, 0xFE, 0x0F, 0xFF, 0xE0, 0xC1, 0x02,
    0x0F, 0xFF, 0xE0, 0xC3, 0x02, 0x0F, 0xFF, 0xF0, 0xFF, 0xFF, 0x08, 0x1F, 0xB0, 0x01, 0xFF, 0x00,
    0x00, 0x00, 0x00, 0x00, 0x00, 0x10, 0x01, 0xFF, 0xFF, 0x1F, 0xFF, 0xF0, 0x7F, 0xF8, 0x07, 0xFF,
    0xC0, 0x61, 0x0C, 0x07, 0xFF, 0xC0, 0x03, 0x80, 0x07, 0xFF, 0xC0, 0xFF, 0xFE, 0x00, 0x38, 0xE3,
    0xFF, 0xFF, 0x00, 0x30, 0xE0, 0x5B, 0xEE, 0x0F, 0xFF, 0xE0, 0x01, 0x04, 0x00, 0xF0, 0x00, 0x0F,
    0x00, 0x00, 0x00, 0x00, 0x00, 0x00, 0x00, 0x00, 0x00, 0x00, 0x00, 0x00, 0x00, 0x00, 0xFF, 0xFE,
    0x00, 0x00, 0x00, 0x00, 0x00, 0x00, 0x00, 0x00, 0x00, 0x00, 0x00, 0x00, 0x00, 0x00, 0x00, 0x00,
    0x00, 0x00, 0x00, 0x00, 0x00, 0x00, 0x00, 0x00, 0x00, 0x1F, 0xFF, 0xF1, 0xFF, 0xFF, 0x00, 0x00,
    0x00, 0x00, 0x00, 0x00, 0x00, 0x00, 0x00, 0x00, 0x0F, 0xFF, 0xF1, 0xFF, 0xFF, 0x00, 0xC0, 0x00,
    0x18, 0x00, 0x01, 0x80, 0x00, 0x1F, 0xF8, 0x01, 0xFF, 0x80, 0x18, 0x18, 0x03, 0x01, 0x80, 0x30,
    0x18, 0x03, 0x03, 0x80, 0x3F, 0xF8, 0x03, 0x03, 0x00, 0x00, 0x30, 0x00, 0x03, 0x00, 0x00, 0x30,
    0x1F, 0xFF, 0xF0, 0x00, 0x00, 0x00, 0x00, 0x00, 0x00, 0x00, 0x00, 0x00, 0x00, 0xFF, 0xFC, 0x1F,
    0xFF, 0xE0, 0x06, 0x00, 0x00, 0x60, 0x00, 0x06, 0x00, 0x00, 0x60, 0x00, 0xFF, 0xF8, 0x07, 0xFF,
    0x80, 0x0C, 0x18, 0x00, 0xC1, 0x80, 0x0C, 0x18, 0x00, 0x81, 0x80, 0x18, 0x18, 0x01, 0x81, 0x80,
    0x18, 0x18, 0x3F, 0xFF, 0xF0, 0x00, 0x00, 0x00, 0x00, 0x00, 0x00, 0x00, 0x00, 0x00, 0x03, 0xFF,
    0xFF, 0x01, 0xCE, 0x00, 0x08, 0x40, 0x00, 0x84, 0x01, 0xFF, 0xFE, 0x1F, 0xFF, 0xE1, 0x88, 0x46,
    0x18, 0xC4, 0x61, 0x88, 0x46, 0x19, 0xCE, 0x61, 0xFF, 0xFE, 0x18, 0xC6, 0x60, 0x08, 0x40, 0x00,
    0x84, 0x00, 0x1C, 0xE0, 0x3F, 0xFF, 0xF0, 0x00, 0x00, 0x00, 0x00, 0x00, 0x00, 0x00, 0x00, 0x30,
    0x00, 0x01, 0x00, 0x3F, 0xFF, 0xF1, 0xFF, 0xFF, 0x01, 0x83, 0x00, 0x38, 0x38, 0x07, 0x00, 0xE0,
    0xE0, 0x07, 0x1D, 0x83, 0x31, 0x0C, 0x60, 0x00, 0xC6, 0x00, 0x06, 0xC0, 0x00, 0x38, 0x00, 0x07,
    0x80, 0x00, 0xFE, 0x00, 0x7C, 0x7C, 0x3F, 0x01, 0xF1, 0x80, 0x03, 0x00, 0x00, 0x00, 0x00, 0x00,
    0x00, 0x30, 0x01, 0xFF, 0xFF, 0x1F, 0xFF, 0xF0, 0x00, 0x00, 0x07, 0xFF, 0x80, 0x60, 0x08, 0x07,
    0xFF, 0x80, 0x7F, 0xF8, 0x00, 0x00, 0x00, 0xFF, 0xFC, 0x0F, 0xFF, 0xC0, 0x01, 0xF0, 0x00, 0x3C,
    0x03, 0xFF, 0xFF, 0x00, 0x38, 0x00, 0x01, 0x00, 0x01, 0xF0, 0x00, 0x1F, 0x00, 0x00, 0x00, 0x00,
    0x00, 0x00, 0x00, 0x30, 0x00, 0x03, 0x00, 0x1F, 0xFF, 0xF1, 0xFF, 0xFF, 0x00, 0x00, 0x00, 0x7F,
    0xFC, 0x07, 0xFF, 0xC0, 0x60, 0x0C, 0x06, 0x00, 0xC0, 0x60, 0x0C, 0x07, 0xFF, 0xC0, 0x1F, 0xE0,
    0x02, 0x10, 0x80, 0x63, 0x1C, 0x0C, 0x30, 0xE1, 0xC1, 0x07, 0x19, 0xF0, 0x30, 0x1F, 0x00, 0x00,
    0x00, 0x00, 0x00, 0x00, 0x00, 0x30, 0x00, 0x03, 0x00, 0x00, 0x30, 0x00, 0x03, 0x80, 0x00, 0x38,
    0x00, 0x03, 0x80, 0x00, 0x78, 0x00, 0x07, 0xC0, 0x00, 0x6C, 0x00, 0x06, 0xC0, 0x00, 0xC6, 0x00,
    0x0C, 0x60, 0x01, 0x83, 0x00, 0x38, 0x38, 0x07, 0x01, 0xC0, 0xE0, 0x0E, 0x3C, 0x00, 0x71, 0x00,
    0x01, 0x00, 0x00, 0x00, 0x00, 0x00, 0x00, 0x38, 0x00, 0x07, 0xC0, 0x00, 0xCE, 0x00, 0x1C, 0x70,
    0x03, 0x83, 0x80, 0x70, 0x1E, 0x1D, 0xFF, 0x73, 0x80, 0x03, 0x10, 0x00, 0x10, 0x00, 0x00, 0x0F,
    0xFF, 0xC0, 0x7F, 0xFC, 0x00, 0x01, 0x80, 0x00, 0x18, 0x00, 0x03, 0x00, 0x00, 0x30, 0x00, 0x06,
    0x00, 0x00, 0x60, 0x00, 0x00, 0x00, 0x00, 0x00, 0x00, 0x38, 0x00, 0x07, 0xC0, 0x00, 0xEE, 0x00,
    0x1C, 0x70, 0x03, 0x83, 0x80, 0x70, 0x1C, 0x1F, 0x03, 0xF3, 0x98, 0x33, 0x11, 0x83, 0x00, 0x18,
    0x30, 0x01, 0x83, 0x00, 0x18, 0x30, 0x03, 0x83, 0x00, 0x30, 0x30, 0x07, 0x03, 0x00, 0x60, 0x30,
    0x1C, 0x03, 0x01, 0x80, 0x30, 0x00, 0x00, 0x00, 0x00, 0x00, 0x01, 0x86, 0x00, 0x30, 0x60, 0x03,
    0x06, 0x00, 0x60, 0x60, 0x0E, 0x06, 0x00, 0xE0, 0x60, 0x1E, 0xFF, 0xF3, 0x60, 0x60, 0x36, 0x06,
    0x00, 0x60, 0x60, 0x06, 0x06, 0x00, 0x60, 0x60, 0x06, 0x06, 0x00, 0x60, 0x60, 0x06, 0x06, 0x00,
    0x60, 0x60, 0x06, 0xFF, 0xF0, 0x60, 0x00, 0x00, 0x00, 0x00, 0x00, 0x00, 0x01, 0x83, 0x00, 0x32,
    0x30, 0x03, 0x33, 0x00, 0x63, 0x33, 0x06, 0x33, 0xF0, 0xE3, 0x7F, 0x1E, 0x3F, 0x33, 0xEF, 0xB3,
    0x37, 0xF3, 0x30, 0x63, 0x33, 0x06, 0x33, 0x30, 0x63, 0x37, 0x06, 0x33, 0x60, 0x63, 0x30, 0x06,
    0x30, 0x10, 0x63, 0x01, 0x06, 0x3F, 0xF0, 0x61, 0xFF, 0x00, 0x00, 0x00, 0x00, 0x00, 0x01, 0x84,
    0xC0, 0x18, 0x46, 0x03, 0x06, 0x30, 0x30, 0x61, 0x06, 0x06, 0x00, 0xE0, 0x7F, 0x1E, 0xFF, 0xF3,
    0xEF, 0x60, 0x36, 0x06, 0x00, 0x60, 0x60, 0x06, 0x03, 0x00, 0x60, 0x30, 0x06, 0x03, 0x00, 0x60,
    0x38, 0x06, 0x01, 0x80, 0x60, 0x1D, 0x06, 0x00, 0xF0, 0x20, 0x07, 0x00, 0x00, 0x00, 0x00, 0x00,
    0x00, 0x00, 0x00, 0xE0, 0x06, 0x06, 0x60, 0x60, 0x67, 0x0E, 0x06, 0x30, 0xC0, 0x61, 0x8C, 0x06,
    0x18, 0xC0, 0x60, 0x8C, 0x06, 0x01, 0x80, 0x60, 0x18, 0x06, 0x03, 0x80, 0x6E, 0x38, 0x07, 0xE7,
    0x80, 0xF8, 0xEC, 0x3C, 0x1C, 0x61, 0x03, 0x83, 0x01, 0xF0, 0x30, 0x0C, 0x01, 0x00, 0x00, 0x00,
    0x00, 0x00, 0x03, 0x00, 0x00, 0x37, 0xFF, 0x06, 0x60, 0x00, 0x66, 0x00, 0x0E, 0x60, 0x01, 0xE6,
    0x00, 0x1E, 0x7F, 0xF3, 0x67, 0x83, 0x26, 0x78, 0x30, 0x66, 0xC6, 0x06, 0x6C, 0x60, 0x66, 0x6C,
    0x06, 0x67, 0xC0, 0x6C, 0x38, 0x06, 0xC7, 0xC0, 0x6C, 0xEE, 0x07, 0xBC, 0x70, 0x6B, 0x01, 0x00,
    0x00, 0x00, 0x00, 0x00, 0x03, 0x1C, 0x00, 0x33, 0xBF, 0x06, 0xE3, 0xF0, 0x6C, 0x31, 0x0E, 0xC3,
    0x11, 0xEC, 0x31, 0x1E, 0xC3, 0x13, 0x6C, 0x31, 0x06, 0xC3, 0x10, 0x6C, 0x31, 0x06, 0xC3, 0x10,
    0x6C, 0x31, 0x06, 0xFF, 0x10, 0x6F, 0xB7, 0x06, 0xC3, 0x00, 0x60, 0x30, 0x06, 0x03, 0x00, 0x60,
    0x30, 0x00, 0x00, 0x00, 0x00, 0x00, 0x03, 0x26, 0x00, 0x33, 0x60, 0x06, 0x66, 0x00, 0x67, 0xFE,
    0x0E, 0x7F, 0xF0, 0xEC, 0x60, 0x1E, 0xC6, 0x03, 0x68, 0x60, 0x16, 0x06, 0x00, 0x6F, 0xFF, 0x06,
    0xFF, 0xF0, 0x60, 0x60, 0x06, 0x06, 0x00, 0x60, 0x60, 0x06, 0x06, 0x00, 0x60, 0x60, 0x06, 0x06,
    0x00, 0x60, 0x60, 0x00, 0x00, 0x00, 0x00, 0x00, 0x00, 0x38, 0x00, 0x07, 0x80, 0x00, 0xEC, 0x00,
    0x0C, 0x60, 0x01, 0x83, 0x00, 0x71, 0x1C, 0x0E, 0x10, 0xE1, 0xC1, 0x07, 0x18, 0x10, 0x10, 0x21,
    0x00, 0x06, 0x1F, 0xC0, 0x61, 0xFC, 0x06, 0x10, 0x00, 0x61, 0x00, 0x06, 0x10, 0x00, 0x21, 0x00,
    0x1F, 0xFF, 0xF1, 0xFF, 0xFF, 0x00, 0x00, 0x00, 0x00, 0x00, 0x03, 0x06, 0x00, 0x30, 0x60, 0x03,
    0x06, 0x00, 0x6F, 0xFF, 0x0E, 0x06, 0x00, 0xE0, 0x60, 0x1E, 0x06, 0x03, 0x6F, 0xFF, 0x36, 0xFF,
    0xF0, 0x63, 0x02, 0x06, 0x30, 0x60, 0x61, 0x8C, 0x06, 0x1D, 0x80, 0x60, 0xF0, 0x06, 0x0F, 0x00,
    0x63, 0xFC, 0x06, 0xF0, 0xF0, 0x6C, 0x03, 0x00, 0x00, 0x00, 0x00, 0x00, 0x01, 0x04, 0x00, 0x30,
    0x40, 0x03, 0x04, 0x00, 0x60, 0x40, 0x06, 0x06, 0x00, 0xFF, 0xFF, 0x1E, 0xFF, 0xF3, 0xE0, 0xF0,
    0x36, 0x1F, 0x00, 0x63, 0x58, 0x06, 0x34, 0xC0, 0x66, 0x6C, 0x06, 0xE6, 0x60, 0x7C, 0x43, 0x07,
    0x84, 0x30, 0x60, 0x40, 0x06, 0x06, 0x00, 0x60, 0x40, 0x00, 0x00, 0x00, 0x00, 0x00, 0x00, 0x38,
    0x00, 0x07, 0xC0, 0x00, 0xEE, 0x00, 0x1C, 0x70, 0x03, 0x81, 0xC0, 0xF0, 0x1E, 0x1F, 0xFF, 0xF1,
    0x80, 0x01, 0x00, 0x00, 0x00, 0x00, 0x00, 0x1F, 0xFF, 0xF0, 0xFF, 0xFF, 0x00, 0xC2, 0x00, 0x0C,
    0x38, 0x01, 0x81, 0xC0, 0x38, 0xFC, 0x1F, 0xFF, 0xE0, 0xE0, 0x03, 0x00, 0x00, 0x00, 0x00, 0x00,
    0x03, 0x00, 0x00, 0x7F, 0xFF, 0x06, 0x00, 0x30, 0xC0, 0x03, 0x0C, 0xFF, 0xB1, 0xCF, 0xFB, 0x3C,
    0x00, 0x33, 0xC7, 0xF3, 0x2C, 0x7F, 0x30, 0xC4, 0x33, 0x0C, 0x43, 0x30, 0xC4, 0x33, 0x0C, 0x63,
    0x30, 0xC7, 0xF3, 0x0C, 0x60, 0x30, 0xC4, 0x03, 0x0C, 0x01, 0xF0, 0xC0, 0x1E, 0x00, 0x00, 0x00,
    0x00, 0x00, 0x03, 0x40, 0x20, 0x6C, 0x03, 0x06, 0xC8, 0x20, 0xCC, 0xC2, 0x0C, 0xC6, 0x61, 0xCC,
    0x66, 0x3C, 0xC2, 0x67, 0xCC, 0x06, 0x2C, 0xC0, 0x60, 0xCC, 0x0C, 0x0C, 0xC0, 0xC0, 0xCD, 0xCC,
    0x0C, 0xF9, 0xC0, 0xDE, 0x3C, 0x0D, 0x07, 0x60, 0xC1, 0xE3, 0x0C, 0x78, 0x30, 0xC6, 0x01, 0x00,
    0x00, 0x00, 0x00, 0x00, 0x03, 0x06, 0x00, 0x30, 0x60, 0x06, 0x06, 0x00, 0x6F, 0xFF, 0x0E, 0xFF,
    0xF0, 0xE0, 0x00, 0x1E, 0x20, 0x43, 0x63, 0x0E, 0x36, 0x30, 0xC0, 0x63, 0x0C, 0x06, 0x30, 0xC0,
    0x61, 0x08, 0x06, 0x19, 0x80, 0x61, 0x98, 0x06, 0x11, 0x00, 0x60, 0x38, 0x07, 0xFF, 0xF0, 0x60,
    0x00, 0x00, 0x00, 0x00, 0x00, 0x00, 0x03, 0x1C, 0x00, 0x30, 0xE0, 0x06, 0x03, 0x00, 0x67, 0xFF,
    0x0E, 0xFF, 0xF1, 0xE0, 0x60, 0x1E, 0x06, 0x03, 0x60, 0x60, 0x26, 0x06, 0x00, 0x67, 0xFF, 0x06,
    0x7F, 0xF0, 0x60, 0x60, 0x06, 0x06, 0x00, 0x60, 0x60, 0x06, 0x06, 0x00, 0x60, 0x70, 0x06, 0xFF,
    0xF0, 0x60, 0x00, 0x00, 0x00, 0x00, 0x00, 0x00, 0x03, 0x0C, 0x00, 0x30, 0xC0, 0x06, 0x18, 0x00,
    0x6F, 0xFF, 0x0F, 0xFF, 0xF1, 0xE1, 0x80, 0x1E, 0x10, 0x03, 0x63, 0x00, 0x26, 0x3F, 0xF0, 0x67,
    0xFF, 0x06, 0x63, 0x00, 0x66, 0x30, 0x06, 0xC3, 0x00, 0x7C, 0x30, 0x07, 0x83, 0x00, 0x70, 0x38,
    0x06, 0x7F, 0xF0, 0x60, 0x00, 0x00, 0x00, 0x00, 0x00, 0x00, 0x03, 0x04, 0x00, 0x60, 0x40, 0x06,
    0x04, 0x00, 0xDF, 0xFF, 0x0D, 0xFF, 0xF1, 0xC1, 0xF0, 0x3C, 0x1F, 0x03, 0xC1, 0xF8, 0x2C, 0x35,
    0x80, 0xC2, 0x4C, 0x0C, 0x64, 0xC0, 0xCC, 0x46, 0x0D, 0xC6, 0x70, 0xDF, 0xFF, 0x0D, 0x0E, 0x10,
    0xC0, 0x40, 0x0C, 0x04, 0x00, 0xC0, 0x40, 0x00, 0x00, 0x00, 0x00, 0x00, 0x03, 0x00, 0x00, 0x3F,
    0xFF, 0x06, 0xFF, 0xF0, 0x60, 0x02, 0x0E, 0x00, 0x20, 0xE0, 0x02, 0x1E, 0xFE, 0x23, 0xEC, 0x62,
    0x16, 0xC6, 0x20, 0x6C, 0x62, 0x06, 0xC6, 0x20, 0x6F, 0xE2, 0x06, 0xFE, 0x20, 0x6C, 0x02, 0x06,
    0x00, 0x20, 0x60, 0x02, 0x06, 0x03, 0xE0, 0x60, 0x3E, 0x00, 0x00, 0x00, 0x00, 0x00, 0x01, 0x98,
    0x00, 0x31, 0x80, 0x03, 0x18, 0x00, 0x63, 0xFF, 0x0E, 0x7F, 0xF0, 0xE6, 0x40, 0x1E, 0xC4, 0x03,
    0xEC, 0x7F, 0x36, 0x07, 0xF0, 0x60, 0x40, 0x06, 0x04, 0x00, 0x60, 0x7F, 0x06, 0x07, 0xF0, 0x60,
    0x40, 0x06, 0x06, 0x00, 0x60, 0x60, 0x06, 0x06, 0x00, 0x60, 0x40, 0x00, 0x00, 0x00, 0x00, 0x00,
    0x03, 0x06, 0x00, 0x30, 0x60, 0x03, 0x7F, 0xF0, 0x67, 0xFF, 0x0E, 0x06, 0x00, 0xE0, 0x60, 0x1E,
    0xFF, 0xF3, 0xEF, 0xFF, 0x16, 0x02, 0x00, 0x60, 0x60, 0x06, 0x06, 0x00, 0x6F, 0xFF, 0x06, 0x06,
    0x00, 0x60, 0x60, 0x06, 0x06, 0x00, 0x60, 0x60, 0x07, 0xFF, 0xF0, 0x60, 0x00, 0x00, 0x00, 0x00,
    0x00, 0x00, 0x01, 0x86, 0x00, 0x30, 0x60, 0x03, 0xFF, 0xF0, 0x6F, 0xFF, 0x0E, 0x06, 0x00, 0xEF,
    0xFF, 0x1E, 0xFF, 0xF3, 0x6C, 0x63, 0x26, 0xC6, 0x30, 0x6F, 0xFF, 0x06, 0x7F, 0xF0, 0x64, 0x60,
    0x06, 0x66, 0x00, 0x63, 0xC0, 0x06, 0x1C, 0x00, 0x63, 0xF8, 0x06, 0xF3, 0xF0, 0x6C, 0x07, 0x00,
    0x00, 0x00, 0x00, 0x00, 0x01, 0x86, 0x00, 0x30, 0x60, 0x03, 0x7F, 0xF0, 0x67, 0xFF, 0x06, 0x06,
    0x00, 0xE0, 0x60, 0x1E, 0xFF, 0xF3, 0xEF, 0xFF, 0x36, 0x00, 0xC0, 0x60, 0x0C, 0x06, 0xFF, 0xF0,
    0x6F, 0xFF, 0x06, 0x30, 0xC0, 0x63, 0x0C, 0x06, 0x18, 0xC0, 0x60, 0x8C, 0x06, 0x03, 0xC0, 0x60,
    0x7C, 0x00, 0x00, 0x00, 0x00, 0x00, 0x03, 0x10, 0xC0, 0x31, 0x0C, 0x06, 0x10, 0xC0, 0x6F, 0xFF,
    0x0E, 0xFF, 0xF1, 0xE1, 0x0C, 0x1E, 0x10, 0xC3, 0x61, 0x0C, 0x16, 0x10, 0xC0, 0x61, 0x0C, 0x06,
    0xFF, 0xF0, 0x6F, 0xFF, 0x06, 0x00, 0x00, 0x63, 0x8C, 0x06, 0x30, 0x60, 0x66, 0x03, 0x06, 0xC0,
    0x30, 0x68, 0x01, 0x00, 0x00, 0x00, 0x00, 0x00, 0x01, 0x86, 0x00, 0x30, 0x60, 0x03, 0x06, 0x00,
    0x7F, 0xFF, 0x07, 0xFF, 0xF0, 0xE0, 0xF0, 0x1E, 0x1F, 0x03, 0xE3, 0xB1, 0x36, 0x73, 0x30, 0x6F,
    0x1E, 0x07, 0xF1, 0xC0, 0x7B, 0x18, 0x06, 0x30, 0xC0, 0x63, 0x0C, 0x06, 0x30, 0x60, 0x63, 0xF3,
    0x06, 0xFE, 0x10, 0x6C, 0x00, 0x00, 0x00, 0x00, 0x00, 0x00, 0x03, 0x00, 0x00, 0x7F, 0xFF, 0x07,
    0xFF, 0xF0, 0xC1, 0x98, 0x0C, 0x19, 0x81, 0xC1, 0x98, 0x3C, 0xFF, 0xF3, 0xCF, 0xFF, 0x2C, 0xD9,
    0xB0, 0xC9, 0x9B, 0x0C, 0x99, 0xB0, 0xC9, 0x9B, 0x0C, 0x99, 0xB0, 0xC9, 0x9B, 0x0C, 0x99, 0xB0,
    0xCF, 0xFF, 0x0C, 0xFF, 0xF0, 0xC8, 0x03, 0x00, 0x00, 0x00, 0x00, 0x00, 0x03, 0x00, 0x00, 0x37,
    0xFC, 0x06, 0x00, 0xC0, 0xE0, 0x0C, 0x0D, 0xFF, 0xF1, 0xDF, 0xFF, 0x3C, 0x60, 0x07, 0xC7, 0xFE,
    0x2C, 0xFF, 0xE0, 0xCC, 0x40, 0x0C, 0x84, 0x00, 0xDF, 0xFF, 0x0D, 0xFF, 0xF0, 0xC0, 0xE0, 0x0C,
    0x1F, 0x00, 0xC3, 0x9C, 0x0D, 0xE0, 0xF0, 0xDC, 0x03, 0x00, 0x00, 0x00, 0x00, 0x00, 0x03, 0x01,
    0xF0, 0x37, 0xFE, 0x06, 0xFE, 0x00, 0x60, 0xCC, 0x0E, 0x58, 0xC0, 0xE7, 0x18, 0x1E, 0x3B, 0x03,
    0x61, 0xE6, 0x36, 0x0C, 0x30, 0x6F, 0xFF, 0x06, 0xFF, 0xF0, 0x60, 0x60, 0x06, 0x36, 0x60, 0x67,
    0x66, 0x06, 0x66, 0x30, 0x6C, 0x61, 0x06, 0x86, 0x10, 0x60, 0x60, 0x00, 0x00, 0x00, 0x00, 0x00,
    0x01, 0x80, 0x00, 0x37, 0xFF, 0x03, 0x60, 0x30, 0x66, 0x03, 0x0E, 0x60, 0x30, 0xE7, 0xFF, 0x1E,
    0x7F, 0xF3, 0x60, 0x60, 0x36, 0x06, 0x00, 0x6F, 0xFF, 0x06, 0xFF, 0xF0, 0x60, 0xF8, 0x06, 0x1F,
    0x80, 0x63, 0x6C, 0x06, 0x76, 0x60, 0x6C, 0x63, 0x06, 0x86, 0x10, 0x60, 0x60, 0x00, 0x00, 0x00,
    0x00, 0x00, 0x03, 0x0C, 0x00, 0x30, 0xC0, 0x03, 0xFF, 0xF0, 0x7F, 0xFF, 0x0E, 0x30, 0xC0, 0xE6,
    0x6E, 0x1E, 0xFF, 0xF3, 0x7F, 0xFF, 0x37, 0xC6, 0x70, 0x6C, 0x66, 0x06, 0xFF, 0xE0, 0x6C, 0x66,
    0x06, 0xC6, 0x60, 0x6F, 0xFE, 0x06, 0xEE, 0x10, 0x64, 0x61, 0x06, 0x07, 0xF0, 0x60, 0x7F, 0x00,
    0x00, 0x00, 0x00, 0x00, 0x06, 0x00, 0x00, 0x6F, 0xFF, 0x06, 0xC4, 0x30, 0xC8, 0x43, 0x0C, 0x86,
    0x31, 0xCF, 0xFB, 0x3C, 0x8E, 0x33, 0xC8, 0x43, 0x2C, 0x9F, 0xB0, 0xC9, 0xFB, 0x0C, 0x90, 0xB0,
    0xC9, 0x0B, 0x0C, 0x91, 0xB0, 0xC9, 0xFB, 0x0C, 0x80, 0x30, 0xCC, 0x03, 0x0C, 0xFF, 0xF0, 0xC8,
    0x03, 0x00, 0x00, 0x00, 0x00, 0x00, 0x06, 0x00, 0x00, 0x63, 0xFC, 0x07, 0x80, 0xC0, 0xD8, 0x0C,
    0x0D, 0xBF, 0xF1, 0xDB, 0xFF, 0x3D, 0x98, 0x03, 0xD9, 0xFF, 0x2D, 0xBF, 0xF0, 0xDB, 0x30, 0x0D,
    0xA3, 0x00, 0xDB, 0xFF, 0x0D, 0xFF, 0xF0, 0xD8, 0x30, 0x0D, 0x87, 0x80, 0xC0, 0xCC, 0x0C, 0x78,
    0x70, 0xC6, 0x03, 0x00, 0x00, 0x00, 0x00, 0x00, 0x03, 0x0E, 0x00, 0x61, 0xB0, 0x06, 0x31, 0xC0,
    0xCE, 0x0E, 0x0D, 0xFF, 0xF1, 0xDB, 0xFD, 0x3C, 0x04, 0x03, 0xC0, 0x60, 0x2C, 0xFF, 0xE0, 0xCC,
    0xE6, 0x0C, 0x84, 0x20, 0xCF, 0xFE, 0x0C, 0xFF, 0xE0, 0xC0, 0xE0, 0x0C, 0x1B, 0x00, 0xC7, 0x1C,
    0x0D, 0xE0, 0xF0, 0xD8, 0x03, 0x00, 0x00, 0x00, 0x00, 0x00, 0x03, 0x0E, 0x00, 0x37, 0xFE, 0x02,
    0x0C, 0x20, 0x60, 0xC2, 0x0F, 0xFF, 0xF0, 0xFF, 0xFF, 0x1E, 0x7F, 0xF3, 0xE7, 0xFF, 0x36, 0x60,
    0x30, 0x67, 0xFF, 0x06, 0x7F, 0xF0, 0x68, 0x18, 0x06, 0xFF, 0xF0, 0x63, 0x18, 0x07, 0xFF, 0xF0,
    0x7F, 0xFF, 0x06, 0x01, 0x80, 0x60, 0x18, 0x00, 0x00, 0x00, 0x00, 0x00, 0x06, 0x03, 0x00, 0x7C,
    0xFF, 0x07, 0xDF, 0xF0, 0xCC, 0x33, 0x0C, 0xFF, 0xF1, 0xDB, 0xFF, 0x3D, 0xCF, 0xF3, 0xDF, 0xFF,
    0x2F, 0x63, 0x00, 0xC7, 0xFF, 0x0F, 0x7F, 0xF0, 0xD4, 0x30, 0x0D, 0xFF, 0xF0, 0xDD, 0xFF, 0x0D,
    0xC3, 0x00, 0xDE, 0x30, 0x0F, 0x7F, 0xF0, 0xE1, 0xFF, 0x00, 0x00, 0x00, 0x00, 0x00, 0x03, 0x7F,
    0xE0, 0x37, 0xFE, 0x06, 0x44, 0x20, 0xE7, 0xFE, 0x0C, 0x7F, 0xE1, 0xC4, 0x42, 0x3C, 0x7F, 0xE3,
    0xC7, 0xFE, 0x2C, 0x04, 0x00, 0xCF, 0xFF, 0x0C, 0xFF, 0xF0, 0xC8, 0x49, 0x0C, 0x84, 0x90, 0xCF,
    0xFD, 0x0C, 0xFE, 0xF0, 0xC8, 0x03, 0x0C, 0x80, 0xF0, 0xC8, 0x0F, 0x00, 0x00, 0x00, 0x00, 0x00,
    0x03, 0x66, 0x00, 0x33, 0x60, 0x06, 0x2C, 0x00, 0xFF, 0xFC, 0x0C, 0x1C, 0xC1, 0xC1, 0x8C, 0x3C,
    0x1F, 0xE3, 0xC3, 0xFE, 0x2C, 0x60, 0x60, 0xC6, 0x06, 0x0C, 0xFF, 0xF0, 0xDF, 0xFF, 0x0F, 0x02,
    0x90, 0xE5, 0xAF, 0x0C, 0xDB, 0x70, 0xCD, 0x93, 0x0D, 0x89, 0xF0, 0xC0, 0x1E, 0x00, 0x00, 0x00,
    0x00, 0x00, 0x02, 0x60, 0x60, 0x66, 0x06, 0x06, 0x7F, 0xF0, 0xCC, 0xFF, 0x0D, 0xDB, 0x61, 0xDF,
    0xB6, 0x3C, 0x37, 0xF3, 0xC3, 0x7F, 0x2C, 0xE4, 0x60, 0xCC, 0x46, 0x0C, 0x86, 0x00, 0xDF, 0xFF,
    0x0C, 0x1F, 0x00, 0xC1, 0xF8, 0x0C, 0x75, 0xC0, 0xCE, 0x4F, 0x0D, 0xC4, 0x30, 0xC0, 0x40, 0x00,
    0x00, 0x00, 0x00, 0x00, 0x00, 0x78, 0x00, 0x0E, 0xE0, 0x01, 0xC7, 0x00, 0x71, 0x3C, 0x1F, 0x31,
    0xF3, 0xB3, 0x33, 0x07, 0x93, 0x80, 0xCF, 0xEE, 0x09, 0x7D, 0x60, 0x33, 0x18, 0x07, 0x93, 0xC0,
    0xCF, 0xEE, 0x08, 0x3C, 0x23, 0xFF, 0xFF, 0x00, 0x38, 0x00, 0x01, 0x00, 0x00, 0x30, 0x00, 0x01,
    0x00, 0x00, 0x00, 0x00, 0x00, 0x00, 0x03, 0x04, 0x00, 0x3C, 0x63, 0x06, 0xC4, 0x20, 0x6F, 0xFF,
    0x0C, 0xFF, 0xE1, 0xC6, 0x30, 0x3C, 0x63, 0x03, 0xCF, 0xFF, 0x2D, 0xFF, 0xF0, 0xFE, 0x60, 0x0D,
    0x7F, 0xF0, 0xC6, 0x60, 0x0C, 0x66, 0x00, 0xC7, 0xFF, 0x0C, 0x66, 0x00, 0xC6, 0x60, 0x0C, 0x7F,
    0xF0, 0xC6, 0x00, 0x00, 0x00, 0x00, 0x00, 0x00, 0x02, 0x21, 0x80, 0x62, 0x18, 0x07, 0xFD, 0x80,
    0xCF, 0xDF, 0x0C, 0x23, 0xF1, 0xFF, 0xF3, 0x1D, 0xFF, 0x33, 0xC2, 0x73, 0x3C, 0x77, 0xA2, 0xFF,
    0xDE, 0x0D, 0xFD, 0xE0, 0xCF, 0x8E, 0x0C, 0xFC, 0xC0, 0xCC, 0xCC, 0x0C, 0xCD, 0xE0, 0xD8, 0xDB,
    0x0D, 0xBF, 0x30, 0xD3, 0xE1, 0x00, 0x00, 0x00, 0x00, 0x00, 0x03, 0xFF, 0xF0, 0x37, 0xFF, 0x06,
    0x07, 0x00, 0x67, 0xFF, 0x0E, 0x06, 0x00, 0xEF, 0xFF, 0x1E, 0x3F, 0xE3, 0x67, 0xFE, 0x36, 0x60,
    0x30, 0x67, 0xFF, 0x06, 0x60, 0x30, 0x67, 0xFF, 0x06, 0x60, 0x30, 0x67, 0xFF, 0x06, 0x7F, 0xE0,
    0x61, 0x8C, 0x06, 0xF0, 0x70, 0x6C, 0x03, 0x00, 0x00, 0x00, 0x00, 0x00, 0x06, 0x00, 0x00, 0x61,
    0xFF, 0x05, 0x81, 0x80, 0xD8, 0xFF, 0x0D, 0x8F, 0xF1, 0xDB, 0xC3, 0x1D, 0xEF, 0xF3, 0xDC, 0xFF,
    0x2D, 0x8C, 0x30, 0xD8, 0xC3, 0x0D, 0x8F, 0xF0, 0xD9, 0xC3, 0x0D, 0x9C, 0x30, 0xDF, 0xFF, 0x0D,
    0xF6, 0x40, 0xC0, 0xE6, 0x0C, 0x3C, 0x30, 0xC3, 0x01, 0x00, 0x00, 0x00, 0x00, 0x00, 0x02, 0x30,
    0x80, 0x7F, 0xFF, 0x07, 0xFF, 0xF0, 0xC3, 0x18, 0x0C, 0x3F, 0x81, 0xC0, 0x60, 0x3C, 0xFF, 0xE7,
    0xCC, 0x63, 0x2C, 0xC6, 0x20, 0xCF, 0xFE, 0x0C, 0x04, 0x00, 0xCF, 0xFE, 0x0C, 0xFF, 0xE0, 0xC0,
    0x60, 0x0C, 0xFF, 0xE0, 0xC0, 0x40, 0x0D, 0xFF, 0xF0, 0xDF, 0xFF, 0x00, 0x00, 0x00, 0x00, 0x00,
    0x03, 0x30, 0xC0, 0x73, 0x9C, 0x07, 0xFF, 0xF0, 0xC0, 0x60, 0x0C, 0xFF, 0xE1, 0xC0, 0x40, 0x3D,
    0xFF, 0xF3, 0xDF, 0xFF, 0x2D, 0xFB, 0x60, 0xDF, 0x33, 0x0C, 0x37, 0xB0, 0xDF, 0xFF, 0x0C, 0x31,
    0x20, 0xDF, 0xDE, 0x0D, 0xF1, 0xC0, 0xC3, 0x3C, 0x0C, 0x77, 0xF0, 0xCE, 0x47, 0x00, 0x00, 0x00,
    0x00, 0x00, 0x03, 0x06, 0x00, 0x3F, 0xFF, 0x02, 0xFF, 0xF0, 0x63, 0x0C, 0x0E, 0xFF, 0xF0, 0xEF,
    0xFF, 0x1E, 0x00, 0x03, 0x67, 0xFE, 0x36, 0x60, 0x60, 0x67, 0xFE, 0x06, 0x60, 0x60, 0x67, 0xFE,
    0x06, 0x7F, 0xE0, 0x61, 0x76, 0x06, 0xDB, 0x70, 0x69, 0x0B, 0x07, 0x9F, 0xD0, 0x61, 0xF8, 0x00,
    0x00, 0x00, 0x00, 0x00, 0x00, 0x00, 0x00, 0xFF, 0xFE, 0x0F, 0xFF, 0xE0, 0x00, 0x00, 0x00, 0x00,
    0x00, 0x00, 0x00, 0x1F, 0xFF, 0xF3, 0xFF, 0xFF, 0x1F, 0xFF, 0xF0, 0x18, 0x60, 0x01, 0x86, 0x00,
    0x18, 0x60, 0x01, 0x86, 0x00, 0x30, 0x61, 0x03, 0x06, 0x10, 0x60, 0x61, 0x1C, 0x07, 0xF1, 0x80,
    0x3F, 0x00, 0x00, 0x00, 0x00, 0x00, 0x00, 0x00, 0x00, 0x7F, 0xFE, 0x06, 0x00, 0x60, 0x60, 0x06,
    0x06, 0x00, 0x60, 0x60, 0x06, 0x06, 0x00, 0x60, 0x7F, 0xFE, 0x07, 0xFF, 0xE0, 0x0C, 0x60, 0x00,
    0xC6, 0x00, 0x0C, 0x60, 0x01, 0xC6, 0x00, 0x18, 0x61, 0x03, 0x86, 0x10, 0x70, 0x61, 0x1E, 0x07,
    0xF1, 0x80, 0x3F, 0x00, 0x00, 0x00, 0x00, 0x00, 0x0C, 0x30, 0x60, 0xC3, 0x0E, 0x06, 0x30, 0xC0,
    0x63, 0x1C, 0x03, 0x31, 0x80, 0x33, 0x10, 0x00, 0x30, 0x03, 0xFF, 0xFF, 0x3F, 0xFF, 0xF0, 0x08,
    0x40, 0x01, 0x86, 0x00, 0x18, 0x60, 0x01, 0x86, 0x00, 0x30, 0x61, 0x07, 0x06, 0x10, 0xE0, 0x41,
    0x3C, 0x07, 0xF3, 0x00, 0x7F, 0x00, 0x00, 0x00, 0x00, 0x00, 0x00, 0x10, 0x01, 0xFF, 0xFF, 0x1F,
    0xFF, 0xF0, 0x01, 0x00, 0x00, 0x30, 0x00, 0x7F, 0xFC, 0x07, 0xFF, 0xC0, 0x60, 0x0C, 0x06, 0x00,
    0xC0, 0x68, 0x6C, 0x07, 0xFF, 0xC0, 0x3F, 0xE8, 0x00, 0xC4, 0x00, 0x18, 0x40, 0x01, 0x84, 0x10,
    0x70, 0x41, 0x1E, 0x07, 0xF1, 0x80, 0x7F, 0x00, 0x00, 0x00, 0x00, 0x00, 0x0C, 0x7F, 0xE0, 0xCF,
    0xFE, 0x0C, 0xC0, 0x60, 0xCC, 0x06, 0x0C, 0xC0, 0x60, 0xCF, 0xFE, 0x0C, 0xC0, 0x60, 0xCC, 0x06,
    0x0C, 0xC0, 0x60, 0xCF, 0xFE, 0x0C, 0x7F, 0xE0, 0x18, 0x40, 0x01, 0x86, 0x00, 0x18, 0x60, 0x03,
    0x06, 0x10, 0x70, 0x61, 0x3E, 0x07, 0xF3, 0x80, 0x7F, 0x00, 0x00, 0x00, 0x00, 0x00, 0x00, 0x00,
    0x00, 0x3F, 0x00, 0x00, 0x30, 0x00, 0x01, 0x80, 0x00, 0x38, 0x00, 0x03, 0x80, 0x00, 0x78, 0x00,
    0x07, 0x80, 0x00, 0x6C, 0x00, 0x0E, 0xC0, 0x00, 0xC6, 0x00, 0x1C, 0x60, 0x01, 0x83, 0x00, 0x30,
    0x38, 0x07, 0x01, 0xC1, 0xE0, 0x0E, 0x38, 0x00, 0x71, 0x00, 0x03, 0x00, 0x00, 0x00, 0x00, 0x00,
    0x00, 0x38, 0x00, 0x07, 0xC0, 0x00, 0xEE, 0x00, 0x1C, 0x70, 0x03, 0x83, 0x80, 0x70, 0x1C, 0x0C,
    0x00, 0xF3, 0xFF, 0xFF, 0x13, 0xFF, 0x90, 0x03, 0x00, 0x00, 0x30, 0x00, 0x7F, 0xFC, 0x0F, 0xFF,
    0xC0, 0x03, 0x00, 0x00, 0x30, 0x00, 0x03, 0x00, 0x1F, 0xFF, 0xF1, 0xFF, 0xFF, 0x00, 0x00, 0x00,
    0x00, 0x00, 0x01, 0x82, 0x00, 0x18, 0x30, 0x03, 0x83, 0x80, 0x30, 0x18, 0x06, 0x00, 0xC0, 0xE0,
    0x06, 0x1C, 0x00, 0x71, 0x87, 0x03, 0x10, 0x60, 0x10, 0x0E, 0x00, 0x00, 0xC2, 0x00, 0x0C, 0x30,
    0x01, 0x81, 0x80, 0x18, 0x1C, 0x03, 0x00, 0xE1, 0xFF, 0xFE, 0x1F, 0xFF, 0x70, 0x00, 0x02, 0x00,
    0x00, 0x00, 0x00, 0x00, 0x01, 0x83, 0x00, 0x18, 0x30, 0x01, 0x83, 0x01, 0xFF, 0xFF, 0x1F, 0xFF,
    0xF0, 0x18, 0x30, 0x01, 0x83, 0x00, 0x18, 0x30, 0x01, 0x83, 0x00, 0x18, 0x30, 0x3F, 0xFF, 0xF1,
    0xFF, 0xFF, 0x00, 0x00, 0x00, 0x18, 0x70, 0x03, 0x81, 0x80, 0xE0, 0x0E, 0x1C, 0x00, 0x71, 0x80,
    0x03, 0x00, 0x00, 0x00, 0x00, 0x00, 0x03, 0xFF, 0xC0, 0x3F, 0xFC, 0x02, 0x00, 0xC0, 0x3F, 0xFC,
    0x03, 0xFF, 0xC0, 0x20, 0x0C, 0x03, 0xFF, 0xC0, 0x3F, 0xFC, 0x02, 0x00, 0xC0, 0x3F, 0xFC, 0x03,
    0xFF, 0xC0, 0x00, 0x00, 0x1F, 0xFF, 0xF1, 0xFF, 0xFF, 0x00, 0x83, 0x00, 0x3C, 0x3C, 0x1F, 0x00,
    0xF1, 0x80, 0x03, 0x00, 0x00, 0x00, 0x00, 0x00, 0x03, 0x01, 0xC0, 0x18, 0x38, 0x1F, 0xFF, 0xF1,
    0xFF, 0xFF, 0x00, 0xC4, 0x00, 0xFF, 0xFE, 0x0F, 0xFF, 0xE0, 0x0C, 0x46, 0x1F, 0xFF, 0xF3, 0xFF,
    0xFF, 0x00, 0xC4, 0x60, 0xFF, 0xFE, 0x0F, 0xFF, 0xE0, 0x1C, 0x70, 0x07, 0xC7, 0xC0, 0xEC, 0x4E,
    0x1C, 0xC4, 0x31, 0x0C, 0x40, 0x00, 0x00, 0x00, 0x00, 0x00, 0x00, 0x10, 0x00, 0x01, 0x00, 0x00,
    0x30, 0x01, 0xFF, 0xFF, 0x1D, 0xBB, 0x71, 0x83, 0x03, 0x18, 0x30, 0x31, 0x83, 0x83, 0x18, 0x3C,
    0x31, 0x86, 0xE3, 0x18, 0xC7, 0x31, 0x9C, 0x3B, 0x1B, 0x81, 0xB1, 0xA0, 0x03, 0x18, 0x00, 0x31,
    0x80, 0x03, 0x18, 0x03, 0xE1, 0x80, 0x1E, 0x00, 0x00, 0x00, 0x00, 0x00, 0x00, 0x00, 0x01, 0xFF,
    0xFF, 0x18, 0x38, 0x31, 0x81, 0x03, 0x18, 0x10, 0x31, 0x81, 0x03, 0x18, 0x10, 0x31, 0x81, 0x03,
    0x1F, 0xFF, 0xF1, 0xFF, 0xFF, 0x18, 0x00, 0x31, 0x80, 0x03, 0x18, 0x00, 0x31, 0x80, 0x03, 0x18,
    0x00, 0x31, 0x80, 0x03, 0x18, 0x01, 0xF1, 0x80, 0x1F, 0x00, 0x00, 0x00, 0x00, 0x00, 0x00, 0x00,
    0x00, 0xFF, 0xFE, 0x0C, 0xFF, 0xE0, 0xCC, 0x46, 0x0C, 0xC4, 0x60, 0xCC, 0x46, 0x0C, 0xC4, 0x60,
    0xCC, 0x66, 0x3F, 0xFF, 0xF0, 0xCC, 0xE6, 0x0C, 0xC4, 0x60, 0xCC, 0x46, 0x0C, 0xC4, 0x60, 0xCC,
    0x46, 0x0C, 0xC4, 0x60, 0xCC, 0x46, 0x0C, 0xC5, 0xE0, 0xCC, 0x5C, 0x00, 0x00, 0x00, 0x00, 0x00,
    0x00, 0x00, 0x01, 0xFF, 0xFF, 0x00, 0x38, 0x00, 0x01, 0x00, 0x07, 0xFF, 0xE0, 0xFF, 0xFE, 0x04,
    0x10, 0x60, 0xE3, 0x06, 0x0F, 0xFF, 0xE0, 0xEB, 0x86, 0x04, 0x10, 0x61, 0xFF, 0xFF, 0x3F, 0xFF,
    0xF0, 0xE0, 0x06, 0x04, 0x00, 0x60, 0xC0, 0x06, 0x0C, 0x03, 0xE0, 0x40, 0x3C, 0x00, 0x00, 0x00,
    0x00, 0x00, 0x00, 0x00, 0x01, 0xFF, 0xFF, 0x19, 0x80, 0x31, 0x98, 0x03, 0x19, 0xFF, 0xB0, 0x1F,
    0xF8, 0x03, 0x00, 0x00, 0x30, 0x00, 0x03, 0xFF, 0x80, 0x3F, 0xF8, 0x02, 0x01, 0x80, 0x00, 0x18,
    0x1F, 0xFF, 0xF1, 0xFF, 0xFF, 0x00, 0x01, 0x00, 0x00, 0x30, 0x00, 0x3F, 0x00, 0x03, 0xE0, 0x00,
    0x00, 0x00, 0x00, 0x00, 0x00, 0x00, 0x01, 0xFF, 0xFF, 0x18, 0x00, 0x31, 0x00, 0x03, 0x1F, 0xC0,
    0xC0, 0xFE, 0x0C, 0x00, 0x1F, 0xF0, 0x01, 0xFF, 0x1F, 0xE0, 0xC3, 0xFE, 0xCC, 0x0C, 0x86, 0xC0,
    0xC8, 0x6C, 0x0C, 0x80, 0xC0, 0xC8, 0x1C, 0x0C, 0x83, 0xD1, 0x88, 0x01, 0x38, 0xFF, 0xF3, 0x07,
    0xFE, 0x00, 0x00, 0x00, 0x00, 0x00, 0x01, 0x97, 0xF1, 0x9F, 0xFF, 0x1D, 0xE2, 0x60, 0xD8, 0xBC,
    0x05, 0xF9, 0xC0, 0x1F, 0x06, 0x00, 0x87, 0xF0, 0x1F, 0xFF, 0x01, 0xF8, 0x90, 0x76, 0x69, 0x0C,
    0x66, 0x80, 0xDF, 0xEF, 0x1B, 0xFE, 0xF1, 0x86, 0x68, 0x18, 0xF7, 0x83, 0x0D, 0xF8, 0x01, 0x8D,
    0xF0, 0x30, 0x8F, 0x00, 0x00, 0x00, 0x00, 0x00, 0x00, 0x03, 0x01, 0x80, 0x32, 0x18, 0x06, 0x31,
    0xB0, 0x63, 0x19, 0xCC, 0x31, 0x8E, 0xC3, 0x18, 0x78, 0x31, 0x83, 0xC3, 0x18, 0x3E, 0x31, 0x86,
    0x73, 0x18, 0xE3, 0xB1, 0x9C, 0x1B, 0x1B, 0x80, 0xB1, 0xB0, 0x03, 0x18, 0x00, 0x31, 0xFF, 0xFF,
    0x1F, 0xFF, 0xF1, 0x80, 0x03, 0x00, 0x00, 0x00, 0x00, 0x00, 0x00, 0x00, 0x00, 0xFC, 0x7E, 0x1F,
    0xC7, 0xF1, 0x8C, 0x43, 0x18, 0xC4, 0x31, 0x8C, 0x43, 0x18, 0xC4, 0x31, 0x8C, 0x43, 0x18, 0xFC,
    0x31, 0x8F, 0xC3, 0x18, 0x00, 0x31, 0x80, 0x03, 0x18, 0x00, 0x31, 0x80, 0x03, 0x18, 0x00, 0x31,
    0xFF, 0xFF, 0x1F, 0xFF, 0xF1, 0x80, 0x02, 0x00, 0x00, 0x00, 0x00, 0x00, 0x00, 0x30, 0x00, 0x03,
    0x04, 0x0C, 0x30, 0x60, 0xC3, 0x06, 0x0C, 0x30, 0x60, 0xC3, 0x06, 0x0C, 0x30, 0x60, 0xFF, 0xFE,
    0x0F, 0xFF, 0xC0, 0x01, 0x00, 0x18, 0x30, 0x21, 0x83, 0x02, 0x18, 0x30, 0x21, 0x83, 0x02, 0x18,
    0x30, 0x21, 0xFF, 0xFE, 0x1F, 0xFF, 0xE1, 0x80, 0x02, 0x00, 0x00, 0x00, 0x00, 0x00, 0x01, 0x86,
    0x00, 0x18, 0x70, 0x03, 0x03, 0x00, 0x30, 0x18, 0x06, 0x00, 0xC0, 0xC0, 0x0E, 0x1C, 0x00, 0x73,
    0xFF, 0xFF, 0x37, 0xFF, 0xD0, 0x06, 0x0C, 0x00, 0xE0, 0x80, 0x0C, 0x08, 0x00, 0xC1, 0x80, 0x18,
    0x18, 0x03, 0x81, 0x80, 0x70, 0x18, 0x1E, 0x1F, 0x81, 0x81, 0xF0, 0x00, 0x00, 0x00, 0x00, 0x00,
    0x0C, 0x00, 0x00, 0xC7, 0xFF, 0x0C, 0x7F, 0xF0, 0xC0, 0x43, 0x0C, 0xC6, 0x30, 0xFE, 0x43, 0x3F,
    0x04, 0x32, 0xC0, 0xC3, 0x0C, 0x0C, 0x30, 0xC0, 0xC3, 0x0C, 0x4C, 0x30, 0xCC, 0xC3, 0x0C, 0xD8,
    0x30, 0xFD, 0x83, 0x00, 0x30, 0x30, 0x07, 0x03, 0x00, 0xE3, 0xE0, 0x0C, 0x3E, 0x00, 0x00, 0x00,
    0x00, 0x00, 0x00, 0x30, 0x30, 0x03, 0x03, 0x30, 0x60, 0x31, 0x86, 0x63, 0x0C, 0x66, 0x30, 0xEC,
    0x63, 0x06, 0xC6, 0x30, 0x3C, 0x63, 0x01, 0x86, 0x30, 0x1C, 0x63, 0x03, 0xC6, 0x30, 0x36, 0x63,
    0x06, 0x60, 0x30, 0xC3, 0x03, 0x1C, 0x30, 0x33, 0x80, 0x03, 0x30, 0x03, 0xE0, 0x00, 0x3E, 0x00,
    0x00, 0x00, 0x00, 0x00, 0x00, 0x00, 0x31, 0xFF, 0x03, 0x1F, 0xF6, 0x30, 0x30, 0x63, 0x03, 0x06,
    0x30, 0x30, 0x63, 0x03, 0x06, 0x31, 0xBF, 0x63, 0x3F, 0xF6, 0x30, 0x30, 0x63, 0x03, 0x06, 0x30,
    0x30, 0x63, 0x03, 0x06, 0x30, 0x30, 0x23, 0x03, 0x00, 0x30, 0x30, 0x03, 0x03, 0x03, 0xF0, 0x30,
    0x3E, 0x00, 0x00, 0x00, 0x00, 0x00, 0x00, 0x00, 0x31, 0xFF, 0x83, 0x06, 0x63, 0x30, 0x66, 0x33,
    0x06, 0x63, 0x30, 0x66, 0x33, 0x06, 0x63, 0x31, 0xFF, 0xB3, 0x3F, 0xFB, 0x30, 0x66, 0x33, 0x06,
    0x63, 0x30, 0x46, 0x33, 0x0C, 0x63, 0x30, 0xC6, 0x03, 0x0C, 0x60, 0x31, 0x86, 0x03, 0x18, 0x61,
    0xF1, 0x06, 0x1F, 0x00, 0x00, 0x00, 0x00, 0x00, 0x0C, 0x80, 0x30, 0xC8, 0x13, 0x0F, 0xF9, 0xB0,
    0xFF, 0x9B, 0x18, 0x81, 0xB1, 0x8C, 0x1B, 0x1F, 0xFD, 0xB1, 0xFF, 0xDB, 0x00, 0x81, 0xB0, 0xFF,
    0x9B, 0x1F, 0xF9, 0xB1, 0x89, 0x9B, 0x18, 0x99, 0x31, 0x89, 0x83, 0x18, 0x98, 0x31, 0x8B, 0x83,
    0x08, 0x90, 0xF0, 0x08, 0x0F, 0x00, 0x00, 0x00, 0x00, 0x00, 0x0F, 0xF0, 0x31, 0xFF, 0xB3, 0x18,
    0x1B, 0x31, 0x81, 0xB3, 0x1F, 0xFB, 0x31, 0xFF, 0xB3, 0x18, 0xC3, 0x31, 0x8C, 0x33, 0x1F, 0xFB,
    0x31, 0xED, 0xB3, 0x1E, 0xDB, 0x31, 0xED, 0xB3, 0x1E, 0xDB, 0x31, 0xED, 0x83, 0x16, 0xF8, 0x33,
    0x6F, 0x83, 0x30, 0xC1, 0xF0, 0x0C, 0x1E, 0x00, 0x00, 0x00, 0x00, 0x00, 0x06, 0x30, 0x80, 0x63,
    0x18, 0x03, 0x21, 0x80, 0xFF, 0xFE, 0x0F, 0xFF, 0xF0, 0x0C, 0x60, 0x00, 0xC6, 0x01, 0xFF, 0xFF,
    0x1F, 0xFF, 0xF0, 0x30, 0x1C, 0x0E, 0x00, 0xE1, 0xFF, 0xFF, 0x18, 0x61, 0x90, 0x06, 0x18, 0x00,
    0xC1, 0x80, 0x1C, 0x30, 0x0F, 0x9F, 0x00, 0xE1, 0xF0, 0x00, 0x00, 0x00, 0x00, 0x00, 0x00, 0x60,
    0x31, 0xE6, 0x23, 0x07, 0xC6, 0x30, 0x3C, 0x63, 0x07, 0xE6, 0x30, 0xE3, 0x63, 0x1D, 0x96, 0x31,
    0x18, 0x63, 0x01, 0x86, 0x31, 0xFF, 0xE3, 0x03, 0x86, 0x30, 0x3C, 0x63, 0x07, 0xE2, 0x30, 0xDB,
    0x03, 0x19, 0x90, 0x33, 0x18, 0x03, 0x01, 0x81, 0xF0, 0x18, 0x1F, 0x00, 0x00, 0x00, 0x00, 0x00,
    0x01, 0x80, 0x20, 0x18, 0x02, 0x3F, 0xFE, 0x21, 0xFF, 0x62, 0x01, 0x86, 0x21, 0xFF, 0x62, 0x1F,
    0xF6, 0x21, 0x19, 0x62, 0x11, 0x96, 0x21, 0x1F, 0x62, 0x13, 0xB6, 0x20, 0x3C, 0x62, 0x07, 0xE6,
    0x20, 0xDB, 0x02, 0x19, 0x90, 0x23, 0x18, 0x02, 0x01, 0x81, 0xE0, 0x18, 0x1E, 0x00, 0x00, 0x00,
    0x00, 0x00, 0x01, 0x80, 0x30, 0x18, 0x03, 0x3F, 0xFB, 0x31, 0xFF, 0xB3, 0x03, 0x03, 0x30, 0x62,
    0x33, 0x1C, 0x63, 0x31, 0xCC, 0x33, 0x07, 0x83, 0x30, 0x31, 0xB3, 0x06, 0x33, 0x31, 0xC7, 0x33,
    0x18, 0xE3, 0x30, 0x1C, 0x03, 0x03, 0xE0, 0x30, 0xE3, 0x03, 0x3C, 0x18, 0xF1, 0x00, 0x0F, 0x00,
    0x00, 0x00, 0x00, 0x00, 0x13, 0x30, 0x31, 0x33, 0x03, 0x1B, 0x36, 0x31, 0xB6, 0x63, 0x0B, 0x26,
    0x31, 0xFF, 0x63, 0x1F, 0xF6, 0x31, 0x03, 0x63, 0x1F, 0xF6, 0x31, 0xFF, 0x63, 0x18, 0x36, 0x31,
    0x83, 0x63, 0x1F, 0xF6, 0x31, 0xFF, 0x23, 0x18, 0x30, 0x31, 0x83, 0x03, 0x19, 0xF1, 0xE1, 0x1E,
    0x1E, 0x00, 0x00, 0x00, 0x00, 0x00, 0x03, 0x01, 0x80, 0x38, 0x18, 0x01, 0x83, 0x03, 0xFF, 0xFF,
    0x00, 0x00, 0x00, 0x00, 0x06, 0x0F, 0xE6, 0x60, 0xC6, 0x66, 0x08, 0x66, 0x60, 0xFE, 0x66, 0x0F,
    0xE6, 0x60, 0x86, 0x66, 0x0F, 0xE6, 0x60, 0xFE, 0x66, 0x08, 0x60, 0x60, 0x86, 0x06, 0x19, 0xE1,
    0xE0, 0x9E, 0x1C, 0x00, 0x00, 0x00, 0x00, 0x00, 0x00, 0x00, 0x31, 0xFF, 0xC3, 0x18, 0x0B, 0x31,
    0x66, 0xB3, 0x12, 0x4B, 0x31, 0x2C, 0xB3, 0x1F, 0xFB, 0x31, 0x18, 0xB3, 0x11, 0x8B, 0x31, 0x7E,
    0xB3, 0x17, 0xEB, 0x31, 0x5E, 0xB3, 0x17, 0xEB, 0x31, 0x7E, 0xC3, 0x16, 0x6C, 0x31, 0x40, 0xC3,
    0x10, 0x79, 0xF1, 0x07, 0x9F, 0x00, 0x00, 0x00, 0x00, 0x00, 0x03, 0xC0, 0x30, 0x3E, 0x33, 0x06,
    0x73, 0x30, 0xC1, 0xB3, 0x1F, 0xFB, 0x33, 0xFE, 0x33, 0x01, 0x83, 0x30, 0xFF, 0x33, 0x1F, 0xF3,
    0x31, 0x99, 0x33, 0x19, 0xF3, 0x31, 0xFF, 0x33, 0x03, 0x83, 0x30, 0x3C, 0x03, 0x07, 0x60, 0x30,
    0xE3, 0x03, 0x1C, 0x11, 0xF1, 0x00, 0x0F, 0x00, 0x00, 0x00, 0x00, 0x00, 0x01, 0x80, 0x33, 0xFF,
    0xB3, 0x3F, 0xFF, 0x30, 0x63, 0x33, 0x07, 0xE3, 0x30, 0x3C, 0x33, 0x0F, 0xFB, 0x33, 0xC3, 0xB3,
    0x0C, 0x13, 0x30, 0xFF, 0x33, 0x0F, 0xF3, 0x30, 0xC1, 0x33, 0x0F, 0xF3, 0x30, 0xFF, 0x03, 0x0C,
    0x10, 0x31, 0x81, 0x03, 0x38, 0x11, 0xF3, 0x01, 0x1E, 0x00, 0x00, 0x00, 0x00, 0x00, 0x01, 0x80,
    0x31, 0xFF, 0x83, 0x3F, 0xFB, 0x33, 0x18, 0xB3, 0x3F, 0xFB, 0x31, 0xFF, 0x33, 0x01, 0x83, 0x30,
    0xFF, 0x33, 0x01, 0x83, 0x33, 0xFF, 0xB3, 0x3F, 0xFB, 0x30, 0xFF, 0x33, 0x1F, 0xF3, 0x30, 0x81,
    0x03, 0x08, 0x10, 0x30, 0xC3, 0x03, 0x0F, 0xF1, 0xF0, 0xC1, 0x1F, 0x00, 0x00, 0x00, 0x00, 0x00,
    0x00, 0xC0, 0x30, 0x0F, 0xC3, 0x00, 0xC3, 0x30, 0xFF, 0xF3, 0x1F, 0xFF, 0x30, 0x8E, 0xF3, 0x1F,
    0xEB, 0x30, 0x8D, 0xF3, 0x08, 0x7B, 0x31, 0xFF, 0xF3, 0x19, 0xFB, 0x31, 0xBC, 0xB3, 0x1A, 0xFB,
    0x31, 0xBF, 0x33, 0x1E, 0xF8, 0x31, 0x3B, 0xC3, 0x3F, 0x61, 0xF3, 0x0E, 0x1F, 0x00, 0x00, 0x00,
    0x00, 0x00, 0x00, 0x30, 0x00, 0x03, 0x00, 0x00, 0x30, 0x00, 0x03, 0x00, 0x1F, 0xFF, 0xF1, 0xFF,
    0xFF, 0x00, 0x20, 0x30, 0x06, 0x03, 0x00, 0x60, 0x20, 0x06, 0x06, 0x00, 0xE0, 0x60, 0x0C, 0x06,
    0x01, 0xC0, 0x60, 0x18, 0x06, 0x03, 0x00, 0x60, 0x60, 0x06, 0x1C, 0x07, 0xC1, 0x80, 0x7C, 0x00,
    0x00, 0x00, 0x00, 0x00, 0x00, 0x06, 0x00, 0x00, 0x60, 0x1F, 0xC6, 0x01, 0xFC, 0x60, 0x02, 0x3F,
    0xF0, 0x63, 0xFF, 0x02, 0x06, 0x10, 0x20, 0x63, 0x02, 0x06, 0x30, 0x20, 0x63, 0x02, 0x04, 0x30,
    0x3E, 0xC3, 0x1F, 0xCC, 0x33, 0xE1, 0x83, 0x00, 0x18, 0x30, 0x03, 0x03, 0x00, 0xE3, 0xE0, 0x0C,
    0x3E, 0x00, 0x00, 0x00, 0x00, 0x00, 0x06, 0x00, 0x00, 0x60, 0x00, 0x06, 0x07, 0xE3, 0xFE, 0x7F,
    0x3F, 0xE4, 0x30, 0x66, 0x43, 0x06, 0x64, 0x30, 0x66, 0x43, 0x04, 0x64, 0x30, 0xC6, 0x43, 0x0C,
    0x64, 0x30, 0xC6, 0x43, 0x0C, 0x64, 0x30, 0xC6, 0x43, 0x18, 0x64, 0x31, 0x86, 0x7F, 0x33, 0xC7,
    0xF3, 0x3C, 0x42, 0x00, 0x00, 0x00, 0x00, 0x00, 0x03, 0x03, 0x00, 0x30, 0x30, 0x3F, 0xF3, 0x03,
    0xFF, 0x30, 0x00, 0x4F, 0xF0, 0xC6, 0xFF, 0x18, 0x63, 0x31, 0x83, 0x33, 0x30, 0xD3, 0x30, 0xCC,
    0x33, 0x07, 0x86, 0x30, 0x38, 0x63, 0x03, 0xC6, 0x30, 0x7E, 0x63, 0x06, 0x6C, 0x31, 0xC1, 0xC3,
    0x38, 0x39, 0xF3, 0x03, 0x1E, 0x00, 0x00, 0x00, 0x00, 0x00, 0x03, 0x03, 0x00, 0x30, 0x30, 0x3F,
    0xF3, 0x03, 0xFF, 0x30, 0x06, 0x0F, 0xF0, 0xC4, 0xFF, 0x3C, 0xC3, 0x31, 0xCC, 0x33, 0x0F, 0x83,
    0x30, 0x73, 0x33, 0x0E, 0x73, 0x31, 0xC6, 0x63, 0x38, 0xC6, 0x30, 0x18, 0x63, 0x07, 0xCC, 0x30,
    0xE6, 0xC3, 0x3C, 0x79, 0xF3, 0x01, 0x9E, 0x00, 0x00, 0x00, 0x00, 0x00, 0x1F, 0xF3, 0x01, 0xFC,
    0x30, 0x03, 0x03, 0x03, 0xFF, 0x30, 0x03, 0x1F, 0xF1, 0xFF, 0xFF, 0x1F, 0xF3, 0x11, 0xB3, 0x33,
    0x1F, 0xF3, 0x31, 0x31, 0x33, 0x1F, 0xF2, 0x31, 0xFF, 0x63, 0x03, 0x06, 0x31, 0xFF, 0x63, 0x03,
    0x0C, 0x30, 0x3F, 0xC3, 0x3F, 0xF9, 0xF0, 0x01, 0x1E, 0x00, 0x00, 0x00, 0x00, 0x00, 0x0C, 0x61,
    0x81, 0xFF, 0x98, 0x1F, 0xF9, 0x80, 0xC6, 0x18, 0x0F, 0xE7, 0xF0, 0xFE, 0x7F, 0x0E, 0x61, 0x30,
    0xFE, 0x13, 0x0C, 0x61, 0x33, 0xFF, 0xB3, 0x3F, 0xFB, 0x31, 0xBC, 0x33, 0x1A, 0xDB, 0x31, 0xE7,
    0x63, 0x1C, 0x06, 0x31, 0x80, 0x63, 0x1F, 0xFC, 0xF1, 0x80, 0x9E, 0x00, 0x00, 0x00, 0x00, 0x00,
    0x0C, 0xC3, 0x03, 0xFF, 0x30, 0x3F, 0xF3, 0x00, 0xCC, 0x30, 0x1F, 0xFF, 0xF1, 0xFF, 0xFF, 0x13,
    0x33, 0x11, 0xB3, 0x31, 0x1F, 0xF3, 0x30, 0x30, 0x33, 0x3F, 0xF3, 0x30, 0x30, 0x63, 0x03, 0x06,
    0x31, 0xFF, 0x63, 0x03, 0x0C, 0x30, 0x3F, 0xC3, 0x3F, 0xF9, 0xF0, 0x01, 0x9E, 0x00, 0x00, 0x00,
    0x00, 0x00, 0x0C, 0x03, 0x00, 0xFF, 0x30, 0x1F, 0xF3, 0x01, 0xB0, 0x30, 0x3F, 0xFF, 0xF3, 0xFF,
    0xFF, 0x06, 0xC3, 0x10, 0xCC, 0x33, 0x1F, 0xF3, 0x33, 0xDC, 0x33, 0x3F, 0xF3, 0x30, 0xFF, 0x33,
    0x0C, 0x86, 0x30, 0xFF, 0x63, 0x0D, 0xC6, 0x30, 0xDC, 0xC3, 0x0F, 0xFD, 0xF0, 0xC1, 0x9E, 0x00,
    0x00, 0x00, 0x00, 0x00, 0x1F, 0xE3, 0x01, 0xF0, 0x30, 0x3F, 0xF3, 0x03, 0xFF, 0xFF, 0x1F, 0xFF,
    0xF1, 0xFE, 0x33, 0x1F, 0xE3, 0x31, 0xFE, 0x32, 0x1F, 0xE6, 0x20, 0x30, 0x62, 0x1F, 0xE6, 0x60,
    0x36, 0xC6, 0x3F, 0xFD, 0xE3, 0x81, 0x9C, 0x0C, 0xCC, 0xC0, 0xCC, 0xC6, 0x18, 0xC6, 0x71, 0x0C,
    0x63, 0x00, 0x00, 0x00, 0x00, 0x00, 0x01, 0x80, 0x00, 0x18, 0x00, 0x03, 0x80, 0x00, 0x3F, 0xFF,
    0x07, 0x00, 0x30, 0x60, 0x03, 0x0C, 0xE0, 0x31, 0xCC, 0x03, 0x18, 0xC0, 0x30, 0x09, 0x83, 0x01,
    0x8C, 0x30, 0x18, 0x63, 0x03, 0xFE, 0x30, 0xFF, 0xF3, 0x00, 0x03, 0x30, 0x00, 0x06, 0x00, 0x07,
    0xE0, 0x00, 0x7C, 0x00, 0x00, 0x00, 0x00, 0x00, 0x00, 0x98, 0x00, 0x19, 0x80, 0x01, 0x98, 0x00,
    0x31, 0x80, 0x07, 0x18, 0x70, 0x61, 0x8E, 0x0E, 0x19, 0xC1, 0xE1, 0xF0, 0x32, 0x1E, 0x01, 0x21,
    0x80, 0x02, 0x18, 0x00, 0x21, 0x80, 0x02, 0x18, 0x00, 0x21, 0x81, 0x02, 0x18, 0x10, 0x21, 0x81,
    0x06, 0x1F, 0xF0, 0x20, 0xFF, 0x00, 0x00, 0x00, 0x00, 0x00, 0x00, 0x84, 0x00, 0x0C, 0x40, 0x00,
    0xC4, 0x00, 0x0C, 0x40, 0x00, 0xC4, 0x73, 0xFC, 0x4E, 0x1F, 0xC7, 0xC0, 0x0C, 0x70, 0x00, 0xC6,
    0x00, 0x0C, 0x40, 0x00, 0xC4, 0x00, 0x0C, 0x40, 0x03, 0xC4, 0x10, 0xFC, 0x41, 0x3C, 0xC4, 0x13,
    0x0C, 0x41, 0x00, 0xC7, 0xF0, 0x0C, 0x7F, 0x00, 0x00, 0x00, 0x00, 0x00, 0x00, 0x00, 0x01, 0xFF,
    0xFF, 0x18, 0x00, 0x01, 0x80, 0x18, 0x18, 0x01, 0x81, 0x9C, 0x30, 0x18, 0xE6, 0x01, 0x87, 0xE0,
    0x18, 0x1C, 0x01, 0x81, 0xE0, 0x18, 0x37, 0x01, 0x86, 0x38, 0x19, 0xC1, 0xC1, 0xB8, 0x0C, 0x19,
    0x00, 0x01, 0x80, 0x00, 0x1F, 0xFF, 0xF1, 0x80, 0x00, 0x00, 0x00, 0x00, 0x00, 0x00, 0x00, 0x00,
    0x01, 0xFF, 0xFF, 0x18, 0x60, 0x01, 0x84, 0x00, 0x18, 0xFF, 0xE1, 0x9F, 0xFE, 0x1B, 0x0C, 0x01,
    0x80, 0xC0, 0x1B, 0xFF, 0xF1, 0x81, 0xE0, 0x18, 0x1E, 0x01, 0x83, 0xF0, 0x18, 0x73, 0x81, 0x9E,
    0x1F, 0x19, 0x80, 0x21, 0x80, 0x00, 0x1F, 0xFF, 0xF1, 0x80, 0x00, 0x00, 0x00, 0x00, 0x00, 0x00,
    0x00, 0x10, 0x00, 0x01, 0x00, 0x00, 0x10, 0x00, 0x01, 0x00, 0x00, 0x10, 0x00, 0x01, 0x00, 0x00,
    0x10, 0x03, 0xFF, 0xFF, 0x1F, 0xFF, 0xF0, 0x01, 0x00, 0x00, 0x10, 0x00, 0x01, 0x00, 0x00, 0x10,
    0x00, 0x01, 0x00, 0x00, 0x10, 0x00, 0x01, 0x00, 0x00, 0x10, 0x00, 0x01, 0x00, 0x00, 0x00, 0x00,
    0x00, 0x00, 0x03, 0x00, 0x00, 0x30, 0x00, 0x07, 0xFF, 0xE0, 0x7F, 0xFE, 0x0C, 0x10, 0x01, 0xC1,
    0x00, 0x18, 0x30, 0x00, 0x01, 0x00, 0x1F, 0xFF, 0xF3, 0xFF, 0xFF, 0x00, 0x30, 0x00, 0x01, 0x00,
    0x00, 0x10, 0x00, 0x01, 0x00, 0x00, 0x10, 0x00, 0x01, 0x00, 0x00, 0x30, 0x00, 0x01, 0x00, 0x00,
    0x00, 0x00, 0x00, 0x00, 0x06, 0x06, 0x00, 0x67, 0xFF, 0x06, 0x7F, 0xF0, 0x60, 0x43, 0x06, 0x0C,
    0x33, 0xF9, 0x83, 0x1F, 0xF1, 0xE0, 0x66, 0x1E, 0x06, 0x20, 0xC0, 0x63, 0x0C, 0x06, 0xFF, 0xF0,
    0x6F, 0xDF, 0x06, 0x6C, 0xD0, 0x66, 0xC9, 0x06, 0x6D, 0x90, 0x6C, 0xD9, 0x06, 0xDF, 0x70, 0x69,
    0xA7, 0x00, 0x00, 0x00, 0x00, 0x00, 0x01, 0xE0, 0x01, 0xF8, 0xFF, 0x1C, 0x0C, 0x31, 0x80, 0xC3,
    0x18, 0x0C, 0x31, 0x80, 0xC3, 0x1F, 0xEC, 0x31, 0xFE, 0xC3, 0x18, 0x0C, 0x31, 0x80, 0xC3, 0x18,
    0x0C, 0x31, 0x80, 0xC3, 0x18, 0x0C, 0x31, 0xFE, 0xCF, 0x1F, 0xCC, 0xF1, 0x80, 0xC0, 0x00, 0x0C,
    0x00, 0x00, 0xC0, 0x00, 0x00, 0x00, 0x00, 0x00, 0x01, 0xC0, 0x00, 0x1F, 0xE0, 0x03, 0x06, 0x00,
    0x60, 0xC0, 0x0F, 0xFF, 0xF1, 0xFF, 0xFF, 0x3E, 0x00, 0x00, 0x60, 0x00, 0x06, 0xFF, 0xC0, 0x6C,
    0x0C, 0x06, 0xC0, 0xC0, 0x4C, 0x0C, 0x0C, 0xC7, 0xC0, 0xCC, 0x78, 0x0C, 0xC0, 0x11, 0x8C, 0x01,
    0x38, 0xFF, 0xF3, 0x07, 0xFF, 0x00, 0x00, 0x00, 0x00, 0x00, 0x03, 0x00, 0x00, 0x30, 0x7F, 0x03,
    0x06, 0xB1, 0xFE, 0x43, 0x03, 0x04, 0x30, 0x30, 0x43, 0x03, 0x04, 0x30, 0x30, 0x43, 0x3F, 0xF4,
    0x30, 0x70, 0x43, 0x06, 0x04, 0x30, 0x6C, 0x43, 0x0C, 0x64, 0x30, 0xC6, 0x4F, 0x3F, 0xF4, 0x43,
    0xFF, 0x40, 0x00, 0x14, 0x00, 0x00, 0x40, 0x00, 0x00, 0x00, 0x00, 0x00, 0x06, 0x00, 0x00, 0xFF,
    0x7F, 0x0F, 0xF6, 0x31, 0x98, 0x43, 0x11, 0x84, 0x31, 0x18, 0x43, 0x3F, 0xFC, 0x30, 0x18, 0x43,
    0x01, 0x84, 0x31, 0x98, 0x43, 0x19, 0xF4, 0x31, 0x9E, 0x43, 0x19, 0x84, 0x31, 0x98, 0x4F, 0x19,
    0xFC, 0xF1, 0xFF, 0xC0, 0x3E, 0x04, 0x00, 0x00, 0x40, 0x00, 0x00, 0x00, 0x00, 0x00, 0x00, 0x00,
    0x00, 0xFF, 0xFF, 0x0C, 0x00, 0x00, 0xDF, 0xFE, 0x0D, 0x80, 0x60, 0xDF, 0xFE, 0x0D, 0xFF, 0xE0,
    0xD8, 0x06, 0x0D, 0xFF, 0xE0, 0xC0, 0x00, 0x0D, 0xFF, 0xE0, 0xC0, 0xFC, 0x18, 0x0E, 0x01, 0xFF,
    0xFF, 0x18, 0x0C, 0x01, 0x80, 0xC0, 0x30, 0x7C, 0x01, 0x07, 0x80, 0x00, 0x00, 0x00, 0x00, 0x00,
    0x00, 0x00, 0x00, 0xFF, 0xFF, 0x0C, 0x0C, 0x00, 0xC1, 0x80, 0x0D, 0xFF, 0xE0, 0xDF, 0xFE, 0x0D,
    0x80, 0x60, 0xDF, 0xFE, 0x0D, 0xFF, 0xE0, 0xD8, 0x06, 0x0D, 0xFF, 0xE0, 0xDF, 0xFC, 0x18, 0x4C,
    0x81, 0x8C, 0xCC, 0x19, 0x8C, 0x61, 0xB0, 0xC3, 0x36, 0x7C, 0x11, 0x07, 0x80, 0x00, 0x00, 0x00,
    0x00, 0x00, 0x06, 0x30, 0xC0, 0x33, 0x0C, 0x0F, 0xFF, 0xF1, 0xFF, 0xFF, 0x18, 0x01, 0x01, 0xBF,
    0xB0, 0x18, 0xC3, 0xF1, 0xFF, 0xBF, 0x1F, 0xFE, 0x31, 0xB1, 0x72, 0x1B, 0xFF, 0x61, 0xB3, 0x16,
    0x1B, 0xF1, 0xC1, 0xBF, 0x0C, 0x1B, 0x11, 0xC1, 0x3F, 0x3E, 0x37, 0xFE, 0x33, 0x01, 0xC1, 0x00,
    0x00, 0x00, 0x00, 0x00, 0x00, 0x30, 0x00, 0x03, 0x00, 0x00, 0x30, 0x00, 0xFF, 0xFE, 0x00, 0x38,
    0x00, 0x03, 0x00, 0x00, 0x30, 0x00, 0x03, 0x00, 0x3F, 0xFF, 0xF1, 0xEE, 0xFF, 0x00, 0xC0, 0x00,
    0x0C, 0x30, 0x01, 0x81, 0x80, 0x18, 0x0C, 0x03, 0x00, 0xE1, 0xFF, 0xFE, 0x1F, 0xFF, 0x70, 0x00,
    0x03, 0x00, 0x00, 0x00, 0x00, 0x00, 0x00, 0xE0, 0x00, 0x0C, 0x38, 0x01, 0x81, 0xC1, 0xFF, 0xFE,
    0x0F, 0x70, 0x30, 0x06, 0x00, 0x1F, 0xFF, 0xF0, 0x1C, 0x30, 0x03, 0x99, 0x80, 0x77, 0x8E, 0x1F,
    0xE2, 0x73, 0x80, 0xE1, 0x00, 0x7C, 0x00, 0x1E, 0x0C, 0x01, 0x03, 0x80, 0x01, 0xF0, 0x03, 0xF8,
    0x00, 0x38, 0x00, 0x00, 0x00, 0x00, 0x00, 0x00, 0x00, 0x02, 0x01, 0xFF, 0xF0, 0x03, 0x06, 0x00,
    0x30, 0x60, 0x03, 0x86, 0x00, 0x38, 0xE0, 0x03, 0x8F, 0xF0, 0x3C, 0xC6, 0x03, 0xC0, 0x60, 0x36,
    0x0E, 0x06, 0x60, 0xC0, 0x63, 0x18, 0x06, 0x1B, 0x80, 0xC1, 0xF0, 0x1C, 0x0F, 0x01, 0x83, 0xFC,
    0x31, 0xF1, 0xF3, 0x1C, 0x07, 0x00, 0x00, 0x00, 0x00, 0x00, 0x00, 0x00, 0x03, 0xFF, 0x00, 0x0C,
    0x7F, 0xF0, 0xC6, 0xFF, 0x0C, 0x6C, 0x30, 0xFE, 0xC3, 0x0F, 0xE4, 0x30, 0xC6, 0x62, 0x0C, 0x66,
    0x60, 0xFE, 0x66, 0x0F, 0xE3, 0xC0, 0xC6, 0x3C, 0x0C, 0x61, 0x80, 0xFE, 0x3C, 0x3F, 0xE7, 0xE1,
    0x06, 0xE7, 0x00, 0x7C, 0x30, 0x06, 0x00, 0x00, 0x00, 0x00, 0x00, 0x00, 0x00, 0xFF, 0xE1, 0xFF,
    0xF0, 0x0E, 0x30, 0xC0, 0x63, 0x0C, 0x02, 0x11, 0x81, 0xFF, 0xFF, 0x1F, 0xFF, 0xF1, 0x00, 0x03,
    0x10, 0x00, 0x30, 0x7F, 0xF8, 0x07, 0xFF, 0x80, 0x30, 0x30, 0x01, 0x87, 0x00, 0x0E, 0xE0, 0x00,
    0x7C, 0x00, 0x0F, 0xE0, 0x1F, 0xCF, 0xF1, 0xE0, 0x1F, 0x00, 0x00, 0x00, 0x00, 0x00, 0x00, 0x00,
    0x00, 0xFF, 0xFE, 0x0F, 0xFF, 0xE0, 0xC0, 0x06, 0x0C, 0x00, 0x60, 0xC0, 0x06, 0x0C, 0x00, 0x60,
    0xC0, 0x06, 0x0C, 0x00, 0x60, 0xC0, 0x06, 0x0C, 0x00, 0x60, 0xC0, 0x06, 0x0C, 0x00, 0x60, 0xC0,
    0x06, 0x0F, 0xFF, 0xE0, 0xFF, 0xFE, 0x0C, 0x00, 0x60, 0xC0, 0x02, 0x00, 0x00, 0x00, 0x00, 0x00,
    0x00, 0x10, 0x00, 0x01, 0x00, 0x00, 0x10, 0x01, 0xFF, 0xFF, 0x3F, 0xFF, 0xF0, 0x01, 0x00, 0x00,
    0x10, 0x00, 0x01, 0x00, 0x00, 0x10, 0x00, 0x7F, 0xFE, 0x07, 0xFF, 0xE0, 0x60, 0x06, 0x06, 0x00,
    0x60, 0x60, 0x06, 0x06, 0x00, 0x60, 0x60, 0x06, 0x07, 0xFF, 0xE0, 0x60, 0x06, 0x00, 0x00, 0x00,
    0x00, 0x00, 0x01, 0x80, 0x00, 0x18, 0x00, 0x03, 0x80, 0x00, 0x3F, 0xFF, 0x07, 0x00, 0x30, 0x60,
    0x03, 0x0C, 0x00, 0x31, 0xFF, 0xC3, 0x1B, 0xFC, 0x30, 0x30, 0x43, 0x03, 0x04, 0x30, 0x30, 0x43,
    0x03, 0x04, 0x30, 0x3F, 0xC3, 0x03, 0x00, 0x30, 0x30, 0x06, 0x00, 0x07, 0xE0, 0x00, 0x7C, 0x00,
    0x00, 0x00, 0x00, 0x00, 0x00, 0x00, 0xC1, 0xF1, 0x8C, 0x1F, 0x98, 0xC1, 0x19, 0x8C, 0x11, 0x98,
    0xC1, 0x19, 0x8C, 0x11, 0x98, 0xC1, 0x19, 0x8C, 0x11, 0x98, 0xC1, 0x19, 0x8C, 0x19, 0x98, 0xC1,
    0xF9, 0x9F, 0x18, 0x3F, 0xF1, 0x0F, 0xEC, 0x00, 0x00, 0xC0, 0x00, 0x0C, 0x00, 0x00, 0xC0, 0x00,
    0x0C, 0x00, 0x00, 0x00, 0x00, 0x00, 0x00, 0x00, 0x03, 0xFF, 0xFF, 0x1F, 0xFF, 0xF0, 0x00, 0x0C,
    0x00, 0x00, 0xC0, 0x00, 0x0C, 0x0F, 0xF8, 0xC0, 0xC1, 0x8C, 0x0C, 0x18, 0xC0, 0xC1, 0x8C, 0x0C,
    0x18, 0xC0, 0xFF, 0x8C, 0x0F, 0xF8, 0xC0, 0xC0, 0x0C, 0x04, 0x00, 0xC0, 0x00, 0x0C, 0x00, 0x0F,
    0xC0, 0x00, 0xF8, 0x00, 0x00, 0x00, 0x00, 0x00, 0x00, 0x04, 0x01, 0xF8, 0x40, 0x1F, 0x84, 0x01,
    0x18, 0x43, 0x11, 0x84, 0x71, 0x18, 0x4E, 0x11, 0x87, 0xC1, 0x18, 0x78, 0x11, 0x8E, 0x01, 0x1B,
    0xC0, 0x11, 0xFC, 0x01, 0xFA, 0x40, 0x1F, 0x84, 0x01, 0x00, 0x41, 0x10, 0x04, 0x10, 0x00, 0x41,
    0x00, 0x07, 0xF0, 0x00, 0x7F, 0x00, 0x00, 0x00, 0x00, 0x00, 0x00, 0x30, 0x00, 0x03, 0x00, 0x00,
    0x30, 0x01, 0xFF, 0xFE, 0x18, 0x38, 0x61, 0x83, 0x06, 0x18, 0x30, 0x61, 0x83, 0x06, 0x1F, 0xFF,
    0xE0, 0x03, 0x80, 0x04, 0x30, 0x00, 0x63, 0x00, 0x07, 0x70, 0x00, 0x3E, 0x00, 0x01, 0xE0, 0x00,
    0x7F, 0xC0, 0x3F, 0x3F, 0xF3, 0x80, 0x3F, 0x00, 0x00, 0x00, 0x00, 0x00, 0x00, 0x60, 0x00, 0x06,
    0x00, 0x00, 0x60, 0x01, 0xFF, 0xFF, 0x1F, 0xFF, 0xF0, 0x0C, 0x00, 0x01, 0x80, 0x00, 0x18, 0x00,
    0x03, 0xFF, 0xC0, 0x7F, 0xFE, 0x07, 0x80, 0x60, 0xF8, 0x06, 0x39, 0x80, 0x63, 0x18, 0x06, 0x01,
    0x00, 0x60, 0x18, 0x06, 0x01, 0xFF, 0xE0, 0x18, 0x06, 0x00, 0x00, 0x00, 0x00, 0x00, 0x00, 0x00,
    0x00, 0x7F, 0xFC, 0x06, 0x00, 0xC0, 0x60, 0x0C, 0x06, 0x00, 0xC0, 0x7F, 0xFC, 0x03, 0xFF, 0x80,
    0x00, 0x00, 0x3F, 0xFF, 0xF0, 0x38, 0x00, 0x03, 0x00, 0x00, 0x3F, 0xFC, 0x06, 0x00, 0xC0, 0x60,
    0x08, 0x00, 0x01, 0x80, 0x00, 0x18, 0x00, 0x1F, 0x80, 0x01, 0xF0, 0x00, 0x00, 0x00, 0x00, 0x00,
    0x00, 0x00, 0x01, 0xFF, 0xFF, 0x00, 0x00, 0x30, 0x00, 0x03, 0x0F, 0xFF, 0x31, 0xFF, 0xF3, 0x00,
    0x00, 0x30, 0x00, 0x03, 0x0F, 0xFC, 0x30, 0xE0, 0xC3, 0x0C, 0x04, 0x30, 0xC0, 0x43, 0x0C, 0x0C,
    0x30, 0xFF, 0xC3, 0x0E, 0x00, 0x30, 0xC0, 0x03, 0x00, 0x03, 0xF0, 0x00, 0x3E, 0x00, 0x00, 0x00,
    0x00, 0x00, 0x00, 0xC0, 0x00, 0x1F, 0xF8, 0x03, 0xFF, 0xC0, 0x78, 0x18, 0x0F, 0xC7, 0x01, 0xCE,
    0xE0, 0x00, 0x7C, 0x00, 0x07, 0xC0, 0x03, 0xEF, 0x81, 0xF8, 0x3F, 0x3E, 0x00, 0xF0, 0x3F, 0xF8,
    0x06, 0x01, 0x80, 0x60, 0x08, 0x06, 0x00, 0x80, 0x60, 0x18, 0x07, 0xFF, 0x80, 0x20, 0x18, 0x00,
    0x00, 0x00, 0x00, 0x00, 0x00, 0x30, 0x00, 0x07, 0x80, 0x00, 0xCC, 0x00, 0x18, 0x60, 0x03, 0x83,
    0x80, 0x60, 0x1C, 0x1F, 0xFF, 0xF3, 0xBF, 0xF3, 0x00, 0x00, 0x00, 0x00, 0x00, 0x07, 0xFF, 0x80,
    0x7F, 0xF8, 0x06, 0x00, 0x80, 0x60, 0x08, 0x06, 0x00, 0x80, 0x60, 0x18, 0x07, 0xFF, 0x80, 0x60,
    0x18, 0x00, 0x00, 0x00, 0x00, 0x00, 0x00, 0x30, 0x00, 0x03, 0x00, 0x1F, 0xFF, 0xF1, 0xFF, 0xFF,
    0x00, 0x10, 0x00, 0x03, 0x00, 0x00, 0x30, 0x00, 0xFF, 0xFE, 0x0F, 0xFF, 0xE0, 0x00, 0x00, 0x00,
    0x00, 0x00, 0x7F, 0xFC, 0x06, 0x00, 0xC0, 0x60, 0x0C, 0x06, 0x00, 0xC0, 0x60, 0x0C, 0x07, 0xFF,
    0xC0, 0x60, 0x0C, 0x00, 0x00, 0x00, 0x00, 0x00, 0x00, 0x00, 0x01, 0xFF, 0xFE, 0x18, 0x00, 0x21,
    0x00, 0x02, 0x13, 0xFF, 0x21, 0x3F, 0xF2, 0x10, 0x00, 0x21, 0x00, 0x02, 0x11, 0xFF, 0x21, 0x18,
    0x32, 0x11, 0x83, 0x21, 0x18, 0x32, 0x11, 0x83, 0x21, 0x1F, 0xF2, 0x11, 0x80, 0x21, 0x18, 0x02,
    0x10, 0x01, 0xE1, 0x00, 0x1E, 0x00, 0x00, 0x00, 0x00, 0x00, 0x00, 0xC0, 0x00, 0x1F, 0xF0, 0x03,
    0xFF, 0x00, 0x70, 0x30, 0x0E, 0x06, 0x01, 0xF8, 0xE0, 0x31, 0xDC, 0x00, 0x0F, 0x80, 0x00, 0x70,
    0x00, 0x0F, 0xFE, 0x03, 0xFF, 0xF0, 0xF8, 0x03, 0x3C, 0x80, 0x33, 0x08, 0x03, 0x00, 0x80, 0x30,
    0x0C, 0x07, 0x00, 0xFF, 0xF0, 0x08, 0x03, 0x00, 0x00, 0x00, 0x00, 0x00, 0x00, 0x07, 0xE0, 0xFF,
    0xFC, 0x0F, 0xF0, 0x00, 0xC0, 0x00, 0x0C, 0x00, 0x00, 0xFF, 0xFF, 0x0F, 0xFF, 0xF0, 0xC0, 0x00,
    0x0C, 0x00, 0x00, 0xCF, 0xFE, 0x0C, 0xFF, 0xE0, 0xC8, 0x06, 0x0C, 0x80, 0x61, 0x88, 0x06, 0x18,
    0x80, 0x61, 0x8C, 0x06, 0x30, 0xFF, 0xE3, 0x08, 0x06, 0x00, 0x00, 0x00, 0x00, 0x00, 0x00, 0x30,
    0x00, 0x03, 0x00, 0x00, 0x60, 0x01, 0xFF, 0xFF, 0x18, 0x00, 0x71, 0x80, 0x03, 0x18, 0x00, 0x31,
    0x8F, 0xF3, 0x18, 0xFF, 0x31, 0x88, 0x33, 0x18, 0x83, 0x31, 0x88, 0x33, 0x18, 0xFF, 0x31, 0x8F,
    0xF3, 0x18, 0x80, 0x31, 0x80, 0x03, 0x18, 0x01, 0xF1, 0x80, 0x1E, 0x00, 0x00, 0x00, 0x00, 0x00,
    0x00, 0x00, 0x00, 0xFF, 0xFC, 0x00, 0x60, 0xC0, 0x06, 0x0C, 0x3F, 0xFF, 0xF3, 0xFF, 0xFF, 0x00,
    0xC0, 0xC0, 0xFF, 0xFC, 0x0F, 0xFF, 0xC0, 0x18, 0x00, 0x03, 0x00, 0x00, 0x7F, 0xFE, 0x0F, 0x00,
    0x63, 0xB0, 0x06, 0x33, 0x00, 0x60, 0x30, 0x0E, 0x03, 0xFF, 0xE0, 0x30, 0x06, 0x00, 0x00, 0x00,
    0x00, 0x00, 0x00, 0x07, 0x01, 0xF8, 0x78, 0x1F, 0x8D, 0x81, 0x19, 0x8C, 0x11, 0xB0, 0x61, 0x1F,
    0x07, 0x11, 0xDF, 0xD1, 0x18, 0x00, 0x11, 0x80, 0x01, 0x1B, 0xFE, 0x11, 0xFF, 0xF1, 0xF8, 0x06,
    0x1F, 0x80, 0x61, 0x00, 0x0E, 0x10, 0x00, 0xC0, 0x00, 0x0C, 0x00, 0x01, 0x80, 0x00, 0x18, 0x00,
    0x00, 0x00, 0x00, 0x00, 0x00, 0x78, 0x00, 0x0E, 0xC0, 0x01, 0x87, 0x00, 0x7F, 0xFC, 0x1F, 0xFE,
    0xF3, 0x80, 0x03, 0x07, 0xFF, 0x80, 0x7F, 0xF8, 0x00, 0x03, 0x80, 0x00, 0x30, 0x00, 0x07, 0x00,
    0x7F, 0xFC, 0x06, 0x00, 0xC0, 0x60, 0x0C, 0x06, 0x00, 0xC0, 0x60, 0x0C, 0x07, 0xFF, 0xC0, 0x60,
    0x0C, 0x00, 0x00, 0x00, 0x00, 0x00, 0x00, 0x00, 0x01, 0xFF, 0xF8, 0x1F, 0xB9, 0x81, 0x19, 0x18,
    0x11, 0x99, 0x81, 0x1B, 0x98, 0x11, 0xB9, 0xF1, 0x1B, 0x9B, 0x11, 0xBC, 0x31, 0x1B, 0xC3, 0x19,
    0xB4, 0x61, 0xFA, 0x66, 0x18, 0x63, 0xC1, 0x06, 0x3C, 0x00, 0xC3, 0xC0, 0x1C, 0xFE, 0x03, 0x9C,
    0x70, 0x31, 0x81, 0x00, 0x00, 0x00, 0x00, 0x00, 0x00, 0xFF, 0xC0, 0xCF, 0xFC, 0x0C, 0x80, 0xC0,
    0xC8, 0x0C, 0x0C, 0x80, 0xC0, 0xCF, 0xFC, 0x0C, 0xFF, 0x80, 0xC0, 0x00, 0x0F, 0xFF, 0x80, 0xC0,
    0x18, 0x00, 0x00, 0x80, 0x00, 0x08, 0x3F, 0xFF, 0xF3, 0xFF, 0xFF, 0x00, 0x82, 0x00, 0x3C, 0x78,
    0x1F, 0x01, 0xF1, 0xC0, 0x07, 0x00, 0x00, 0x00, 0x00, 0x00, 0x03, 0x10, 0x00, 0x61, 0x00, 0x07,
    0xFF, 0xE0, 0xFF, 0xFC, 0x1C, 0x10, 0x01, 0x81, 0x00, 0x10, 0x10, 0x03, 0xFF, 0xFF, 0x3F, 0xFF,
    0xF0, 0x00, 0x00, 0x00, 0x00, 0x00, 0x7F, 0xFC, 0x06, 0x00, 0xC0, 0x60, 0x0C, 0x06, 0x00, 0xC0,
    0x60, 0x0C, 0x07, 0xFF, 0xC0, 0x60, 0x0C, 0x00, 0x00, 0x00, 0x00, 0x00, 0x00, 0x06, 0x01, 0xF0,
    0x60, 0x1F, 0x06, 0x01, 0x37, 0xFF, 0x13, 0x07, 0x01, 0x30, 0x60, 0x13, 0x06, 0x01, 0x30, 0x60,
    0x13, 0x7F, 0xF1, 0x30, 0xF0, 0x13, 0x0F, 0x01, 0xF1, 0xF8, 0x1F, 0x1E, 0xC1, 0x03, 0x6E, 0x10,
    0x66, 0x70, 0x1C, 0x63, 0x00, 0x86, 0x10, 0x00, 0x60, 0x00, 0x00, 0x00, 0x00, 0x00, 0x00, 0x03,
    0xE1, 0xF7, 0xFC, 0x1F, 0x66, 0x01, 0x32, 0x63, 0x13, 0x66, 0x21, 0x33, 0x66, 0x13, 0x36, 0x61,
    0x33, 0x6C, 0x13, 0x16, 0xC1, 0x37, 0xFF, 0x13, 0xFF, 0xF1, 0xF0, 0x60, 0x1F, 0x06, 0x01, 0x00,
    0x60, 0x10, 0x06, 0x00, 0x00, 0x60, 0x00, 0x1E, 0x00, 0x01, 0xE0, 0x00, 0x00, 0x00, 0x00, 0x00,
    0x00, 0x30, 0x61, 0xFB, 0x06, 0x1F, 0x98, 0xC1, 0x19, 0x8C, 0x11, 0xFF, 0xF1, 0x1B, 0x74, 0x11,
    0x86, 0x01, 0x18, 0x60, 0x11, 0x86, 0x01, 0x1F, 0xFF, 0x11, 0xFF, 0xF1, 0xF8, 0x70, 0x1F, 0x87,
    0x01, 0x00, 0xD8, 0x10, 0x1D, 0x80, 0x03, 0x8C, 0x00, 0xF0, 0x70, 0x0C, 0x03, 0x00, 0x00, 0x00,
    0x00, 0x00, 0x00, 0x7F, 0xF1, 0xF7, 0xFF, 0x1F, 0xE0, 0x31, 0x1E, 0x23, 0x11, 0xE2, 0x31, 0x1E,
    0x63, 0x11, 0xFF, 0xF1, 0x1E, 0x73, 0x11, 0xE3, 0x31, 0x1E, 0x73, 0x11, 0xE7, 0x31, 0xFE, 0xDB,
    0x1F, 0xEC, 0xF1, 0x07, 0x8F, 0x10, 0x60, 0x30, 0x06, 0x03, 0x00, 0x7F, 0xF0, 0x06, 0x03, 0x00,
    0x00, 0x00, 0x00, 0x00, 0x00, 0x30, 0x00, 0x01, 0x00, 0x1F, 0xFF, 0xF1, 0xFF, 0xFF, 0x00, 0x00,
    0x00, 0x7F, 0xF8, 0x07, 0xFF, 0x80, 0x60, 0x08, 0x07, 0xFF, 0x80, 0x7F, 0xF8, 0x00, 0x78, 0x60,
    0x1C, 0xCE, 0x0F, 0x8F, 0x83, 0xF8, 0x70, 0x11, 0x83, 0x00, 0x1B, 0xDC, 0x07, 0xF8, 0xF0, 0x70,
    0x03, 0x00, 0x00, 0x00, 0x00, 0x00, 0x00, 0x00, 0x00, 0x3F, 0xF8, 0x02, 0x01, 0x80, 0x20, 0x18,
    0x02, 0x01, 0x80, 0x30, 0x18, 0x03, 0xFF, 0x80, 0x00, 0x00, 0x00, 0x00, 0x01, 0xFC, 0xFE, 0x1F,
    0xCF, 0xF1, 0x0C, 0xC3, 0x18, 0xCC, 0x31, 0x8C, 0xC3, 0x10, 0xCC, 0x31, 0xAC, 0xD7, 0x1F, 0xCF,
    0xF1, 0x8C, 0xC3, 0x00, 0x00, 0x00, 0x00, 0x00, 0x07, 0xFF, 0xC0, 0x7F, 0xFC, 0x06, 0x00, 0xC0,
    0x7F, 0xFC, 0x07, 0xFF, 0xC0, 0x00, 0x00, 0x0F, 0xFF, 0xE0, 0xC0, 0x06, 0x0F, 0xFF, 0xE0, 0xFF,
    0xFE, 0x0C, 0x00, 0x60, 0xFF, 0xFE, 0x0C, 0x00, 0x60, 0xFF, 0xFE, 0x0F, 0xFF, 0xE0, 0x38, 0x78,
    0x1F, 0x01, 0xF1, 0xC0, 0x03, 0x00, 0x00, 0x00, 0x00, 0x00, 0x00, 0x3F, 0xE1, 0xF3, 0xFF, 0x1F,
    0xB0, 0x31, 0x1B, 0x03, 0x11, 0xBF, 0xF1, 0x1B, 0xFF, 0x11, 0xB0, 0x31, 0x1B, 0x03, 0x11, 0xBF,
    0xF1, 0x1B, 0x07, 0x19, 0xB0, 0x31, 0xFB, 0x03, 0x1F, 0x3F, 0xF1, 0x03, 0xFE, 0x00, 0x18, 0xC0,
    0x07, 0x06, 0x00, 0xE0, 0x30, 0x0C, 0x01, 0x00, 0x00, 0x00, 0x00, 0x00, 0x00, 0x0C, 0x01, 0xF1,
    0x8C, 0x1F, 0x18, 0xE1, 0x3F, 0xFF, 0x13, 0xFF, 0xF1, 0x31, 0x99, 0x13, 0x19, 0x91, 0x37, 0x1F,
    0x13, 0xEC, 0xF1, 0x31, 0xC0, 0x1B, 0x3F, 0xE1, 0xF7, 0xFE, 0x18, 0xF8, 0xC1, 0x0D, 0xD8, 0x00,
    0x0F, 0x00, 0x01, 0xF8, 0x01, 0xF9, 0xF0, 0x1C, 0x03, 0x00, 0x00, 0x00, 0x00, 0x00, 0x00, 0x00,
    0x01, 0xFE, 0xFF, 0x18, 0x6C, 0x31, 0xFE, 0xFF, 0x1F, 0xEF, 0xF1, 0x86, 0xC3, 0x1F, 0xEF, 0xF1,
    0xFE, 0x7F, 0x18, 0x00, 0x31, 0x8F, 0xF3, 0x18, 0xFF, 0x31, 0x88, 0x33, 0x18, 0x83, 0x31, 0x8F,
    0xF3, 0x18, 0xFF, 0x31, 0x88, 0x03, 0x18, 0x01, 0xF1, 0x80, 0x1F, 0x00, 0x00, 0x00, 0x00, 0x00,
    0x3F, 0xF6, 0x01, 0xFE, 0x7F, 0x00, 0x0F, 0xF1, 0xFE, 0xC6, 0x18, 0x7E, 0x61, 0x87, 0x6C, 0x1F,
    0xE3, 0xC1, 0xFE, 0x38, 0x18, 0x0F, 0xE1, 0x81, 0xC7, 0x30, 0x18, 0x13, 0x7F, 0xFC, 0x06, 0x01,
    0xC0, 0x60, 0x0C, 0x06, 0x00, 0xC0, 0x60, 0x1C, 0x07, 0xFF, 0xC0, 0x60, 0x1C, 0x00, 0x00, 0x00,
    0x00, 0x00, 0x00, 0x37, 0xE1, 0xF3, 0x7E, 0x13, 0x30, 0x61, 0x36, 0x06, 0x13, 0x7F, 0xF1, 0x3F,
    0xFF, 0x13, 0xE4, 0x01, 0x3E, 0xFF, 0x13, 0x6F, 0xF1, 0x37, 0x98, 0x13, 0x79, 0x81, 0xF7, 0xFF,
    0x1F, 0x7F, 0xF1, 0x06, 0x18, 0x10, 0x63, 0xC0, 0x06, 0x66, 0x00, 0x7C, 0x30, 0x07, 0x81, 0x00,
    0x00, 0x00, 0x00, 0x00, 0x00, 0x18, 0x01, 0xF1, 0xF8, 0x1F, 0x3F, 0x81, 0x36, 0x30, 0x13, 0xFF,
    0xE1, 0x3F, 0xFE, 0x13, 0x6B, 0x21, 0x36, 0xB2, 0x13, 0x7B, 0xE1, 0x37, 0x9E, 0x1B, 0x66, 0x21,
    0xF6, 0x62, 0x19, 0xFF, 0xF1, 0x1F, 0xFF, 0x00, 0x0F, 0x00, 0x03, 0x98, 0x01, 0xF0, 0xF0, 0x1C,
    0x03, 0x00, 0x00, 0x00, 0x00, 0x00, 0x00, 0x30, 0x01, 0xFF, 0xFF, 0x00, 0x30, 0x00, 0x7F, 0xFC,
    0x0F, 0xFF, 0xE0, 0x1F, 0xF0, 0x07, 0xFF, 0xC0, 0x60, 0x0C, 0x07, 0xFF, 0xC0, 0x3B, 0xF8, 0x01,
    0x83, 0x03, 0xFF, 0xFF, 0x00, 0x00, 0x00, 0x7F, 0xFC, 0x07, 0xFF, 0xC0, 0x60, 0x0C, 0x07, 0xFF,
    0xC0, 0x7F, 0xFC, 0x00, 0x00, 0x00, 0x00, 0x00, 0x00, 0x0F, 0x80, 0x03, 0xFE, 0x1F, 0xB0, 0x21,
    0x9B, 0xFE, 0x11, 0xBF, 0xE1, 0x1B, 0x02, 0x11, 0xBF, 0xE1, 0x1B, 0xFE, 0x11, 0x98, 0x01, 0x1B,
    0xFF, 0x19, 0xF0, 0x31, 0xFE, 0x73, 0x19, 0xBE, 0x31, 0x03, 0x03, 0x00, 0x21, 0xB0, 0x03, 0x1B,
    0x00, 0x3F, 0xE0, 0x00, 0x1E, 0x00, 0x00, 0x00, 0x00, 0x00, 0x00, 0x30, 0x01, 0xFF, 0xFF, 0x1F,
    0xF9, 0xB1, 0x33, 0x19, 0x13, 0xF9, 0xB1, 0x3F, 0x9B, 0x13, 0x31, 0x31, 0x37, 0xF3, 0x13, 0xFE,
    0x71, 0x30, 0x60, 0x1B, 0x06, 0x01, 0xFF, 0xFF, 0x1F, 0xFF, 0xF1, 0x00, 0xE0, 0x00, 0x1F, 0x00,
    0x03, 0x98, 0x01, 0xF0, 0xF0, 0x1C, 0x07, 0x00, 0x00, 0x00, 0x00, 0x00, 0x06, 0x30, 0x60, 0x63,
    0x0C, 0x03, 0x19, 0xC1, 0xFF, 0xFF, 0x18, 0x00, 0x31, 0x80, 0x03, 0x1B, 0xFF, 0xB0, 0x30, 0x18,
    0x03, 0x00, 0x80, 0x3F, 0xF8, 0x01, 0xFF, 0x80, 0x03, 0x00, 0x07, 0xFF, 0xE0, 0x7F, 0xFE, 0x06,
    0x00, 0x60, 0x60, 0x06, 0x07, 0xFF, 0xE0, 0x60, 0x06, 0x00, 0x00, 0x00, 0x00, 0x00, 0x00, 0x06,
    0x01, 0xF3, 0xFE, 0x1F, 0x3F, 0xE1, 0x33, 0x06, 0x13, 0x3F, 0xE1, 0x32, 0x06, 0x13, 0x3F, 0xE1,
    0x33, 0x06, 0x13, 0x3F, 0xE1, 0x33, 0xFE, 0x13, 0x06, 0x41, 0xF7, 0xFF, 0x1F, 0xFF, 0xF1, 0x00,
    0xF0, 0x10, 0x0D, 0x80, 0x03, 0x8C, 0x00, 0xF0, 0x70, 0x0C, 0x01, 0x00, 0x00, 0x00, 0x00, 0x00,
    0x0F, 0xC0, 0x01, 0xFE, 0xFF, 0x18, 0x60, 0x31, 0x86, 0x03, 0x1F, 0xEF, 0xF0, 0xFE, 0x7B, 0x00,
    0x00, 0x31, 0xFE, 0xFB, 0x1F, 0xEF, 0xB1, 0x6A, 0xCB, 0x16, 0xAC, 0xB1, 0xFE, 0xCB, 0x1F, 0xEF,
    0xB1, 0x6A, 0xFB, 0x16, 0xAC, 0x31, 0x6B, 0x03, 0x16, 0xE1, 0xF1, 0x6E, 0x1E, 0x00, 0x00, 0x00,
    0x00, 0x00, 0x00, 0x00, 0x00, 0xFE, 0xFE, 0x0C, 0x6C, 0x60, 0x86, 0xC6, 0x08, 0x6C, 0x60, 0xFE,
    0xFE, 0x07, 0xF7, 0xC0, 0x07, 0x00, 0x1F, 0xFF, 0xF0, 0x1C, 0x70, 0x03, 0x83, 0x81, 0xFC, 0xFF,
    0x3F, 0xEF, 0xF0, 0xC6, 0xC6, 0x0C, 0x6C, 0x60, 0xC6, 0xC6, 0x0F, 0xEF, 0xE0, 0xC6, 0xC6, 0x00,
    0x00, 0x00, 0x00, 0x00, 0x00, 0x70, 0xC1, 0xE7, 0x0C, 0x1F, 0xFF, 0xF1, 0x2F, 0xFF, 0x12, 0x70,
    0xC1, 0x27, 0x0C, 0x13, 0xFF, 0xF1, 0x3F, 0xFF, 0x12, 0xD9, 0xE1, 0x3D, 0xFF, 0x17, 0xDF, 0xF1,
    0xFD, 0x7F, 0x13, 0xD7, 0xE1, 0x2D, 0x56, 0x01, 0x91, 0x60, 0x19, 0x36, 0x03, 0x36, 0xE0, 0x27,
    0x4C, 0x00, 0x00, 0x00, 0x00, 0x00, 0x00, 0x00, 0x00, 0xFF, 0xFF, 0x1F, 0xFF, 0xF1, 0x8C, 0x43,
    0x18, 0xC4, 0x31, 0x8C, 0x43, 0x18, 0xC4, 0x31, 0x8C, 0x47, 0x19, 0x84, 0x71, 0x98, 0x7F, 0x1B,
    0x07, 0xF1, 0xA0, 0x03, 0x18, 0x00, 0x31, 0x80, 0x03, 0x1F, 0xFF, 0xF1, 0xFF, 0xFF, 0x18, 0x00,
    0x30, 0x00, 0x00, 0x00, 0x00, 0x00, 0x00, 0x00, 0x1F, 0xFF, 0xE1, 0xFF, 0xFF, 0x18, 0x00, 0x31,
    0x00, 0x03, 0x10, 0x00, 0x31, 0x1F, 0xE3, 0x11, 0xFE, 0x31, 0x18, 0x63, 0x11, 0x86, 0x31, 0x18,
    0x63, 0x11, 0x86, 0x31, 0x1F, 0xE3, 0x10, 0x00, 0x31, 0x00, 0x03, 0x10, 0x00, 0x31, 0x80, 0x07,
    0x1F, 0xFF, 0xF1, 0x80, 0x02, 0x00, 0x00, 0x00, 0x00, 0x00, 0x00, 0x00, 0x01, 0xFF, 0xFF, 0x18,
    0x10, 0x31, 0x03, 0x03, 0x10, 0x30, 0x31, 0x03, 0x03, 0x13, 0xFF, 0xB1, 0x03, 0x83, 0x10, 0x38,
    0x31, 0x07, 0x83, 0x10, 0x6C, 0x31, 0x0C, 0xE3, 0x11, 0xC7, 0x31, 0x38, 0x3B, 0x12, 0x00, 0x31,
    0x80, 0x07, 0x1F, 0xFF, 0xF1, 0x80, 0x03, 0x00, 0x00, 0x00, 0x00, 0x00, 0x00, 0x00, 0x01, 0xFF,
    0xFF, 0x18, 0x00, 0x31, 0x03, 0x03, 0x10, 0x30, 0x31, 0x03, 0x03, 0x17, 0xFF, 0xB1, 0x07, 0x83,
    0x10, 0xF8, 0x31, 0x0F, 0xC3, 0x11, 0xB6, 0x31, 0x33, 0x73, 0x16, 0x33, 0xB1, 0x43, 0x13, 0x10,
    0x20, 0x31, 0x80, 0x07, 0x1F, 0xFF, 0xF1, 0x80, 0x03, 0x00, 0x00, 0x00, 0x00, 0x00, 0x00, 0x00,
    0x01, 0xFF, 0xFF, 0x18, 0x44, 0x31, 0x0C, 0x43, 0x10, 0xC4, 0x31, 0x3F, 0xFB, 0x13, 0xFF, 0xB1,
    0x0C, 0x43, 0x10, 0xC4, 0x31, 0x3F, 0xFB, 0x13, 0xFF, 0xB1, 0x0C, 0x43, 0x11, 0x84, 0x31, 0x38,
    0x43, 0x13, 0x04, 0x31, 0x80, 0x07, 0x1F, 0xFF, 0xF1, 0x80, 0x03, 0x00, 0x00, 0x00, 0x00, 0x00,
    0x00, 0x00, 0x01, 0xFF, 0xFF, 0x18, 0x00, 0x31, 0x81, 0x03, 0x18, 0x10, 0x31, 0xBF, 0xFB, 0x1B,
    0xFF, 0xB1, 0x81, 0x03, 0x19, 0xFE, 0x31, 0x9F, 0xF3, 0x19, 0x83, 0x31, 0x98, 0x33, 0x19, 0x83,
    0x31, 0x9F, 0xF3, 0x18, 0x00, 0x31, 0x80, 0x03, 0x1F, 0xFF, 0xF1, 0x80, 0x03, 0x00, 0x00, 0x00,
    0x00, 0x00, 0x00, 0x00, 0x01, 0xFF, 0xFF, 0x18, 0x00, 0x31, 0x80, 0x03, 0x1B, 0xFF, 0xB1, 0x81,
    0x03, 0x18, 0x10, 0x31, 0x83, 0x03, 0x19, 0xFF, 0x31, 0x83, 0x63, 0x18, 0x13, 0x31, 0x81, 0x13,
    0x1B, 0xFF, 0xB1, 0xBF, 0xFB, 0x18, 0x00, 0x31, 0x80, 0x03, 0x1F, 0xFF, 0xF1, 0x80, 0x03, 0x00,
    0x00, 0x00, 0x00, 0x00, 0x00, 0x00, 0x01, 0xFF, 0xFF, 0x18, 0x20, 0x31, 0x1A, 0x23, 0x11, 0xE6,
    0x31, 0x3F, 0xF3, 0x10, 0x4C, 0x31, 0x7F, 0xFB, 0x11, 0x86, 0x31, 0x3F, 0xF3, 0x17, 0x0D, 0xB1,
    0x4F, 0xCB, 0x10, 0xD0, 0x31, 0x08, 0x33, 0x10, 0xFE, 0x31, 0x87, 0xC7, 0x1F, 0xFF, 0xF1, 0x80,
    0x02, 0x00, 0x00, 0x00, 0x00, 0x00, 0x00, 0x00, 0x01, 0xFF, 0xFF, 0x18, 0x30, 0x31, 0x1F, 0xF3,
    0x11, 0xFF, 0x31, 0x03, 0x03, 0x13, 0xFF, 0xF1, 0x0F, 0xC3, 0x13, 0xFF, 0x31, 0x30, 0x33, 0x13,
    0xFF, 0x31, 0x07, 0xBB, 0x11, 0xFE, 0x31, 0x7B, 0x7B, 0x10, 0x31, 0xB1, 0x83, 0x07, 0x1F, 0xFF,
    0xF1, 0x80, 0x02, 0x00, 0x00, 0x00, 0x00, 0x00, 0x00, 0x00, 0x00, 0xFF, 0xFF, 0x0C, 0x00, 0x00,
    0xC0, 0xC0, 0x0C, 0x0C, 0x00, 0xC0, 0xC0, 0x0C, 0x0C, 0x00, 0xC0, 0xC0, 0x0D, 0xFF, 0xE0, 0xC0,
    0xC0, 0x0C, 0x0C, 0x00, 0xC0, 0xC0, 0x18, 0x0C, 0x01, 0x80, 0xC0, 0x18, 0x0C, 0x01, 0x80, 0xC0,
    0x37, 0xFF, 0xF1, 0x00, 0x00, 0x00, 0x00, 0x00, 0x00, 0x00, 0x00, 0x60, 0x00, 0x06, 0x00, 0x00,
    0xC0, 0x01, 0xFF, 0xFF, 0x01, 0xC0, 0x00, 0x18, 0x20, 0x03, 0x06, 0x00, 0x70, 0x60, 0x06, 0x06,
    0x00, 0xE7, 0xFF, 0x1E, 0x7F, 0xF3, 0x60, 0x60, 0x06, 0x06, 0x00, 0x60, 0x60, 0x06, 0x06, 0x00,
    0x60, 0x60, 0x06, 0xFF, 0xF0, 0x6F, 0xFF, 0x00, 0x00, 0x00, 0x00, 0x00, 0x06, 0x03, 0x00, 0x62,
    0x30, 0x06, 0x33, 0x00, 0x63, 0x33, 0x3F, 0xB3, 0xF3, 0xFB, 0x7F, 0x06, 0x3F, 0x30, 0x6F, 0xB3,
    0x06, 0xF3, 0x30, 0x63, 0x33, 0x06, 0x33, 0x30, 0x7B, 0x37, 0x0F, 0x33, 0x63, 0xC3, 0x30, 0x30,
    0x30, 0x10, 0x03, 0x01, 0x00, 0x3F, 0xF0, 0x01, 0xFF, 0x00, 0x00, 0x00, 0x00, 0x00, 0x06, 0x18,
    0x00, 0x61, 0x80, 0x06, 0x30, 0x00, 0x63, 0xFF, 0x3F, 0xFF, 0xF3, 0xFE, 0x01, 0x06, 0xC0, 0x30,
    0x6F, 0xFB, 0x06, 0x3F, 0x30, 0x60, 0x03, 0x06, 0x00, 0x30, 0x78, 0x3B, 0x0F, 0x1F, 0x33, 0xC7,
    0xC3, 0x10, 0x20, 0x30, 0x00, 0x03, 0x00, 0x03, 0xE0, 0x00, 0x3E, 0x00, 0x00, 0x00, 0x00, 0x00,
    0x06, 0x06, 0x00, 0x60, 0x60, 0x06, 0x06, 0x00, 0x6F, 0xFF, 0x1F, 0x80, 0x03, 0xF8, 0x00, 0x06,
    0x1F, 0xC0, 0x61, 0xFC, 0x06, 0x10, 0xC0, 0x61, 0x0C, 0x06, 0x10, 0xC0, 0x79, 0x0C, 0x1F, 0x30,
    0xC3, 0xC3, 0x0C, 0x10, 0x30, 0xC0, 0x06, 0x0C, 0x01, 0xC0, 0xF0, 0x18, 0x07, 0x00, 0x00, 0x00,
    0x00, 0x00, 0x1F, 0xF0, 0x21, 0xFF, 0x62, 0x06, 0xC6, 0x20, 0x6C, 0x62, 0x1F, 0xF6, 0x23, 0xFF,
    0x62, 0x04, 0xC6, 0x20, 0xCC, 0x22, 0x0C, 0xC0, 0x21, 0x8C, 0x1E, 0x10, 0x31, 0xE0, 0x03, 0x00,
    0x0F, 0xFF, 0xC0, 0xFF, 0xFC, 0x00, 0x10, 0x00, 0x03, 0x80, 0x3F, 0xFF, 0xF0, 0x00, 0x00, 0x00,
    0x00, 0x00, 0x00, 0x00, 0x06, 0x00, 0x00, 0x6F, 0xFF, 0x06, 0x00, 0x00, 0x60, 0x00, 0x3F, 0xBF,
    0xE3, 0xFB, 0x76, 0x06, 0x30, 0x60, 0x63, 0x06, 0x06, 0x3F, 0xE0, 0x63, 0x06, 0x06, 0x30, 0x60,
    0x7B, 0x06, 0x1F, 0x3F, 0xE3, 0xC3, 0xFE, 0x10, 0x00, 0x00, 0x00, 0x00, 0x01, 0xFF, 0xF0, 0x00,
    0x00, 0x00, 0x00, 0x00, 0x00, 0x00, 0x0C, 0x01, 0xE0, 0xC0, 0x1B, 0x0C, 0x01, 0x90, 0xCF, 0xFF,
    0x1E, 0x01, 0x83, 0xF0, 0x18, 0x0C, 0xFD, 0xB0, 0xCC, 0xDB, 0x0C, 0xCD, 0xB0, 0xCC, 0xDE, 0x0C,
    0xFD, 0xE0, 0xF7, 0x9C, 0x0F, 0x00, 0xC3, 0xE7, 0xFC, 0x39, 0xFB, 0xC0, 0x18, 0x6C, 0x00, 0x0C,
    0x70, 0x00, 0x83, 0x00, 0x00, 0x00, 0x00, 0x00, 0x02, 0x06, 0x01, 0xFC, 0x60, 0x1F, 0xC6, 0x00,
    0x21, 0xFE, 0x3F, 0xFF, 0xE3, 0xFF, 0x66, 0x18, 0xC6, 0x61, 0x8C, 0x66, 0x0C, 0x9E, 0x63, 0xFF,
    0xE6, 0x3F, 0xE6, 0x60, 0x20, 0x76, 0x06, 0x0D, 0xE3, 0xFE, 0xC6, 0x06, 0x18, 0x60, 0x23, 0x87,
    0x02, 0x70, 0x30, 0x26, 0x03, 0x00, 0x00, 0x00, 0x00, 0x00, 0x03, 0x01, 0x81, 0xFF, 0xFF, 0x1F,
    0xFF, 0xF0, 0x30, 0x18, 0x03, 0xFF, 0x80, 0x3F, 0xF8, 0x03, 0x01, 0x80, 0x3F, 0xF8, 0x03, 0x01,
    0x83, 0xFF, 0xFF, 0x3F, 0xFF, 0xF0, 0x31, 0x18, 0x0E, 0x30, 0xE1, 0xFF, 0xFF, 0x38, 0x38, 0x10,
    0x01, 0x00, 0x0F, 0xFF, 0xE0, 0xFF, 0xFE, 0x00, 0x00, 0x00, 0x00, 0x00, 0x06, 0x03, 0x00, 0x67,
    0xFF, 0x06, 0x7F, 0xF0, 0x60, 0x70, 0x1F, 0x8F, 0xC3, 0xFB, 0xCF, 0x06, 0x70, 0x30, 0x6F, 0xFF,
    0x06, 0xFF, 0xF0, 0x60, 0x02, 0x06, 0x3F, 0x20, 0x7F, 0x32, 0x0F, 0x23, 0x23, 0xC3, 0x32, 0x30,
    0x3F, 0x20, 0x02, 0x02, 0x00, 0x01, 0xE0, 0x00, 0x1E, 0x00, 0x00, 0x00, 0x00, 0x00, 0x0F, 0xC0,
    0x01, 0xFF, 0xFF, 0x1B, 0x0C, 0x71, 0xFC, 0xC6, 0x1F, 0xE6, 0xE1, 0x06, 0x6C, 0x1F, 0xE3, 0x81,
    0xFE, 0x38, 0x13, 0x0F, 0xC1, 0xFF, 0xC7, 0x1F, 0xF0, 0x30, 0x03, 0x00, 0x0F, 0xFF, 0xE0, 0xFF,
    0xFC, 0x00, 0x30, 0x00, 0x03, 0x00, 0x3F, 0xFF, 0xF3, 0xFF, 0xFF, 0x00, 0x00, 0x00, 0x00, 0x00,
    0x0C, 0x30, 0xC0, 0xCF, 0xFF, 0x0C, 0xFF, 0xF0, 0xC3, 0x0C, 0x3F, 0x3F, 0xC3, 0xF3, 0xFC, 0x0C,
    0x30, 0xC0, 0xC3, 0xFC, 0x0C, 0x38, 0xC0, 0xDF, 0xFF, 0x0D, 0xFF, 0xF0, 0xFC, 0xD8, 0x1E, 0xCD,
    0x93, 0x8D, 0x9F, 0x20, 0xD0, 0x00, 0x0C, 0x00, 0x00, 0xFF, 0xF0, 0x0C, 0x00, 0x00, 0x00, 0x00,
    0x00, 0x00, 0x06, 0x3F, 0xE0, 0x63, 0xFE, 0x06, 0x30, 0x20, 0x63, 0xFE, 0x3F, 0xB0, 0x21, 0xF3,
    0x06, 0x06, 0x3F, 0xE0, 0x60, 0x00, 0x06, 0xFF, 0xF0, 0x63, 0x00, 0x07, 0x30, 0x00, 0x7F, 0xFF,
    0x1F, 0xCD, 0xB3, 0x99, 0x9B, 0x00, 0x33, 0x30, 0x06, 0x63, 0x00, 0xCE, 0xF0, 0x00, 0xCE, 0x00,
    0x00, 0x00, 0x00, 0x00, 0x06, 0x06, 0x00, 0x67, 0xFF, 0x06, 0x7F, 0xF0, 0x66, 0x63, 0x3F, 0xE6,
    0x31, 0xF7, 0xFF, 0x06, 0x7F, 0xF0, 0x66, 0x63, 0x06, 0x7F, 0xF0, 0x67, 0xFF, 0x06, 0x9B, 0x40,
    0x79, 0xB5, 0x1F, 0x13, 0xD3, 0x83, 0x3F, 0x00, 0x33, 0xC0, 0x06, 0x30, 0x01, 0xE3, 0xF0, 0x18,
    0x3F, 0x00, 0x00, 0x00, 0x00, 0x00, 0x00, 0x30, 0x01, 0xFF, 0xFF, 0x1F, 0xFF, 0xF1, 0x08, 0x23,
    0x1F, 0xFF, 0xF0, 0x7F, 0xFC, 0x01, 0xC6, 0x00, 0x7F, 0xFC, 0x00, 0x86, 0x01, 0xFF, 0xFF, 0x1F,
    0xFF, 0xF0, 0x39, 0x38, 0x07, 0x31, 0xC1, 0xFF, 0xFF, 0x18, 0x38, 0x30, 0x01, 0x00, 0x0F, 0xFF,
    0xE1, 0xFF, 0xFE, 0x00, 0x00, 0x00, 0x00, 0x00, 0x06, 0x18, 0x00, 0x63, 0x00, 0x06, 0x3F, 0xF0,
    0x67, 0xFF, 0x1F, 0xFF, 0xE1, 0xFF, 0xFE, 0x06, 0x30, 0x20, 0x63, 0x02, 0x06, 0x3F, 0xE0, 0x63,
    0xFE, 0x06, 0x00, 0x00, 0x7F, 0xFF, 0x0F, 0x6D, 0xB3, 0xC6, 0xD9, 0x10, 0x6D, 0x90, 0x06, 0xDB,
    0x01, 0xFF, 0xF0, 0x00, 0x00, 0x00, 0x00, 0x00, 0x00, 0x00, 0x06, 0x06, 0x00, 0x67, 0xFF, 0x06,
    0x7F, 0xF0, 0x61, 0x8E, 0x06, 0x18, 0xC3, 0xFF, 0xFF, 0x06, 0xFF, 0xF0, 0x63, 0xFF, 0x06, 0x30,
    0x30, 0x63, 0x7B, 0x06, 0x3F, 0xF0, 0x7B, 0x03, 0x0F, 0x3F, 0xF3, 0xC3, 0xFF, 0x30, 0x19, 0x80,
    0x03, 0x18, 0x01, 0xE1, 0xF0, 0x1C, 0x1F, 0x00, 0x00, 0x00, 0x00, 0x00, 0x03, 0xCF, 0xF1, 0xF0,
    0xFF, 0x1D, 0xEC, 0x30, 0x7C, 0xFF, 0x0F, 0x8C, 0x33, 0x9C, 0xFF, 0x07, 0xCF, 0xF1, 0xCE, 0xDB,
    0x03, 0xED, 0xE1, 0xE7, 0xFE, 0x1B, 0xDE, 0x70, 0x19, 0x01, 0x00, 0x30, 0x00, 0xFF, 0xFE, 0x00,
    0x38, 0x00, 0x01, 0x00, 0x1F, 0xFF, 0xF3, 0xFF, 0xFF, 0x00, 0x00, 0x00, 0x00, 0x00, 0x0C, 0x06,
    0x00, 0xCF, 0xFF, 0x0C, 0xFF, 0xF0, 0xC0, 0x60, 0x3F, 0xFF, 0xF3, 0xFD, 0x9B, 0x0C, 0xD9, 0x30,
    0xCF, 0xFF, 0x0C, 0xFF, 0xF0, 0xC0, 0x60, 0x0D, 0xFF, 0xF0, 0xFF, 0xFF, 0x1E, 0x3B, 0x33, 0x9F,
    0x3F, 0x01, 0xB1, 0xC0, 0x03, 0x7C, 0x00, 0x7E, 0x70, 0x0F, 0x03, 0x00, 0x00, 0x00, 0x00, 0x00,
    0x00, 0x30, 0x00, 0x03, 0x00, 0x00, 0x30, 0x00, 0x03, 0x00, 0x00, 0x30, 0x00, 0x03, 0x80, 0x3F,
    0xFF, 0xF0, 0x03, 0x00, 0x00, 0x30, 0x00, 0x03, 0x00, 0x00, 0x30, 0x00, 0x03, 0x00, 0x00, 0x30,
    0x00, 0x03, 0x00, 0x00, 0x30, 0x00, 0xFF, 0xFE, 0x0F, 0xFF, 0xE0, 0x00, 0x00, 0x00, 0x00, 0x00,
    0x00, 0x00, 0x00, 0x10, 0x01, 0xFF, 0xFF, 0x1F, 0xFF, 0xF0, 0x01, 0x00, 0x0F, 0xFF, 0xE0, 0xFF,
    0xFE, 0x00, 0x00, 0x00, 0xFF, 0xFE, 0x0F, 0xFF, 0xE0, 0xC1, 0x06, 0x0C, 0x30, 0x60, 0xC3, 0x06,
    0x0F, 0xFF, 0xE0, 0xFF, 0xFE, 0x18, 0x00, 0x41, 0x80, 0x00, 0x38, 0x00, 0x03, 0x00, 0x00, 0x00,
    0x00, 0x00, 0x00, 0x00, 0x00, 0x10, 0x01, 0xFF, 0xFF, 0x1F, 0xFF, 0xF0, 0x03, 0x00, 0x00, 0x30,
    0x00, 0xFF, 0xFE, 0x00, 0x00, 0x00, 0x00, 0x00, 0x1F, 0xFF, 0xF1, 0xB0, 0x03, 0x13, 0x00, 0x31,
    0x30, 0xF1, 0x03, 0xFC, 0x00, 0x3E, 0x00, 0x03, 0x00, 0x60, 0x30, 0x06, 0x03, 0xFF, 0xC0, 0x1F,
    0xFC, 0x00, 0x00, 0x00, 0x00, 0x00, 0x00, 0x10, 0x01, 0xFF, 0xFF, 0x1F, 0xFF, 0xF0, 0x06, 0x60,
    0x06, 0x66, 0xC0, 0x66, 0x66, 0x0C, 0xC6, 0x31, 0x8C, 0x63, 0x13, 0x9E, 0x10, 0x16, 0x00, 0x00,
    0xFF, 0x80, 0x3F, 0xF8, 0x0F, 0x83, 0x01, 0xCE, 0x70, 0x00, 0x7C, 0x00, 0x0F, 0xE0, 0x1F, 0xC7,
    0xF1, 0xE0, 0x0F, 0x00, 0x00, 0x00, 0x00, 0x00, 0x00, 0x00, 0x01, 0xFF, 0xFF, 0x00, 0x30, 0x00,
    0x7F, 0xFC, 0x06, 0x00, 0xC0, 0x7F, 0xFC, 0x06, 0x00, 0xC0, 0x7F, 0xFC, 0x06, 0x00, 0xC0, 0x7F,
    0xFC, 0x01, 0xC0, 0x00, 0x1F, 0xF8, 0x07, 0xFF, 0x81, 0xFC, 0x30, 0x18, 0xFE, 0x00, 0x07, 0xC0,
    0x1F, 0xEF, 0xF3, 0xE0, 0x1F, 0x00, 0x00, 0x00, 0x00, 0x00, 0x03, 0x01, 0x80, 0x30, 0x18, 0x03,
    0x01, 0x80, 0x7F, 0x18, 0x06, 0x39, 0x80, 0xC3, 0xD8, 0x0C, 0x3F, 0x81, 0xC3, 0x78, 0x3F, 0x63,
    0x80, 0x3E, 0x18, 0x00, 0xC1, 0xE0, 0x0C, 0x1F, 0x01, 0x81, 0xB0, 0x38, 0x18, 0x07, 0x01, 0x80,
    0xE0, 0x18, 0x1C, 0x01, 0x81, 0x00, 0x18, 0x00, 0x00, 0x00, 0x00, 0x00, 0x00, 0x18, 0x00, 0x01,
    0x80, 0x00, 0x18, 0x00, 0x01, 0x80, 0x00, 0x10, 0x01, 0xFF, 0xFF, 0x1F, 0xFF, 0xF0, 0x03, 0x80,
    0x00, 0x3C, 0x00, 0x07, 0xC0, 0x00, 0x6C, 0x00, 0x0E, 0x60, 0x00, 0xC7, 0x00, 0x1C, 0x38, 0x03,
    0x81, 0x80, 0x70, 0x0E, 0x1E, 0x00, 0x71, 0x80, 0x03, 0x00, 0x00, 0x00, 0x00, 0x00, 0x00, 0x00,
    0x01, 0xFF, 0xFF, 0x1F, 0xFF, 0xF0, 0x03, 0x00, 0x00, 0x30, 0x00, 0x03, 0x00, 0x00, 0x30, 0x01,
    0xFF, 0xFF, 0x1F, 0xFF, 0xF0, 0x03, 0x80, 0x00, 0x3C, 0x00, 0x06, 0xC0, 0x00, 0x66, 0x00, 0x0C,
    0x70, 0x03, 0x83, 0x80, 0x70, 0x1E, 0x1E, 0x00, 0xF1, 0x80, 0x03, 0x00, 0x00, 0x00, 0x00, 0x00,
    0x00, 0x10, 0x00, 0x01, 0x00, 0x07, 0xFF, 0xE0, 0x7F, 0xFE, 0x06, 0x10, 0x60, 0x61, 0x06, 0x06,
    0x10, 0x60, 0x63, 0x06, 0x06, 0x30, 0x61, 0xFF, 0xFF, 0x1F, 0xFF, 0xF0, 0x03, 0xC0, 0x00, 0x6C,
    0x00, 0x0E, 0x60, 0x01, 0xC7, 0x00, 0x38, 0x3C, 0x1F, 0x00, 0xF1, 0xC0, 0x07, 0x00, 0x00, 0x00,
    0x00, 0x00, 0x03, 0x10, 0x00, 0x31, 0x00, 0x06, 0x38, 0x00, 0x7F, 0xFE, 0x0F, 0xFF, 0xC0, 0xC1,
    0x00, 0x18, 0x10, 0x00, 0x01, 0x00, 0x1F, 0xFF, 0xF1, 0xFF, 0xFF, 0x00, 0x38, 0x00, 0x07, 0xC0,
    0x00, 0x6E, 0x00, 0x0C, 0x60, 0x01, 0xC3, 0x80, 0x78, 0x1C, 0x1E, 0x00, 0xF1, 0x80, 0x03, 0x00,
    0x00, 0x00, 0x00, 0x00, 0x00, 0x10, 0x00, 0xFF, 0xFE, 0x1F, 0xFF, 0xF0, 0x07, 0x80, 0x00, 0xFF,
    0x00, 0x7C, 0x3C, 0x1F, 0x00, 0xE3, 0xFF, 0xFF, 0x3F, 0xFF, 0xF0, 0x00, 0x0C, 0x00, 0x00, 0xC0,
    0xFF, 0x8C, 0x0C, 0x18, 0xC0, 0xC1, 0x8C, 0x0F, 0xF8, 0xC0, 0xFF, 0x8C, 0x0C, 0x07, 0xC0, 0x00,
    0x78, 0x00, 0x00, 0x00, 0x00, 0x00, 0x03, 0x0F, 0xF1, 0xFF, 0xFF, 0x1F, 0xE3, 0x30, 0x30, 0x33,
    0x1F, 0xE3, 0x31, 0xFE, 0x63, 0x03, 0x06, 0x30, 0x3E, 0xC3, 0x1F, 0xFC, 0xE1, 0x01, 0x04, 0x00,
    0x10, 0x01, 0xFF, 0xFF, 0x1F, 0xFF, 0xF0, 0x03, 0xC0, 0x00, 0x7E, 0x00, 0x1E, 0x70, 0x1F, 0x83,
    0xF1, 0xE0, 0x0F, 0x00, 0x00, 0x00, 0x00, 0x00, 0x00, 0x30, 0x00, 0xFF, 0xFC, 0x0F, 0xFF, 0xC0,
    0xC1, 0x2C, 0x0C, 0x96, 0xC0, 0xCD, 0x6C, 0x0D, 0xFF, 0xC0, 0xC7, 0xCC, 0x0C, 0xFE, 0xC0, 0xD9,
    0x3C, 0x0C, 0x30, 0xC3, 0xFF, 0xFF, 0x3F, 0xFF, 0xF0, 0x07, 0xC0, 0x00, 0xEE, 0x00, 0x3C, 0x78,
    0x3F, 0x03, 0xF3, 0x80, 0x07, 0x00, 0x00, 0x00, 0x00, 0x00, 0x00, 0x30, 0x00, 0x06, 0x00, 0x00,
    0x60, 0x00, 0x0C, 0x00, 0x1F, 0xFF, 0xF1, 0xFF, 0xFF, 0x01, 0x80, 0xC0, 0x18, 0x18, 0x03, 0x01,
    0x80, 0x30, 0x38, 0x07, 0x03, 0x00, 0x7E, 0x70, 0x04, 0x7E, 0x00, 0x01, 0xE0, 0x00, 0x3F, 0x80,
    0x1F, 0x1E, 0x1F, 0xC0, 0x71, 0xE0, 0x03, 0x00, 0x00, 0x00, 0x00, 0x00, 0x06, 0x00, 0x00, 0x63,
    0xFF, 0x06, 0x00, 0x71, 0xFC, 0x0E, 0x3F, 0xC1, 0xC0, 0xCC, 0x38, 0x0C, 0xC3, 0x00, 0x8C, 0x30,
    0x18, 0xFF, 0xF1, 0x9C, 0x30, 0x19, 0x83, 0x01, 0xF8, 0x30, 0x07, 0x03, 0x00, 0x38, 0x30, 0x07,
    0xC3, 0x00, 0xE4, 0x30, 0x1C, 0x1F, 0x01, 0x81, 0xE0, 0x00, 0x00, 0x00, 0x00, 0x00, 0x00, 0x30,
    0x01, 0xFF, 0xFF, 0x00, 0x30, 0x00, 0x7F, 0xFC, 0x0F, 0xFF, 0xC0, 0x03, 0x0E, 0x3F, 0xFF, 0xF0,
    0x03, 0x0C, 0x07, 0xBF, 0xC0, 0xFF, 0xFC, 0x00, 0xE0, 0x03, 0xFF, 0xFF, 0x03, 0x83, 0x00, 0x38,
    0x70, 0x07, 0xFE, 0x00, 0x07, 0xF8, 0x1F, 0xF3, 0xF1, 0xF0, 0x07, 0x00, 0x00, 0x00, 0x00, 0x00,
    0x06, 0x03, 0x00, 0x40, 0x30, 0x0C, 0x7F, 0xF0, 0xC7, 0xFF, 0x3F, 0x83, 0x00, 0xC8, 0x30, 0x08,
    0x9F, 0xF1, 0x99, 0x33, 0x19, 0x93, 0x31, 0x99, 0x33, 0x19, 0x93, 0x31, 0xF1, 0x33, 0x07, 0x13,
    0x30, 0x79, 0x37, 0x07, 0xD3, 0x70, 0xCC, 0x30, 0x18, 0x03, 0x01, 0x00, 0x30, 0x00, 0x00, 0x00,
    0x00, 0x00, 0x04, 0x06, 0x00, 0xC0, 0x60, 0x0C, 0x0C, 0x03, 0xF8, 0xCC, 0x3F, 0xDC, 0x60, 0x89,
    0x86, 0x18, 0xFF, 0xF1, 0x9F, 0xFF, 0x19, 0x80, 0x11, 0x18, 0x00, 0x39, 0x9F, 0xF3, 0xF1, 0xFF,
    0x07, 0x10, 0x30, 0x79, 0x03, 0x0F, 0xD0, 0x30, 0xCD, 0x87, 0x38, 0x1F, 0xF3, 0x01, 0x02, 0x00,
    0x00, 0x00, 0x00, 0x00, 0x00, 0xFF, 0xC0, 0xFF, 0xF0, 0x00, 0x10, 0x01, 0xFF, 0xFF, 0x3F, 0xFF,
    0xF0, 0x0F, 0xE0, 0x03, 0x93, 0x80, 0xF1, 0x1E, 0x1C, 0x70, 0x71, 0x0C, 0x01, 0x01, 0xC0, 0x03,
    0xFF, 0xFF, 0x03, 0x83, 0x00, 0x30, 0x70, 0x07, 0xFE, 0x00, 0x07, 0xF0, 0x07, 0xF7, 0xE1, 0xF8,
    0x07, 0x00, 0x00, 0x00, 0x00, 0x00, 0x06, 0x00, 0x00, 0x43, 0xFF, 0x0C, 0x33, 0x33, 0xFB, 0x33,
    0x3F, 0xF3, 0x30, 0xCB, 0x33, 0x08, 0xBF, 0xF1, 0x9B, 0x33, 0x19, 0xB3, 0x31, 0x9B, 0x33, 0x19,
    0xB3, 0xB1, 0xF3, 0x7B, 0x07, 0x34, 0xF0, 0x7B, 0xCF, 0x07, 0xB0, 0x30, 0xCF, 0x03, 0x18, 0x3F,
    0xF1, 0x03, 0x03, 0x00, 0x00, 0x00, 0x00, 0x00, 0x0C, 0x10, 0x00, 0xE3, 0xFF, 0x03, 0x7F, 0xF0,
    0x06, 0x63, 0x00, 0xC6, 0x60, 0x30, 0xF2, 0x0F, 0x1D, 0x81, 0xC3, 0x9C, 0x10, 0xF0, 0x70, 0x0E,
    0x01, 0x00, 0xE0, 0x03, 0xFF, 0xFF, 0x01, 0x83, 0x80, 0x30, 0x30, 0x07, 0xFE, 0x00, 0x07, 0xF0,
    0x03, 0xFF, 0xE1, 0xFC, 0x0F, 0x08, 0x00, 0x00, 0x00, 0x00, 0x00, 0x02, 0xC0, 0x00, 0x27, 0x00,
    0x07, 0x31, 0xFF, 0xFF, 0x18, 0x07, 0x01, 0x80, 0x30, 0x1B, 0xFF, 0x31, 0x8C, 0x33, 0x1B, 0xFB,
    0x61, 0xFF, 0xF6, 0x19, 0x93, 0x61, 0x91, 0x3C, 0x1B, 0xB1, 0xC1, 0xBE, 0x19, 0x18, 0x73, 0x93,
    0x0F, 0x7D, 0x33, 0x9C, 0xF2, 0x20, 0x87, 0x00, 0x00, 0x00, 0x00, 0x00, 0x06, 0x07, 0xF0, 0x42,
    0x7F, 0x0C, 0x34, 0x31, 0xFB, 0x43, 0x3F, 0xB4, 0x31, 0xDB, 0x7F, 0x08, 0xB7, 0xF1, 0x9B, 0x00,
    0x19, 0xBF, 0xE1, 0x9B, 0x06, 0x19, 0x80, 0x21, 0xF7, 0xFF, 0x07, 0x7F, 0xF0, 0x78, 0x84, 0x07,
    0xD8, 0x60, 0xCB, 0x83, 0x18, 0x70, 0x11, 0x06, 0x01, 0x00, 0x00, 0x00, 0x00, 0x00, 0x06, 0x1F,
    0xE0, 0x41, 0xF8, 0x0C, 0x11, 0x81, 0xF9, 0xFF, 0x3F, 0x9F, 0xF0, 0xC9, 0x18, 0x08, 0x90, 0xC1,
    0x9B, 0xFC, 0x19, 0xFF, 0x71, 0x98, 0x03, 0x19, 0xBF, 0xE1, 0xF3, 0xFF, 0x07, 0x30, 0x30, 0x7B,
    0xFF, 0x07, 0xF8, 0x70, 0xCF, 0x83, 0x18, 0x3F, 0xF1, 0x03, 0x82, 0x00, 0x00, 0x00, 0x00, 0x00,
    0x0C, 0x3F, 0xF0, 0xC7, 0xF2, 0x0C, 0x36, 0x33, 0xF3, 0x36, 0x3F, 0x9A, 0x61, 0x9F, 0xFF, 0x19,
    0xBF, 0xF1, 0x98, 0xC0, 0x1B, 0xFF, 0xF1, 0x31, 0xC0, 0x1B, 0x18, 0x03, 0xF1, 0xFE, 0x06, 0x1C,
    0x60, 0x73, 0xE6, 0x0F, 0xB7, 0xC0, 0xDE, 0x38, 0x18, 0xEF, 0xF1, 0x0D, 0xC3, 0x00, 0x00, 0x00,
    0x00, 0x00, 0x0C, 0x06, 0x00, 0xC7, 0xFF, 0x0C, 0x7F, 0xF3, 0xF6, 0x01, 0x3F, 0xA0, 0x11, 0x9B,
    0xFF, 0x19, 0x9F, 0xE1, 0x91, 0xD9, 0x1B, 0x7D, 0xB1, 0x36, 0xFE, 0x3B, 0x1E, 0xC3, 0xF7, 0x3C,
    0x06, 0x67, 0x60, 0x71, 0xF7, 0x0F, 0xBB, 0x30, 0xCE, 0x31, 0x18, 0x0F, 0x01, 0x00, 0xE0, 0x00,
    0x00, 0x00, 0x00, 0x00, 0x0C, 0x01, 0x80, 0xC3, 0xFF, 0x08, 0xBF, 0xF1, 0xFF, 0x20, 0x3F, 0xF6,
    0x01, 0xB7, 0x60, 0x1B, 0x77, 0xF1, 0xB3, 0xD8, 0x13, 0x3C, 0x81, 0x33, 0x18, 0x32, 0xFF, 0xF3,
    0xFF, 0xFF, 0x0E, 0x21, 0xC0, 0x66, 0x1C, 0x0F, 0x63, 0x61, 0xDE, 0x66, 0x18, 0xCE, 0x33, 0x0D,
    0x81, 0x00, 0x00, 0x00, 0x00, 0x00, 0x0C, 0x30, 0xC0, 0xC1, 0x0C, 0x0C, 0xFF, 0xF1, 0xCF, 0xFF,
    0x3F, 0x99, 0x81, 0x9F, 0xFE, 0x19, 0x99, 0xA1, 0x99, 0x9B, 0x19, 0xFF, 0xF1, 0x31, 0x9B, 0x3B,
    0x19, 0xA3, 0xF7, 0xFE, 0x06, 0x19, 0x80, 0x73, 0x9C, 0x0F, 0xF9, 0xE0, 0xCD, 0x93, 0x19, 0x99,
    0x91, 0x01, 0x90, 0x00, 0x00, 0x00, 0x00, 0x00, 0x00, 0x00, 0x00, 0xFF, 0xFE, 0x00, 0x01, 0xC0,
    0x00, 0x38, 0x00, 0x07, 0x00, 0x01, 0xC0, 0x00, 0x38, 0x00, 0x01, 0x00, 0x1F, 0xFF, 0xF3, 0xFF,
    0xFF, 0x00, 0x30, 0x00, 0x01, 0x00, 0x00, 0x10, 0x00, 0x01, 0x00, 0x00, 0x10, 0x00, 0x01, 0x00,
    0x01, 0xF0, 0x00, 0x1F, 0x00, 0x00, 0x00, 0x00, 0x00, 0x00, 0x00, 0x04, 0x03, 0xFF, 0x60, 0x00,
    0x66, 0x00, 0x0E, 0x60, 0x01, 0xC6, 0x00, 0x30, 0x60, 0x03, 0x06, 0x00, 0x3F, 0x60, 0x3F, 0xF6,
    0x03, 0xF0, 0x60, 0x03, 0x06, 0x00, 0x30, 0x60, 0x03, 0x06, 0x00, 0x30, 0x61, 0x03, 0x06, 0x10,
    0x30, 0x41, 0x0F, 0x07, 0xF0, 0xF0, 0x7F, 0x00, 0x00, 0x00, 0x00, 0x00, 0x00, 0x30, 0x00, 0x03,
    0x80, 0x1F, 0xFF, 0xF1, 0xBF, 0xFF, 0x10, 0x00, 0x31, 0x80, 0x03, 0x13, 0xFF, 0xA0, 0x00, 0x70,
    0x00, 0x0E, 0x00, 0x01, 0x80, 0x00, 0x38, 0x01, 0xFF, 0xFF, 0x00, 0x30, 0x00, 0x03, 0x00, 0x00,
    0x30, 0x00, 0x03, 0x00, 0x01, 0xF0, 0x00, 0x1F, 0x00, 0x00, 0x00, 0x00, 0x00, 0x00, 0x00, 0x60,
    0x60, 0xFF, 0xE6, 0x0F, 0xFF, 0xC0, 0x06, 0x38, 0x00, 0x67, 0x03, 0xFF, 0xFF, 0x1F, 0xFF, 0xF0,
    0x07, 0x00, 0x03, 0xFF, 0x80, 0x7F, 0xF8, 0x3E, 0x07, 0x03, 0x81, 0xC0, 0x0F, 0xFF, 0xF0, 0xFF,
    0xFF, 0x00, 0x18, 0x00, 0x01, 0x80, 0x00, 0xF8, 0x00, 0x0F, 0x00, 0x00, 0x00, 0x00, 0x00, 0x00,
    0x00, 0x7F, 0xC0, 0xFF, 0xF0, 0x00, 0x30, 0x01, 0xFB, 0xFF, 0x3F, 0xFF, 0xF0, 0x0F, 0xE0, 0x01,
    0xB7, 0x00, 0x71, 0x1C, 0x3F, 0xFF, 0xF3, 0xBF, 0xFB, 0x00, 0x07, 0x00, 0x01, 0xC0, 0x00, 0x38,
    0x03, 0xFF, 0xFF, 0x00, 0x38, 0x00, 0x01, 0x00, 0x01, 0xF0, 0x00, 0x1F, 0x00, 0x00, 0x00, 0x00,
    0x00, 0x00, 0x00, 0x07, 0xE3, 0xFF, 0xFE, 0x01, 0xE6, 0x60, 0x36, 0x66, 0x07, 0x66, 0x60, 0x66,
    0x66, 0x06, 0x66, 0x60, 0x7E, 0x66, 0x3F, 0xE6, 0x63, 0xE6, 0x62, 0x06, 0x66, 0x20, 0x66, 0x6B,
    0x06, 0x66, 0xB0, 0x64, 0x6F, 0x06, 0xC7, 0xF0, 0x6F, 0xFD, 0x1E, 0xB0, 0x51, 0xC8, 0x04, 0x00,
    0x00, 0x00, 0x00, 0x00, 0x0C, 0x30, 0x60, 0x63, 0x0C, 0x06, 0x19, 0x81, 0xFF, 0xFF, 0x18, 0x00,
    0x31, 0x00, 0x03, 0x13, 0xFF, 0xB1, 0x3F, 0xF9, 0x00, 0x06, 0x00, 0x01, 0xC0, 0x00, 0x38, 0x03,
    0xFF, 0xFF, 0x00, 0x30, 0x00, 0x03, 0x00, 0x00, 0x30, 0x00, 0x01, 0x00, 0x01, 0xF0, 0x00, 0x1F,
    0x00, 0x00, 0x00, 0x00, 0x00, 0x00, 0x00, 0x30, 0x00, 0x03, 0x00, 0x1F, 0xFF, 0xF1, 0xFF, 0xFF,
    0x18, 0x00, 0x31, 0x80, 0x03, 0x13, 0xFF, 0x90, 0x03, 0x00, 0x00, 0x30, 0x00, 0x03, 0x00, 0x1F,
    0xFF, 0xF1, 0xFF, 0xFF, 0x00, 0x30, 0x00, 0x03, 0x00, 0x00, 0x30, 0x00, 0x03, 0x00, 0x01, 0xF0,
    0x00, 0x1F, 0x00, 0x00, 0x00, 0x00, 0x00, 0x00, 0x00, 0x18, 0x00, 0x03, 0x80, 0x1F, 0xFF, 0xF1,
    0x80, 0x03, 0x18, 0x20, 0x31, 0x86, 0x03, 0x00, 0x60, 0x01, 0xFF, 0xFF, 0x1F, 0xFF, 0xF0, 0x18,
    0x18, 0x01, 0x83, 0x00, 0x30, 0x30, 0x07, 0xE6, 0x00, 0x6F, 0xE0, 0x00, 0x3F, 0x00, 0x0F, 0x3C,
    0x0F, 0xC0, 0xE0, 0xE0, 0x06, 0x00, 0x00, 0x00, 0x00, 0x00, 0x00, 0x30, 0x00, 0x03, 0x00, 0x1F,
    0xFF, 0xF1, 0xBF, 0xF7, 0x18, 0x00, 0x31, 0x00, 0x03, 0x03, 0xFF, 0x80, 0x00, 0x00, 0x00, 0x00,
    0x03, 0xFF, 0xFF, 0x1F, 0xFF, 0xF0, 0x18, 0xC0, 0x01, 0x8C, 0x00, 0x18, 0xC0, 0x03, 0x0C, 0x30,
    0x70, 0xC3, 0x1E, 0x0F, 0xF3, 0x80, 0x7F, 0x00, 0x00, 0x00, 0x00, 0x00, 0x00, 0x10, 0x01, 0xFF,
    0xFF, 0x1F, 0xFF, 0xF1, 0x80, 0x03, 0x13, 0xFF, 0x31, 0x3F, 0xFB, 0x02, 0x01, 0x80, 0x20, 0x18,
    0x03, 0xFF, 0x80, 0x3F, 0xF8, 0x02, 0x00, 0x00, 0x3F, 0xFC, 0x07, 0xFF, 0xC0, 0x20, 0x0C, 0x02,
    0x00, 0xC0, 0x30, 0x0C, 0x07, 0xFF, 0xC0, 0x20, 0x0C, 0x00, 0x00, 0x00, 0x00, 0x00, 0x00, 0x30,
    0x00, 0x03, 0x00, 0x1F, 0xFF, 0xF1, 0xFF, 0xFF, 0x10, 0x00, 0x31, 0x80, 0x03, 0x17, 0xFF, 0xE0,
    0x03, 0x00, 0x00, 0x30, 0x00, 0x23, 0x00, 0x06, 0x38, 0x00, 0x63, 0xFC, 0x06, 0x30, 0x00, 0xF3,
    0x00, 0x0F, 0xB0, 0x01, 0xDF, 0x00, 0x38, 0xFF, 0xF3, 0x03, 0xFF, 0x00, 0x00, 0x00, 0x00, 0x00,
    0x00, 0x10, 0x01, 0xFF, 0xFF, 0x1F, 0xFF, 0xF1, 0x00, 0x03, 0x13, 0x00, 0x31, 0x30, 0xFE, 0x07,
    0xEF, 0xE0, 0x7E, 0xC6, 0x0C, 0x6C, 0x61, 0xC6, 0xC6, 0x3E, 0x6C, 0x63, 0x3C, 0xDE, 0x01, 0xCD,
    0xC0, 0x18, 0xC0, 0x03, 0x0C, 0x10, 0x60, 0xC1, 0x1C, 0x0F, 0xF1, 0x80, 0x7F, 0x00, 0x00, 0x00,
    0x00, 0x00, 0x00, 0x30, 0x00, 0x03, 0x00, 0x1F, 0xFF, 0xF1, 0xFF, 0xFF, 0x10, 0x00, 0x31, 0x80,
    0x03, 0x13, 0xFF, 0xA0, 0x30, 0x18, 0x03, 0xFF, 0x80, 0x3F, 0xF0, 0x03, 0x01, 0x80, 0x30, 0x18,
    0x03, 0xFF, 0x00, 0x3F, 0xF8, 0x03, 0x01, 0x80, 0x30, 0x10, 0x1F, 0xFF, 0xF3, 0xFF, 0xFF, 0x00,
    0x00, 0x00, 0x00, 0x00, 0x00, 0x10, 0x01, 0xFF, 0xFF, 0x1F, 0xFF, 0xF1, 0x81, 0x03, 0x18, 0x30,
    0x30, 0xFF, 0xFE, 0x07, 0xFF, 0xC0, 0x01, 0x00, 0x07, 0xFF, 0xC0, 0x7F, 0xFC, 0x00, 0x30, 0x01,
    0xFF, 0xFF, 0x1F, 0xFF, 0xF0, 0x06, 0xC0, 0x00, 0xCE, 0x00, 0x38, 0x78, 0x1F, 0x01, 0xF1, 0xC0,
    0x07, 0x00, 0x00, 0x00, 0x00, 0x00, 0x00, 0x10, 0x01, 0xFF, 0xFF, 0x1F, 0xFF, 0xF1, 0x0C, 0x03,
    0x11, 0xFF, 0x30, 0x3F, 0xF8, 0x07, 0x87, 0x01, 0xCE, 0xE0, 0x08, 0x7C, 0x00, 0x0F, 0xE0, 0x07,
    0xC7, 0xE3, 0xFF, 0xFF, 0x3F, 0xFF, 0x80, 0x20, 0x18, 0x02, 0x01, 0x80, 0x30, 0x18, 0x03, 0xFF,
    0x80, 0x20, 0x18, 0x00, 0x00, 0x00, 0x00, 0x00, 0x00, 0x30, 0x01, 0xFF, 0xFF, 0x1F, 0xFF, 0xF1,
    0x00, 0x03, 0x1F, 0xFF, 0xF0, 0x7F, 0xFC, 0x00, 0xC3, 0x00, 0x18, 0x38, 0x0F, 0xFF, 0xC0, 0xFF,
    0xFE, 0x00, 0x30, 0x20, 0x03, 0x00, 0x0F, 0xFF, 0xE0, 0xFF, 0xFE, 0x00, 0x10, 0x00, 0x03, 0x80,
    0x3F, 0xFF, 0xF0, 0x00, 0x00, 0x00, 0x00, 0x00, 0x00, 0x00, 0x00, 0x30, 0x01, 0xFF, 0xFE, 0x1F,
    0xFF, 0xF1, 0x00, 0x03, 0x1B, 0xFF, 0x31, 0x3F, 0xFA, 0x03, 0x01, 0x80, 0x30, 0x18, 0x03, 0xFF,
    0x80, 0x3F, 0xF8, 0x00, 0x30, 0x00, 0x7F, 0xFC, 0x07, 0xFF, 0xC0, 0x60, 0x0C, 0x06, 0x00, 0xC0,
    0x60, 0x0C, 0x07, 0xFF, 0xC0, 0x60, 0x0C, 0x00, 0x00, 0x00, 0x00, 0x00, 0x00, 0x10, 0x01, 0xFF,
    0xFF, 0x1F, 0xFF, 0xF1, 0x01, 0x03, 0x10, 0x30, 0x30, 0xFF, 0xFE, 0x07, 0xFF, 0xC0, 0x18, 0x30,
    0x01, 0x83, 0x01, 0xFF, 0xFF, 0x3F, 0xFF, 0xF0, 0x03, 0x00, 0x00, 0x30, 0x00, 0xFF, 0xFE, 0x00,
    0x38, 0x00, 0x01, 0x00, 0x00, 0x30, 0x00, 0x01, 0x00, 0x00, 0x00, 0x00, 0x00, 0x00, 0x00, 0x30,
    0x01, 0xFF, 0xFE, 0x1F, 0xFF, 0xF1, 0x03, 0x03, 0x17, 0xFF, 0xB0, 0x7F, 0xF8, 0x00, 0x30, 0x00,
    0xFF, 0xFC, 0x0F, 0xFF, 0xC0, 0x03, 0x00, 0x3F, 0xFF, 0xF1, 0x80, 0x06, 0x07, 0xFF, 0x80, 0x7F,
    0xF8, 0x06, 0x00, 0x80, 0x60, 0x18, 0x07, 0xFF, 0x80, 0x60, 0x18, 0x00, 0x00, 0x00, 0x00, 0x00,
    0x00, 0x30, 0x01, 0xFF, 0xFF, 0x3F, 0xFF, 0xF3, 0x00, 0x03, 0x33, 0xFF, 0xB0, 0x60, 0x18, 0x07,
    0xFF, 0x80, 0x7F, 0xF8, 0x06, 0x01, 0x80, 0x7F, 0xF8, 0x00, 0xE0, 0x03, 0xFF, 0xFF, 0x3F, 0xFF,
    0xF0, 0x30, 0x30, 0x07, 0xE6, 0x00, 0x0F, 0xE0, 0x03, 0xFF, 0xC1, 0xFC, 0x1E, 0x08, 0x00, 0x00,
    0x00, 0x00, 0x00, 0x30, 0x01, 0xFF, 0xFE, 0x1F, 0xFF, 0xF1, 0x00, 0x03, 0x18, 0x00, 0x31, 0x7F,
    0xFA, 0x02, 0xFF, 0x00, 0x1C, 0xC6, 0x1F, 0xED, 0xE1, 0xCE, 0x78, 0x01, 0xF7, 0x00, 0xF3, 0x30,
    0x1C, 0x7B, 0x80, 0x1D, 0x9C, 0x07, 0x98, 0xF1, 0xE1, 0x87, 0x39, 0xF0, 0x00, 0x1E, 0x00, 0x00,
    0x00, 0x00, 0x00, 0x00, 0x00, 0x30, 0x01, 0xFF, 0xFF, 0x1F, 0xFF, 0xF1, 0x03, 0x03, 0x17, 0xFF,
    0xF0, 0x7F, 0xFC, 0x00, 0x7C, 0x00, 0x3C, 0xF8, 0x0F, 0x01, 0xC3, 0xFF, 0xFF, 0x1F, 0xFF, 0xF0,
    0x7F, 0x88, 0x07, 0xF8, 0x80, 0x61, 0x88, 0x07, 0xF8, 0x80, 0x7F, 0x88, 0x04, 0x07, 0x80, 0x00,
    0x78, 0x00, 0x00, 0x00, 0x00, 0x00, 0x00, 0x30, 0x01, 0xFF, 0xFF, 0x1F, 0xFF, 0xF1, 0x08, 0x63,
    0x1F, 0xFF, 0xF0, 0x7F, 0xFC, 0x01, 0xC6, 0x00, 0x7F, 0xFC, 0x00, 0x86, 0x01, 0xFF, 0xFF, 0x1F,
    0xFF, 0xF0, 0x1A, 0x38, 0x07, 0x7D, 0xC1, 0xE0, 0xC7, 0x39, 0xC0, 0x30, 0x1F, 0x80, 0x00, 0x1F,
    0x00, 0x00, 0x30, 0x00, 0x00, 0x00, 0x00, 0x00, 0x00, 0x30, 0x01, 0xFF, 0xFF, 0x1F, 0xFF, 0xF1,
    0x08, 0x43, 0x1F, 0xFF, 0xF0, 0xFF, 0xFC, 0x07, 0xFF, 0x80, 0x7F, 0xF8, 0x06, 0x01, 0x80, 0x7F,
    0xF8, 0x06, 0x01, 0x80, 0x7F, 0xF8, 0x06, 0x01, 0x80, 0x7F, 0xF8, 0x01, 0xCE, 0x00, 0x18, 0xC1,
    0x1F, 0x0F, 0xF3, 0xC0, 0x7F, 0x00, 0x00, 0x00, 0x00, 0x00, 0x00, 0x10, 0x01, 0xFF, 0xFF, 0x1F,
    0xFF, 0xF1, 0x31, 0x81, 0x13, 0xFF, 0xF0, 0x6E, 0xFE, 0x1F, 0x66, 0xC1, 0xDC, 0x78, 0x07, 0xFF,
    0x80, 0x7F, 0xFE, 0x0E, 0x00, 0x73, 0xFF, 0xFF, 0x0F, 0xFF, 0xE0, 0x11, 0x10, 0x03, 0x13, 0xC0,
    0xE1, 0x0E, 0x1C, 0xF0, 0x30, 0x0F, 0x00, 0x00, 0x00, 0x00, 0x00, 0x00, 0x00, 0x10, 0x01, 0xFF,
    0xFF, 0x1F, 0xFF, 0xF1, 0x7F, 0xFB, 0x17, 0xFF, 0x90, 0x3F, 0xF8, 0x03, 0xFF, 0x80, 0x3F, 0xF8,
    0x02, 0x00, 0x80, 0x3F, 0xF8, 0x07, 0xFF, 0xC3, 0xFF, 0xFF, 0x07, 0x01, 0x80, 0xFF, 0xFE, 0x38,
    0x63, 0xB1, 0x0C, 0x11, 0x07, 0xCF, 0x00, 0xF0, 0xE0, 0x00, 0x00, 0x00, 0x00, 0x00, 0x00, 0x30,
    0x00, 0x03, 0x00, 0x0F, 0xFF, 0xE0, 0xFF, 0xFE, 0x00, 0x10, 0x00, 0x03, 0x00, 0x3F, 0xFF, 0xF3,
    0xFF, 0xFF, 0x00, 0x03, 0x00, 0x00, 0x30, 0x1F, 0xFF, 0xF1, 0xFF, 0xFF, 0x03, 0x03, 0x00, 0x38,
    0x30, 0x01, 0xC3, 0x00, 0x0C, 0x30, 0x00, 0x1F, 0x00, 0x01, 0xE0, 0x00, 0x00, 0x00, 0x00, 0x00,
    0x03, 0x00, 0x60, 0x30, 0x06, 0x03, 0x00, 0x63, 0xFF, 0x06, 0x1F, 0xFF, 0xF0, 0x04, 0xFF, 0x18,
    0xC0, 0x61, 0xCC, 0x06, 0x0E, 0xC8, 0x60, 0x78, 0xC6, 0x03, 0x86, 0x60, 0x38, 0x66, 0x03, 0xC6,
    0x60, 0x7C, 0x06, 0x0E, 0x60, 0x61, 0xC0, 0x06, 0x38, 0x03, 0xE1, 0x00, 0x3C, 0x00, 0x00, 0x00,
    0x00, 0x00, 0x03, 0x00, 0xC0, 0xFC, 0x0C, 0x1F, 0xE0, 0xC1, 0x86, 0x0C, 0x1F, 0xFF, 0xF1, 0xFF,
    0xFF, 0x18, 0x60, 0xC1, 0xFE, 0x0C, 0x1F, 0xEC, 0xC1, 0x8E, 0xCC, 0x1F, 0xE6, 0xC3, 0xFE, 0x6C,
    0x03, 0xE6, 0xC0, 0x66, 0x0C, 0x1C, 0xE0, 0xC3, 0x86, 0x0C, 0x23, 0xE7, 0xC0, 0x3C, 0x78, 0x00,
    0x00, 0x00, 0x00, 0x00, 0x00, 0x00, 0x61, 0xFF, 0x86, 0x18, 0x18, 0x61, 0x81, 0x86, 0x1F, 0xFF,
    0xF1, 0xFF, 0xFF, 0x18, 0x00, 0x61, 0xBF, 0x06, 0x1B, 0xF6, 0x61, 0x80, 0x66, 0x1F, 0xFB, 0x61,
    0x9E, 0x36, 0x1A, 0xD1, 0x61, 0xED, 0x86, 0x16, 0xD8, 0x63, 0xCC, 0x86, 0x31, 0xC3, 0xE0, 0x38,
    0x3C, 0x00, 0x00, 0x00, 0x00, 0x00, 0x00, 0x10, 0x00, 0x01, 0x00, 0x00, 0x10, 0x00, 0x01, 0x00,
    0x02, 0x10, 0x80, 0x61, 0x0C, 0x06, 0x10, 0xC0, 0x61, 0x06, 0x0C, 0x10, 0x60, 0xC1, 0x03, 0x18,
    0x10, 0x31, 0x81, 0x03, 0x30, 0x10, 0x10, 0x01, 0x01, 0x00, 0x10, 0x00, 0x01, 0x00, 0x01, 0xF0,
    0x00, 0x1F, 0x00, 0x00, 0x00, 0x00, 0x00, 0x00, 0x00, 0x30, 0x00, 0x03, 0x00, 0x03, 0x31, 0x80,
    0x73, 0x0C, 0x06, 0x30, 0xE0, 0xE3, 0x06, 0x0C, 0x30, 0x31, 0x83, 0x03, 0x38, 0x30, 0xD0, 0x03,
    0x1C, 0x01, 0xF1, 0x80, 0x0E, 0x38, 0x00, 0x07, 0x00, 0x00, 0xE0, 0x00, 0x3C, 0x00, 0x1F, 0x80,
    0x0F, 0xE0, 0x00, 0xE0, 0x00, 0x00, 0x00, 0x00, 0x00, 0x00, 0x00, 0x00, 0x00, 0xFF, 0xFC, 0x0C,
    0x00, 0xC0, 0xC0, 0x0C, 0x0F, 0xFF, 0xC0, 0xFF, 0xFC, 0x0C, 0x00, 0x00, 0xFF, 0xFF, 0x0F, 0xFF,
    0xF0, 0xC0, 0x03, 0x0C, 0x00, 0x30, 0xDF, 0xE7, 0x19, 0x86, 0x71, 0x98, 0x67, 0x19, 0xFE, 0x63,
    0x1F, 0xE6, 0x31, 0x83, 0xE0, 0x00, 0x3C, 0x00, 0x00, 0x00, 0x00, 0x00, 0x00, 0x00, 0x00, 0xFF,
    0xFE, 0x0C, 0x00, 0x60, 0xC0, 0x06, 0x0F, 0xFF, 0xE0, 0xFF, 0xFE, 0x0C, 0x0C, 0x00, 0xC0, 0xC0,
    0x0F, 0xFF, 0xF0, 0xC0, 0xC0, 0x0C, 0x0C, 0x00, 0xDF, 0xFE, 0x1D, 0xFF, 0xE1, 0x98, 0x06, 0x19,
    0x80, 0x61, 0x98, 0x06, 0x31, 0xFF, 0xE3, 0x18, 0x06, 0x00, 0x00, 0x00, 0x00, 0x00, 0x00, 0x00,
    0x00, 0xFF, 0xFE, 0x0C, 0x00, 0x60, 0xC0, 0x06, 0x0F, 0xFF, 0xE0, 0xFF, 0xFE, 0x0C, 0x0C, 0x00,
    0xC8, 0xC6, 0x0C, 0x8C, 0x60, 0xC8, 0xC6, 0x0C, 0xFF, 0xE0, 0xCF, 0xFC, 0x0D, 0x0C, 0x21, 0x98,
    0xC2, 0x19, 0x8C, 0x21, 0x9A, 0xC6, 0x31, 0xFF, 0xE3, 0x18, 0x02, 0x00, 0x00, 0x00, 0x00, 0x00,
    0x00, 0x00, 0x00, 0xFF, 0xFE, 0x0C, 0x00, 0x20, 0xFF, 0xFE, 0x0F, 0xFF, 0xE0, 0xC0, 0x00, 0x0F,
    0xFF, 0xF0, 0xFF, 0xFF, 0x0C, 0x21, 0x80, 0xC6, 0x3C, 0x0F, 0xFF, 0xE0, 0xDE, 0xC3, 0x0C, 0x0C,
    0x01, 0x9F, 0xFE, 0x18, 0x0C, 0x01, 0x80, 0xC0, 0x37, 0xFF, 0xF3, 0x7F, 0xFF, 0x00, 0x00, 0x00,
    0x00, 0x00, 0x00, 0x10, 0x00, 0x03, 0x00, 0x00, 0x30, 0x00, 0x03, 0x00, 0x08, 0x30, 0x21, 0x83,
    0x03, 0x18, 0x30, 0x31, 0x83, 0x03, 0x18, 0x30, 0x31, 0x83, 0x03, 0x18, 0x30, 0x31, 0x83, 0x03,
    0x18, 0x30, 0x31, 0x83, 0x03, 0x18, 0x30, 0x31, 0xFF, 0xFF, 0x1F, 0xFF, 0xF1, 0x80, 0x02, 0x00,
    0x00, 0x00, 0x00, 0x00, 0x02, 0x03, 0x00, 0x20, 0x30, 0x02, 0x03, 0x00, 0x27, 0xFF, 0x12, 0xC3,
    0x01, 0x2C, 0x30, 0x12, 0xC3, 0x01, 0x2F, 0xFF, 0x12, 0xFF, 0xF1, 0x2D, 0x82, 0x12, 0xCC, 0x61,
    0x2C, 0xC6, 0x16, 0xC6, 0xC1, 0xFC, 0x78, 0x18, 0xC3, 0x81, 0x00, 0xFC, 0x00, 0x3C, 0xF0, 0x07,
    0x03, 0x00, 0x00, 0x00, 0x00, 0x00, 0x00, 0x00, 0x01, 0xFF, 0xFF, 0x18, 0x83, 0x31, 0x88, 0x33,
    0x18, 0xC6, 0x31, 0x84, 0x63, 0x1B, 0xFF, 0xF1, 0xBF, 0xFF, 0x18, 0x10, 0x31, 0x99, 0x1B, 0x19,
    0x91, 0xB1, 0x99, 0x1B, 0x19, 0xB1, 0xB1, 0x9F, 0xFB, 0x19, 0x81, 0xB1, 0x90, 0x03, 0x18, 0x00,
    0xF1, 0x80, 0x0F, 0x00, 0x00, 0x00, 0x00, 0x00, 0x00, 0x10, 0x20, 0xC1, 0x83, 0x0C, 0x10, 0x30,
    0xFF, 0xFF, 0x0F, 0xFF, 0xE0, 0x00, 0x00, 0x00, 0x00, 0x01, 0xFF, 0xFF, 0x1F, 0xFF, 0xF0, 0x18,
    0x00, 0x03, 0x80, 0x00, 0x3F, 0xFE, 0x0F, 0x00, 0x61, 0xF0, 0x02, 0x3B, 0x00, 0x20, 0x30, 0x06,
    0x03, 0xFF, 0xE0, 0x30, 0x06, 0x00, 0x00, 0x00, 0x00, 0x00, 0x00, 0x1F, 0xC0, 0x7F, 0xF8, 0x06,
    0x00, 0x00, 0x60, 0x00, 0x07, 0xFF, 0xE0, 0x7F, 0xFE, 0x06, 0x03, 0x00, 0x60, 0x30, 0x06, 0x03,
    0x03, 0xFF, 0xFF, 0x1F, 0xFF, 0xF0, 0x81, 0x00, 0x0C, 0x30, 0x60, 0xC3, 0x06, 0x0C, 0x30, 0x60,
    0xFF, 0xFE, 0x0F, 0xFF, 0xE0, 0xC0, 0x06, 0x00, 0x00, 0x00, 0x00, 0x00, 0x0C, 0x10, 0x20, 0xC1,
    0x03, 0x0C, 0x38, 0x30, 0xFF, 0xFF, 0x00, 0x00, 0x00, 0x00, 0x00, 0x0F, 0xFF, 0xF0, 0xC0, 0x00,
    0x0C, 0x00, 0x00, 0xDF, 0xFF, 0x0C, 0x0C, 0x00, 0xC0, 0xC0, 0x0F, 0xFF, 0xF0, 0xFF, 0xFF, 0x18,
    0x0C, 0x01, 0x80, 0xC0, 0x10, 0x0C, 0x00, 0x00, 0xC0, 0x00, 0x00, 0x00, 0x00, 0x00, 0x06, 0x03,
    0x00, 0x60, 0x30, 0x06, 0x3F, 0xF0, 0x63, 0xFF, 0x16, 0x93, 0x21, 0x69, 0x33, 0x16, 0x9B, 0x61,
    0x69, 0xB6, 0x16, 0x8B, 0x41, 0x6F, 0xFF, 0x16, 0xFF, 0xF1, 0x68, 0x38, 0x1E, 0x87, 0x81, 0xF8,
    0x4C, 0x18, 0x8C, 0xC1, 0x01, 0x86, 0x00, 0x70, 0x30, 0x0E, 0x03, 0x00, 0x00, 0x00, 0x00, 0x00,
    0x06, 0x03, 0x00, 0x63, 0xFF, 0x06, 0x3F, 0xF1, 0x68, 0x70, 0x16, 0x8F, 0xC1, 0x6B, 0xC7, 0x16,
    0xF0, 0x31, 0x6F, 0xFF, 0x16, 0xFF, 0xF1, 0x69, 0xF3, 0x16, 0xBF, 0x31, 0x6B, 0x13, 0x1F, 0xB1,
    0x31, 0xFB, 0xF3, 0x10, 0xBF, 0x31, 0x03, 0x03, 0x00, 0x01, 0xF0, 0x00, 0x1E, 0x00, 0x00, 0x00,
    0x00, 0x00, 0x08, 0x30, 0x61, 0x83, 0x06, 0x1F, 0xFF, 0xE0, 0xFF, 0xFE, 0x00, 0x00, 0x01, 0xFF,
    0xFF, 0x1F, 0xFF, 0xF1, 0x80, 0xC0, 0x19, 0xFF, 0xE1, 0x80, 0xC0, 0x18, 0x1C, 0x01, 0xBF, 0xFF,
    0x18, 0x08, 0x01, 0x9F, 0xFE, 0x19, 0xFF, 0xE3, 0x00, 0x80, 0x37, 0xFF, 0xF3, 0x7F, 0xFF, 0x00,
    0x00, 0x00, 0x00, 0x00, 0x18, 0x30, 0x61, 0x83, 0x06, 0x1F, 0xFF, 0xE0, 0xFF, 0xFE, 0x0F, 0xFF,
    0xC0, 0xFF, 0xFC, 0x0C, 0x06, 0xC0, 0xFF, 0xEC, 0x0D, 0x30, 0xC0, 0xCF, 0xEC, 0x0F, 0xFF, 0xC0,
    0xF1, 0x3C, 0x0B, 0xFF, 0xC0, 0xBF, 0xF4, 0x18, 0x32, 0x61, 0x83, 0x76, 0x33, 0xFF, 0x72, 0x38,
    0x1B, 0x00, 0x00, 0x00, 0x00, 0x00, 0x00, 0x00, 0x00, 0x00, 0x00, 0x1F, 0xFF, 0xF0, 0xFF, 0xFE,
    0x00, 0x10, 0x00, 0x03, 0x00, 0x00, 0x30, 0x00, 0x03, 0x00, 0x00, 0x30, 0x00, 0x03, 0x00, 0x00,
    0x30, 0x00, 0x03, 0x00, 0x00, 0x30, 0x00, 0x03, 0x00, 0x00, 0x30, 0x03, 0xFF, 0xFF, 0x1F, 0xFF,
    0xF0, 0x00, 0x00, 0x00, 0x00, 0x00, 0x00, 0x00, 0x00, 0xC0, 0x00, 0x0C, 0x00, 0x00, 0xC0, 0x01,
    0xFF, 0xFF, 0x1F, 0xFF, 0xF0, 0x18, 0x00, 0x01, 0x80, 0x00, 0x18, 0x00, 0x03, 0xFF, 0xE0, 0x3F,
    0xFF, 0x03, 0x0C, 0x00, 0x60, 0xC0, 0x0C, 0x0C, 0x00, 0xC0, 0xC0, 0x18, 0x0C, 0x03, 0x00, 0xE0,
    0x03, 0xFF, 0xF0, 0x00, 0x00, 0x00, 0x00, 0x00, 0x00, 0x00, 0x00, 0x00, 0x00, 0x07, 0xFF, 0x3F,
    0xFF, 0xF3, 0xF8, 0xC0, 0x06, 0x18, 0x00, 0x61, 0x80, 0x06, 0x18, 0x00, 0x61, 0xFF, 0x06, 0x1F,
    0xF0, 0x63, 0x03, 0x06, 0x00, 0x30, 0x7C, 0x03, 0x3F, 0x80, 0x23, 0x80, 0x06, 0x00, 0x00, 0x60,
    0x00, 0x06, 0x00, 0x07, 0xE0, 0x00, 0x7C, 0x00, 0x00, 0x00, 0x00, 0x00, 0x00, 0x00, 0x00, 0xFF,
    0xFF, 0x0C, 0x00, 0x00, 0xC0, 0x00, 0x0C, 0x00, 0x00, 0xFF, 0xFE, 0x0F, 0xFF, 0xE0, 0xC0, 0x06,
    0x0C, 0x00, 0x60, 0xC0, 0x06, 0x0C, 0x00, 0x60, 0xFF, 0xFE, 0x0C, 0x00, 0x60, 0xC0, 0x00, 0x0C,
    0x00, 0x00, 0xC0, 0x00, 0x0F, 0xFF, 0xF0, 0xC0, 0x00, 0x00, 0x00, 0x00, 0x00, 0x00, 0x03, 0x01,
    0x80, 0x18, 0x30, 0x1F, 0xFF, 0xF1, 0xFF, 0xFF, 0x00, 0x10, 0x00, 0xFF, 0xFE, 0x07, 0xFF, 0xC0,
    0x01, 0x00, 0x1F, 0xFF, 0xF3, 0xFF, 0xFF, 0x03, 0x00, 0x00, 0x3F, 0xFC, 0x03, 0xFF, 0xE0, 0x60,
    0xC0, 0x06, 0x0C, 0x00, 0xC0, 0xC0, 0x1B, 0xFF, 0xF3, 0xBF, 0xFF, 0x00, 0x00, 0x00, 0x00, 0x00,
    0x00, 0x00, 0x00, 0xFF, 0xFC, 0x00, 0x00, 0xC0, 0x00, 0x0C, 0x00, 0x00, 0xC0, 0x00, 0x0C, 0x00,
    0x00, 0xC0, 0xFF, 0xFC, 0x0F, 0xFF, 0xC0, 0xC0, 0x0C, 0x0C, 0x00, 0x00, 0xC0, 0x00, 0x0C, 0x00,
    0x00, 0xC0, 0x01, 0x0C, 0x00, 0x10, 0xC0, 0x03, 0x0F, 0xFF, 0xF0, 0x7F, 0xFE, 0x00, 0x00, 0x00,
    0x00, 0x00, 0x06, 0x31, 0x80, 0x32, 0x18, 0x03, 0x63, 0x01, 0xFF, 0xFE, 0x00, 0xEC, 0x00, 0x0C,
    0x60, 0x3F, 0xFF, 0xF3, 0xFF, 0xFF, 0x03, 0x01, 0x80, 0x7F, 0xFC, 0x0F, 0xFE, 0xF3, 0x80, 0x23,
    0x30, 0x06, 0x00, 0x3F, 0xE0, 0x03, 0x00, 0x40, 0x30, 0x0C, 0x03, 0xFF, 0xC0, 0x1F, 0xF8, 0x00,
    0x00, 0x00, 0x00, 0x00, 0x00, 0x30, 0x00, 0x03, 0x00, 0x00, 0x30, 0x00, 0xFF, 0xFE, 0x1F, 0xFF,
    0xF1, 0x83, 0x02, 0x18, 0x30, 0x31, 0x83, 0x03, 0x18, 0x30, 0x31, 0x83, 0x03, 0x18, 0x30, 0x31,
    0x83, 0x03, 0x18, 0x30, 0x31, 0x83, 0x3E, 0x18, 0x33, 0xE0, 0x03, 0x00, 0x00, 0x30, 0x00, 0x03,
    0x00, 0x00, 0x00, 0x00, 0x00, 0x00, 0x00, 0x30, 0x00, 0x03, 0x00, 0x3F, 0xFF, 0xF3, 0xFF, 0xFF,
    0x00, 0x30, 0x00, 0x01, 0x00, 0x0F, 0xFF, 0xE0, 0xFF, 0xFE, 0x0C, 0x30, 0x60, 0xC3, 0x06, 0x0C,
    0x30, 0x60, 0xC3, 0x06, 0x0C, 0x30, 0x60, 0xC3, 0x06, 0x0C, 0x33, 0xE0, 0xC3, 0x3C, 0x00, 0x30,
    0x00, 0x01, 0x00, 0x00, 0x00, 0x00, 0x00, 0x00, 0x07, 0x01, 0xC0, 0x7E, 0x78, 0x00, 0x7E, 0x00,
    0x1F, 0xF0, 0x0F, 0xE3, 0xC0, 0xC6, 0x04, 0x1F, 0xFF, 0xF1, 0xFF, 0xFF, 0x01, 0x98, 0x00, 0x31,
    0x80, 0x07, 0xFF, 0xE0, 0xFF, 0xFE, 0x1B, 0x18, 0x61, 0x31, 0x86, 0x03, 0x18, 0x60, 0x31, 0xBE,
    0x03, 0x19, 0xC0, 0x01, 0x80, 0x00, 0x00, 0x00, 0x00, 0x00, 0x06, 0x00, 0x00, 0x67, 0xFF, 0x0F,
    0x83, 0x01, 0xF8, 0x30, 0x18, 0x9F, 0xF1, 0x89, 0xFF, 0x10, 0x93, 0x31, 0xF9, 0x33, 0x1F, 0x93,
    0x31, 0x01, 0x33, 0x1F, 0x93, 0x31, 0xF9, 0x33, 0x10, 0x93, 0x31, 0x89, 0x33, 0x18, 0x93, 0x71,
    0xF9, 0x30, 0x1F, 0x83, 0x01, 0x00, 0x30, 0x00, 0x00, 0x00, 0x00, 0x00, 0x02, 0x7F, 0xE0, 0x27,
    0xFE, 0x12, 0x3F, 0xE1, 0x23, 0xFE, 0x12, 0x00, 0x61, 0x27, 0xFE, 0x12, 0x7F, 0xC1, 0x2F, 0xFF,
    0x12, 0xFF, 0xF1, 0x2C, 0x63, 0x12, 0xFF, 0xF0, 0x67, 0xFE, 0x06, 0x66, 0x60, 0x66, 0x66, 0x0C,
    0x66, 0x60, 0xC6, 0x6E, 0x18, 0x26, 0xC1, 0x80, 0x60, 0x00, 0x00, 0x00, 0x00, 0x00, 0x00, 0x00,
    0x01, 0xFF, 0xFF, 0x0F, 0xFF, 0xE0, 0x03, 0x00, 0x00, 0x30, 0x00, 0x03, 0x00, 0x00, 0x30, 0x00,
    0x03, 0x80, 0x3F, 0xFF, 0xF0, 0x03, 0x80, 0x00, 0x30, 0x00, 0x03, 0x00, 0x00, 0x30, 0x00, 0x03,
    0x00, 0x00, 0x30, 0x00, 0x03, 0x00, 0x00, 0x30, 0x00, 0x03, 0x00, 0x00, 0x00, 0x00, 0x00, 0x00,
    0x00, 0x00, 0x01, 0xFF, 0xFE, 0x00, 0x38, 0x00, 0x43, 0x0C, 0x06, 0x30, 0xC0, 0x33, 0x18, 0x03,
    0x31, 0x80, 0x33, 0x30, 0x00, 0x10, 0x03, 0xFF, 0xFF, 0x3F, 0xFF, 0xF0, 0x03, 0x00, 0x00, 0x30,
    0x00, 0x03, 0x00, 0x00, 0x30, 0x00, 0x03, 0x00, 0x00, 0x30, 0x00, 0x01, 0x00, 0x00, 0x00, 0x00,
    0x00, 0x00, 0x03, 0x00, 0x00, 0x30, 0x00, 0x07, 0xFF, 0xE0, 0x7F, 0xFE, 0x0C, 0x18, 0x01, 0xC1,
    0x80, 0x1B, 0xFF, 0xE0, 0x3F, 0xFE, 0x02, 0x18, 0x00, 0x21, 0x80, 0x02, 0x18, 0x00, 0x21, 0x80,
    0x3F, 0xFF, 0xF3, 0xFF, 0xFF, 0x00, 0x18, 0x00, 0x01, 0x80, 0x00, 0x18, 0x00, 0x01, 0x80, 0x00,
    0x00, 0x00, 0x00, 0x00, 0x00, 0x10, 0x00, 0x7F, 0xFC, 0x0F, 0xFF, 0xE0, 0x03, 0x00, 0x00, 0x30,
    0x03, 0xFF, 0xFF, 0x1F, 0xFF, 0xF0, 0x30, 0x18, 0x01, 0x83, 0x01, 0xFF, 0xFF, 0x1F, 0xFF, 0xF0,
    0x1B, 0xB0, 0x00, 0x10, 0x00, 0xFF, 0xFE, 0x0F, 0xFF, 0xE0, 0x03, 0x00, 0x00, 0x30, 0x00, 0x03,
    0x00, 0x00, 0x00, 0x00, 0x00, 0x00, 0x02, 0x03, 0x83, 0xFE, 0x3C, 0x3F, 0xE6, 0xC0, 0x20, 0xC6,
    0x02, 0x0C, 0x31, 0xFF, 0x81, 0x18, 0xFF, 0xF1, 0xFC, 0xFE, 0x1F, 0xC1, 0x81, 0x0C, 0x18, 0x1F,
    0xC3, 0x81, 0xFD, 0xFF, 0x06, 0x01, 0x83, 0xFE, 0x18, 0x07, 0x01, 0x80, 0x20, 0x18, 0x02, 0x01,
    0x80, 0x20, 0x18, 0x00, 0x00, 0x00, 0x00, 0x00, 0x03, 0x00, 0x00, 0x33, 0xFF, 0x03, 0x3F, 0xF0,
    0x60, 0x01, 0x06, 0x60, 0x31, 0xCE, 0x03, 0x1C, 0xC0, 0x30, 0xEC, 0x03, 0x07, 0x80, 0x30, 0x38,
    0x03, 0x03, 0x40, 0x30, 0x66, 0x03, 0x06, 0x20, 0x30, 0xCF, 0x03, 0x3F, 0xF8, 0x33, 0xE1, 0x83,
    0x00, 0x03, 0xE0, 0x00, 0x3E, 0x00, 0x00, 0x00, 0x00, 0x00, 0x02, 0x31, 0x80, 0x63, 0x10, 0x1C,
    0x97, 0x61, 0xD9, 0x7C, 0x0F, 0x13, 0xC0, 0x69, 0x93, 0x1F, 0xDB, 0x71, 0xFF, 0xF9, 0x00, 0x59,
    0xC0, 0x01, 0x8E, 0x1F, 0xFF, 0xF1, 0xF7, 0xF7, 0x03, 0x0C, 0x60, 0x7C, 0x7C, 0x06, 0xE7, 0x80,
    0xC2, 0xF1, 0x1C, 0x7D, 0xF1, 0x86, 0x0F, 0x00, 0x00, 0x00, 0x00, 0x00, 0x00, 0x18, 0x00, 0x01,
    0x80, 0x0F, 0xFF, 0xF0, 0xFF, 0xFF, 0x0C, 0x00, 0x00, 0xC1, 0x80, 0x0C, 0x18, 0x00, 0xC1, 0x80,
    0x0C, 0x30, 0x00, 0xC3, 0x00, 0x0C, 0x31, 0x80, 0xC6, 0x0C, 0x0C, 0x60, 0xE1, 0x86, 0x06, 0x18,
    0xC0, 0x71, 0xBF, 0xFF, 0x33, 0xFF, 0x31, 0x00, 0x01, 0x00, 0x00, 0x00, 0x00, 0x00, 0x00, 0x18,
    0x00, 0xFF, 0xFF, 0x1F, 0xFF, 0xF1, 0x86, 0x10, 0x18, 0x61, 0x81, 0xBF, 0xFF, 0x1B, 0xFF, 0xF1,
    0x86, 0x18, 0x18, 0x7F, 0x81, 0x87, 0xF8, 0x18, 0x00, 0x01, 0xBF, 0xFE, 0x18, 0xE0, 0xC1, 0x87,
    0x18, 0x18, 0x3F, 0x03, 0x03, 0xF0, 0x33, 0xFF, 0xF3, 0x38, 0x0F, 0x00, 0x00, 0x00, 0x00, 0x00,
    0x00, 0x18, 0x00, 0x01, 0x80, 0x1F, 0xFF, 0xF1, 0xFB, 0x7F, 0x18, 0x0C, 0x01, 0x8C, 0xCC, 0x18,
    0xCC, 0xC1, 0x8C, 0xDC, 0x19, 0xED, 0xE1, 0xB3, 0xF3, 0x1B, 0x0F, 0x11, 0x80, 0xC0, 0x1B, 0xFF,
    0xE1, 0x9F, 0xFE, 0x18, 0x0C, 0x01, 0x00, 0xC0, 0x37, 0xFF, 0xF3, 0x7F, 0xFF, 0x00, 0x00, 0x00,
    0x00, 0x00, 0x00, 0x18, 0x00, 0xFF, 0xFF, 0x1F, 0xFF, 0xF1, 0x80, 0xC0, 0x1B, 0xFF, 0xF1, 0xBF,
    0xFF, 0x18, 0x0C, 0x01, 0x9F, 0xFE, 0x19, 0x8C, 0x61, 0x9F, 0xFE, 0x19, 0xAD, 0x61, 0x98, 0xC6,
    0x19, 0xFF, 0xE1, 0x80, 0xC0, 0x1B, 0xFF, 0xF3, 0x7F, 0xFF, 0x30, 0x0C, 0x03, 0x00, 0xC0, 0x00,
    0x00, 0x00, 0x00, 0x00, 0x00, 0x18, 0x00, 0xFF, 0xFF, 0x1F, 0xFF, 0xF1, 0x80, 0x80, 0x19, 0xFF,
    0xE1, 0x9F, 0xFE, 0x18, 0x0C, 0x61, 0xFF, 0xFF, 0x1B, 0x5D, 0x71, 0x9F, 0xFE, 0x19, 0xFF, 0xE1,
    0xB0, 0xC2, 0x19, 0xCE, 0xE1, 0x8C, 0xF8, 0x18, 0xED, 0x83, 0x3C, 0xDC, 0x37, 0x7C, 0x73, 0x07,
    0x83, 0x00, 0x00, 0x00, 0x00, 0x00, 0x00, 0x03, 0xF3, 0xF3, 0xFC, 0x07, 0x33, 0x00, 0x60, 0x30,
    0x0E, 0x13, 0x00, 0xC1, 0x30, 0x1F, 0x93, 0xF1, 0xF9, 0x30, 0x11, 0x93, 0x01, 0x19, 0x30, 0x1B,
    0x13, 0x01, 0xB1, 0x30, 0x0F, 0x7F, 0xF0, 0x67, 0xFF, 0x0F, 0x00, 0x01, 0xDF, 0x80, 0x38, 0xFF,
    0xF1, 0x00, 0x00, 0x00, 0x00, 0x00, 0x00, 0x00, 0x00, 0x04, 0x03, 0xE7, 0xFE, 0x3E, 0x7F, 0xE0,
    0x48, 0xE7, 0x0D, 0xFF, 0xF0, 0x80, 0x42, 0x1F, 0x7F, 0xE3, 0xF7, 0xFE, 0x13, 0x04, 0x00, 0x3F,
    0xFE, 0x12, 0x7F, 0xE1, 0xE0, 0x40, 0x0F, 0xFF, 0xF0, 0xEF, 0xFF, 0x0F, 0x04, 0x01, 0xBF, 0xE0,
    0x38, 0xFF, 0xF1, 0x00, 0x00, 0x00, 0x00, 0x00, 0x00, 0x00, 0x00, 0x04, 0xC0, 0x00, 0x4E, 0x00,
    0x04, 0x21, 0xFF, 0xFF, 0x1F, 0xFF, 0xF0, 0x00, 0x60, 0x00, 0x06, 0x00, 0x00, 0x60, 0x1F, 0xFE,
    0x00, 0x18, 0x60, 0x01, 0x86, 0x00, 0x18, 0x30, 0x01, 0x83, 0x00, 0x18, 0x31, 0x01, 0xF9, 0x91,
    0xFF, 0x19, 0x1F, 0x00, 0xF0, 0x00, 0x07, 0x00, 0x00, 0x00, 0x00, 0x00, 0x00, 0x00, 0x00, 0xFF,
    0xFC, 0x00, 0x00, 0xC0, 0x00, 0x0C, 0x00, 0x00, 0xC0, 0x00, 0x0C, 0x07, 0xFF, 0xC0, 0x60, 0x00,
    0x06, 0x00, 0x00, 0xC0, 0x00, 0x0F, 0xFF, 0xE0, 0xFF, 0xFE, 0x00, 0x00, 0x60, 0x00, 0x06, 0x00,
    0x00, 0xC0, 0x00, 0x0C, 0x00, 0x1F, 0xC0, 0x01, 0xF8, 0x00, 0x00, 0x00, 0x00, 0x00, 0x00, 0x00,
    0x61, 0xFF, 0x06, 0x00, 0x30, 0x60, 0x03, 0x06, 0x00, 0x30, 0x60, 0xFF, 0x06, 0x0F, 0xE0, 0x61,
    0x80, 0x06, 0x18, 0x00, 0x61, 0xFF, 0x06, 0x1F, 0xF0, 0x61, 0x03, 0x06, 0x00, 0x60, 0x60, 0x06,
    0x06, 0x00, 0x60, 0x60, 0x06, 0x06, 0x07, 0xE0, 0x60, 0x7C, 0x06, 0x00, 0x00, 0x00, 0x00, 0x00,
    0x00, 0x03, 0x03, 0xF8, 0x30, 0x01, 0x83, 0x00, 0x1F, 0xFF, 0x01, 0x87, 0x01, 0xF8, 0x60, 0x1F,
    0x0C, 0x61, 0x03, 0xC6, 0x10, 0x38, 0xC3, 0xF9, 0xCC, 0x3F, 0x8F, 0x80, 0x18, 0x70, 0x01, 0x86,
    0x60, 0x18, 0x66, 0x01, 0x8C, 0x30, 0x39, 0xDF, 0x1F, 0x7F, 0xF1, 0xF2, 0x00, 0x00, 0x00, 0x00,
    0x00, 0x00, 0x00, 0x01, 0xE3, 0xF7, 0xFE, 0x03, 0x7C, 0x60, 0x36, 0x46, 0x03, 0x64, 0x61, 0xF6,
    0x46, 0x1F, 0x64, 0x61, 0x06, 0x46, 0x30, 0x64, 0x63, 0xF6, 0x46, 0x3F, 0x64, 0x60, 0x36, 0x42,
    0x03, 0x65, 0xB0, 0x34, 0x4B, 0x03, 0xC6, 0xF0, 0x3F, 0xFD, 0x1F, 0x98, 0xD1, 0xE8, 0x05, 0x00,
    0x00, 0x00, 0x00, 0x00, 0x00, 0x0C, 0x03, 0xF1, 0xCC, 0x03, 0x18, 0xE0, 0x37, 0xFE, 0x03, 0x7F,
    0xF3, 0xF0, 0x61, 0x3F, 0x06, 0x03, 0x07, 0xFE, 0x30, 0x7F, 0xE3, 0xF6, 0x62, 0x3F, 0x66, 0x22,
    0x37, 0xFE, 0x03, 0x7F, 0xE0, 0x30, 0x64, 0x03, 0x06, 0x60, 0x30, 0x67, 0x1E, 0xFF, 0xF1, 0xE7,
    0x01, 0x00, 0x00, 0x00, 0x00, 0x00, 0x0C, 0x30, 0x60, 0xC3, 0x06, 0x06, 0x30, 0xC0, 0x73, 0x0C,
    0x03, 0x31, 0x80, 0x01, 0x00, 0x0F, 0xFF, 0xE0, 0xFF, 0xFE, 0x00, 0x00, 0x60, 0x00, 0x06, 0x00,
    0x00, 0x60, 0x7F, 0xFE, 0x07, 0xFF, 0xE0, 0x00, 0x06, 0x00, 0x00, 0x60, 0x00, 0x06, 0x0F, 0xFF,
    0xE0, 0x00, 0x06, 0x00, 0x00, 0x00, 0x00, 0x00, 0x03, 0xFF, 0x80, 0x3F, 0xF8, 0x03, 0x01, 0x80,
    0x3F, 0xF8, 0x1F, 0xFF, 0xF1, 0xFF, 0xFF, 0x1F, 0xFF, 0xF1, 0x80, 0x03, 0x13, 0xFF, 0xB0, 0x7F,
    0xFC, 0x07, 0xFF, 0xC0, 0x63, 0x0C, 0x07, 0xFF, 0x81, 0xFF, 0xFF, 0x1F, 0xFF, 0xF0, 0x1F, 0x70,
    0x1F, 0x31, 0xF1, 0x81, 0x03, 0x00, 0x00, 0x00, 0x00, 0x00, 0x00, 0x00, 0x31, 0xFF, 0xC7, 0x06,
    0x70, 0xC0, 0x63, 0x38, 0x06, 0x33, 0x00, 0x63, 0x01, 0x06, 0x30, 0x33, 0xFF, 0xC6, 0x3F, 0xFD,
    0xC0, 0x63, 0x38, 0x06, 0x33, 0x00, 0x43, 0x01, 0x0C, 0x30, 0x30, 0xC3, 0x07, 0x0C, 0x30, 0xE1,
    0x83, 0x3C, 0x38, 0x37, 0x01, 0x03, 0x60, 0x00, 0x00, 0x00, 0x00, 0x00, 0x01, 0xF8, 0x73, 0xFE,
    0x0E, 0x10, 0x01, 0xC1, 0x11, 0xB8, 0x19, 0xB2, 0x00, 0xDB, 0x03, 0x0D, 0xA0, 0x70, 0x18, 0x0E,
    0x1F, 0xF1, 0xC3, 0xFF, 0xB8, 0x03, 0xC2, 0x00, 0x7E, 0x01, 0x07, 0xB0, 0x30, 0xDB, 0x07, 0x39,
    0x80, 0xE3, 0x18, 0x38, 0x01, 0x8F, 0x00, 0x18, 0x40, 0x00, 0x00, 0x00, 0x00, 0x00, 0x0F, 0xF0,
    0x21, 0xFF, 0x86, 0x18, 0x39, 0xC1, 0xFF, 0x38, 0x1F, 0xFA, 0x00, 0xFF, 0x00, 0x01, 0x80, 0x33,
    0xFF, 0xC6, 0x3E, 0x79, 0xC0, 0xFF, 0x38, 0x0F, 0xF3, 0x00, 0x81, 0x01, 0x0F, 0xF0, 0x30, 0xFF,
    0x07, 0x0D, 0xB0, 0xE1, 0x9B, 0xBC, 0x33, 0x9F, 0x00, 0x70, 0x60, 0x00, 0x00, 0x00, 0x00, 0x00,
    0x03, 0x1C, 0x00, 0x60, 0xF0, 0x0C, 0x03, 0x83, 0x83, 0xBE, 0x33, 0xFF, 0xF0, 0x30, 0x60, 0x06,
    0x06, 0x00, 0xE0, 0x60, 0x1E, 0x06, 0x03, 0xE0, 0x60, 0x36, 0x7F, 0xF0, 0x67, 0xFE, 0x06, 0x06,
    0x00, 0x60, 0x60, 0x06, 0x06, 0x00, 0x60, 0x60, 0x06, 0xFF, 0xF0, 0x60, 0x00, 0x00, 0x00, 0x00,
    0x00, 0x00, 0x03, 0x00, 0x00, 0x6F, 0xFE, 0x0C, 0x30, 0x63, 0x81, 0x8C, 0x33, 0x1D, 0xC0, 0x70,
    0xF8, 0x06, 0x0F, 0x00, 0xE3, 0xDC, 0x3E, 0xF0, 0xF3, 0x6C, 0x61, 0x06, 0x06, 0x00, 0x67, 0xFE,
    0x06, 0x7F, 0xF0, 0x60, 0x60, 0x06, 0x06, 0x00, 0x60, 0x60, 0x06, 0xFF, 0xF0, 0x60, 0x00, 0x00,
    0x00, 0x00, 0x00, 0x00, 0x03, 0x0C, 0x00, 0x61, 0x8C, 0x0C, 0xF1, 0xC3, 0x87, 0x38, 0x33, 0x3F,
    0x00, 0x71, 0xE6, 0x06, 0x18, 0x60, 0xEF, 0xFF, 0x1E, 0xFF, 0xF3, 0x61, 0x80, 0x06, 0x3F, 0xE0,
    0x67, 0xFE, 0x06, 0xF8, 0xC0, 0x68, 0xF8, 0x06, 0x0F, 0x00, 0x61, 0xFC, 0x06, 0xF8, 0xF0, 0x6C,
    0x03, 0x00, 0x00, 0x00, 0x00, 0x00, 0x06, 0x40, 0x00, 0xCF, 0xDF, 0x18, 0xFF, 0xB3, 0x39, 0x1B,
    0x27, 0x91, 0xB0, 0x61, 0x1B, 0x0D, 0xFF, 0xB1, 0xDF, 0xFB, 0x3C, 0x11, 0xB3, 0xC9, 0x1B, 0x0C,
    0x9F, 0xB0, 0xC9, 0xDB, 0x0C, 0x91, 0xB0, 0xC9, 0x1B, 0x0C, 0x9F, 0xF0, 0xDF, 0xF8, 0x0D, 0xE1,
    0x80, 0xC0, 0x18, 0x00, 0x00, 0x00, 0x00, 0x00, 0x00, 0xE0, 0x00, 0x07, 0x80, 0x00, 0x1E, 0x00,
    0x00, 0x70, 0x00, 0x00, 0x00, 0x08, 0x00, 0x00, 0x80, 0xC0, 0xC8, 0x0C, 0x0C, 0x80, 0x60, 0xC8,
    0x07, 0x0C, 0x80, 0x31, 0x88, 0x03, 0x18, 0x80, 0x93, 0x88, 0x09, 0x30, 0x81, 0x80, 0x08, 0x18,
    0x00, 0xFF, 0x80, 0x0F, 0xF0, 0x00, 0x00, 0x00, 0x00, 0x00, 0x00, 0x00, 0x01, 0xFF, 0xFC, 0x00,
    0x00, 0xC0, 0x00, 0x0C, 0x0F, 0xFF, 0xC0, 0xFF, 0xFC, 0x0C, 0x00, 0x20, 0xC0, 0x03, 0x0F, 0xFF,
    0xE0, 0x7F, 0xFE, 0x00, 0x60, 0x00, 0x03, 0x80, 0x0D, 0x9C, 0xC0, 0xD8, 0x86, 0x19, 0x81, 0x31,
    0x98, 0x1B, 0x31, 0xFF, 0x10, 0x0F, 0xF0, 0x00, 0x00, 0x00, 0x00, 0x00, 0x00, 0x30, 0x00, 0x03,
    0x00, 0x00, 0x30, 0x03, 0xFF, 0xFF, 0x00, 0x38, 0x00, 0x03, 0x00, 0x00, 0x30, 0x00, 0xFF, 0xFE,
    0x0F, 0xFF, 0xE0, 0x06, 0x00, 0x00, 0x70, 0x00, 0x19, 0x88, 0x0D, 0x88, 0xC0, 0xD8, 0x06, 0x09,
    0x81, 0x31, 0x98, 0x1B, 0x31, 0xFF, 0x10, 0x0F, 0xF0, 0x00, 0x00, 0x00, 0x00, 0x00, 0x00, 0x18,
    0x00, 0x01, 0x00, 0x1F, 0xFF, 0xF1, 0xFF, 0xFF, 0x18, 0x20, 0x01, 0x83, 0x80, 0x18, 0x1E, 0x01,
    0x80, 0x70, 0x18, 0x62, 0x01, 0x86, 0x04, 0x1B, 0x60, 0x61, 0xB6, 0x06, 0x1B, 0x60, 0x31, 0xB6,
    0x0B, 0x1A, 0x61, 0x93, 0x66, 0x19, 0x30, 0x7F, 0x83, 0x03, 0xF0, 0x00, 0x00, 0x00, 0x00, 0x00,
    0x06, 0x06, 0x00, 0x60, 0x60, 0x06, 0x06, 0x01, 0x77, 0xFE, 0x1F, 0x8E, 0x61, 0x78, 0x62, 0x36,
    0x86, 0x23, 0x60, 0x42, 0x36, 0x7F, 0xF0, 0x6F, 0xFF, 0x06, 0x0F, 0x00, 0x60, 0xF0, 0x06, 0x0F,
    0x80, 0x61, 0x98, 0x06, 0x38, 0xC0, 0x67, 0x0E, 0x06, 0xE0, 0x70, 0x6C, 0x01, 0x00, 0x00, 0x00,
    0x00, 0x00, 0x00, 0x00, 0x00, 0xFF, 0xFE, 0x0C, 0x30, 0x60, 0xC1, 0x06, 0x0F, 0xFF, 0xE0, 0xFF,
    0xFE, 0x0C, 0x10, 0x60, 0xC1, 0x06, 0x0F, 0xFF, 0xE0, 0xFF, 0xFE, 0x00, 0x60, 0x00, 0x07, 0x80,
    0x0D, 0x9C, 0x60, 0xD8, 0xC6, 0x19, 0x81, 0xB1, 0x98, 0x1B, 0x11, 0xFF, 0x90, 0x0F, 0xF0, 0x00,
    0x00, 0x00, 0x00, 0x00, 0x01, 0xC0, 0x00, 0x3F, 0xE0, 0x03, 0x06, 0x00, 0x60, 0xC0, 0x1F, 0xFF,
    0xC1, 0xFF, 0xFC, 0x00, 0x00, 0xC0, 0x7F, 0xFC, 0x07, 0xFF, 0xC0, 0x00, 0x0C, 0x0F, 0xFF, 0xC0,
    0x7F, 0xFC, 0x00, 0x38, 0x00, 0x49, 0xCC, 0x0C, 0x81, 0x61, 0xC8, 0x33, 0x18, 0xFF, 0x10, 0x0F,
    0xE0, 0x00, 0x00, 0x00, 0x00, 0x00, 0x06, 0x13, 0x00, 0x61, 0x30, 0x06, 0x33, 0x01, 0x7B, 0xFF,
    0x17, 0xBF, 0xF1, 0x6E, 0x30, 0x36, 0xE3, 0x03, 0x66, 0x30, 0x26, 0x03, 0x00, 0x63, 0xFF, 0x06,
    0x3F, 0xF0, 0x60, 0x30, 0x06, 0x03, 0x00, 0x60, 0x30, 0x06, 0x03, 0x00, 0x60, 0x30, 0x06, 0xFF,
    0xF0, 0x60, 0x00, 0x00, 0x00, 0x00, 0x00, 0x00, 0x03, 0x00, 0x00, 0x7E, 0x7F, 0x07, 0xF6, 0x70,
    0xC3, 0x43, 0x1C, 0x64, 0x33, 0xF6, 0x4E, 0x03, 0xC4, 0xC0, 0x18, 0x41, 0x03, 0x84, 0x10, 0xE0,
    0x7F, 0x1C, 0x73, 0xF1, 0x03, 0x80, 0x04, 0x8C, 0xC0, 0xC8, 0x06, 0x0C, 0x81, 0x31, 0x88, 0x19,
    0x38, 0xFF, 0x90, 0x0F, 0xF0, 0x00, 0x00, 0x00, 0x00, 0x00, 0x06, 0x00, 0x00, 0x67, 0xFE, 0x06,
    0x30, 0x61, 0x71, 0x8C, 0x17, 0x8D, 0xC1, 0x78, 0xF8, 0x36, 0x8F, 0x03, 0x63, 0xDE, 0x36, 0xF0,
    0xF0, 0x6C, 0x61, 0x06, 0x06, 0x00, 0x67, 0xFF, 0x06, 0x7F, 0xF0, 0x60, 0x60, 0x06, 0x06, 0x00,
    0x60, 0x70, 0x06, 0xFF, 0xF0, 0x60, 0x00, 0x00, 0x00, 0x00, 0x00, 0x00, 0x00, 0x1F, 0xC1, 0xFD,
    0xFC, 0x07, 0x18, 0xC0, 0x21, 0xCC, 0x02, 0x1E, 0xC0, 0x21, 0xBC, 0x03, 0xF1, 0xC1, 0xFF, 0x0C,
    0x3E, 0x60, 0xF0, 0x0E, 0x07, 0x00, 0x30, 0x00, 0x0B, 0x80, 0x04, 0x9C, 0xC0, 0xC8, 0x86, 0x0C,
    0x81, 0x31, 0x88, 0x1B, 0x18, 0xFF, 0x10, 0x0F, 0xF0, 0x00, 0x00, 0x00, 0x00, 0x00, 0x06, 0x00,
    0x00, 0x67, 0xFF, 0x06, 0x00, 0x01, 0x70, 0x00, 0x17, 0xBF, 0xE1, 0x7B, 0xFE, 0x36, 0xB0, 0x23,
    0x63, 0x02, 0x36, 0x3F, 0xE0, 0x63, 0xFE, 0x06, 0x30, 0x60, 0x63, 0x02, 0x06, 0x3F, 0xE0, 0x63,
    0xFE, 0x06, 0x00, 0x00, 0x60, 0x00, 0x06, 0xFF, 0xF0, 0x60, 0x00, 0x00, 0x00, 0x00, 0x00, 0x00,
    0x00, 0x30, 0x01, 0xF3, 0xFF, 0x1F, 0x7F, 0xF0, 0x06, 0x63, 0x00, 0xC6, 0x60, 0x08, 0xE6, 0x03,
    0x8E, 0x00, 0xF1, 0xB0, 0x3C, 0x31, 0xC1, 0x0E, 0x0F, 0x01, 0xE0, 0x30, 0x07, 0x00, 0x05, 0x98,
    0xC0, 0xD8, 0x8E, 0x0D, 0x81, 0x71, 0x98, 0x1B, 0x39, 0xFF, 0x10, 0x0F, 0xF0, 0x00, 0x00, 0x00,
    0x00, 0x00, 0x06, 0x3F, 0xF0, 0x63, 0xFF, 0x06, 0x30, 0x30, 0x73, 0x03, 0x17, 0xBF, 0xF1, 0x7B,
    0xFF, 0x36, 0xB0, 0x33, 0x63, 0x03, 0x26, 0x3F, 0xF0, 0x63, 0x60, 0x06, 0x36, 0x30, 0x63, 0x37,
    0x06, 0x33, 0xC0, 0x63, 0x18, 0x06, 0x30, 0xC0, 0x63, 0xEE, 0x06, 0xFE, 0x70, 0x6C, 0x01, 0x00,
    0x00, 0x00, 0x00, 0x00, 0x00, 0x00, 0x00, 0xFF, 0xFE, 0x0C, 0x10, 0x60, 0xC3, 0x06, 0x0D, 0xFF,
    0x60, 0xC3, 0x06, 0x0C, 0x7C, 0x60, 0xCE, 0x66, 0x0D, 0x82, 0x60, 0xFF, 0xFE, 0x0F, 0xFF, 0xE0,
    0x07, 0x00, 0x05, 0x98, 0xC0, 0xD8, 0x8E, 0x0D, 0x81, 0x71, 0x98, 0x13, 0x31, 0xFF, 0x10, 0x0F,
    0xF0, 0x00, 0x00, 0x00, 0x00, 0x00, 0x01, 0x86, 0x00, 0x18, 0x60, 0x1F, 0xFF, 0xE0, 0xFF, 0xFE,
    0x01, 0x86, 0x00, 0x18, 0x60, 0x3F, 0xFF, 0xF3, 0xFF, 0xFF, 0x03, 0x03, 0x00, 0x66, 0x1C, 0x1C,
    0x61, 0xF3, 0xA6, 0x9B, 0x06, 0x6D, 0x80, 0x66, 0xCC, 0x0C, 0x64, 0xC0, 0x86, 0x44, 0x01, 0xE0,
    0x00, 0x1C, 0x00, 0x00, 0x00, 0x00, 0x00, 0x00, 0x00, 0x10, 0x01, 0xFF, 0xFF, 0x1F, 0xFF, 0xF0,
    0x01, 0x00, 0x0F, 0xFF, 0xC0, 0xFF, 0xFC, 0x0C, 0x10, 0xC0, 0xFF, 0xFC, 0x0D, 0xFE, 0xC0, 0xC3,
    0x0C, 0x0F, 0xFF, 0xC0, 0x06, 0x00, 0x00, 0x70, 0x00, 0xD9, 0x8C, 0x0D, 0x88, 0x61, 0x98, 0x33,
    0x39, 0xFF, 0x30, 0x0F, 0xE0, 0x00, 0x00, 0x00, 0x00, 0x00, 0x06, 0x18, 0x00, 0x63, 0x00, 0x06,
    0x3F, 0xF0, 0x77, 0xFF, 0x17, 0xE0, 0x03, 0x7F, 0xFF, 0x36, 0xBF, 0xF3, 0x63, 0x23, 0x26, 0x32,
    0x20, 0x6F, 0xFF, 0x06, 0xFF, 0xF0, 0x62, 0x62, 0x06, 0x66, 0x20, 0x67, 0xFF, 0x06, 0x7F, 0xF0,
    0x66, 0x06, 0x06, 0x01, 0xE0, 0x60, 0x1C, 0x00, 0x00, 0x00, 0x00, 0x00, 0x06, 0x00, 0x00, 0x67,
    0xFF, 0x06, 0x0C, 0x01, 0x73, 0xFC, 0x1F, 0xFF, 0xE1, 0x78, 0xC6, 0x16, 0x8C, 0x63, 0x61, 0x86,
    0x36, 0xFF, 0xF0, 0x66, 0x7B, 0x06, 0x00, 0x00, 0x67, 0xFE, 0x06, 0x60, 0x60, 0x66, 0x02, 0x06,
    0x60, 0x20, 0x67, 0x06, 0x06, 0x7F, 0xE0, 0x66, 0x06, 0x00, 0x00, 0x00, 0x00, 0x00, 0x00, 0x30,
    0x00, 0xFF, 0xFC, 0x0C, 0x30, 0xC0, 0xC1, 0x0C, 0x0F, 0xFF, 0xC0, 0x7F, 0xFC, 0x08, 0xBA, 0x41,
    0xFF, 0xFE, 0x18, 0x10, 0x61, 0xFF, 0xFE, 0x1F, 0xFF, 0xE0, 0x87, 0x04, 0x01, 0x70, 0x80, 0xD9,
    0x9C, 0x0D, 0x88, 0xE1, 0x98, 0x37, 0x31, 0xFF, 0x30, 0x0F, 0xE0, 0x00, 0x00, 0x00, 0x00, 0x00,
    0x06, 0x30, 0x60, 0x63, 0x0C, 0x06, 0x18, 0xC1, 0x73, 0xFE, 0x17, 0x7F, 0xF3, 0x7E, 0x03, 0x36,
    0xE0, 0x33, 0x66, 0x03, 0x26, 0x60, 0x70, 0x67, 0xFF, 0x06, 0x7F, 0xE0, 0x61, 0x98, 0x06, 0x19,
    0x80, 0x61, 0x98, 0x06, 0x31, 0x90, 0x63, 0x19, 0x06, 0xE1, 0xF0, 0x6C, 0x1F, 0x00, 0x00, 0x00,
    0x00, 0x00, 0x1F, 0xFF, 0xF1, 0xFF, 0xFF, 0x00, 0x44, 0x00, 0xFF, 0xFC, 0x0F, 0xFF, 0xE0, 0xCC,
    0x46, 0x0C, 0x44, 0x60, 0xFF, 0xFE, 0x0F, 0xFF, 0xC0, 0x04, 0x40, 0x3F, 0xFF, 0xF1, 0xFF, 0xFF,
    0x00, 0x30, 0x00, 0x49, 0x8C, 0x0C, 0x88, 0x61, 0xC8, 0x33, 0x38, 0xFF, 0x11, 0x0F, 0xF0, 0x00,
    0x00, 0x00, 0x00, 0x00, 0x0C, 0x06, 0x00, 0xCF, 0xFF, 0x0E, 0x06, 0x01, 0xE7, 0xFE, 0x3F, 0xFF,
    0xE3, 0xD0, 0x60, 0x3D, 0xFF, 0xF3, 0xC0, 0x00, 0x2C, 0x7F, 0xC0, 0xC7, 0xFE, 0x0C, 0x60, 0x60,
    0xC7, 0xFE, 0x0C, 0x60, 0x60, 0xC6, 0x06, 0x0C, 0x7F, 0xE0, 0xC6, 0x06, 0x0C, 0x61, 0xE0, 0xC6,
    0x1E, 0x00, 0x00, 0x00, 0x00, 0x00, 0x06, 0x3F, 0xE0, 0x63, 0xFF, 0x06, 0x30, 0x21, 0x73, 0xFF,
    0x1F, 0xB0, 0x61, 0xFB, 0x02, 0x36, 0xBF, 0xF3, 0x63, 0x06, 0x36, 0x30, 0x20, 0x63, 0xFE, 0x06,
    0x3F, 0xF0, 0x63, 0x02, 0x06, 0xFF, 0xF0, 0x6F, 0xFF, 0x06, 0x18, 0xC0, 0x63, 0x86, 0x06, 0xE0,
    0x30, 0x64, 0x01, 0x00, 0x00, 0x00, 0x00, 0x00, 0x06, 0x0C, 0x00, 0x61, 0x8C, 0x06, 0x18, 0x60,
    0x77, 0xFF, 0x17, 0xFF, 0xF1, 0x78, 0xC0, 0x36, 0xFF, 0xF3, 0x6F, 0xFF, 0x26, 0x30, 0xC0, 0x66,
    0x66, 0x07, 0xCE, 0x30, 0x63, 0x99, 0x06, 0x27, 0x80, 0x61, 0xE6, 0x06, 0x38, 0xE0, 0x60, 0x78,
    0x06, 0x7E, 0x00, 0x67, 0x00, 0x00, 0x00, 0x00, 0x00, 0x00, 0x00, 0x38, 0x00, 0xFF, 0xFE, 0x01,
    0x83, 0x00, 0x18, 0x30, 0x1F, 0xFF, 0xF1, 0xFF, 0xFF, 0x07, 0xFF, 0xC0, 0x7F, 0xFC, 0x06, 0x00,
    0xC0, 0x7F, 0xFC, 0x06, 0x00, 0xC0, 0x7F, 0xFC, 0x03, 0xF7, 0x80, 0x4B, 0x8C, 0x0D, 0x9C, 0xE0,
    0xD8, 0x33, 0x39, 0xFF, 0x31, 0x0F, 0xE0, 0x00, 0x00, 0x00, 0x00, 0x00, 0x07, 0xFF, 0xC0, 0x7F,
    0xFC, 0x07, 0xFF, 0xC0, 0x7F, 0xFC, 0x06, 0x30, 0xC0, 0x7F, 0xFC, 0x0F, 0xFF, 0xC1, 0xFF, 0xFE,
    0x18, 0x12, 0x21, 0xBF, 0xF2, 0x1B, 0xFF, 0xA1, 0x82, 0x0E, 0x18, 0x78, 0xE0, 0xD9, 0xC6, 0x0D,
    0x8C, 0x61, 0x98, 0x1B, 0x39, 0xFF, 0xB0, 0x0F, 0xF0, 0x00, 0x00, 0x00, 0x00, 0x00, 0x01, 0xFF,
    0xE0, 0xFF, 0xEC, 0x06, 0x30, 0xC0, 0x31, 0x18, 0x1F, 0xFF, 0xF1, 0xFF, 0xFF, 0x10, 0xB8, 0xB1,
    0x68, 0x9F, 0x06, 0xC2, 0x60, 0xCF, 0xE2, 0x00, 0xC0, 0x00, 0x1F, 0xF8, 0x07, 0xFF, 0x81, 0xFC,
    0x70, 0x18, 0xFE, 0x00, 0x07, 0xC0, 0x1F, 0xEF, 0xF1, 0xE0, 0x0F, 0x00, 0x00, 0x00, 0x00, 0x00,
    0x00, 0x04, 0xE0, 0xFF, 0xFF, 0x0F, 0xFF, 0xF0, 0xC0, 0x60, 0x0F, 0xFE, 0x60, 0xDF, 0x6C, 0x0C,
    0x03, 0xC0, 0xFF, 0x38, 0x0B, 0x13, 0x81, 0xB3, 0x38, 0x1B, 0xFE, 0xD3, 0x06, 0xC7, 0x00, 0x38,
    0x00, 0x59, 0xCE, 0x0D, 0x81, 0x70, 0xD8, 0x1B, 0x19, 0xFF, 0x91, 0x0F, 0xF0, 0x00, 0x00, 0x00,
    0x00, 0x00, 0x03, 0x81, 0x80, 0x18, 0x30, 0x1F, 0xFF, 0xF1, 0xFF, 0xFF, 0x03, 0x03, 0x00, 0xEC,
    0xE4, 0x0E, 0xCE, 0xC0, 0x78, 0x78, 0x03, 0x43, 0x20, 0x66, 0x37, 0x1F, 0xFF, 0xF1, 0xF7, 0xF9,
    0x00, 0x70, 0x00, 0x69, 0x8E, 0x0C, 0x89, 0x70, 0xC8, 0x1B, 0x18, 0xFF, 0x91, 0x0F, 0xF0, 0x00,
    0x00, 0x00, 0x00, 0x00, 0x06, 0x30, 0x80, 0x6F, 0xFF, 0x06, 0xFF, 0xF1, 0x71, 0x48, 0x17, 0x06,
    0x03, 0x7F, 0xFF, 0x36, 0xFF, 0xF3, 0x66, 0x00, 0x26, 0x7F, 0xF0, 0x63, 0xFF, 0x06, 0x00, 0x40,
    0x66, 0x4C, 0x06, 0x64, 0xC0, 0x66, 0x4C, 0x06, 0x64, 0xC0, 0x66, 0x4C, 0x06, 0xC4, 0xF0, 0x68,
    0x47, 0x00, 0x00, 0x00, 0x00, 0x00, 0x0C, 0x3F, 0xE0, 0xC3, 0xFE, 0x0D, 0xFF, 0xF1, 0xFF, 0xFF,
    0x1F, 0x66, 0x63, 0xD7, 0xFE, 0x3D, 0x3F, 0xC3, 0xC7, 0xFE, 0x2C, 0x60, 0x60, 0xC7, 0xFE, 0x0C,
    0x60, 0x60, 0xC7, 0xFE, 0x0C, 0x7F, 0xE0, 0xC6, 0x06, 0x0C, 0x7F, 0xE0, 0xC3, 0x9C, 0x0C, 0xF0,
    0xF0, 0xDC, 0x03, 0x00, 0x00, 0x00, 0x00, 0x00, 0x0C, 0x7B, 0xF0, 0xCF, 0xFF, 0x0C, 0xCF, 0x60,
    0xDC, 0xF6, 0x1D, 0xFF, 0x63, 0xDF, 0xF6, 0x3D, 0xCF, 0x63, 0xCC, 0xF6, 0x2C, 0xFF, 0xF0, 0xCC,
    0x0C, 0x0C, 0xD8, 0xC0, 0xCC, 0x8C, 0x0C, 0xCD, 0xC0, 0xCF, 0xDC, 0x0D, 0xE7, 0xC0, 0xD8, 0x6C,
    0x0C, 0x0C, 0xF0, 0xC0, 0x87, 0x00, 0x00, 0x00, 0x00, 0x00, 0x0F, 0xF0, 0x61, 0xFF, 0x06, 0x18,
    0x30, 0x61, 0xFF, 0xFF, 0x18, 0x00, 0x61, 0xBF, 0x46, 0x18, 0x06, 0x61, 0xFF, 0xB6, 0x1A, 0xC3,
    0x61, 0x6D, 0x06, 0x3C, 0xD8, 0x63, 0x18, 0x1C, 0x00, 0x30, 0x00, 0x49, 0x8C, 0x0C, 0x88, 0x70,
    0xC8, 0x1B, 0x18, 0xFF, 0x90, 0x0F, 0xF0, 0x00, 0x00, 0x00, 0x00, 0x00, 0x00, 0x1C, 0x00, 0xFF,
    0xFF, 0x0C, 0xC6, 0x00, 0xFF, 0xFF, 0x0F, 0xFF, 0xF0, 0xCC, 0x63, 0x0F, 0xFF, 0xF0, 0xDE, 0x7F,
    0x0F, 0xFF, 0xF0, 0xDD, 0xC9, 0x0F, 0x6D, 0xF1, 0xF7, 0xF6, 0x1C, 0x7E, 0x01, 0x9F, 0xFC, 0x1F,
    0xE3, 0x81, 0xA3, 0xF0, 0x33, 0xFF, 0xF3, 0x7C, 0x1F, 0x00, 0x00, 0x00, 0x00, 0x00, 0x07, 0xE1,
    0x81, 0xFC, 0xFF, 0x03, 0x0F, 0xF1, 0xFE, 0xC3, 0x1F, 0xFF, 0xF0, 0x30, 0xFF, 0x0F, 0xEC, 0x31,
    0xFE, 0xFF, 0x18, 0x6D, 0xB1, 0x86, 0xC3, 0x1F, 0xEF, 0xF0, 0x06, 0x7F, 0x00, 0x30, 0x00, 0x59,
    0x8E, 0x0D, 0x89, 0x71, 0xD8, 0x1B, 0x19, 0xFF, 0x90, 0x0F, 0xF0, 0x00, 0x00, 0x00, 0x00, 0x00,
    0x06, 0x3F, 0xF0, 0x63, 0x03, 0x06, 0x3F, 0xF1, 0x73, 0xFF, 0x17, 0xBF, 0xF3, 0x7B, 0xFF, 0x36,
    0x86, 0x03, 0x6F, 0xFF, 0x26, 0xFD, 0xF0, 0x63, 0xFE, 0x06, 0x3F, 0xE0, 0x63, 0x02, 0x06, 0x3F,
    0xE0, 0x63, 0xFE, 0x06, 0x36, 0x60, 0x67, 0x67, 0x06, 0xCE, 0x30, 0x60, 0xE0, 0x00, 0x00, 0x00,
    0x00, 0x00, 0x00, 0x30, 0x01, 0xFF, 0xFF, 0x18, 0x30, 0x31, 0x3F, 0xFB, 0x03, 0xFF, 0x80, 0x7F,
    0xFC, 0x00, 0x30, 0x01, 0xFF, 0xFF, 0x1F, 0xFF, 0xC0, 0xFF, 0xFC, 0x0C, 0xCC, 0xC0, 0xCC, 0xCC,
    0x0F, 0xFF, 0xC0, 0x03, 0x00, 0x0D, 0x98, 0xC0, 0xD8, 0x37, 0x19, 0xFF, 0x31, 0x1F, 0xE1, 0x00,
    0x00, 0x00, 0x00, 0x00, 0x06, 0x02, 0x00, 0x67, 0xFF, 0x06, 0x7F, 0xF1, 0x71, 0x8C, 0x17, 0xFF,
    0xF3, 0x7F, 0xFF, 0x37, 0x80, 0x03, 0x63, 0xFF, 0x26, 0x20, 0x30, 0x63, 0xFF, 0x06, 0x20, 0x30,
    0x63, 0xFF, 0x06, 0x0E, 0x00, 0x64, 0xB6, 0x06, 0x79, 0x70, 0x6D, 0x87, 0x06, 0xDF, 0xD0, 0x68,
    0xFC, 0x00, 0x00, 0x00, 0x00, 0x00, 0x0C, 0x01, 0x70, 0xC0, 0x13, 0x0C, 0x7F, 0xF0, 0xFF, 0xFF,
    0x1D, 0xDD, 0x83, 0xDF, 0xFB, 0x3D, 0xC1, 0xE3, 0xCF, 0xEE, 0x2C, 0xF6, 0xC0, 0xCF, 0x6C, 0x0C,
    0xDF, 0xC0, 0xD8, 0xB7, 0x0C, 0x8E, 0x30, 0xC5, 0xB6, 0x0C, 0x58, 0x70, 0xCD, 0x8F, 0x0C, 0xDF,
    0xD0, 0xC8, 0xF8, 0x00, 0x00, 0x00, 0x00, 0x00, 0x03, 0xCF, 0xF1, 0xF0, 0xFF, 0x19, 0x6C, 0x30,
    0xDE, 0xFF, 0x0F, 0x8C, 0x31, 0xFC, 0xFF, 0x13, 0xCF, 0xF0, 0xEE, 0xDB, 0x19, 0xEC, 0xE0, 0x76,
    0xDC, 0x1E, 0x7F, 0xF0, 0x1D, 0xC3, 0x00, 0x30, 0x00, 0x49, 0xCC, 0x06, 0x8C, 0x60, 0xC8, 0x1B,
    0x18, 0xFF, 0x11, 0x0F, 0xF0, 0x00, 0x00, 0x00, 0x00, 0x00, 0x06, 0x06, 0x00, 0x6F, 0xFF, 0x06,
    0xFF, 0xF0, 0x70, 0x60, 0x17, 0x7F, 0xF3, 0x7F, 0xFF, 0x37, 0xC9, 0xB3, 0x6F, 0xFB, 0x26, 0xFF,
    0xF0, 0x60, 0x60, 0x06, 0xFF, 0xF0, 0x6F, 0xFF, 0x06, 0x1F, 0x30, 0x6F, 0x9E, 0x06, 0xF1, 0xC0,
    0x61, 0x3C, 0x06, 0x7F, 0x70, 0x67, 0x01, 0x00, 0x00, 0x00, 0x00, 0x00, 0x07, 0xEF, 0xE1, 0x66,
    0xF8, 0x17, 0xE3, 0x01, 0x66, 0xEC, 0x17, 0xE6, 0x81, 0x7E, 0x38, 0x13, 0xE3, 0x61, 0xFF, 0xFF,
    0x1F, 0xF5, 0x90, 0xB4, 0x5E, 0x1B, 0x6D, 0xB3, 0xB3, 0x99, 0x13, 0x61, 0x80, 0x13, 0x08, 0x0D,
    0x98, 0xC1, 0xD8, 0x36, 0x39, 0xFF, 0x31, 0x0F, 0xE1, 0x00, 0x00, 0x00, 0x00, 0x00, 0x00, 0x64,
    0x80, 0xFE, 0x4C, 0x1F, 0x86, 0x60, 0x18, 0x63, 0x01, 0x86, 0x00, 0x18, 0xE0, 0x1F, 0xFF, 0xF0,
    0x18, 0x60, 0x01, 0x86, 0x20, 0x19, 0x66, 0x03, 0xF2, 0xC1, 0xFC, 0x3C, 0x19, 0x83, 0x80, 0x18,
    0x71, 0x01, 0x8F, 0x90, 0x1B, 0xD9, 0x0F, 0xB0, 0xF0, 0xF0, 0x07, 0x00, 0x00, 0x00, 0x00, 0x00,
    0x00, 0x04, 0xC0, 0x00, 0x4E, 0x00, 0x06, 0x71, 0xFF, 0xFF, 0x00, 0x0E, 0x00, 0x46, 0x60, 0x06,
    0x66, 0x20, 0x66, 0x66, 0x06, 0x66, 0x61, 0xFF, 0xE4, 0x1F, 0xFE, 0xC0, 0x46, 0x3C, 0x0C, 0x63,
    0x80, 0xC6, 0x31, 0x0C, 0x67, 0x91, 0x86, 0xF9, 0x18, 0x7C, 0xF0, 0x01, 0x87, 0x00, 0x00, 0x00,
    0x00, 0x00, 0x32, 0x13, 0x63, 0x33, 0x36, 0x1B, 0x33, 0x31, 0x96, 0x31, 0x1F, 0xF3, 0x01, 0xFF,
    0xFF, 0x13, 0x1F, 0xE1, 0xFF, 0x31, 0x1B, 0xF1, 0xB1, 0x31, 0x1B, 0x1F, 0xF1, 0xE1, 0xFF, 0x1C,
    0x03, 0x01, 0xC3, 0xFF, 0x98, 0x03, 0x03, 0xC0, 0x30, 0x6D, 0x03, 0x1C, 0x70, 0x31, 0x83, 0x00,
    0x00, 0x00, 0x00, 0x00, 0x01, 0x83, 0x60, 0x1F, 0xB7, 0x01, 0x83, 0x31, 0xFF, 0xB1, 0x1F, 0xFB,
    0x01, 0xB1, 0xFF, 0x1F, 0xFF, 0xC1, 0xB0, 0xB1, 0x1B, 0xF9, 0xB1, 0x9F, 0x1B, 0x1B, 0x61, 0xA1,
    0xF6, 0x9E, 0x1F, 0x79, 0xC1, 0x77, 0x9C, 0x33, 0x61, 0xD3, 0x37, 0xFD, 0x3F, 0xFE, 0x70, 0xE0,
    0x43, 0x00, 0x00, 0x00, 0x00, 0x00, 0x00, 0x00, 0x01, 0xFF, 0xFF, 0x00, 0x00, 0x00, 0x00, 0x00,
    0x07, 0xFF, 0xE0, 0x7F, 0xFE, 0x04, 0x00, 0x60, 0x60, 0x06, 0x04, 0x00, 0x60, 0x40, 0x06, 0x0F,
    0xFF, 0xE0, 0xFF, 0xFE, 0x0C, 0x00, 0x60, 0xC0, 0x00, 0x0C, 0x00, 0x01, 0x80, 0x00, 0x38, 0x00,
    0x03, 0x00, 0x00, 0x00, 0x00, 0x00, 0x00, 0x00, 0x00, 0x00, 0x71, 0xFF, 0x3F, 0x00, 0x0F, 0x80,
    0x00, 0xC0, 0x1F, 0xEC, 0x01, 0xFE, 0xC0, 0x18, 0x6F, 0xF1, 0x86, 0xFF, 0x18, 0x6C, 0x61, 0xFE,
    0xC6, 0x1F, 0xEC, 0x61, 0x80, 0xC6, 0x18, 0x18, 0x61, 0x81, 0x86, 0x18, 0x18, 0x61, 0x03, 0x06,
    0x30, 0x70, 0x63, 0x02, 0x06, 0x00, 0x00, 0x00, 0x00, 0x00, 0x00, 0x07, 0xC0, 0xFF, 0xF8, 0x0F,
    0xF0, 0x00, 0x01, 0x00, 0x00, 0x10, 0x00, 0xFF, 0xFF, 0x0F, 0xFF, 0xE0, 0x01, 0x00, 0x00, 0x10,
    0x00, 0x01, 0x00, 0x3F, 0xFF, 0xF1, 0xFF, 0xFF, 0x00, 0x10, 0x00, 0x01, 0x00, 0x00, 0x10, 0x00,
    0x01, 0x00, 0x01, 0xF0, 0x00, 0x1F, 0x00, 0x00, 0x00, 0x00, 0x00, 0x00, 0x00, 0x18, 0x00, 0x01,
    0x80, 0x00, 0x18, 0x01, 0xFF, 0xFF, 0x1F, 0xFF, 0xF0, 0x01, 0x80, 0x00, 0x18, 0xC0, 0x01, 0x9C,
    0x00, 0x1B, 0x80, 0x01, 0xF0, 0x00, 0x3C, 0x00, 0x0F, 0x80, 0x07, 0xD8, 0x01, 0xF1, 0x80, 0x18,
    0x18, 0x00, 0x01, 0x80, 0x00, 0xF8, 0x00, 0x0F, 0x00, 0x00, 0x00, 0x00, 0x00, 0x00, 0x06, 0x00,
    0x00, 0x6F, 0xF8, 0x06, 0x31, 0x81, 0xF3, 0x18, 0x3F, 0xB1, 0x80, 0x63, 0x18, 0x06, 0x33, 0xF0,
    0x63, 0xB3, 0x07, 0xB8, 0x30, 0xFF, 0xC7, 0x3E, 0x6C, 0x63, 0x66, 0x6E, 0x06, 0x67, 0xC0, 0x66,
    0x38, 0x06, 0xC7, 0x80, 0x6C, 0xFE, 0x1F, 0xBC, 0x71, 0xCB, 0x03, 0x00, 0x00, 0x00, 0x00, 0x00,
    0x06, 0x06, 0x00, 0x60, 0x60, 0x06, 0x17, 0x01, 0xFF, 0xFF, 0x3F, 0x86, 0x00, 0x60, 0x60, 0x06,
    0x06, 0x00, 0x67, 0xFF, 0x07, 0xFF, 0xE0, 0xFB, 0x06, 0x3E, 0x18, 0xC1, 0x61, 0x8C, 0x06, 0x0D,
    0x80, 0x60, 0x70, 0x06, 0x0F, 0x00, 0x63, 0xFC, 0x1E, 0xF0, 0xF1, 0xCC, 0x03, 0x00, 0x00, 0x00,
    0x00, 0x00, 0x06, 0x06, 0x00, 0x60, 0x60, 0x06, 0x7F, 0xF3, 0xFF, 0xFF, 0x3F, 0x80, 0x00, 0x60,
    0x00, 0x06, 0x1F, 0xC0, 0x61, 0xFC, 0x07, 0x90, 0xC0, 0xF9, 0x0C, 0x3E, 0x10, 0xC2, 0x61, 0x0C,
    0x06, 0x30, 0xC0, 0x63, 0x0C, 0x06, 0x30, 0xD0, 0x66, 0x0D, 0x1E, 0xE0, 0xF1, 0xCC, 0x07, 0x00,
    0x00, 0x00, 0x00, 0x00, 0x06, 0x00, 0x00, 0x63, 0xFF, 0x06, 0x33, 0x31, 0xF2, 0x33, 0x3F, 0xB3,
    0x30, 0x63, 0xFF, 0x06, 0x3F, 0xF0, 0x62, 0x33, 0x06, 0x33, 0x30, 0x7B, 0x33, 0x3F, 0x3F, 0xF3,
    0xE3, 0xFF, 0x06, 0x23, 0x10, 0x60, 0x30, 0x06, 0x03, 0x00, 0x60, 0x30, 0x1E, 0x03, 0x01, 0xC0,
    0x30, 0x00, 0x00, 0x00, 0x00, 0x00, 0x06, 0x00, 0x00, 0x61, 0xFF, 0x06, 0x10, 0x20, 0x71, 0x02,
    0x3F, 0x90, 0x20, 0x61, 0x86, 0x06, 0x1F, 0xF0, 0x60, 0x00, 0x07, 0x80, 0x01, 0xFF, 0xFF, 0x3E,
    0x06, 0x30, 0x60, 0x63, 0x06, 0x04, 0x30, 0x60, 0xC3, 0x06, 0x1C, 0x30, 0x63, 0x82, 0x1E, 0xF1,
    0xE1, 0xCC, 0x1E, 0x00, 0x00, 0x00, 0x00, 0x00, 0x06, 0x00, 0x00, 0x63, 0xFF, 0x06, 0x30, 0x03,
    0xFB, 0x00, 0x3F, 0xB0, 0x00, 0x63, 0xFE, 0x06, 0x3F, 0xE0, 0x63, 0x02, 0x07, 0xB0, 0x20, 0xFB,
    0x02, 0x3E, 0x30, 0x63, 0x63, 0xFE, 0x06, 0x30, 0x00, 0x63, 0x00, 0x06, 0x30, 0x00, 0x63, 0xFF,
    0x1E, 0x3F, 0xF1, 0xC3, 0x00, 0x00, 0x00, 0x00, 0x00, 0x00, 0x06, 0x18, 0x00, 0x61, 0x80, 0x06,
    0x18, 0x01, 0xF3, 0xFF, 0x3F, 0xF0, 0x30, 0x66, 0x01, 0x06, 0xFF, 0x30, 0x63, 0xFB, 0x07, 0xB1,
    0xB0, 0xFB, 0x1B, 0x3E, 0x31, 0xB3, 0x63, 0x1B, 0x06, 0x3F, 0xB0, 0x63, 0xF3, 0x06, 0x30, 0x30,
    0x60, 0x03, 0x1E, 0x03, 0xE1, 0xC0, 0x3E, 0x00, 0x00, 0x00, 0x00, 0x00, 0x0C, 0xC0, 0x00, 0xCC,
    0x7E, 0x0C, 0xD6, 0x63, 0xEF, 0xE6, 0x3F, 0xDE, 0x60, 0xCD, 0xE6, 0x0C, 0xDE, 0x60, 0xDD, 0xE6,
    0x0F, 0xD6, 0x63, 0xDD, 0x66, 0x3D, 0x76, 0x60, 0xC7, 0x67, 0x0C, 0x64, 0x70, 0xC6, 0xC7, 0x0C,
    0x78, 0x00, 0xCD, 0x80, 0x3D, 0x8F, 0xF3, 0x90, 0x3F, 0x00, 0x00, 0x00, 0x00, 0x00, 0x06, 0x03,
    0x00, 0x60, 0x30, 0x06, 0x03, 0x01, 0xF7, 0xFF, 0x3F, 0xFF, 0xF0, 0x66, 0x00, 0x06, 0x63, 0x00,
    0x66, 0x30, 0x07, 0x66, 0x00, 0xFE, 0x60, 0x3E, 0x66, 0xC2, 0x66, 0x66, 0x06, 0x64, 0x60, 0x6C,
    0xC3, 0x06, 0xCC, 0xF0, 0x6F, 0xFF, 0x1F, 0x9C, 0x11, 0xD8, 0x01, 0x00, 0x00, 0x00, 0x00, 0x00,
    0x06, 0x01, 0xF0, 0x63, 0xFE, 0x06, 0x3B, 0x01, 0xF0, 0x30, 0x3F, 0x83, 0x00, 0x60, 0x30, 0x06,
    0x7F, 0xF0, 0x60, 0x30, 0x06, 0x83, 0x00, 0xF8, 0x30, 0x3F, 0x3B, 0x63, 0x63, 0xFF, 0x06, 0x30,
    0x30, 0x63, 0x03, 0x06, 0x30, 0x30, 0x63, 0x03, 0x1E, 0x3F, 0xF1, 0xC3, 0x03, 0x00, 0x00, 0x00,
    0x00, 0x00, 0x06, 0x30, 0x80, 0x33, 0x18, 0x03, 0x73, 0x80, 0xFF, 0xFF, 0x00, 0xE6, 0x00, 0x0C,
    0x60, 0x1F, 0xFF, 0xF0, 0x30, 0x18, 0x07, 0x1F, 0xC0, 0xDF, 0xC7, 0x38, 0x30, 0x31, 0x3F, 0xF8,
    0x00, 0x30, 0x00, 0xFF, 0xFE, 0x0F, 0xFF, 0xF0, 0x01, 0x00, 0x00, 0xF0, 0x00, 0x0F, 0x00, 0x00,
    0x00, 0x00, 0x00, 0x00, 0x06, 0x1B, 0xB0, 0x63, 0x33, 0x06, 0x66, 0x63, 0xF6, 0x66, 0x3F, 0xB7,
    0x60, 0x63, 0x33, 0x06, 0x19, 0x90, 0x60, 0x60, 0x07, 0x87, 0xE1, 0xF8, 0xFF, 0x3E, 0x38, 0x30,
    0x67, 0xC6, 0x06, 0x6E, 0xE0, 0x60, 0x3C, 0x06, 0x03, 0x80, 0x60, 0xF0, 0x1E, 0x7C, 0x01, 0xC6,
    0x00, 0x00, 0x00, 0x00, 0x00, 0x00, 0x06, 0x04, 0x10, 0x63, 0xFB, 0x06, 0x7F, 0xF1, 0xF0, 0x46,
    0x3F, 0x84, 0xC0, 0x67, 0xFF, 0x06, 0xFF, 0xF0, 0x60, 0xE0, 0x07, 0x9F, 0xE1, 0xFF, 0xFC, 0x3E,
    0xF8, 0x00, 0x6D, 0xFE, 0x06, 0x1F, 0xF0, 0x61, 0x83, 0x06, 0x00, 0x60, 0x60, 0x06, 0x1E, 0x03,
    0xE1, 0xC0, 0x3C, 0x00, 0x00, 0x00, 0x00, 0x00, 0x06, 0x03, 0x00, 0x60, 0x30, 0x06, 0x3F, 0xF1,
    0xF3, 0xFF, 0x3F, 0x83, 0x00, 0x60, 0x30, 0x06, 0x7F, 0xF0, 0x67, 0xFF, 0x06, 0x00, 0xC0, 0x78,
    0x0C, 0x3F, 0xFF, 0xF3, 0xE7, 0xFF, 0x06, 0x18, 0xC0, 0x61, 0x8C, 0x06, 0x0C, 0xC0, 0x60, 0x4C,
    0x1E, 0x03, 0xC1, 0xC0, 0x3C, 0x00, 0x00, 0x00, 0x00, 0x00, 0x06, 0x30, 0x00, 0x63, 0x1E, 0x06,
    0x3F, 0xC3, 0xFB, 0xC0, 0x3F, 0xB0, 0x10, 0x63, 0x01, 0x06, 0x3F, 0xF0, 0x61, 0xFE, 0x06, 0x80,
    0x00, 0xFB, 0xFF, 0x3E, 0x3F, 0xF3, 0x63, 0x03, 0x06, 0x3F, 0xF0, 0x63, 0xFF, 0x06, 0x30, 0x30,
    0x63, 0x03, 0x1E, 0x3F, 0xF1, 0xC3, 0x03, 0x00, 0x00, 0x00, 0x00, 0x00, 0x04, 0x60, 0xC0, 0x63,
    0x0C, 0x03, 0x31, 0x81, 0xFF, 0xFF, 0x1F, 0xFF, 0xF0, 0x18, 0x30, 0x03, 0xFF, 0x80, 0x7F, 0xCE,
    0x1C, 0x30, 0x73, 0xFF, 0xFB, 0x07, 0xFF, 0x80, 0x01, 0x00, 0x00, 0x30, 0x01, 0xFF, 0xFF, 0x00,
    0x30, 0x00, 0x01, 0x00, 0x01, 0xF0, 0x00, 0x1F, 0x00, 0x00, 0x00, 0x00, 0x00, 0x00, 0x06, 0x03,
    0x00, 0x60, 0x30, 0x06, 0x3F, 0xF1, 0xF7, 0xFF, 0x3F, 0x87, 0x20, 0x63, 0x36, 0x06, 0x33, 0x60,
    0x61, 0xB4, 0x07, 0x12, 0x40, 0xFF, 0xFF, 0x3E, 0x7F, 0xF1, 0x60, 0x70, 0x06, 0x07, 0x80, 0x60,
    0xDC, 0x06, 0x1C, 0xC0, 0x63, 0x87, 0x1E, 0xF0, 0x31, 0xCC, 0x01, 0x00, 0x00, 0x00, 0x00, 0x00,
    0x06, 0x0C, 0x00, 0x60, 0xCC, 0x06, 0x18, 0xE1, 0xF3, 0xFE, 0x3F, 0xFF, 0xF0, 0x61, 0x81, 0x06,
    0x18, 0x00, 0x63, 0xFF, 0x07, 0xBF, 0xF0, 0xFE, 0x20, 0x3E, 0x42, 0x03, 0x67, 0xFF, 0x06, 0xFF,
    0xF0, 0x60, 0x70, 0x06, 0x0D, 0x80, 0x61, 0x8C, 0x1E, 0xF0, 0x71, 0xC4, 0x03, 0x00, 0x00, 0x00,
    0x00, 0x00, 0x06, 0x06, 0x00, 0x60, 0x60, 0x06, 0x36, 0x61, 0xF3, 0x66, 0x3F, 0xB6, 0x60, 0x63,
    0x6E, 0x06, 0x7E, 0xF0, 0x67, 0xFB, 0x07, 0xCF, 0x90, 0xFC, 0x70, 0x3E, 0x06, 0x03, 0x67, 0xFF,
    0x06, 0x7F, 0xF0, 0x60, 0x60, 0x06, 0x06, 0x00, 0x60, 0x60, 0x1E, 0xFF, 0xF1, 0xCF, 0xFF, 0x00,
    0x00, 0x00, 0x00, 0x00, 0x06, 0x00, 0x00, 0x67, 0xFF, 0x06, 0x60, 0x30, 0x66, 0x01, 0x3F, 0xFF,
    0xF0, 0x67, 0xFF, 0x06, 0x61, 0x00, 0x67, 0x9B, 0x07, 0xF9, 0xB1, 0xFF, 0x9B, 0x3E, 0x7F, 0xF0,
    0x66, 0xFF, 0x06, 0x51, 0x10, 0x6D, 0x99, 0x06, 0xD9, 0x90, 0x6D, 0x9B, 0x1F, 0x9F, 0xF1, 0xD9,
    0x81, 0x00, 0x00, 0x00, 0x00, 0x00, 0x06, 0x18, 0x80, 0x61, 0x88, 0x06, 0x7F, 0x81, 0xF7, 0xF8,
    0x3F, 0x18, 0x80, 0x61, 0x88, 0x06, 0xFF, 0xC0, 0x6F, 0xFE, 0x07, 0x98, 0xB1, 0xF9, 0x89, 0x3E,
    0x19, 0x80, 0x6F, 0xF8, 0x06, 0x19, 0x80, 0x61, 0x88, 0x06, 0x1B, 0x80, 0x6F, 0xF8, 0x1E, 0xF0,
    0x81, 0xC0, 0x08, 0x00, 0x00, 0x00, 0x00, 0x00, 0x06, 0x01, 0xF0, 0x67, 0xFE, 0x06, 0x78, 0x01,
    0xF2, 0x61, 0x3F, 0xA2, 0x30, 0x63, 0x33, 0x06, 0x33, 0x60, 0x60, 0x36, 0x07, 0x83, 0x01, 0xFF,
    0xFF, 0x3E, 0x7F, 0xF0, 0x60, 0x78, 0x06, 0x0F, 0xC0, 0x61, 0xB6, 0x06, 0x73, 0x30, 0x6E, 0x31,
    0x1E, 0x43, 0x01, 0xC0, 0x30, 0x00, 0x00, 0x00, 0x00, 0x00, 0x06, 0x03, 0x00, 0x60, 0x30, 0x06,
    0x7F, 0xF1, 0xFC, 0xDD, 0x3F, 0xCC, 0x90, 0x60, 0xC9, 0x06, 0x18, 0x90, 0x63, 0x8F, 0x07, 0xF0,
    0xF1, 0xF0, 0x00, 0x3E, 0x00, 0x01, 0x67, 0xFF, 0x06, 0x07, 0x00, 0x60, 0x30, 0x06, 0x03, 0x00,
    0x60, 0x30, 0x1E, 0xFF, 0xF1, 0xCF, 0xFF, 0x00, 0x00, 0x00, 0x00, 0x00, 0x06, 0x7F, 0xE0, 0x67,
    0xFE, 0x06, 0x60, 0x21, 0xF7, 0xFE, 0x3F, 0xE0, 0x60, 0x66, 0x02, 0x06, 0x7F, 0xE0, 0x61, 0x80,
    0x06, 0x3A, 0x30, 0xFB, 0xFF, 0x3E, 0x60, 0x13, 0x6E, 0x73, 0x06, 0xFE, 0x30, 0x66, 0x03, 0x06,
    0x61, 0xB0, 0x63, 0xF3, 0x1E, 0x1F, 0xF1, 0xC0, 0x1E, 0x00, 0x00, 0x00, 0x00, 0x00, 0x06, 0x1C,
    0x00, 0x61, 0xF8, 0x06, 0x31, 0x81, 0xF6, 0x10, 0x3F, 0xFF, 0xF0, 0x67, 0xFF, 0x06, 0x6D, 0x30,
    0x66, 0xDB, 0x07, 0xF9, 0xF1, 0xF6, 0x03, 0x3E, 0x66, 0x30, 0x6F, 0xFF, 0x06, 0xFF, 0xF0, 0x60,
    0x70, 0x06, 0x0D, 0x80, 0x61, 0x9C, 0x1E, 0xF0, 0x71, 0xCC, 0x03, 0x00, 0x00, 0x00, 0x00, 0x00,
    0x06, 0x00, 0x00, 0x67, 0xFF, 0x06, 0x60, 0x31, 0xF7, 0xFF, 0x3F, 0xFF, 0xF0, 0x66, 0x00, 0x06,
    0x7F, 0xF0, 0x67, 0xFF, 0x07, 0xE4, 0x40, 0xF6, 0xCE, 0x3E, 0x7F, 0xF1, 0x67, 0xF9, 0x06, 0x63,
    0x00, 0x6F, 0xFF, 0x06, 0xDF, 0xE0, 0x6C, 0x30, 0x1E, 0xFF, 0xF1, 0xDB, 0xFF, 0x00, 0x00, 0x00,
    0x00, 0x00, 0x06, 0x00, 0x00, 0x67, 0xFF, 0x06, 0x63, 0x10, 0x67, 0xFF, 0x3F, 0xBF, 0xF0, 0x60,
    0x30, 0x06, 0x3F, 0xF0, 0x63, 0xFF, 0x07, 0xB3, 0x31, 0xFB, 0xFF, 0x3E, 0x33, 0x30, 0x63, 0xFF,
    0x06, 0x3F, 0xF0, 0x60, 0x30, 0x06, 0x7F, 0xF0, 0x67, 0xFF, 0x1E, 0x03, 0x01, 0xC0, 0x30, 0x00,
    0x00, 0x00, 0x00, 0x00, 0x06, 0x1F, 0xF0, 0x67, 0xFE, 0x06, 0x26, 0x21, 0xF2, 0x66, 0x3F, 0xB6,
    0xC0, 0x67, 0xFF, 0x06, 0x3C, 0x00, 0x61, 0x80, 0x06, 0xFF, 0xF0, 0x79, 0x80, 0x1F, 0x1F, 0xE3,
    0xE3, 0xFE, 0x06, 0x38, 0x60, 0x63, 0xEC, 0x06, 0x67, 0x80, 0x6C, 0x7C, 0x1F, 0xDE, 0xF1, 0xDB,
    0x83, 0x00, 0x00, 0x00, 0x00, 0x00, 0x06, 0x11, 0x80, 0x63, 0xFF, 0x06, 0x3F, 0xF1, 0xFF, 0x30,
    0x3F, 0xFF, 0xF0, 0x6B, 0x30, 0x06, 0x3F, 0xF0, 0x63, 0xFF, 0x07, 0xBF, 0xF1, 0xFB, 0xFF, 0x3E,
    0x00, 0x00, 0x6F, 0xF8, 0x06, 0x5F, 0x80, 0x61, 0x9F, 0x06, 0x19, 0x90, 0x63, 0x01, 0x1E, 0xE0,
    0xF1, 0xCC, 0x1E, 0x00, 0x00, 0x00, 0x00, 0x00, 0x06, 0x03, 0x00, 0x67, 0xFF, 0x06, 0xFF, 0xF1,
    0xFC, 0xC9, 0x3F, 0xCC, 0x80, 0x61, 0x8D, 0x06, 0x78, 0xF0, 0x66, 0xC0, 0x07, 0x8D, 0x01, 0xF9,
    0xFF, 0x3E, 0x36, 0x00, 0x66, 0x7F, 0x06, 0x47, 0xF0, 0x60, 0x60, 0x06, 0x07, 0xF0, 0x60, 0x7F,
    0x1E, 0x06, 0x01, 0xC0, 0x60, 0x00, 0x00, 0x00, 0x00, 0x00, 0x0F, 0xC3, 0x01, 0xFE, 0xFC, 0x03,
    0x0F, 0xE3, 0xFF, 0x36, 0x0C, 0xCE, 0x61, 0xFF, 0x76, 0x1F, 0xE7, 0xE1, 0xFE, 0xC7, 0x03, 0x18,
    0x70, 0x37, 0xFC, 0x0F, 0xFF, 0x00, 0xF3, 0x82, 0x0F, 0xFF, 0xE0, 0x03, 0x00, 0x3F, 0xFF, 0xF0,
    0x01, 0x00, 0x00, 0xB0, 0x00, 0x0F, 0x00, 0x00, 0x00, 0x00, 0x00, 0x00, 0x1F, 0xE7, 0xC1, 0xFE,
    0x6D, 0x03, 0x0C, 0xD1, 0xFE, 0xC7, 0x1F, 0xEF, 0xE1, 0xFE, 0xFE, 0x1F, 0xE6, 0xC1, 0xFE, 0x38,
    0x1F, 0xFF, 0xF0, 0x31, 0xFF, 0x0F, 0xFF, 0x80, 0xFB, 0x82, 0x0F, 0xFF, 0xE0, 0x03, 0x00, 0x3F,
    0xFF, 0xF0, 0x03, 0x00, 0x00, 0xF0, 0x00, 0x0F, 0x00, 0x00, 0x00, 0x00, 0x00, 0x00, 0x06, 0x3F,
    0xE0, 0x63, 0xFE, 0x06, 0x30, 0x61, 0xF3, 0xFE, 0x3F, 0x30, 0x20, 0x63, 0xFE, 0x06, 0x00, 0x00,
    0x6F, 0xFF, 0x07, 0xFF, 0xF1, 0xF6, 0x40, 0x3E, 0x7F, 0xF0, 0x66, 0x5B, 0x06, 0x7D, 0xB0, 0x67,
    0xCE, 0x06, 0x64, 0xE0, 0x6F, 0xCE, 0x1E, 0xEF, 0xB1, 0xC0, 0x71, 0x00, 0x00, 0x00, 0x00, 0x00,
    0x06, 0x06, 0x00, 0x67, 0xFF, 0x06, 0xFF, 0xF1, 0xFE, 0x01, 0x3F, 0xBF, 0xF0, 0x67, 0xDF, 0x06,
    0xFD, 0xB0, 0x6D, 0x8E, 0x07, 0xBF, 0xE1, 0xF3, 0xFF, 0x3E, 0xE0, 0x10, 0x6F, 0xFF, 0x06, 0x7F,
    0xF0, 0x60, 0x20, 0x06, 0x36, 0x60, 0x66, 0x23, 0x1E, 0xC6, 0x11, 0xC0, 0xE0, 0x00, 0x00, 0x00,
    0x00, 0x00, 0x0C, 0x87, 0xF0, 0xCF, 0xBF, 0x0C, 0xE0, 0x63, 0xF8, 0x3C, 0x3F, 0x8D, 0xC0, 0xCF,
    0x86, 0x0C, 0xC3, 0x60, 0xCC, 0x7F, 0x0F, 0xF9, 0xB3, 0xFF, 0x0B, 0x3D, 0x26, 0x80, 0xDF, 0xEF,
    0x0D, 0xFE, 0xF0, 0xC6, 0x68, 0x0C, 0x76, 0x80, 0xCD, 0xF8, 0x3D, 0x8D, 0xF3, 0x90, 0x8F, 0x00,
    0x00, 0x00, 0x00, 0x00, 0x00, 0x30, 0x00, 0x03, 0x00, 0x00, 0x30, 0x01, 0xFF, 0xFF, 0x00, 0x38,
    0x00, 0x03, 0x00, 0x00, 0x30, 0x00, 0xFF, 0xFC, 0x0F, 0xFF, 0xC0, 0x30, 0x18, 0x03, 0x83, 0x80,
    0x18, 0x30, 0x00, 0xEE, 0x00, 0x07, 0xC0, 0x00, 0x7C, 0x00, 0x3F, 0xF0, 0x3F, 0x83, 0xF1, 0xC0,
    0x07, 0x00, 0x00, 0x00, 0x00, 0x00, 0x00, 0x06, 0x01, 0xF8, 0xC0, 0x1F, 0xCC, 0x00, 0x0C, 0xFF,
    0x00, 0xDF, 0xF0, 0x0D, 0x86, 0x1F, 0xFC, 0x61, 0xFF, 0xC6, 0x10, 0xEC, 0xC1, 0x00, 0x6C, 0x10,
    0x06, 0xC1, 0x04, 0x38, 0x10, 0x43, 0x81, 0xFC, 0x78, 0x1F, 0xCF, 0xC0, 0x01, 0xCE, 0x00, 0x70,
    0x70, 0x06, 0x01, 0x00, 0x00, 0x00, 0x00, 0x00, 0x00, 0x0C, 0x00, 0x01, 0x80, 0x3F, 0xD8, 0x03,
    0xFD, 0xFF, 0x06, 0x3F, 0xF0, 0x63, 0x06, 0x06, 0x78, 0x60, 0x67, 0x8C, 0x06, 0xD8, 0xC0, 0x60,
    0xCC, 0x06, 0x0D, 0x80, 0x7C, 0x78, 0x0F, 0xC7, 0x03, 0xE0, 0x70, 0x20, 0x0F, 0x80, 0x03, 0xDC,
    0x00, 0xF0, 0xF0, 0x1C, 0x03, 0x00, 0x00, 0x00, 0x00, 0x00, 0x00, 0x02, 0x01, 0xFF, 0x60, 0x1F,
    0xF6, 0x00, 0x18, 0x7F, 0x01, 0x87, 0xF0, 0x98, 0xC2, 0x19, 0x8C, 0x61, 0x9F, 0xE6, 0x19, 0xFE,
    0x61, 0x98, 0x66, 0x19, 0x83, 0xC1, 0x98, 0x3C, 0x19, 0x81, 0x81, 0x9F, 0x18, 0x1F, 0xE3, 0xC3,
    0xE0, 0x66, 0x00, 0x1C, 0x70, 0x01, 0x81, 0x00, 0x00, 0x00, 0x00, 0x00, 0x02, 0x04, 0x00, 0x20,
    0xC0, 0x02, 0x0C, 0x03, 0xFE, 0xFF, 0x3F, 0xFF, 0xF0, 0x21, 0x86, 0x02, 0x3C, 0x60, 0x23, 0xCC,
    0x1F, 0xEC, 0xC1, 0xFC, 0x4C, 0x10, 0xC7, 0x81, 0x0C, 0x78, 0x10, 0xC3, 0x01, 0x0C, 0x78, 0x1F,
    0xCF, 0x81, 0xFD, 0xCE, 0x10, 0x78, 0x70, 0x06, 0x03, 0x00, 0x00, 0x00, 0x00, 0x00, 0x03, 0x63,
    0x00, 0x33, 0x30, 0x03, 0x36, 0x03, 0xFF, 0x7F, 0x3F, 0xF7, 0xF0, 0x30, 0x63, 0x13, 0x3E, 0x21,
    0xB7, 0xE6, 0x0B, 0x7B, 0x60, 0xB4, 0x36, 0x03, 0x03, 0xC0, 0xFC, 0x1C, 0x1F, 0x61, 0x83, 0xB3,
    0x3C, 0x23, 0x07, 0xE0, 0x30, 0xE7, 0x0F, 0x3C, 0x30, 0xF3, 0x01, 0x00, 0x00, 0x00, 0x00, 0x00,
    0x02, 0x13, 0x01, 0xFB, 0x60, 0x1F, 0xF6, 0x00, 0x26, 0x7F, 0x02, 0xC7, 0xF3, 0xFF, 0xE2, 0x1F,
    0xFE, 0x60, 0x31, 0xE6, 0x0F, 0xFA, 0x61, 0xCC, 0x36, 0x39, 0x83, 0xC0, 0x33, 0x1C, 0x3F, 0xF1,
    0x83, 0xF8, 0x3C, 0x03, 0x07, 0xC0, 0x30, 0xE6, 0x0F, 0x1C, 0x30, 0xF1, 0x81, 0x00, 0x00, 0x00,
    0x00, 0x00, 0x00, 0x06, 0x01, 0xFF, 0x60, 0x03, 0x06, 0x00, 0x30, 0x7F, 0x3F, 0xFF, 0xF1, 0x8C,
    0xC2, 0x18, 0xDC, 0x61, 0xFD, 0xE6, 0x1F, 0xF6, 0x61, 0x8C, 0x6C, 0x1F, 0xC3, 0xC1, 0xFC, 0x3C,
    0x18, 0xC1, 0x81, 0xFC, 0x38, 0x3F, 0xC7, 0xC3, 0x0C, 0xE6, 0x00, 0xDC, 0x30, 0x0D, 0x81, 0x00,
    0x00, 0x00, 0x00, 0x00, 0x0C, 0xC3, 0x00, 0xCC, 0x60, 0x3F, 0xF6, 0x01, 0xFF, 0x7F, 0x0C, 0xC7,
    0xF0, 0xEE, 0xE2, 0x3F, 0xFE, 0x60, 0x01, 0xE6, 0x1F, 0xFA, 0x61, 0x86, 0x36, 0x18, 0x63, 0xC1,
    0xFE, 0x1C, 0x18, 0x61, 0x81, 0xFE, 0x1C, 0x1F, 0xE3, 0xC1, 0x86, 0x66, 0x19, 0xFC, 0x31, 0x9F,
    0x81, 0x00, 0x00, 0x00, 0x00, 0x00, 0x06, 0xC3, 0x01, 0xFF, 0x30, 0x3F, 0xF6, 0x00, 0x6C, 0x7F,
    0x0C, 0x47, 0xF0, 0xC0, 0xC2, 0x1F, 0xFC, 0x61, 0x83, 0xE6, 0x3F, 0x3E, 0x63, 0xFB, 0x66, 0x19,
    0xB3, 0xC1, 0x9B, 0x3C, 0x19, 0xA1, 0x81, 0xFA, 0x18, 0x18, 0x63, 0xC0, 0x06, 0xE6, 0x01, 0xFC,
    0x30, 0x3D, 0x81, 0x00, 0x00, 0x00, 0x00, 0x00, 0x13, 0x23, 0x01, 0xB6, 0x70, 0x0B, 0x46, 0x01,
    0xFF, 0x7F, 0x3F, 0xF7, 0xF0, 0x78, 0xE3, 0x0F, 0xEE, 0x63, 0xB3, 0xE6, 0x33, 0x1A, 0x60, 0x60,
    0x36, 0x3F, 0xF3, 0xC3, 0xFF, 0x3C, 0x0C, 0xC1, 0x81, 0xEC, 0x3C, 0x1F, 0x87, 0xC0, 0x3C, 0xE6,
    0x1E, 0x7C, 0x31, 0x81, 0x81, 0x00, 0x00, 0x00, 0x00, 0x00, 0x00, 0x30, 0x00, 0x03, 0x00, 0x00,
    0x30, 0x03, 0xFF, 0xFF, 0x07, 0x01, 0xC0, 0x30, 0x18, 0x03, 0x01, 0x80, 0x18, 0x30, 0x01, 0x87,
    0x00, 0x0C, 0x60, 0x00, 0xEC, 0x00, 0x07, 0xC0, 0x00, 0x38, 0x00, 0x0F, 0xC0, 0x01, 0xCF, 0x00,
    0xF8, 0x3C, 0x3E, 0x01, 0xF1, 0x80, 0x03, 0x00, 0x00, 0x00, 0x00, 0x00, 0x00, 0x30, 0x01, 0xFF,
    0xFF, 0x1F, 0xFF, 0xF0, 0x18, 0x30, 0x00, 0xFE, 0x00, 0x07, 0xC0, 0x1F, 0xEF, 0xF1, 0xE0, 0x0F,
    0x07, 0xFF, 0x60, 0x7F, 0xF6, 0x06, 0x00, 0x60, 0x7F, 0xF6, 0x06, 0x30, 0x60, 0xC9, 0x66, 0x0D,
    0xB3, 0x60, 0xD1, 0x36, 0x1B, 0x71, 0x61, 0x07, 0x06, 0x00, 0x00, 0x00, 0x00, 0x00, 0x00, 0x01,
    0xC0, 0x0F, 0xFC, 0x07, 0xFC, 0x00, 0x60, 0x00, 0x06, 0x00, 0x00, 0x60, 0x00, 0x06, 0x00, 0x00,
    0x7F, 0xFF, 0x07, 0xFF, 0xF0, 0x40, 0x40, 0x04, 0x06, 0x00, 0xC0, 0x60, 0x0C, 0x06, 0x00, 0xC0,
    0x60, 0x18, 0x06, 0x01, 0x80, 0x60, 0x30, 0x06, 0x01, 0x00, 0x40, 0x00, 0x00, 0x00, 0x00, 0x00,
    0x03, 0x00, 0xF1, 0xFE, 0xFE, 0x1F, 0xFE, 0x00, 0x30, 0xC0, 0x1F, 0xEC, 0x01, 0xFE, 0xC0, 0x1B,
    0x6F, 0xF1, 0xFE, 0xFF, 0x1F, 0xEC, 0xC1, 0x36, 0xCC, 0x1F, 0xEC, 0xC1, 0xFC, 0xCC, 0x03, 0x18,
    0xC3, 0xFF, 0x8C, 0x03, 0x38, 0xC0, 0x33, 0x0C, 0x03, 0x30, 0xC0, 0x32, 0x0C, 0x00, 0x00, 0x00,
    0x00, 0x00, 0x03, 0x00, 0xF1, 0xFE, 0xFE, 0x1F, 0xFE, 0x00, 0x84, 0xC0, 0x0C, 0xCC, 0x00, 0xCC,
    0xC0, 0x3F, 0xFF, 0xF3, 0xFF, 0xFF, 0x03, 0x0C, 0x63, 0xFF, 0xC6, 0x3F, 0xFC, 0x60, 0x70, 0xC6,
    0x07, 0xC8, 0x60, 0xF7, 0x86, 0x1B, 0x78, 0x63, 0x31, 0x86, 0x03, 0x30, 0x60, 0x32, 0x06, 0x00,
    0x00, 0x00, 0x00, 0x00, 0x00, 0x30, 0x00, 0x03, 0x00, 0x00, 0x30, 0x03, 0xFF, 0xFF, 0x00, 0xE0,
    0x00, 0x0C, 0x00, 0x00, 0xC0, 0x00, 0x0C, 0x00, 0x00, 0xFF, 0xC0, 0x0C, 0x0C, 0x00, 0xC0, 0xC0,
    0x18, 0x0C, 0x01, 0x80, 0xC0, 0x30, 0x0C, 0x07, 0x00, 0xC0, 0xE0, 0x18, 0x3C, 0x1F, 0x81, 0x81,
    0xF0, 0x00, 0x00, 0x00, 0x00, 0x00, 0x02, 0x0C, 0x00, 0x20, 0xC0, 0x3F, 0xDF, 0xF3, 0xFF, 0xFF,
    0x0C, 0x31, 0x00, 0xC3, 0x18, 0x0C, 0x39, 0xF0, 0xFD, 0x9F, 0x0F, 0xDF, 0xB0, 0xCD, 0xFB, 0x0C,
    0xF9, 0xB0, 0xCD, 0x9B, 0x18, 0xD9, 0xF1, 0x89, 0x9A, 0x18, 0x99, 0x01, 0x89, 0x81, 0x37, 0x9F,
    0xF3, 0x78, 0xFF, 0x00, 0x00, 0x00, 0x00, 0x00, 0x06, 0x18, 0x00, 0x61, 0xFF, 0x06, 0x3F, 0xF3,
    0xFF, 0x00, 0x0C, 0x6C, 0x60, 0xC3, 0xFF, 0x0C, 0x1F, 0xF0, 0xFC, 0xC6, 0x0D, 0xCF, 0xE0, 0xCC,
    0xC6, 0x0C, 0x8F, 0xE0, 0xC8, 0xFE, 0x0C, 0x8C, 0x61, 0x8B, 0xFF, 0x18, 0x8E, 0xC1, 0x98, 0xC6,
    0x37, 0xB8, 0x32, 0x73, 0x01, 0x00, 0x00, 0x00, 0x00, 0x00, 0x1F, 0xDF, 0xF1, 0xFD, 0xFF, 0x18,
    0x4C, 0x61, 0xFC, 0xCC, 0x1F, 0xCC, 0xC1, 0x8C, 0xCC, 0x18, 0xCC, 0xC1, 0x8F, 0xFF, 0x1F, 0xFF,
    0xF1, 0x80, 0x18, 0x19, 0x81, 0x81, 0x98, 0x38, 0x18, 0xC3, 0x81, 0xBE, 0x68, 0x1F, 0xEC, 0x93,
    0xC3, 0x89, 0x00, 0x70, 0xF0, 0x06, 0x0F, 0x00, 0x00, 0x00, 0x00, 0x00, 0x00, 0x00, 0x00, 0x7F,
    0xFC, 0x06, 0x00, 0xC0, 0x60, 0x0C, 0x06, 0x00, 0xC0, 0x60, 0x0C, 0x06, 0x00, 0xC0, 0x60, 0x0C,
    0x07, 0xFF, 0xC0, 0x68, 0x2C, 0x06, 0x00, 0xC0, 0x60, 0x0C, 0x06, 0x00, 0xC0, 0x60, 0x0C, 0x06,
    0x00, 0xC0, 0x7F, 0xFC, 0x07, 0xFF, 0xC0, 0x60, 0x0C, 0x00, 0x00, 0x00, 0x00, 0x00, 0x08, 0x00,
    0x01, 0x8F, 0xFE, 0x18, 0xC0, 0x61, 0x8C, 0x06, 0x18, 0xC0, 0x61, 0x8C, 0x06, 0x18, 0xC0, 0x61,
    0x8C, 0x06, 0x18, 0xFF, 0xE1, 0x8C, 0x06, 0x18, 0xC0, 0x61, 0x8C, 0x06, 0x18, 0xC0, 0x61, 0x8C,
    0x06, 0x18, 0xC0, 0x61, 0x8F, 0xFE, 0x18, 0xFF, 0xE1, 0x8C, 0x06, 0x00, 0x00, 0x00, 0x00, 0x00,
    0x0C, 0x00, 0x00, 0xC0, 0xFC, 0x0F, 0xFF, 0x80, 0xFC, 0x02, 0x0C, 0x00, 0x30, 0xE0, 0x06, 0x07,
    0xFF, 0xE0, 0x00, 0x00, 0x07, 0xFF, 0xC0, 0x7F, 0xFE, 0x06, 0x00, 0xE0, 0x40, 0x0E, 0x07, 0xFF,
    0xE0, 0x7F, 0xFE, 0x04, 0x00, 0xE0, 0x60, 0x0E, 0x07, 0xFF, 0xE0, 0x60, 0x0C, 0x00, 0x00, 0x00,
    0x00, 0x00, 0x00, 0x00, 0x01, 0xFF, 0xFF, 0x19, 0x86, 0x01, 0x18, 0x60, 0x11, 0x86, 0x01, 0x18,
    0x60, 0x1F, 0x86, 0x01, 0xF8, 0x60, 0x19, 0xFF, 0xF1, 0x18, 0x70, 0x11, 0x86, 0x01, 0x18, 0x60,
    0x19, 0x86, 0x01, 0xF8, 0x60, 0x18, 0x06, 0x01, 0x00, 0x70, 0x00, 0xFF, 0xF0, 0x00, 0x00, 0x00,
    0x00, 0x00, 0x00, 0x00, 0x0F, 0xFF, 0xE0, 0xFF, 0xFE, 0x0C, 0x00, 0x60, 0xFF, 0xFE, 0x0F, 0xFF,
    0xE0, 0xC0, 0x06, 0x0F, 0xFF, 0xE0, 0xFF, 0xFE, 0x04, 0x08, 0x00, 0xC0, 0xC2, 0x0E, 0x0C, 0xF0,
    0xFE, 0xFC, 0x0C, 0x0F, 0x00, 0xC0, 0xC0, 0x0C, 0x0C, 0x10, 0xCF, 0xC1, 0x1F, 0xEF, 0xF3, 0xC0,
    0x7F, 0x00, 0x00, 0x00, 0x00, 0x00, 0x00, 0x1F, 0xF1, 0xFD, 0xFF, 0x18, 0xD8, 0x31, 0x0D, 0x83,
    0x10, 0xD8, 0x31, 0x8D, 0xFF, 0x1F, 0xDF, 0xF1, 0x8D, 0x83, 0x10, 0xD8, 0x31, 0x0D, 0x83, 0x10,
    0xDF, 0xF1, 0xF9, 0xFF, 0x1F, 0x90, 0x31, 0x03, 0x03, 0x10, 0x30, 0x30, 0x06, 0x03, 0x00, 0xC1,
    0xF0, 0x0C, 0x1F, 0x00, 0x00, 0x00, 0x00, 0x00, 0x00, 0x00, 0x00, 0x7F, 0xFC, 0x06, 0x00, 0xC0,
    0x7F, 0xFC, 0x07, 0xFF, 0xC0, 0x60, 0x0C, 0x06, 0x00, 0xC0, 0x7F, 0xFC, 0x07, 0xFF, 0xC0, 0x30,
    0x00, 0x07, 0xFF, 0xE0, 0xFF, 0xFE, 0x38, 0xC6, 0x61, 0x1C, 0xC6, 0x03, 0x8C, 0x60, 0x71, 0x86,
    0x0E, 0x33, 0xC0, 0x02, 0x3C, 0x00, 0x00, 0x00, 0x00, 0x00, 0x00, 0x03, 0x01, 0xF8, 0x30, 0x1F,
    0x83, 0x01, 0x1B, 0xFE, 0x11, 0xB3, 0x61, 0x1B, 0x32, 0x11, 0xB3, 0x21, 0xFB, 0x32, 0x1F, 0xB3,
    0x21, 0x1F, 0xFF, 0x11, 0xFF, 0xF1, 0x18, 0x30, 0x19, 0x87, 0x81, 0xF8, 0x68, 0x18, 0x0C, 0xC1,
    0x03, 0x86, 0x00, 0xF0, 0x70, 0x0C, 0x03, 0x00, 0x00, 0x00, 0x00, 0x00, 0x00, 0x0C, 0x01, 0xF9,
    0x80, 0x1F, 0x98, 0x01, 0x19, 0xFF, 0x11, 0xB6, 0x01, 0x1B, 0x60, 0x11, 0xE6, 0x01, 0xFE, 0x7F,
    0x1F, 0x87, 0xF1, 0x18, 0x60, 0x11, 0x86, 0x01, 0x18, 0x7F, 0x19, 0x87, 0xF1, 0xF8, 0x60, 0x18,
    0x06, 0x01, 0x00, 0x60, 0x00, 0x06, 0x00, 0x00, 0x60, 0x00, 0x00, 0x00, 0x00, 0x00, 0x00, 0x03,
    0x01, 0xF8, 0x30, 0x1F, 0xBF, 0xF1, 0x1B, 0xFF, 0x11, 0x83, 0x01, 0x18, 0x30, 0x1F, 0xFF, 0xF1,
    0xF8, 0x0C, 0x11, 0x80, 0xC1, 0x1F, 0xFF, 0x11, 0xFF, 0xF1, 0x18, 0x0C, 0x19, 0x98, 0xC1, 0xF9,
    0xCC, 0x18, 0x0C, 0xC1, 0x00, 0x4C, 0x00, 0x03, 0xC0, 0x00, 0x3C, 0x00, 0x00, 0x00, 0x00, 0x00,
    0x07, 0xFF, 0xC0, 0x7F, 0xFC, 0x07, 0xFF, 0xC0, 0x7F, 0xFC, 0x06, 0x00, 0xC0, 0x7F, 0xFC, 0x00,
    0x38, 0x01, 0xFF, 0xFF, 0x1F, 0xFF, 0xF0, 0x3F, 0xF8, 0x07, 0xFF, 0xC0, 0x60, 0x0C, 0x07, 0xFF,
    0xC0, 0x3F, 0xFC, 0x03, 0x11, 0x80, 0xF1, 0x1E, 0x1C, 0x70, 0x71, 0x0F, 0x00, 0x00, 0x00, 0x00,
    0x00, 0x00, 0x00, 0x06, 0x01, 0xF0, 0x60, 0x1F, 0x7F, 0xF1, 0x37, 0xFF, 0x13, 0x16, 0xC1, 0x31,
    0x2C, 0x13, 0x7F, 0xF1, 0xFF, 0xFF, 0x1F, 0x10, 0xC1, 0x31, 0x0C, 0x1B, 0xFF, 0xF1, 0x37, 0xFF,
    0x1B, 0x19, 0x81, 0xF1, 0x98, 0x18, 0x31, 0x91, 0x07, 0x19, 0x01, 0xE1, 0xF0, 0x18, 0x0F, 0x00,
    0x00, 0x00, 0x00, 0x00, 0x00, 0x7D, 0xF1, 0xF7, 0xFF, 0x1B, 0x64, 0x31, 0x36, 0x43, 0x13, 0x64,
    0x11, 0x36, 0xCB, 0x13, 0x7F, 0xF1, 0xF6, 0x00, 0x1B, 0x7B, 0xF1, 0x37, 0xFF, 0x13, 0x61, 0x31,
    0x36, 0x1B, 0x1B, 0x6D, 0xE1, 0xF7, 0xCE, 0x18, 0x60, 0xC1, 0x06, 0x1E, 0x00, 0x63, 0x30, 0x06,
    0x21, 0x00, 0x00, 0x00, 0x00, 0x00, 0x00, 0x03, 0x01, 0xFF, 0xFF, 0x19, 0xFF, 0xF1, 0x19, 0x86,
    0x11, 0x98, 0x41, 0x18, 0xCC, 0x1F, 0xFF, 0xF1, 0xFF, 0xFF, 0x11, 0x80, 0x01, 0x1B, 0xFE, 0x11,
    0xBF, 0xF1, 0x1B, 0x03, 0x19, 0xB0, 0x71, 0xFB, 0xFF, 0x18, 0x30, 0x31, 0x03, 0x03, 0x00, 0x3F,
    0xF0, 0x03, 0x03, 0x00, 0x00, 0x00, 0x00, 0x00, 0x1F, 0xEB, 0xF1, 0xFF, 0xFC, 0x03, 0x0C, 0x01,
    0xFE, 0xC0, 0x1F, 0xEF, 0xF1, 0x33, 0xCC, 0x1F, 0xFC, 0xC1, 0xFF, 0x8C, 0x3F, 0xF8, 0xC0, 0x31,
    0x0C, 0x03, 0x10, 0x80, 0x7F, 0xF8, 0x06, 0x01, 0x80, 0x7F, 0xF8, 0x06, 0x01, 0x80, 0x60, 0x18,
    0x07, 0xFF, 0x80, 0x60, 0x18, 0x00, 0x00, 0x00, 0x00, 0x00, 0x00, 0x1F, 0xF1, 0xF7, 0xFE, 0x1B,
    0x66, 0x31, 0x32, 0x66, 0x13, 0x7F, 0xF1, 0x3F, 0xFF, 0x1F, 0xC6, 0x11, 0xF7, 0xB7, 0x13, 0x78,
    0xF1, 0x35, 0xF9, 0x13, 0x0F, 0x01, 0x31, 0xFE, 0x1F, 0x7F, 0xE1, 0xFF, 0x8C, 0x10, 0x0F, 0x80,
    0x00, 0xF8, 0x00, 0xFD, 0xF0, 0x0C, 0x03, 0x00, 0x00, 0x00, 0x00, 0x00, 0x00, 0x84, 0x00, 0x0C,
    0x40, 0x00, 0x84, 0x00, 0xFF, 0xFE, 0x1F, 0xFF, 0xF1, 0x8C, 0x63, 0x18, 0x84, 0x31, 0x8C, 0x43,
    0x18, 0x84, 0x31, 0xFF, 0xFF, 0x1F, 0xFF, 0xF1, 0x88, 0x43, 0x18, 0xC4, 0x31, 0x88, 0x43, 0x18,
    0x84, 0x31, 0xFF, 0xFF, 0x1F, 0xFF, 0xF1, 0x80, 0x03, 0x00, 0x00, 0x00, 0x00, 0x00, 0x00, 0x00,
    0x03, 0xFF, 0xFF, 0x00, 0x30, 0x00, 0x5F, 0xF4, 0x0F, 0xFF, 0xE0, 0xC3, 0x06, 0x0C, 0x30, 0x60,
    0xFF, 0xFE, 0x0F, 0xFF, 0xE0, 0xC3, 0x06, 0x0F, 0xFF, 0xE0, 0x7F, 0xFC, 0x06, 0x30, 0x00, 0x36,
    0x00, 0x01, 0xE0, 0x00, 0x3F, 0x80, 0x1F, 0x3F, 0xF1, 0xC0, 0x3F, 0x00, 0x00, 0x00, 0x00, 0x00,
    0x00, 0x30, 0x00, 0x7F, 0xFC, 0x00, 0x30, 0xC3, 0xFF, 0xFF, 0x00, 0x38, 0xC0, 0x7F, 0xFC, 0x07,
    0xFF, 0x80, 0xFF, 0xFE, 0x0F, 0xFF, 0xE0, 0x03, 0x00, 0x3F, 0xFF, 0xF0, 0x7F, 0xFC, 0x07, 0xFF,
    0xC0, 0x60, 0x0C, 0x07, 0xFF, 0xC0, 0x60, 0x0C, 0x07, 0xFF, 0xC0, 0x7F, 0xFC, 0x00, 0x00, 0x00,
    0x00, 0x00, 0x07, 0xFF, 0xC0, 0x7F, 0xFC, 0x06, 0x00, 0xC0, 0x7F, 0xFC, 0x06, 0x00, 0xC0, 0x7F,
    0xFC, 0x00, 0x00, 0x01, 0xFF, 0xFF, 0x1F, 0xFF, 0xF0, 0xC6, 0x00, 0x0F, 0xFF, 0xF0, 0xFE, 0xFE,
    0x0F, 0xE4, 0x60, 0xFE, 0x6C, 0x0C, 0x63, 0x83, 0xFE, 0x7C, 0x3F, 0x7E, 0xF0, 0x07, 0x83, 0x00,
    0x00, 0x00, 0x00, 0x00, 0x02, 0x00, 0x00, 0x7F, 0xFC, 0x06, 0x00, 0xC0, 0x60, 0x0C, 0x06, 0x00,
    0xC0, 0x70, 0x0C, 0x07, 0xFF, 0xC0, 0x60, 0x0C, 0x06, 0x00, 0xC0, 0x60, 0x0C, 0x07, 0xFF, 0xC0,
    0x7F, 0xFC, 0x06, 0x00, 0xC0, 0xC0, 0x0C, 0x0C, 0x00, 0xC1, 0x80, 0x0C, 0x38, 0x0F, 0xC3, 0x00,
    0xF8, 0x00, 0x00, 0x00, 0x00, 0x00, 0x0C, 0x67, 0xF0, 0xC6, 0x7F, 0x1F, 0xF6, 0x31, 0xFF, 0x63,
    0x0C, 0x66, 0x30, 0xFE, 0x7F, 0x0F, 0xE7, 0xF0, 0xC6, 0x43, 0x0F, 0xE6, 0x30, 0xFE, 0x63, 0x0C,
    0x67, 0xF1, 0xFF, 0x63, 0x3F, 0xFC, 0x30, 0x48, 0xC3, 0x0C, 0xCC, 0x30, 0xC6, 0xC3, 0x18, 0x78,
    0xF1, 0x01, 0x8F, 0x00, 0x00, 0x00, 0x00, 0x00, 0x00, 0x30, 0x00, 0x03, 0x00, 0x00, 0x10, 0x01,
    0xFF, 0xFF, 0x1F, 0xFF, 0xF0, 0x07, 0xC0, 0x00, 0x7C, 0x00, 0x0F, 0xE0, 0x01, 0xD6, 0x00, 0x1B,
    0x30, 0x03, 0x31, 0x80, 0x61, 0x0C, 0x1E, 0x38, 0xF3, 0x9F, 0xF3, 0x10, 0x38, 0x10, 0x01, 0x00,
    0x00, 0x30, 0x00, 0x01, 0x00, 0x00, 0x00, 0x00, 0x00, 0x00, 0x03, 0x0C, 0x00, 0x30, 0xC0, 0x03,
    0x0C, 0x00, 0x30, 0xC0, 0x1F, 0xEC, 0x01, 0xFE, 0xC0, 0x03, 0x0C, 0x00, 0x78, 0xC0, 0x07, 0xCC,
    0x00, 0xF6, 0xC0, 0x0F, 0x6C, 0x01, 0xB0, 0xC0, 0x1B, 0x0C, 0x03, 0x30, 0xC1, 0x03, 0x0C, 0x10,
    0x30, 0xC1, 0x03, 0x0F, 0xF0, 0x30, 0x7F, 0x00, 0x00, 0x00, 0x00, 0x00, 0x02, 0x00, 0x00, 0x21,
    0xFC, 0x02, 0x18, 0xC1, 0xFD, 0x8C, 0x3F, 0xD8, 0xC0, 0x61, 0x8C, 0x06, 0x18, 0xC0, 0x71, 0x8C,
    0x0F, 0x98, 0xC0, 0xFD, 0x8C, 0x1A, 0xD8, 0xC1, 0x21, 0x8C, 0x32, 0x10, 0xC3, 0x23, 0x0D, 0x02,
    0x30, 0xD0, 0x26, 0x0D, 0x02, 0x60, 0xF0, 0x24, 0x07, 0x00, 0x00, 0x00, 0x00, 0x00, 0x02, 0x00,
    0x00, 0x23, 0xFF, 0x02, 0x0E, 0x01, 0xFC, 0xC0, 0x3F, 0xCC, 0x00, 0x60, 0xC0, 0x06, 0x18, 0x00,
    0x61, 0xFF, 0x0F, 0x1F, 0xF0, 0xF9, 0x83, 0x1A, 0xC0, 0x31, 0xA4, 0x03, 0x32, 0x00, 0x33, 0x20,
    0x03, 0x02, 0x00, 0x60, 0x20, 0x06, 0x02, 0x03, 0xE0, 0x20, 0x3C, 0x00, 0x00, 0x00, 0x00, 0x00,
    0x02, 0x00, 0xC0, 0x20, 0x0C, 0x02, 0x00, 0xC0, 0x20, 0x0C, 0x3F, 0xFF, 0xF3, 0xFF, 0xFF, 0x07,
    0x01, 0xC0, 0x78, 0x1C, 0x0F, 0x83, 0xC0, 0xEC, 0x6C, 0x1A, 0x46, 0xC1, 0x20, 0xCC, 0x32, 0x18,
    0xC2, 0x23, 0x0C, 0x02, 0x20, 0xC0, 0x20, 0x0C, 0x02, 0x07, 0xC0, 0x20, 0x7C, 0x00, 0x00, 0x00,
    0x00, 0x00, 0x00, 0x30, 0x00, 0x01, 0x00, 0x1F, 0xFF, 0xF0, 0xFF, 0xFE, 0x06, 0x10, 0xC0, 0x73,
    0x0C, 0x03, 0x31, 0x80, 0x11, 0x10, 0x1F, 0xFF, 0xF3, 0xFF, 0xFF, 0x00, 0x7C, 0x00, 0x0F, 0xE0,
    0x01, 0x97, 0x00, 0x33, 0x38, 0x0E, 0x30, 0xE1, 0xC3, 0x07, 0x38, 0x30, 0x30, 0x01, 0x00, 0x00,
    0x00, 0x00, 0x00, 0x00, 0x00, 0x10, 0x01, 0xFF, 0xFF, 0x1F, 0xFF, 0xF0, 0x01, 0x00, 0x0F, 0xFF,
    0xE0, 0xFF, 0xFE, 0x0C, 0x10, 0x60, 0xC3, 0x06, 0x0F, 0xFF, 0xE0, 0xC3, 0x06, 0x0C, 0x38, 0x60,
    0xFF, 0xFE, 0x00, 0xFC, 0x00, 0x1F, 0x60, 0x03, 0xB3, 0x80, 0xE3, 0x1E, 0x3C, 0x30, 0x71, 0x03,
    0x01, 0x00, 0x00, 0x00, 0x00, 0x00, 0x00, 0x00, 0x00, 0x7F, 0xFE, 0x06, 0x30, 0x60, 0x6B, 0xB6,
    0x07, 0xFF, 0xE0, 0x61, 0x06, 0x06, 0x10, 0x60, 0x7F, 0xFE, 0x07, 0xFF, 0xE0, 0x01, 0x00, 0x1F,
    0xFF, 0xF1, 0xFF, 0xFF, 0x00, 0xFE, 0x00, 0x19, 0x30, 0x07, 0x11, 0xC1, 0xE1, 0x0F, 0x38, 0x10,
    0x30, 0x01, 0x00, 0x00, 0x00, 0x00, 0x00, 0x00, 0x02, 0x03, 0x00, 0x20, 0x30, 0x02, 0x3F, 0xF1,
    0xFF, 0xFF, 0x3F, 0xC3, 0x00, 0x60, 0x30, 0x06, 0x03, 0x00, 0x73, 0xFF, 0x0F, 0x3F, 0xF0, 0xF9,
    0x82, 0x1A, 0xD8, 0x61, 0xA0, 0xCE, 0x32, 0x0C, 0xC3, 0x20, 0x78, 0x02, 0x07, 0x80, 0x21, 0xFC,
    0x02, 0x78, 0xF0, 0x26, 0x03, 0x00, 0x00, 0x00, 0x00, 0x00, 0x06, 0x06, 0x00, 0x60, 0x60, 0x06,
    0x06, 0x01, 0xF0, 0x60, 0x3F, 0xFF, 0xF0, 0xE7, 0xFF, 0x0E, 0x06, 0x00, 0xF0, 0x60, 0x0F, 0x86,
    0x01, 0xFF, 0xFE, 0x16, 0x7F, 0xE3, 0x66, 0x02, 0x36, 0x60, 0x22, 0x66, 0x02, 0x06, 0x60, 0x20,
    0x66, 0x06, 0x06, 0x7F, 0xE0, 0x66, 0x02, 0x00, 0x00, 0x00, 0x00, 0x00, 0x02, 0x00, 0x01, 0xFE,
    0x7E, 0x1F, 0xF7, 0xF0, 0x63, 0x43, 0x06, 0x24, 0x30, 0x42, 0x43, 0x0C, 0x67, 0xF1, 0x9E, 0x7F,
    0x11, 0xC0, 0x00, 0x01, 0x80, 0x00, 0x38, 0x03, 0xFF, 0xFF, 0x00, 0x7C, 0x00, 0x0F, 0xE0, 0x03,
    0x9B, 0x80, 0xF1, 0x9E, 0x1C, 0x18, 0x71, 0x01, 0x80, 0x00, 0x00, 0x00, 0x00, 0x00, 0x06, 0x00,
    0x00, 0x63, 0xFF, 0x06, 0x3D, 0xB0, 0x62, 0xDB, 0x3F, 0xBD, 0xB3, 0xFB, 0xDB, 0x06, 0x2D, 0xB0,
    0xE3, 0xDB, 0x0F, 0xFF, 0xF1, 0xFB, 0xDB, 0x1E, 0xAD, 0xB3, 0x63, 0xDB, 0x36, 0x3D, 0xB2, 0x63,
    0xDB, 0x06, 0x3D, 0xB0, 0x62, 0xDB, 0x06, 0x3D, 0xF0, 0x62, 0xDF, 0x00, 0x00, 0x00, 0x00, 0x00,
    0x00, 0x30, 0x00, 0x01, 0x00, 0x3F, 0xFF, 0xF3, 0xFF, 0xFF, 0x00, 0xFE, 0x00, 0x39, 0x30, 0x07,
    0x31, 0xC1, 0xE1, 0x0F, 0x3B, 0xFF, 0x70, 0x3F, 0xF8, 0x02, 0x01, 0x80, 0x3F, 0xF8, 0x02, 0x01,
    0x80, 0x3F, 0xF8, 0x03, 0xFF, 0x80, 0x20, 0x18, 0x3F, 0xFF, 0xF3, 0xFF, 0xFF, 0x00, 0x00, 0x00,
    0x00, 0x00, 0x06, 0x06, 0x00, 0x60, 0x60, 0x06, 0x7F, 0xF3, 0xFF, 0xFF, 0x3F, 0x82, 0x00, 0x60,
    0x60, 0x0E, 0x7F, 0xE0, 0xE7, 0xFF, 0x0F, 0x66, 0x31, 0xFE, 0x63, 0x1F, 0xE6, 0x33, 0x66, 0x63,
    0x36, 0x66, 0x32, 0x66, 0x63, 0x06, 0x66, 0xF0, 0x66, 0x6E, 0x06, 0x06, 0x00, 0x60, 0x60, 0x00,
    0x00, 0x00, 0x00, 0x00, 0x0C, 0x30, 0xC0, 0x63, 0x0C, 0x06, 0x11, 0x81, 0xFF, 0xFE, 0x1F, 0xFF,
    0xF1, 0x00, 0x03, 0x10, 0x30, 0x31, 0x03, 0x02, 0x1F, 0xFF, 0xE1, 0xFF, 0xFF, 0x00, 0x7C, 0x00,
    0x0F, 0xC0, 0x01, 0xB6, 0x00, 0x3B, 0x38, 0x0E, 0x31, 0xC3, 0xC3, 0x0F, 0x30, 0x30, 0x30, 0x03,
    0x00, 0x00, 0x00, 0x00, 0x00, 0x00, 0x02, 0x03, 0x00, 0x20, 0x30, 0x02, 0x3F, 0xF1, 0xFF, 0xFF,
    0x1F, 0xCC, 0x40, 0x61, 0x86, 0x06, 0x18, 0x30, 0x73, 0x03, 0x0F, 0xF8, 0xD0, 0xF8, 0xCC, 0x1E,
    0xCC, 0xC1, 0xA0, 0x78, 0x32, 0x07, 0x81, 0x20, 0x38, 0x02, 0x0F, 0xC0, 0x21, 0xCE, 0x02, 0x78,
    0x70, 0x26, 0x01, 0x00, 0x00, 0x00, 0x00, 0x00, 0x02, 0x03, 0x00, 0x21, 0xB0, 0x02, 0x1B, 0x01,
    0xF9, 0xFE, 0x1F, 0xDF, 0xF0, 0x63, 0x30, 0x07, 0x23, 0x00, 0x72, 0x30, 0x0F, 0xBF, 0xF0, 0xEF,
    0xFF, 0x1A, 0x07, 0x81, 0xA0, 0xFC, 0x32, 0x0F, 0xC1, 0x21, 0xB6, 0x02, 0x33, 0x30, 0x26, 0x33,
    0x02, 0x63, 0x10, 0x20, 0x30, 0x00, 0x00, 0x00, 0x00, 0x00, 0x02, 0x03, 0x00, 0x20, 0x30, 0x02,
    0x7F, 0xF1, 0xFF, 0xFF, 0x1F, 0xC6, 0x00, 0x60, 0xC4, 0x06, 0x3C, 0xE0, 0x73, 0x8C, 0x0F, 0x9D,
    0x80, 0xF8, 0xF1, 0x1E, 0xCE, 0x31, 0xA1, 0xC6, 0x32, 0x30, 0xC1, 0x22, 0x1C, 0x02, 0x07, 0xE0,
    0x21, 0xE7, 0x02, 0x78, 0x30, 0x26, 0x01, 0x00, 0x00, 0x00, 0x00, 0x00, 0x02, 0x00, 0x00, 0x21,
    0xFF, 0x02, 0x10, 0x30, 0x61, 0x03, 0x1F, 0xDF, 0xF1, 0xF9, 0xFF, 0x06, 0x10, 0x30, 0x71, 0x03,
    0x0F, 0x9F, 0xF0, 0xF9, 0x30, 0x1E, 0xD3, 0x31, 0xA1, 0x37, 0x32, 0x11, 0xE3, 0x21, 0x18, 0x02,
    0x10, 0xC0, 0x23, 0xFE, 0x02, 0x7F, 0x70, 0x22, 0x01, 0x00, 0x00, 0x00, 0x00, 0x00, 0x02, 0x04,
    0x00, 0x20, 0xFE, 0x02, 0x1F, 0xE1, 0xF9, 0x86, 0x1F, 0xFC, 0xC0, 0x66, 0x6C, 0x07, 0x07, 0x80,
    0x78, 0x38, 0x0F, 0x8F, 0xC0, 0xED, 0xCF, 0x1A, 0x78, 0x71, 0xA7, 0xFF, 0x32, 0x10, 0x23, 0x21,
    0x03, 0x02, 0x10, 0x20, 0x21, 0x82, 0x02, 0x1F, 0xF0, 0x21, 0x02, 0x00, 0x00, 0x00, 0x00, 0x00,
    0x01, 0x86, 0xC0, 0xFF, 0x66, 0x1F, 0xF6, 0x30, 0x18, 0x61, 0x01, 0x86, 0x01, 0xFF, 0xFF, 0x3F,
    0xFF, 0xF0, 0x18, 0x60, 0x01, 0x83, 0x31, 0xFF, 0x36, 0x1F, 0xF3, 0x60, 0x38, 0x3C, 0x07, 0xE3,
    0x80, 0xFF, 0x38, 0x1D, 0x97, 0x81, 0x98, 0xED, 0x01, 0xB8, 0xF0, 0x19, 0x07, 0x00, 0x00, 0x00,
    0x00, 0x00, 0x06, 0x18, 0x00, 0x63, 0x3F, 0x04, 0x30, 0x01, 0xF6, 0x00, 0x3F, 0xC8, 0x00, 0xE1,
    0x80, 0x0E, 0x1F, 0xF0, 0xE3, 0x07, 0x0F, 0x70, 0x61, 0xFF, 0x06, 0x1E, 0x10, 0x63, 0x61, 0x06,
    0x36, 0x10, 0x60, 0x61, 0x06, 0x06, 0x10, 0x60, 0x61, 0x06, 0x06, 0x11, 0xE0, 0x41, 0x1E, 0x00,
    0x00, 0x00, 0x00, 0x00, 0x00, 0x10, 0x01, 0xFF, 0xFF, 0x1F, 0xFF, 0xF1, 0x86, 0x03, 0x1F, 0xFF,
    0xF1, 0xFF, 0xFF, 0x03, 0x83, 0x00, 0x3F, 0xE0, 0x00, 0x7F, 0x01, 0xFF, 0x3E, 0x0E, 0x10, 0x61,
    0xFF, 0xFF, 0x3F, 0xFF, 0xF0, 0x0F, 0xE0, 0x01, 0xF7, 0x00, 0xF3, 0x1E, 0x3C, 0x30, 0xF1, 0x01,
    0x01, 0x00, 0x00, 0x00, 0x00, 0x00, 0x02, 0x62, 0x10, 0x26, 0x31, 0x02, 0x33, 0x31, 0xFB, 0x33,
    0x1F, 0xF0, 0x30, 0x60, 0x06, 0x06, 0x06, 0x20, 0x70, 0x60, 0x0F, 0xBF, 0xF0, 0xFF, 0xFF, 0x1E,
    0xDC, 0x61, 0xA1, 0x86, 0x32, 0x18, 0xE1, 0x23, 0xFC, 0x02, 0x03, 0xC0, 0x20, 0x7E, 0x02, 0x7E,
    0x70, 0x27, 0x01, 0x00, 0x00, 0x00, 0x00, 0x00, 0x02, 0x06, 0xE0, 0x20, 0x62, 0x02, 0x07, 0xF1,
    0xFF, 0xFF, 0x1F, 0xC6, 0x00, 0x60, 0x7F, 0x06, 0x3F, 0xF0, 0x70, 0x60, 0x0F, 0x87, 0xF0, 0xFF,
    0xFF, 0x1A, 0xFF, 0x01, 0xA0, 0x37, 0x32, 0x03, 0xE1, 0x20, 0x1C, 0x02, 0x03, 0x80, 0x21, 0xFD,
    0x02, 0x7C, 0xF0, 0x22, 0x07, 0x00, 0x00, 0x00, 0x00, 0x00, 0x06, 0x00, 0x00, 0x6F, 0xFF, 0x06,
    0x06, 0x03, 0xF3, 0x72, 0x3F, 0xFF, 0xE0, 0x66, 0x62, 0x0E, 0x66, 0x20, 0xF7, 0xFE, 0x0F, 0xFF,
    0xE1, 0xFE, 0x62, 0x16, 0x7F, 0xE3, 0x67, 0xFE, 0x36, 0x66, 0x02, 0x63, 0xC0, 0x06, 0x1C, 0x00,
    0x63, 0xF0, 0x07, 0xF7, 0xF0, 0x7C, 0x0F, 0x00, 0x00, 0x00, 0x00, 0x00, 0x06, 0x01, 0x60, 0x60,
    0x13, 0x06, 0x01, 0xB1, 0xFF, 0xFF, 0x3F, 0xFF, 0xF0, 0x60, 0x18, 0x0E, 0x35, 0x90, 0xF3, 0x59,
    0x0F, 0x25, 0xB0, 0xFF, 0xFB, 0x1E, 0x7F, 0xA1, 0x62, 0x4E, 0x36, 0x24, 0xE3, 0x66, 0x4C, 0x06,
    0x65, 0xD0, 0x6C, 0x7D, 0x06, 0xC7, 0x70, 0x60, 0x63, 0x00, 0x00, 0x00, 0x00, 0x00, 0x00, 0x10,
    0x01, 0xFF, 0xFF, 0x1F, 0xFF, 0xF0, 0x18, 0x38, 0x1F, 0xFF, 0xE1, 0xFF, 0xFF, 0x02, 0x10, 0x83,
    0xFF, 0xFF, 0x1F, 0xFF, 0xF0, 0x23, 0x8C, 0x03, 0xFF, 0xC0, 0x03, 0x80, 0x3F, 0xFF, 0xF1, 0xFF,
    0xFF, 0x01, 0xFF, 0x00, 0x79, 0x3C, 0x3E, 0x10, 0xF1, 0x01, 0x01, 0x00, 0x00, 0x00, 0x00, 0x00,
    0x06, 0x18, 0x60, 0x61, 0x86, 0x06, 0x3F, 0xF1, 0xF7, 0xFF, 0x3F, 0x98, 0x60, 0x61, 0x86, 0x0E,
    0x1F, 0xE0, 0xF1, 0x86, 0x0F, 0x9F, 0xE1, 0xF9, 0xFE, 0x16, 0x18, 0x63, 0x67, 0xFF, 0x36, 0x7F,
    0xF0, 0x60, 0x8C, 0x06, 0x1C, 0xE0, 0x63, 0x87, 0x06, 0x70, 0x30, 0x66, 0x01, 0x00, 0x00, 0x00,
    0x00, 0x00, 0x02, 0x03, 0x00, 0x20, 0x30, 0x02, 0x7F, 0xF0, 0x67, 0xFF, 0x1F, 0xF0, 0x10, 0x77,
    0xFF, 0x06, 0x1F, 0xE0, 0x71, 0x82, 0x0F, 0x9F, 0xE0, 0xF9, 0xFE, 0x1E, 0xD8, 0x01, 0xA1, 0xFF,
    0x32, 0x1F, 0xF1, 0x21, 0x81, 0x02, 0x18, 0x10, 0x21, 0x83, 0x02, 0x1F, 0xF0, 0x21, 0x83, 0x00,
    0x00, 0x00, 0x00, 0x00, 0x06, 0x03, 0x00, 0x63, 0xFF, 0x06, 0x3F, 0xF1, 0xF0, 0x70, 0x3F, 0x8F,
    0xC0, 0x63, 0xCF, 0x0E, 0x70, 0x30, 0xF7, 0xFF, 0x0F, 0xFF, 0xF1, 0xF9, 0xE2, 0x1E, 0x3F, 0x23,
    0x63, 0x32, 0x36, 0x33, 0x22, 0x63, 0xF2, 0x06, 0x3F, 0x20, 0x63, 0x02, 0x06, 0x01, 0xE0, 0x60,
    0x1E, 0x00, 0x00, 0x00, 0x00, 0x00, 0x06, 0x07, 0x00, 0x60, 0xF8, 0x06, 0x19, 0xC0, 0x63, 0x0E,
    0x3F, 0xFF, 0xF1, 0xFD, 0xFD, 0x0E, 0x02, 0x00, 0xE7, 0xFE, 0x0F, 0x7F, 0xE1, 0xFE, 0x62, 0x1F,
    0xE6, 0x23, 0x67, 0xFE, 0x36, 0x7F, 0xE2, 0x60, 0x70, 0x06, 0x0D, 0x80, 0x61, 0x8C, 0x06, 0xF0,
    0x70, 0x6C, 0x03, 0x00, 0x00, 0x00, 0x00, 0x00, 0x0C, 0xCC, 0xE0, 0x6C, 0xCC, 0x06, 0xCD, 0xC3,
    0xFF, 0xFF, 0x03, 0x87, 0x00, 0x18, 0x60, 0x0F, 0xFF, 0xE1, 0xFF, 0xFF, 0x00, 0x30, 0x00, 0xFF,
    0xFE, 0x07, 0xFF, 0xC0, 0x03, 0x00, 0x3F, 0xFF, 0xF1, 0xFF, 0xFF, 0x01, 0xFE, 0x00, 0xF3, 0x3C,
    0x3E, 0x30, 0xF1, 0x03, 0x03, 0x00, 0x00, 0x00, 0x00, 0x00, 0x06, 0xFF, 0xF0, 0x6F, 0xFF, 0x06,
    0x18, 0x00, 0x61, 0x80, 0x3F, 0x9F, 0xF1, 0xF1, 0x3F, 0x0E, 0x7B, 0x90, 0xED, 0xBB, 0x0F, 0x5A,
    0xF1, 0xFD, 0xAE, 0x1F, 0xDA, 0x61, 0x6F, 0xA6, 0x36, 0xC2, 0xF2, 0x64, 0x79, 0x06, 0x1E, 0x00,
    0x61, 0xC0, 0x06, 0xFF, 0xF0, 0x60, 0x00, 0x00, 0x00, 0x00, 0x00, 0x00, 0x02, 0x10, 0x80, 0x21,
    0x08, 0x02, 0x18, 0xB0, 0x21, 0xFF, 0x1F, 0xD0, 0xC1, 0xF9, 0x08, 0x06, 0x3F, 0xF0, 0x77, 0xFF,
    0x0F, 0x83, 0x00, 0xF8, 0x30, 0x0E, 0xFF, 0xF1, 0xA3, 0xFF, 0x12, 0x38, 0x33, 0x23, 0xFF, 0x02,
    0x38, 0x30, 0x23, 0x83, 0x02, 0x3F, 0xF0, 0x23, 0x83, 0x00, 0x00, 0x00, 0x00, 0x00, 0x00, 0x10,
    0x01, 0x8F, 0xE3, 0x0C, 0xFE, 0x60, 0x68, 0x7C, 0x02, 0x86, 0x80, 0x0F, 0xE0, 0x07, 0xC7, 0xC0,
    0xEC, 0x6F, 0x38, 0xFE, 0x30, 0x03, 0x80, 0x00, 0x38, 0x03, 0xFF, 0xFF, 0x00, 0xFC, 0x00, 0x1F,
    0xE0, 0x03, 0x93, 0x80, 0xF1, 0x1E, 0x3C, 0x10, 0x71, 0x01, 0x00, 0x00, 0x00, 0x00, 0x00, 0x00,
    0x06, 0x00, 0x00, 0x6F, 0xFF, 0x06, 0xCD, 0xA0, 0x6C, 0xD2, 0x3F, 0xFD, 0xA1, 0xEF, 0xDA, 0x0E,
    0xCD, 0x20, 0xE4, 0xDE, 0x0F, 0xFF, 0xF1, 0xFC, 0x1E, 0x1E, 0xC8, 0x61, 0x6D, 0x8E, 0x36, 0xCC,
    0xE2, 0x67, 0xDE, 0x06, 0xFF, 0x60, 0x6C, 0x76, 0x06, 0x0E, 0x70, 0x60, 0x87, 0x00, 0x00, 0x00,
    0x00, 0x00, 0x06, 0x18, 0xC0, 0x67, 0xFF, 0x06, 0x7F, 0xF0, 0x61, 0x8C, 0x3F, 0xBF, 0xF3, 0xF9,
    0x8C, 0x06, 0x7F, 0xF0, 0xE0, 0x60, 0x0F, 0x3F, 0xE1, 0xFB, 0xFF, 0x1E, 0xB6, 0x31, 0x63, 0xFF,
    0x36, 0x36, 0x32, 0x67, 0xFF, 0x06, 0xFF, 0xF0, 0x63, 0x03, 0x06, 0x30, 0xF0, 0x63, 0x0E, 0x00,
    0x00, 0x00, 0x00, 0x00, 0x06, 0x18, 0x00, 0x61, 0xFF, 0x06, 0x3F, 0xF0, 0x63, 0x60, 0x3F, 0xA6,
    0x01, 0xF7, 0xFF, 0x0E, 0x3F, 0xF0, 0xF1, 0x98, 0x0F, 0xBF, 0xF1, 0xFB, 0x98, 0x1E, 0xF9, 0x83,
    0x6D, 0xFF, 0x36, 0x19, 0x82, 0x61, 0xFF, 0x06, 0x1F, 0xF0, 0x61, 0x98, 0x06, 0x1F, 0xF0, 0x61,
    0x80, 0x00, 0x00, 0x00, 0x00, 0x00, 0x06, 0x18, 0xC0, 0x67, 0xFF, 0x06, 0x7F, 0xF0, 0x61, 0x8C,
    0x3F, 0xDA, 0xD1, 0xEF, 0xFF, 0x0E, 0x06, 0x00, 0xE3, 0xFF, 0x0F, 0x7F, 0xF1, 0xFE, 0x63, 0x1F,
    0xFF, 0xF3, 0x67, 0xFF, 0x36, 0x66, 0x32, 0x67, 0xFF, 0x06, 0x18, 0xC0, 0x63, 0x8E, 0x06, 0xF0,
    0x70, 0x6C, 0x01, 0x00, 0x00, 0x00, 0x00, 0x00, 0x06, 0x3F, 0xE0, 0x67, 0xF8, 0x06, 0x06, 0x00,
    0x6F, 0xFF, 0x3F, 0x9D, 0xC1, 0xF1, 0xFC, 0x06, 0x7F, 0xF0, 0xEF, 0x8F, 0x0F, 0x1F, 0xC1, 0xF0,
    0x78, 0x1F, 0xFF, 0xF1, 0x6F, 0xFF, 0x36, 0x6F, 0x92, 0x66, 0xDB, 0x06, 0x68, 0xB0, 0x66, 0xF9,
    0x06, 0x68, 0xF0, 0x66, 0x0F, 0x00, 0x00, 0x00, 0x00, 0x00, 0x06, 0x36, 0x40, 0x63, 0x6C, 0x06,
    0x6E, 0xD0, 0x6F, 0xFB, 0x3F, 0xF6, 0xE3, 0xFB, 0x66, 0x06, 0x6E, 0xD0, 0xEF, 0xFF, 0x0F, 0x7F,
    0xC0, 0xF8, 0x36, 0x1E, 0xFF, 0xF1, 0x67, 0xFF, 0x36, 0x33, 0x62, 0x67, 0x9E, 0x06, 0x6D, 0xC0,
    0x6C, 0x39, 0x06, 0xCE, 0xF0, 0x48, 0xC7, 0x00, 0x00, 0x00, 0x00, 0x00, 0x03, 0x80, 0x00, 0x30,
    0x00, 0x03, 0x00, 0x00, 0x7F, 0xFF, 0x07, 0xFF, 0xF0, 0xE3, 0x03, 0x0C, 0x30, 0x61, 0x83, 0x06,
    0x38, 0x38, 0xE1, 0x03, 0x8C, 0x00, 0x38, 0x00, 0x06, 0xC0, 0x00, 0xEC, 0x00, 0x0C, 0x60, 0x01,
    0x83, 0x00, 0x70, 0x1C, 0x1E, 0x00, 0xF1, 0x80, 0x07, 0x00, 0x00, 0x00, 0x00, 0x00, 0x00, 0x30,
    0x01, 0x83, 0x00, 0x1E, 0x60, 0x00, 0xE7, 0xFF, 0x06, 0x7F, 0xF0, 0x0C, 0x63, 0x00, 0xC6, 0x30,
    0x18, 0x66, 0x01, 0x86, 0x60, 0x00, 0xE0, 0x03, 0x0E, 0x00, 0x60, 0xF0, 0x0C, 0x1B, 0x01, 0x83,
    0x18, 0x30, 0x71, 0xC0, 0x0E, 0x0E, 0x03, 0xC0, 0x70, 0x30, 0x03, 0x00, 0x00, 0x00, 0x00, 0x00,
    0x00, 0x0C, 0x01, 0xFE, 0xC0, 0x18, 0x4C, 0x01, 0x0C, 0xFF, 0x18, 0xDB, 0x31, 0xED, 0xB3, 0x17,
    0x9B, 0x31, 0x3B, 0x32, 0x11, 0x93, 0x21, 0x3C, 0x30, 0x13, 0x63, 0x01, 0x66, 0x78, 0x1E, 0x07,
    0x81, 0x00, 0xCC, 0x1F, 0xFC, 0xC1, 0xFF, 0x86, 0x10, 0x30, 0x30, 0x02, 0x01, 0x00, 0x00, 0x00,
    0x00, 0x00, 0x0C, 0x66, 0x00, 0xC6, 0x60, 0x3F, 0xF4, 0x01, 0xFF, 0xFF, 0x0C, 0x6F, 0xF0, 0xFE,
    0xD9, 0x0F, 0xED, 0xB0, 0xC7, 0x9B, 0x0F, 0xE9, 0x90, 0xFE, 0x18, 0x0C, 0x63, 0x83, 0xFF, 0x38,
    0x3F, 0xFB, 0xC0, 0x44, 0x6C, 0x0E, 0x66, 0x60, 0xC7, 0xC3, 0x18, 0x38, 0x31, 0x01, 0x80, 0x00,
    0x00, 0x00, 0x00, 0x00, 0x03, 0x06, 0x01, 0xFE, 0x60, 0x3F, 0xF6, 0x00, 0x30, 0xFF, 0x1F, 0xEF,
    0xF1, 0xFF, 0xDB, 0x00, 0x19, 0xB1, 0xFF, 0x9B, 0x1F, 0xF9, 0xA0, 0x00, 0x18, 0x3F, 0xF3, 0x83,
    0xFF, 0x38, 0x1B, 0x46, 0xC1, 0xB6, 0x6C, 0x13, 0x2C, 0x63, 0x31, 0xC7, 0x0F, 0x38, 0x30, 0xE3,
    0x01, 0x00, 0x00, 0x00, 0x00, 0x00, 0x00, 0x06, 0x03, 0xFF, 0x60, 0x00, 0x66, 0x01, 0xF6, 0xFF,
    0x1B, 0x6F, 0xF1, 0xB6, 0xD9, 0x1F, 0x79, 0xB1, 0x1F, 0x9B, 0x00, 0xC1, 0x83, 0xFF, 0x18, 0x3F,
    0xF3, 0x80, 0x06, 0x38, 0x1F, 0x63, 0xC1, 0x16, 0x6C, 0x1F, 0x66, 0x61, 0xF6, 0xC7, 0x11, 0xF8,
    0x30, 0x1F, 0x01, 0x00, 0x00, 0x00, 0x00, 0x00, 0x0C, 0x06, 0x00, 0xFE, 0x60, 0x1F, 0xE6, 0x03,
    0x20, 0x7F, 0x3F, 0xFF, 0xB3, 0xFF, 0xDB, 0x0C, 0x89, 0xB0, 0xD9, 0x9B, 0x1F, 0xF1, 0xA3, 0xD8,
    0x18, 0x3F, 0xE3, 0x80, 0xFE, 0x38, 0x09, 0x82, 0xC0, 0xFE, 0x6C, 0x0D, 0x86, 0x60, 0xD8, 0xC7,
    0x0F, 0xF8, 0x30, 0x81, 0x01, 0x00, 0x00, 0x00, 0x00, 0x00, 0x00, 0x18, 0x00, 0x01, 0x80, 0x00,
    0x18, 0x00, 0x01, 0x80, 0x06, 0x18, 0x00, 0x61, 0x80, 0x06, 0x1F, 0xE0, 0x61, 0xFF, 0x06, 0x18,
    0x00, 0x61, 0x80, 0x06, 0x18, 0x00, 0x61, 0x80, 0x06, 0x18, 0x00, 0x61, 0x80, 0x06, 0x18, 0x00,
    0x61, 0x80, 0x3F, 0xFF, 0xF0, 0x00, 0x00, 0x00, 0x00, 0x00, 0x00, 0x00, 0x00, 0x00, 0x01, 0xFF,
    0xFE, 0x00, 0x38, 0x00, 0x01, 0x00, 0x00, 0x10, 0x00, 0x01, 0x00, 0x06, 0x10, 0x00, 0x61, 0x80,
    0x06, 0x1F, 0xE0, 0x61, 0x80, 0x06, 0x10, 0x00, 0x61, 0x00, 0x06, 0x10, 0x00, 0x61, 0x00, 0x06,
    0x10, 0x00, 0x63, 0x80, 0x3F, 0xFF, 0xF0, 0x00, 0x00, 0x00, 0x00, 0x00, 0x00, 0x00, 0x00, 0x10,
    0x00, 0x61, 0xFE, 0x06, 0x1F, 0xE0, 0x61, 0x00, 0x3F, 0xFF, 0xF3, 0xFF, 0xFF, 0x08, 0x11, 0x21,
    0x9B, 0x33, 0x18, 0x92, 0x31, 0xBF, 0xFB, 0x1B, 0xFF, 0xB1, 0x87, 0xC3, 0x18, 0xF6, 0x31, 0xB9,
    0x3B, 0x1B, 0x11, 0xB1, 0x81, 0x03, 0x1F, 0xFF, 0xF1, 0x80, 0x02, 0x00, 0x00, 0x00, 0x00, 0x00,
    0x02, 0x10, 0x00, 0x23, 0xFC, 0x02, 0x10, 0x00, 0x73, 0x80, 0x3F, 0xFF, 0xF0, 0x00, 0x5C, 0x00,
    0x06, 0xC1, 0xFF, 0xFF, 0x1F, 0xFF, 0xF1, 0xBF, 0x66, 0x1B, 0xFA, 0x61, 0x8C, 0x3C, 0x1B, 0xF3,
    0xC1, 0xAD, 0x98, 0x1E, 0xDB, 0x91, 0xCC, 0x7D, 0x31, 0xDC, 0xF3, 0x1D, 0x87, 0x00, 0x00, 0x00,
    0x00, 0x00, 0x00, 0x00, 0x03, 0xFF, 0xFF, 0x3F, 0xFF, 0xF0, 0x30, 0x40, 0x02, 0x04, 0x00, 0x70,
    0x40, 0x07, 0xF4, 0x30, 0xC3, 0x47, 0x0C, 0x67, 0xC1, 0xC6, 0x78, 0x3F, 0x66, 0x00, 0x3C, 0x40,
    0x01, 0xC4, 0x00, 0x18, 0x41, 0x03, 0x84, 0x10, 0x70, 0x41, 0x1E, 0x07, 0xF1, 0x80, 0x7F, 0x00,
    0x00, 0x00, 0x00, 0x00, 0x00, 0x04, 0xC3, 0xFC, 0x46, 0x0E, 0x0F, 0xF0, 0xC3, 0xFE, 0x0F, 0x84,
    0x00, 0xFC, 0xFE, 0x18, 0xBF, 0xC1, 0x98, 0x60, 0x3D, 0x87, 0xF3, 0xFB, 0xFF, 0x27, 0x26, 0x20,
    0x30, 0x36, 0x03, 0x03, 0xC0, 0x60, 0x38, 0x06, 0x07, 0x90, 0xC1, 0xF9, 0x18, 0x78, 0xF1, 0x06,
    0x07, 0x00, 0x00, 0x00, 0x00, 0x00, 0x00, 0x0F, 0xC1, 0xFE, 0xFC, 0x18, 0x0C, 0xC1, 0x0C, 0xCC,
    0x18, 0xCC, 0xD1, 0xED, 0x8D, 0x17, 0xB8, 0xF1, 0x3B, 0x00, 0x11, 0x9F, 0xE1, 0x3D, 0xC6, 0x13,
    0x6C, 0x61, 0x66, 0xCC, 0x1E, 0x06, 0xC1, 0x00, 0x78, 0x1F, 0xE7, 0x81, 0xFF, 0xFC, 0x10, 0x3C,
    0xF0, 0x03, 0x03, 0x00, 0x00, 0x00, 0x00, 0x00, 0x00, 0xC0, 0x01, 0x99, 0xFC, 0x1F, 0x98, 0xC0,
    0x71, 0x8C, 0x07, 0xD8, 0xD1, 0xCD, 0x8D, 0x3A, 0x10, 0xF1, 0x23, 0x07, 0x1F, 0xFF, 0xE3, 0xFF,
    0xFF, 0x06, 0x18, 0x60, 0xF0, 0xCE, 0x0F, 0xCC, 0xC1, 0xEC, 0x78, 0x32, 0x07, 0x83, 0x20, 0xFC,
    0x02, 0x3C, 0xF0, 0x23, 0x03, 0x00, 0x00, 0x00, 0x00, 0x00, 0x03, 0x07, 0xC3, 0xFE, 0xFC, 0x3F,
    0xEC, 0xC0, 0x30, 0xCC, 0x1F, 0xEC, 0xC1, 0xFE, 0xCD, 0x3F, 0xF8, 0xF3, 0xFF, 0x00, 0x30, 0x3F,
    0xF3, 0xFB, 0xFF, 0x0F, 0x8C, 0x60, 0xC8, 0xC6, 0x0C, 0x86, 0xE0, 0xC8, 0x3C, 0x0C, 0x93, 0x81,
    0x8E, 0x7C, 0x38, 0x7E, 0x73, 0x01, 0x83, 0x00, 0x00, 0x00, 0x00, 0x00, 0x0E, 0x07, 0xC1, 0xDE,
    0x7E, 0x10, 0x64, 0x61, 0x86, 0x46, 0x1D, 0xE4, 0x61, 0x86, 0xC7, 0x10, 0x6C, 0x71, 0xFF, 0x80,
    0x1F, 0xEF, 0xE0, 0x30, 0xFF, 0x03, 0x04, 0x61, 0xFE, 0x66, 0x03, 0x06, 0xC0, 0x30, 0x3C, 0x03,
    0xF3, 0x81, 0xFF, 0xFC, 0x3E, 0x3C, 0x70, 0x03, 0x03, 0x00, 0x00, 0x00, 0x00, 0x00, 0x00, 0x07,
    0xE0, 0x7F, 0xF8, 0x07, 0xFC, 0x00, 0x60, 0xC0, 0x06, 0x0C, 0x00, 0x60, 0xC0, 0x06, 0x0C, 0x00,
    0x7F, 0xFF, 0x07, 0xFF, 0xF0, 0x60, 0x40, 0x06, 0x06, 0x00, 0x60, 0x60, 0x06, 0x06, 0x00, 0x60,
    0x30, 0x06, 0x3B, 0x10, 0xFF, 0x99, 0x1F, 0xC1, 0xF1, 0x00, 0x07, 0x00, 0x00, 0x00, 0x00, 0x00,
    0x00, 0x00, 0x00, 0x7F, 0xFE, 0x06, 0x00, 0x20, 0x60, 0x02, 0x06, 0x00, 0x20, 0x7F, 0xFE, 0x07,
    0xFF, 0xE0, 0x60, 0xC0, 0x06, 0x0C, 0x00, 0x7F, 0xFF, 0x07, 0xFF, 0xF0, 0x60, 0x60, 0x06, 0x06,
    0x00, 0x60, 0x70, 0x06, 0x03, 0x00, 0x7F, 0x99, 0x1F, 0xF0, 0xF1, 0x80, 0x07, 0x00, 0x00, 0x00,
    0x00, 0x00, 0x03, 0x00, 0x00, 0x3F, 0xFF, 0x07, 0xFF, 0xF0, 0xE0, 0x00, 0x0F, 0xFF, 0xC1, 0xBF,
    0xFC, 0x38, 0x00, 0x00, 0xFF, 0xF8, 0x0F, 0xFF, 0x80, 0x01, 0x88, 0x06, 0x18, 0x80, 0x3B, 0x08,
    0x01, 0xE0, 0xC0, 0x0F, 0x0C, 0x01, 0xB8, 0xD0, 0x71, 0xCD, 0x1E, 0x0C, 0x71, 0x80, 0x07, 0x00,
    0x00, 0x00, 0x00, 0x00, 0x01, 0xF0, 0x00, 0x07, 0xE0, 0x00, 0x0E, 0x00, 0x7F, 0x00, 0x07, 0xF0,
    0x00, 0x01, 0x83, 0x00, 0x18, 0x70, 0x01, 0x8E, 0x1F, 0x9D, 0xC0, 0x19, 0xF0, 0x01, 0x96, 0x00,
    0x31, 0x30, 0x03, 0x13, 0x80, 0x61, 0x1C, 0x0C, 0x10, 0xE1, 0x81, 0x07, 0x10, 0xF0, 0x10, 0x0F,
    0x00, 0x00, 0x00, 0x00, 0x00, 0x00, 0x00, 0x33, 0x80, 0x03, 0x1C, 0x00, 0x30, 0x61, 0xFF, 0xFF,
    0x00, 0x38, 0x00, 0x01, 0x82, 0x0C, 0x38, 0x60, 0x63, 0xCC, 0x03, 0x3D, 0x80, 0x33, 0x70, 0x00,
    0x37, 0x00, 0x19, 0x30, 0x03, 0xB1, 0x80, 0xF3, 0x0C, 0x3C, 0x30, 0x71, 0x03, 0x03, 0x01, 0xF0,
    0x00, 0x1F, 0x00, 0x00, 0x00, 0x00, 0x00, 0x00, 0x1C, 0x3F, 0xE0, 0xE7, 0xFF, 0x03, 0x06, 0x00,
    0x00, 0x60, 0x00, 0x06, 0x01, 0x00, 0x60, 0x38, 0x06, 0x00, 0xE0, 0x60, 0x04, 0xFF, 0xF0, 0x00,
    0x60, 0x00, 0x06, 0x00, 0x30, 0x60, 0x07, 0x06, 0x00, 0x60, 0x60, 0x0C, 0x06, 0x00, 0xC0, 0x60,
    0x18, 0x06, 0x00, 0x00, 0x60, 0x00, 0x00, 0x00, 0x00, 0x00, 0x1C, 0x00, 0x00, 0xEF, 0xFF, 0x03,
    0x0C, 0x00, 0x00, 0xC0, 0x00, 0x08, 0x01, 0x01, 0xC0, 0x3C, 0xFF, 0xF0, 0xE1, 0x80, 0x00, 0x18,
    0x00, 0x03, 0xFE, 0x02, 0x3F, 0xE0, 0x23, 0x06, 0x06, 0x00, 0x60, 0xE0, 0x06, 0x0C, 0x00, 0x61,
    0x80, 0x06, 0x18, 0x07, 0xC0, 0x00, 0x7C, 0x00, 0x00, 0x00, 0x00, 0x00, 0x0C, 0x00, 0x00, 0xF7,
    0xFF, 0x03, 0x7F, 0xF0, 0x00, 0x60, 0x00, 0x06, 0x01, 0x00, 0x60, 0x1C, 0x06, 0x00, 0xE0, 0x60,
    0x00, 0x06, 0x00, 0x00, 0x60, 0x01, 0x06, 0x00, 0x30, 0x60, 0x07, 0x06, 0x00, 0x60, 0x60, 0x0C,
    0x06, 0x00, 0xCF, 0xFF, 0x18, 0xFF, 0xF0, 0x00, 0x00, 0x00, 0x00, 0x00, 0x00, 0x00, 0x0C, 0x04,
    0x00, 0xF0, 0x40, 0x03, 0x06, 0x00, 0x07, 0xFE, 0x00, 0x0E, 0x61, 0x80, 0x42, 0x1E, 0x04, 0x20,
    0x60, 0x42, 0x00, 0xFF, 0xF0, 0x0F, 0xFF, 0x02, 0x0F, 0x00, 0x30, 0xF0, 0x06, 0x1D, 0x80, 0x61,
    0x98, 0x0C, 0x30, 0xC1, 0xC7, 0x0E, 0x19, 0xE0, 0x30, 0x18, 0x01, 0x00, 0x00, 0x00, 0x00, 0x00,
    0x08, 0x30, 0x00, 0xE3, 0x00, 0x07, 0x7F, 0xF0, 0x07, 0xFF, 0x00, 0xC0, 0x00, 0x1B, 0xFE, 0x38,
    0x1F, 0xC1, 0xC0, 0x00, 0x04, 0xFF, 0xE0, 0x00, 0x0E, 0x00, 0x00, 0x60, 0x60, 0x06, 0x06, 0x00,
    0x60, 0xC0, 0x06, 0x0C, 0x00, 0x61, 0x80, 0x06, 0x18, 0x00, 0x70, 0x00, 0x03, 0x00, 0x00, 0x00,
    0x00, 0x00, 0x0C, 0x06, 0x00, 0xE0, 0x60, 0x03, 0x06, 0x00, 0x03, 0x66, 0x00, 0x36, 0x61, 0x06,
    0x63, 0x1C, 0x66, 0x30, 0xEC, 0x61, 0x04, 0xC6, 0x10, 0x00, 0x62, 0x00, 0x16, 0x60, 0x31, 0xE6,
    0x06, 0x00, 0xC0, 0x60, 0x1C, 0x0C, 0x03, 0x80, 0xC0, 0xF0, 0x18, 0x7C, 0x01, 0x8F, 0x00, 0x00,
    0x00, 0x00, 0x00, 0x00, 0x18, 0x00, 0x01, 0xFF, 0xFF, 0x06, 0x00, 0x60, 0x00, 0x06, 0x00, 0x00,
    0x63, 0x0F, 0xE6, 0x38, 0xFE, 0x60, 0xCC, 0x66, 0x00, 0xC6, 0x60, 0x0C, 0x66, 0x02, 0xC6, 0x60,
    0x6F, 0xE6, 0x06, 0xC0, 0x60, 0xC4, 0x06, 0x0C, 0x00, 0x61, 0x80, 0x06, 0x18, 0x07, 0xE1, 0x00,
    0x7C, 0x00, 0x00, 0x00, 0x00, 0x00, 0x0C, 0x0C, 0x00, 0xF1, 0xC0, 0x03, 0x18, 0x00, 0x01, 0x8C,
    0x00, 0x30, 0xE1, 0x03, 0x06, 0x1E, 0xFF, 0xF0, 0xFF, 0xFF, 0x00, 0x00, 0x10, 0x00, 0x00, 0x00,
    0x7F, 0xE0, 0x37, 0xFE, 0x06, 0x60, 0x20, 0x66, 0x02, 0x0C, 0x60, 0x20, 0xC6, 0x06, 0x18, 0x7F,
    0xF0, 0x06, 0x02, 0x00, 0x00, 0x00, 0x00, 0x00, 0x1C, 0x19, 0x80, 0xF1, 0x88, 0x03, 0x30, 0xC0,
    0x03, 0x0C, 0x00, 0x70, 0x61, 0x06, 0x06, 0x3C, 0xE0, 0x30, 0xEC, 0x03, 0x00, 0x80, 0x10, 0x07,
    0xFE, 0x00, 0x7F, 0xE0, 0x36, 0x02, 0x06, 0x60, 0x20, 0x66, 0x02, 0x0C, 0x60, 0x21, 0xC6, 0x06,
    0x18, 0x7F, 0xE1, 0x06, 0x02, 0x00, 0x00, 0x00, 0x00, 0x00, 0x0C, 0x00, 0x00, 0xF7, 0xFF, 0x03,
    0x60, 0x30, 0x06, 0x03, 0x00, 0x60, 0x31, 0x06, 0x03, 0x1E, 0x60, 0x30, 0xE7, 0xFF, 0x00, 0x7F,
    0xF0, 0x01, 0x98, 0x00, 0x19, 0x80, 0x31, 0x98, 0x03, 0x19, 0x80, 0x63, 0x18, 0x06, 0x31, 0x90,
    0xC6, 0x19, 0x19, 0xE1, 0xF0, 0x98, 0x1F, 0x00, 0x00, 0x00, 0x00, 0x00, 0x0E, 0x06, 0x00, 0x70,
    0x60, 0x03, 0x06, 0x00, 0x07, 0xFF, 0x00, 0x06, 0x01, 0x80, 0x60, 0x1E, 0x06, 0x00, 0x60, 0x60,
    0x00, 0xFF, 0xF0, 0x01, 0xC0, 0x03, 0x18, 0x00, 0x31, 0x8C, 0x06, 0x18, 0xC0, 0x63, 0x06, 0x0C,
    0x30, 0x70, 0xCF, 0xFF, 0x18, 0xFF, 0x10, 0x00, 0x01, 0x00, 0x00, 0x00, 0x00, 0x00, 0x0C, 0x06,
    0x00, 0xE0, 0x60, 0x03, 0x06, 0x00, 0x0F, 0xFF, 0x00, 0xFF, 0xF1, 0x00, 0x00, 0x1C, 0x20, 0xC0,
    0xE3, 0x0C, 0x00, 0x30, 0xC0, 0x03, 0x0C, 0x02, 0x30, 0xC0, 0x31, 0x18, 0x06, 0x19, 0x80, 0x61,
    0x98, 0x0C, 0x11, 0x81, 0xC0, 0x38, 0x19, 0xFF, 0xF0, 0x00, 0x00, 0x00, 0x00, 0x00, 0x00, 0x00,
    0x1C, 0x3E, 0x00, 0xF0, 0xF8, 0x03, 0x01, 0x80, 0x03, 0xE0, 0x00, 0x7E, 0x03, 0x00, 0x61, 0x1C,
    0x06, 0x30, 0xDF, 0x77, 0x01, 0xF7, 0xE0, 0x03, 0x7C, 0x02, 0x37, 0x80, 0x67, 0x6C, 0x06, 0x66,
    0xC0, 0xCC, 0x66, 0x0D, 0xC6, 0x31, 0x98, 0x61, 0x19, 0x1E, 0x00, 0x01, 0xE0, 0x00, 0x00, 0x00,
    0x00, 0x00, 0x1C, 0x10, 0xC0, 0xF3, 0x0C, 0x03, 0x10, 0xC0, 0x0F, 0xFF, 0x00, 0xFF, 0xF1, 0x03,
    0x0C, 0x1C, 0x10, 0xC0, 0xE1, 0x0C, 0x00, 0x10, 0xC0, 0x01, 0x0C, 0x01, 0xFF, 0xF0, 0x3F, 0xFF,
    0x06, 0x00, 0x00, 0x63, 0x0C, 0x0C, 0x30, 0x61, 0xC6, 0x03, 0x18, 0xC0, 0x30, 0x08, 0x01, 0x00,
    0x00, 0x00, 0x00, 0x00, 0x18, 0x00, 0xE0, 0xE7, 0xFE, 0x07, 0x7E, 0x00, 0x00, 0x60, 0x00, 0x06,
    0x00, 0x00, 0x60, 0x38, 0xFF, 0xF0, 0xE0, 0x60, 0x04, 0x06, 0x00, 0x00, 0x60, 0x02, 0x7F, 0xE0,
    0x37, 0xFE, 0x06, 0x60, 0x20, 0xE6, 0x02, 0x0C, 0x60, 0x21, 0x86, 0x06, 0x18, 0x7F, 0xE1, 0x06,
    0x02, 0x00, 0x00, 0x00, 0x00, 0x00, 0x1C, 0x06, 0xE0, 0xF0, 0x62, 0x03, 0xFF, 0xF0, 0x0F, 0xFF,
    0x00, 0x06, 0x01, 0x00, 0x60, 0x1C, 0xFF, 0xF0, 0xEC, 0x63, 0x00, 0xC6, 0x30, 0x0F, 0xFF, 0x00,
    0xFF, 0xF0, 0x3C, 0x63, 0x06, 0xFF, 0xF0, 0x6F, 0xFF, 0x0C, 0xC6, 0x30, 0xCC, 0x63, 0x18, 0xC6,
    0xF0, 0x0C, 0x6E, 0x00, 0x00, 0x00, 0x00, 0x00, 0x1C, 0x30, 0x00, 0xE6, 0x00, 0x06, 0x7F, 0xF0,
    0x0F, 0xFF, 0x00, 0xC0, 0x03, 0x1F, 0xFE, 0x1C, 0x7F, 0xE0, 0xC6, 0x62, 0x00, 0x66, 0x20, 0x1F,
    0xFF, 0x01, 0xFF, 0xF0, 0x64, 0x66, 0x06, 0xC4, 0x60, 0xCF, 0xFF, 0x0C, 0xFF, 0xF1, 0x8C, 0x06,
    0x18, 0x03, 0xC1, 0x00, 0x3C, 0x00, 0x00, 0x00, 0x00, 0x00, 0x0C, 0x00, 0x00, 0xEF, 0xFF, 0x03,
    0xC1, 0x80, 0x0C, 0x18, 0x00, 0xDF, 0xF1, 0x8D, 0xFF, 0x1C, 0xC1, 0x80, 0xEC, 0x18, 0x00, 0xFF,
    0xF0, 0x0D, 0xFF, 0x00, 0xC1, 0x80, 0x6C, 0x18, 0x06, 0xDF, 0xF0, 0xCD, 0xFF, 0x0D, 0x81, 0x81,
    0xD8, 0x18, 0x1B, 0x3F, 0xF0, 0x10, 0x00, 0x00, 0x00, 0x00, 0x00, 0x00, 0x18, 0x06, 0x01, 0xE0,
    0x40, 0x07, 0xFF, 0xF0, 0x1F, 0xFF, 0x00, 0x62, 0x03, 0x06, 0x60, 0x3C, 0xC7, 0xF0, 0xCC, 0xC3,
    0x01, 0xCF, 0x30, 0x3D, 0xDE, 0x03, 0xF4, 0xE0, 0x4C, 0x6C, 0x0C, 0xC3, 0xC0, 0xCC, 0x38, 0x18,
    0xC3, 0xC1, 0x8C, 0xEE, 0x18, 0xDC, 0x71, 0x0D, 0x01, 0x00, 0x00, 0x00, 0x00, 0x00, 0x0C, 0x03,
    0xE0, 0xF3, 0xFC, 0x03, 0x70, 0x60, 0x06, 0x67, 0x00, 0xE6, 0x31, 0x8C, 0x61, 0x1C, 0x82, 0x10,
    0xE0, 0xFE, 0x00, 0x7F, 0xC0, 0x00, 0x60, 0x00, 0x06, 0x00, 0x3F, 0xFF, 0x06, 0xFF, 0xF0, 0x60,
    0x60, 0x0C, 0x06, 0x00, 0xC0, 0x60, 0x18, 0xFF, 0xF1, 0x8F, 0xFF, 0x00, 0x00, 0x00, 0x00, 0x00,
    0x18, 0x00, 0x00, 0xEF, 0xFE, 0x06, 0xC0, 0x20, 0x0F, 0xFE, 0x00, 0xFF, 0xE1, 0x0C, 0x02, 0x3C,
    0xFF, 0xE0, 0xEF, 0xFE, 0x00, 0x00, 0x00, 0x0C, 0x30, 0x00, 0xC3, 0x10, 0x6F, 0xF7, 0x06, 0xFF,
    0xE0, 0x6C, 0x38, 0x0C, 0xC3, 0x11, 0xCF, 0xF1, 0x19, 0xFF, 0xF1, 0x9C, 0x1F, 0x00, 0x00, 0x00,
    0x00, 0x00, 0x1C, 0x7F, 0xE0, 0xE7, 0xFE, 0x02, 0x60, 0x20, 0x07, 0xFE, 0x00, 0x60, 0x63, 0x06,
    0x02, 0x1C, 0x7F, 0xE0, 0xC3, 0x80, 0x00, 0x3F, 0xF0, 0x07, 0xFF, 0x02, 0xE0, 0x10, 0x7E, 0x73,
    0x06, 0x7E, 0x30, 0xC7, 0x03, 0x0C, 0x61, 0xB1, 0x87, 0xF3, 0x18, 0x3F, 0xE0, 0x00, 0x1E, 0x00,
    0x00, 0x00, 0x00, 0x00, 0x1C, 0x04, 0x00, 0xFF, 0xFF, 0x07, 0xFF, 0xF0, 0x03, 0x0C, 0x00, 0x19,
    0x83, 0x00, 0xF0, 0x38, 0x1F, 0x81, 0xDF, 0x9F, 0x05, 0xE0, 0x70, 0x06, 0x06, 0x00, 0x7F, 0xE0,
    0x67, 0xFE, 0x06, 0x60, 0x60, 0xC7, 0xFE, 0x1C, 0x60, 0x61, 0x8C, 0x06, 0x31, 0x80, 0x60, 0x18,
    0x06, 0x00, 0x00, 0x00, 0x00, 0x00, 0x0C, 0x0F, 0xE0, 0xFF, 0xF8, 0x02, 0x4C, 0x20, 0x04, 0xC6,
    0x00, 0x66, 0x61, 0x86, 0x6C, 0x1C, 0x26, 0xC0, 0x60, 0x60, 0x00, 0xFF, 0xF0, 0x00, 0xE0, 0x02,
    0x06, 0x00, 0x7F, 0xFF, 0x07, 0xFF, 0xF0, 0x60, 0xF0, 0x0C, 0x19, 0x81, 0xC3, 0x9C, 0x18, 0xF0,
    0xF1, 0x8C, 0x03, 0x00, 0x00, 0x00, 0x00, 0x00, 0x1C, 0x01, 0xE0, 0xE0, 0x1B, 0x02, 0x01, 0x90,
    0x0F, 0xFF, 0x00, 0xC1, 0x81, 0x08, 0x18, 0x1C, 0xBF, 0xB0, 0xC8, 0x1B, 0x00, 0xBD, 0xB0, 0x0B,
    0xFE, 0x05, 0xB6, 0xE0, 0x7A, 0x6C, 0x0D, 0xB6, 0xC0, 0xDB, 0xFC, 0x0D, 0xB3, 0xC1, 0xB2, 0x77,
    0x1B, 0x0E, 0x70, 0x20, 0xC3, 0x00, 0x00, 0x00, 0x00, 0x00, 0x1C, 0x7F, 0xE0, 0xE7, 0xFE, 0x02,
    0x60, 0x60, 0x06, 0x7E, 0x00, 0x67, 0xE3, 0x06, 0x46, 0x1C, 0x64, 0x60, 0xCF, 0xFF, 0x00, 0xFF,
    0xF0, 0x08, 0x03, 0x02, 0x9F, 0xB0, 0x69, 0xFB, 0x06, 0x90, 0xB0, 0xC9, 0x9B, 0x0C, 0x9F, 0xB1,
    0x89, 0x03, 0x18, 0x80, 0xF0, 0x08, 0x0F, 0x00, 0x00, 0x00, 0x00, 0x00, 0x0C, 0x00, 0x00, 0xF7,
    0xFE, 0x03, 0x60, 0x20, 0x07, 0xFE, 0x00, 0x7F, 0xE1, 0x06, 0x02, 0x1C, 0x60, 0x20, 0xE7, 0xFE,
    0x06, 0x7F, 0xE0, 0x00, 0x00, 0x00, 0xFF, 0xF0, 0x3F, 0xFF, 0x06, 0xD9, 0xB0, 0x6D, 0x9B, 0x0C,
    0xD9, 0xB0, 0xCD, 0x9B, 0x19, 0xFF, 0xF1, 0x9F, 0xFF, 0x00, 0x00, 0x00, 0x00, 0x00, 0x18, 0x30,
    0x80, 0xE3, 0x08, 0x07, 0xFF, 0xF0, 0x0F, 0xFF, 0x00, 0x30, 0x83, 0x1F, 0xFF, 0x3F, 0xFF, 0xF0,
    0xC3, 0x0C, 0x00, 0x7F, 0xC0, 0x0F, 0xFE, 0x03, 0xC0, 0xB0, 0x78, 0x09, 0x06, 0x7F, 0x80, 0xC7,
    0xF8, 0x0C, 0x60, 0x21, 0x86, 0x03, 0x18, 0x7F, 0xE0, 0x03, 0xFE, 0x00, 0x00, 0x00, 0x00, 0x00,
    0x1C, 0x63, 0xF0, 0xE6, 0x3F, 0x06, 0x63, 0x30, 0x1F, 0xB3, 0x03, 0xFF, 0x33, 0x06, 0x3F, 0x3C,
    0x63, 0xF0, 0xC6, 0x33, 0x00, 0x63, 0x30, 0x1F, 0xB3, 0x01, 0x9B, 0xF0, 0x59, 0xBF, 0x0D, 0x9B,
    0x30, 0xD9, 0xB3, 0x19, 0xFE, 0x31, 0x9F, 0xE3, 0x39, 0x8C, 0xF1, 0x00, 0xCF, 0x00, 0x00, 0x00,
    0x00, 0x00, 0x18, 0x00, 0x00, 0xEF, 0xFE, 0x06, 0xC0, 0x20, 0x0F, 0xFE, 0x00, 0xFF, 0xE3, 0x0C,
    0x02, 0x3C, 0xC0, 0x20, 0xCF, 0xFE, 0x04, 0x7F, 0xE0, 0x01, 0x90, 0x00, 0x99, 0x90, 0x6D, 0x9B,
    0x06, 0xD9, 0xB0, 0xC7, 0x9E, 0x0C, 0x79, 0xE1, 0x81, 0x98, 0x19, 0xFF, 0xF1, 0x3F, 0xFF, 0x00,
    0x00, 0x00, 0x00, 0x00, 0x18, 0x00, 0x00, 0xEF, 0xFF, 0x06, 0xC3, 0x00, 0x0C, 0x30, 0x00, 0xDF,
    0xE1, 0x0D, 0xFE, 0x3C, 0xD0, 0x20, 0xCD, 0xFE, 0x00, 0xDB, 0x60, 0x09, 0x02, 0x00, 0x9F, 0xE0,
    0x68, 0x30, 0x0D, 0x9B, 0x60, 0xD9, 0xB6, 0x0D, 0xB3, 0x31, 0xB6, 0x33, 0x1B, 0x6F, 0x00, 0x20,
    0xF0, 0x00, 0x00, 0x00, 0x00, 0x00, 0x1C, 0x31, 0x80, 0xEF, 0xFF, 0x06, 0x31, 0x80, 0x07, 0xFE,
    0x00, 0xFF, 0xE3, 0x03, 0x18, 0x3D, 0xFF, 0xF0, 0xC0, 0x60, 0x00, 0x7F, 0xC0, 0x0F, 0xFE, 0x00,
    0xC6, 0x60, 0x6F, 0xFE, 0x06, 0xC6, 0x60, 0xDF, 0xFF, 0x0D, 0xFF, 0xF1, 0x8C, 0x06, 0x18, 0xC1,
    0xE1, 0x0C, 0x1E, 0x00, 0x00, 0x00, 0x00, 0x00, 0x1C, 0x60, 0xE0, 0xE3, 0x0C, 0x03, 0x30, 0xC0,
    0x1F, 0xFF, 0x00, 0x61, 0xC3, 0x06, 0x08, 0x1C, 0x41, 0x80, 0xEC, 0x9B, 0x01, 0x9F, 0x30, 0x19,
    0xF6, 0x00, 0xF3, 0xE0, 0x66, 0x1C, 0x06, 0x60, 0xE0, 0xC5, 0x9B, 0x0C, 0xC9, 0x31, 0x9F, 0xFF,
    0x1B, 0xFF, 0xF0, 0x00, 0x00, 0x00, 0x00, 0x00, 0x00, 0x00, 0x0E, 0x3F, 0xE0, 0x73, 0xFE, 0x03,
    0x30, 0x60, 0x03, 0x7E, 0x00, 0x36, 0x61, 0x83, 0x66, 0x1C, 0xFF, 0xF0, 0xE8, 0x01, 0x00, 0xBF,
    0xD0, 0x03, 0xFE, 0x00, 0x30, 0x60, 0x33, 0xFE, 0x06, 0x30, 0x60, 0x63, 0xFE, 0x0C, 0x3F, 0xE0,
    0xC3, 0x06, 0x18, 0x31, 0xE0, 0x03, 0x1E, 0x00, 0x00, 0x00, 0x00, 0x00, 0x1C, 0x18, 0x00, 0xE3,
    0xF8, 0x02, 0x3F, 0x80, 0x06, 0x30, 0x00, 0xFF, 0xE3, 0x9F, 0xFE, 0x1D, 0xC6, 0x20, 0xCC, 0x62,
    0x00, 0xFF, 0xE0, 0x0C, 0x66, 0x00, 0xC6, 0x20, 0x6F, 0xFE, 0x06, 0x7F, 0xE0, 0xC0, 0x04, 0x0C,
    0xDB, 0x61, 0x8D, 0x93, 0x19, 0x99, 0xB1, 0x10, 0x99, 0x00, 0x00, 0x00, 0x00, 0x00, 0x1C, 0x04,
    0x00, 0xEF, 0xFF, 0x07, 0xFF, 0xF0, 0x01, 0xF0, 0x00, 0x75, 0xC3, 0x1E, 0x4F, 0x3D, 0x8E, 0x30,
    0xC1, 0xF0, 0x00, 0x31, 0xC0, 0x0E, 0x4F, 0x03, 0xC6, 0x70, 0x66, 0x4C, 0x06, 0x34, 0x80, 0xC1,
    0x50, 0x0C, 0x3F, 0xC1, 0x9E, 0x4E, 0x19, 0x8C, 0x30, 0x01, 0xC0, 0x00, 0x00, 0x00, 0x00, 0x00,
    0x1C, 0x06, 0x00, 0xFF, 0xFF, 0x03, 0xFF, 0xF0, 0x08, 0x01, 0x00, 0xFF, 0xF3, 0x07, 0xFE, 0x1C,
    0x06, 0x00, 0xE7, 0xFE, 0x00, 0x7F, 0xE0, 0x04, 0x62, 0x00, 0x7F, 0xE0, 0x67, 0xFE, 0x06, 0x46,
    0x20, 0xE7, 0xFE, 0x0C, 0x19, 0x81, 0xC3, 0x8C, 0x18, 0xF0, 0x71, 0x1C, 0x03, 0x00, 0x00, 0x00,
    0x00, 0x00, 0x0C, 0x11, 0x80, 0xFF, 0xFF, 0x03, 0xFF, 0xF0, 0x01, 0x18, 0x00, 0x7F, 0xE1, 0x0F,
    0xFE, 0x1C, 0xC6, 0x20, 0xEC, 0x66, 0x00, 0xFF, 0xE0, 0x00, 0x60, 0x00, 0xFF, 0xF0, 0x67, 0xFE,
    0x06, 0x06, 0x00, 0x7F, 0xFF, 0x0C, 0x1F, 0x00, 0xC3, 0x98, 0x18, 0xF0, 0xF1, 0x9C, 0x07, 0x00,
    0x00, 0x00, 0x00, 0x00, 0x1C, 0x33, 0xF0, 0xFF, 0xFF, 0x02, 0x30, 0x90, 0x0F, 0x99, 0x00, 0xFD,
    0x91, 0x03, 0x19, 0x1D, 0xFF, 0x70, 0xDE, 0xE7, 0x00, 0x19, 0x80, 0x07, 0x38, 0x00, 0x3F, 0x40,
    0x61, 0xC6, 0x07, 0xFF, 0xF0, 0xDF, 0xFF, 0x0C, 0x24, 0xC1, 0x86, 0x6E, 0x19, 0xC6, 0x31, 0x18,
    0x41, 0x00, 0x00, 0x00, 0x00, 0x00, 0x1C, 0x18, 0x00, 0xE7, 0x3F, 0x02, 0xC0, 0x30, 0x0F, 0x97,
    0x00, 0xFB, 0xF3, 0x0C, 0x03, 0x3C, 0xC0, 0x30, 0xCF, 0xFF, 0x00, 0x7F, 0xE0, 0x03, 0x00, 0x02,
    0x7F, 0xF0, 0x6F, 0xFF, 0x07, 0x80, 0x90, 0xDD, 0x6F, 0x0C, 0xDA, 0x71, 0x8D, 0xA3, 0x18, 0x91,
    0xF0, 0x00, 0x1E, 0x00, 0x00, 0x00, 0x00, 0x00, 0x0E, 0x1F, 0xC0, 0x77, 0xFE, 0x03, 0x66, 0x20,
    0x07, 0xFE, 0x00, 0x3F, 0xE1, 0x00, 0x60, 0x1C, 0xFF, 0xF0, 0xE3, 0xFE, 0x00, 0x7F, 0xF0, 0x06,
    0x03, 0x00, 0x7F, 0xF0, 0x36, 0x03, 0x06, 0x7F, 0xF0, 0x66, 0x03, 0x0C, 0x7F, 0xF0, 0xC1, 0x8C,
    0x18, 0x78, 0xF1, 0x9E, 0x03, 0x00, 0x00, 0x00, 0x00, 0x00, 0x18, 0x61, 0x80, 0xEE, 0x98, 0x07,
    0xFD, 0x00, 0x18, 0xFF, 0x01, 0xFF, 0xF3, 0x1F, 0xF3, 0x3D, 0x8F, 0x30, 0xDF, 0xF2, 0x00, 0xFF,
    0x60, 0x1F, 0xD6, 0x03, 0xFD, 0xE0, 0x6C, 0x1C, 0x0C, 0xFC, 0xC0, 0xCF, 0xCC, 0x0C, 0x8D, 0xE1,
    0x98, 0xF6, 0x19, 0xBF, 0x31, 0x37, 0xE1, 0x00, 0x00, 0x00, 0x00, 0x00, 0x00, 0x30, 0x00, 0x03,
    0x00, 0x00, 0x30, 0x00, 0x03, 0x00, 0x06, 0x30, 0x70, 0x63, 0x06, 0x06, 0x30, 0xE0, 0xC3, 0x0C,
    0x1C, 0x39, 0x81, 0x83, 0x98, 0x00, 0x78, 0x00, 0x06, 0xC0, 0x00, 0xCE, 0x00, 0x1C, 0x70, 0x03,
    0x83, 0x80, 0x70, 0x1C, 0x1E, 0x00, 0xF1, 0x80, 0x03, 0x00, 0x00, 0x00, 0x00, 0x00, 0x00, 0x00,
    0x00, 0xFF, 0xFF, 0x0C, 0x00, 0x00, 0xC0, 0xC0, 0x0C, 0x0C, 0x00, 0xC0, 0xC2, 0x0C, 0xCC, 0x30,
    0xCC, 0xC6, 0x0D, 0x8C, 0xE0, 0xD9, 0xEC, 0x0F, 0x1E, 0x80, 0xC1, 0xE0, 0x18, 0x33, 0x01, 0x83,
    0x30, 0x18, 0x61, 0x81, 0x9C, 0x0E, 0x33, 0x80, 0x73, 0x30, 0x01, 0x00, 0x00, 0x00, 0x00, 0x00,
    0x06, 0x18, 0x60, 0xE3, 0x0C, 0x0C, 0x61, 0x81, 0x86, 0x18, 0x0C, 0x31, 0xC0, 0x61, 0x8E, 0x03,
    0x08, 0x60, 0x03, 0x00, 0x02, 0x30, 0x20, 0x63, 0x06, 0x06, 0x38, 0xC0, 0xC3, 0x8C, 0x18, 0x7D,
    0x80, 0x0E, 0xC0, 0x01, 0xC6, 0x00, 0x38, 0x78, 0x1F, 0x01, 0xF1, 0xC0, 0x07, 0x00, 0x00, 0x00,
    0x00, 0x00, 0x00, 0x30, 0x00, 0x33, 0x0C, 0x03, 0x38, 0xC0, 0x63, 0x98, 0x0C, 0x6D, 0x00, 0x0E,
    0xE0, 0x01, 0xC7, 0x00, 0xF1, 0x3F, 0x1C, 0x30, 0xF0, 0x13, 0x04, 0x03, 0x38, 0xC0, 0x63, 0x98,
    0x0E, 0x79, 0x80, 0xC6, 0xC0, 0x00, 0xC6, 0x00, 0x38, 0x78, 0x1F, 0x01, 0xF1, 0xC0, 0x07, 0x00,
    0x00, 0x00, 0x00, 0x00, 0x03, 0x18, 0x00, 0x39, 0x80, 0x01, 0xB0, 0x01, 0xFF, 0xF8, 0x00, 0x71,
    0x80, 0x06, 0x18, 0x00, 0xFF, 0xC0, 0x1F, 0xFE, 0x03, 0x80, 0x40, 0x30, 0x0C, 0x0F, 0xFF, 0xF1,
    0xFF, 0xFF, 0x38, 0x02, 0x33, 0x6D, 0xB3, 0x06, 0xD9, 0xB0, 0xCC, 0x83, 0x1C, 0xC3, 0xE0, 0x80,
    0x3E, 0x00, 0x00, 0x00, 0x00, 0x00, 0x04, 0x00, 0x00, 0x4F, 0xFF, 0x04, 0x0D, 0x80, 0x5B, 0xFF,
    0x1D, 0xFF, 0xF1, 0x7F, 0xFF, 0x17, 0xCC, 0xB1, 0x6C, 0xCB, 0x34, 0xFF, 0xF0, 0x47, 0xFF, 0x04,
    0x03, 0x00, 0xC0, 0x30, 0x0E, 0x7F, 0xF0, 0xF7, 0xFF, 0x0B, 0x03, 0x01, 0x98, 0x70, 0x31, 0xFF,
    0xF1, 0x00, 0x00, 0x00, 0x00, 0x00, 0x00, 0x00, 0x06, 0xCC, 0x40, 0xCC, 0xFC, 0x3F, 0xEF, 0x03,
    0xFE, 0xC3, 0x00, 0x0C, 0x31, 0xFE, 0xFF, 0x18, 0x6F, 0xC1, 0xFE, 0xC4, 0x18, 0x6F, 0xE1, 0x8E,
    0xF8, 0x1F, 0xEC, 0x01, 0x86, 0xC3, 0x19, 0xEF, 0xF0, 0x98, 0x7E, 0x0C, 0x08, 0xC0, 0xCC, 0xC6,
    0x18, 0xCC, 0x71, 0x8C, 0x63, 0x00, 0x00, 0x00, 0x00, 0x00, 0x00, 0x00, 0x01, 0xFF, 0xFE, 0x00,
    0x06, 0x00, 0x60, 0x60, 0x06, 0x06, 0x00, 0x60, 0x60, 0x04, 0x06, 0x00, 0xC0, 0x60, 0x0F, 0xFF,
    0xF0, 0xC3, 0xE0, 0x00, 0x36, 0x00, 0x06, 0x60, 0x01, 0xC6, 0x00, 0x38, 0x60, 0x0E, 0x06, 0x03,
    0xC0, 0x60, 0x10, 0x3E, 0x00, 0x03, 0xC0, 0x00, 0x00, 0x00, 0x00, 0x00, 0x02, 0x10, 0x00, 0x61,
    0x00, 0x06, 0x10, 0x00, 0x7F, 0xFE, 0x0F, 0xFF, 0xE1, 0xC1, 0x00, 0x18, 0x10, 0x01, 0x01, 0x00,
    0x00, 0x10, 0x03, 0xFF, 0xFF, 0x3F, 0xFF, 0xF0, 0x01, 0x00, 0x00, 0x10, 0x00, 0x01, 0x00, 0x00,
    0x10, 0x00, 0x01, 0x00, 0x00, 0x10, 0x00, 0x01, 0x00, 0x00, 0x00, 0x00, 0x00, 0x00, 0x02, 0x18,
    0x01, 0xA1, 0x80, 0x12, 0x18, 0x01, 0xF9, 0xFF, 0x1F, 0xB6, 0xF3, 0x26, 0x6D, 0x32, 0x64, 0xB2,
    0x24, 0xDB, 0x02, 0x0D, 0xB0, 0x7D, 0x9B, 0x3F, 0x1B, 0x33, 0xE3, 0x33, 0x02, 0x66, 0x30, 0x20,
    0x63, 0x02, 0x0C, 0x30, 0x21, 0xC6, 0x02, 0x39, 0xE0, 0x21, 0x1C, 0x00, 0x00, 0x00, 0x00, 0x00,
    0x06, 0x10, 0xC1, 0x67, 0xFF, 0x36, 0x7F, 0xF3, 0xF0, 0x60, 0x3F, 0xFF, 0xF3, 0x60, 0x60, 0x36,
    0xFF, 0xF2, 0x6F, 0xFF, 0x07, 0xBD, 0x40, 0xFF, 0x9F, 0x3E, 0x11, 0xB2, 0x6F, 0xFF, 0x06, 0x11,
    0xB0, 0x63, 0xDB, 0x06, 0xFC, 0xE0, 0x61, 0x1C, 0x06, 0x37, 0xF0, 0x67, 0x63, 0x00, 0x00, 0x00,
    0x00, 0x00, 0x00, 0x19, 0x00, 0x01, 0x98, 0x00, 0x18, 0xE0, 0x01, 0x86, 0x00, 0x18, 0x01, 0xFF,
    0xFD, 0x1F, 0xFF, 0xF0, 0x03, 0x80, 0x00, 0x3C, 0x00, 0x03, 0xC0, 0x00, 0x66, 0x00, 0x06, 0x60,
    0x00, 0xC3, 0x00, 0x1C, 0x38, 0x03, 0x81, 0xC0, 0x70, 0x0E, 0x1E, 0x00, 0x71, 0x80, 0x03, 0x00,
    0x00, 0x00, 0x00, 0x00, 0x08, 0x80, 0x01, 0xDB, 0xFF, 0x0F, 0x3F, 0xF0, 0x70, 0x30, 0x0F, 0x03,
    0x01, 0xF0, 0x30, 0x19, 0x83, 0x00, 0x38, 0x30, 0x03, 0xBF, 0xF0, 0x78, 0x30, 0x0D, 0x83, 0x01,
    0x98, 0x30, 0x11, 0x83, 0x00, 0x18, 0x30, 0x01, 0x83, 0x00, 0x38, 0x30, 0x0F, 0x7F, 0xF0, 0xE0,
    0x00, 0x00, 0x00, 0x00, 0x00, 0x00, 0x19, 0x86, 0x01, 0xF0, 0x60, 0x0E, 0x7F, 0xF0, 0xE7, 0xFF,
    0x1E, 0x26, 0x23, 0x33, 0x66, 0x03, 0x36, 0x60, 0x31, 0x6C, 0x07, 0x16, 0x40, 0xF7, 0xFF, 0x0F,
    0x7F, 0xF3, 0xB0, 0x70, 0x33, 0x0F, 0x00, 0x30, 0xD8, 0x03, 0x18, 0xC0, 0x37, 0x0E, 0x1E, 0xE0,
    0x71, 0xEC, 0x01, 0x00, 0x00, 0x00, 0x00, 0x00, 0x03, 0x01, 0xE3, 0xFF, 0x1B, 0x3F, 0xF1, 0xB0,
    0x30, 0x19, 0x03, 0x01, 0x81, 0xFF, 0xFF, 0x1F, 0xFF, 0xF1, 0x49, 0x18, 0x16, 0x91, 0x81, 0xFF,
    0x1C, 0x1F, 0xF3, 0xC1, 0x31, 0x3C, 0x1F, 0xF3, 0x41, 0xFF, 0x66, 0x13, 0x36, 0x61, 0x31, 0xC3,
    0x13, 0x7C, 0x31, 0x07, 0x81, 0x00, 0x00, 0x00, 0x00, 0x00, 0x19, 0x86, 0x01, 0xF7, 0xFE, 0x0E,
    0x7F, 0xF0, 0xE0, 0x60, 0x1E, 0xFF, 0xF1, 0xBF, 0xFF, 0x03, 0x3F, 0xE0, 0x33, 0xFF, 0x07, 0x30,
    0x30, 0xF3, 0xFF, 0x0F, 0x3F, 0xE3, 0xB0, 0xF1, 0x13, 0x3B, 0x70, 0x3F, 0x9E, 0x03, 0x18, 0xC0,
    0x31, 0xFE, 0x1E, 0x7F, 0x71, 0xE6, 0x01, 0x00, 0x00, 0x00, 0x00, 0x00, 0x32, 0xF8, 0xE1, 0xEF,
    0x8F, 0x1C, 0x00, 0xB1, 0xDF, 0xC9, 0x1C, 0x00, 0x83, 0xC0, 0x7F, 0x04, 0xFF, 0xF0, 0x60, 0x0C,
    0x0E, 0xF9, 0xC0, 0xEF, 0x9C, 0x1E, 0x01, 0xC3, 0x6F, 0xDE, 0x26, 0xCD, 0x60, 0x68, 0xF6, 0x06,
    0xFF, 0x30, 0x4F, 0xE3, 0x1C, 0x8E, 0x11, 0x80, 0xC1, 0x00, 0x00, 0x00, 0x00, 0x00, 0x3B, 0x19,
    0x81, 0xFF, 0xFF, 0x0E, 0x39, 0x80, 0xC3, 0x30, 0x1E, 0x7F, 0xE3, 0x6F, 0xFF, 0x07, 0xFF, 0xE0,
    0x7E, 0x60, 0x06, 0x7F, 0xE0, 0xE7, 0xFE, 0x1E, 0x7F, 0xF3, 0xA0, 0x00, 0x32, 0x7F, 0xE0, 0x27,
    0xFE, 0x06, 0x18, 0xC0, 0x60, 0xF8, 0x1E, 0xFF, 0xF1, 0xCF, 0x0F, 0x00, 0x00, 0x00, 0x00, 0x00,
    0x00, 0x30, 0x00, 0x03, 0x00, 0x1F, 0xFF, 0xF1, 0xFF, 0xFF, 0x00, 0x60, 0x00, 0x0C, 0x10, 0x01,
    0xC3, 0x80, 0xF8, 0x70, 0x0F, 0x06, 0x00, 0x38, 0xC0, 0x01, 0xF8, 0x00, 0x07, 0x30, 0x00, 0x63,
    0x80, 0x0E, 0x1C, 0x01, 0x80, 0xE0, 0x39, 0xFE, 0x1F, 0xFF, 0xF1, 0xF0, 0x03, 0x00, 0x00, 0x00,
    0x00, 0x00, 0x00, 0x00, 0x01, 0xFF, 0xFF, 0x00, 0x38, 0x00, 0x03, 0x00, 0x00, 0x30, 0x00, 0x03,
    0x00, 0x00, 0x30, 0x00, 0x03, 0x00, 0x0F, 0xFF, 0xE0, 0x03, 0x80, 0x00, 0x32, 0x00, 0x03, 0x38,
    0x00, 0x31, 0xC0, 0x03, 0x0E, 0x00, 0x30, 0x40, 0x03, 0x80, 0x3F, 0xFF, 0xF0, 0x00, 0x00, 0x00,
    0x00, 0x00, 0x00, 0x00, 0x00, 0x00, 0x01, 0xFF, 0xFE, 0x0F, 0xFF, 0xE0, 0x01, 0x00, 0x00, 0x30,
    0x00, 0x03, 0x00, 0x00, 0x30, 0x00, 0x03, 0x00, 0x0F, 0xFF, 0xE0, 0x0B, 0x80, 0x00, 0x10, 0x00,
    0x03, 0x00, 0x00, 0x30, 0x00, 0x03, 0x00, 0x00, 0x10, 0x01, 0xFB, 0xBF, 0x3F, 0xFF, 0xF0, 0x00,
    0x00, 0x00, 0x00, 0x00, 0x00, 0x00, 0x00, 0x00, 0x03, 0xFB, 0xFF, 0x3F, 0xBF, 0xF0, 0x60, 0x00,
    0x06, 0x00, 0x00, 0x60, 0x00, 0x06, 0x00, 0x03, 0xFF, 0xFF, 0x1F, 0xFF, 0xF0, 0x60, 0x98, 0x06,
    0x19, 0x80, 0x61, 0x98, 0x06, 0x99, 0x80, 0xF9, 0x98, 0x3E, 0x31, 0x93, 0x07, 0x19, 0x01, 0xE1,
    0xF0, 0x18, 0x0F, 0x00, 0x00, 0x00, 0x00, 0x00, 0x00, 0x3F, 0xE3, 0xFB, 0xFF, 0x06, 0x30, 0x20,
    0x63, 0xFE, 0x06, 0x3F, 0xF0, 0x63, 0x02, 0x3F, 0xB0, 0x23, 0xFB, 0xFF, 0x06, 0x3F, 0xE0, 0x63,
    0x02, 0x06, 0x3F, 0xF0, 0x6B, 0xFE, 0x0F, 0x99, 0x83, 0xF1, 0x98, 0x30, 0x19, 0x90, 0x03, 0x19,
    0x00, 0xE1, 0xF0, 0x1C, 0x1F, 0x00, 0x00, 0x00, 0x00, 0x00, 0x00, 0x06, 0xE3, 0xF8, 0x63, 0x1F,
    0x86, 0x10, 0x6F, 0xFF, 0x06, 0x06, 0x00, 0x60, 0x60, 0x06, 0x66, 0x31, 0xFB, 0x73, 0x1F, 0xB7,
    0x60, 0x61, 0x7C, 0x06, 0x07, 0x80, 0x60, 0x78, 0x07, 0x9E, 0xC1, 0xFF, 0x66, 0x3D, 0xE6, 0x70,
    0x08, 0x63, 0x00, 0x1E, 0x00, 0x01, 0xE0, 0x00, 0x00, 0x00, 0x00, 0x00, 0x00, 0x3F, 0xF3, 0xFB,
    0xFF, 0x06, 0x33, 0x30, 0x63, 0x33, 0x06, 0x3F, 0xF0, 0x63, 0xFF, 0x1F, 0x33, 0x31, 0xFB, 0x33,
    0x06, 0x3F, 0xF0, 0x60, 0x30, 0x06, 0x03, 0x00, 0x60, 0x30, 0x06, 0x7F, 0xF0, 0x7B, 0xFF, 0x3F,
    0x03, 0x03, 0x00, 0x30, 0x00, 0xFF, 0xF0, 0x00, 0x00, 0x00, 0x00, 0x00, 0x00, 0x00, 0x1F, 0xEF,
    0xF1, 0xFE, 0xFF, 0x03, 0x00, 0x81, 0xFE, 0x7F, 0x0B, 0x01, 0xC0, 0x30, 0x18, 0x1F, 0xFF, 0xF1,
    0xE7, 0xE0, 0x00, 0xE7, 0x00, 0x3C, 0x3C, 0x1F, 0xFF, 0xF3, 0xCF, 0xE3, 0x00, 0x00, 0x00, 0x7F,
    0xFC, 0x00, 0x01, 0xC0, 0x00, 0x18, 0x00, 0x01, 0x80, 0x00, 0x30, 0x00, 0x00, 0x00, 0x00, 0x00,
    0x00, 0x7F, 0xF3, 0xFE, 0xDB, 0x06, 0x6D, 0xB0, 0x67, 0xFF, 0x06, 0x00, 0x00, 0x60, 0x00, 0x06,
    0xFF, 0xF1, 0xF8, 0x00, 0x06, 0x3F, 0xF0, 0x62, 0x03, 0x06, 0x30, 0x30, 0x63, 0xFF, 0x07, 0x8F,
    0x33, 0xF1, 0xF7, 0x38, 0x7D, 0xC0, 0x1E, 0xCE, 0x00, 0x8C, 0x70, 0x00, 0xC1, 0x00, 0x00, 0x00,
    0x00, 0x00, 0x1F, 0xFF, 0xF1, 0xFF, 0xFF, 0x07, 0x31, 0xC1, 0xFF, 0xFF, 0x3C, 0xF5, 0x70, 0xDD,
    0x76, 0x0F, 0xFF, 0x60, 0xC7, 0x16, 0x0D, 0xD7, 0x60, 0xDF, 0xF6, 0x0E, 0x10, 0xC0, 0xC1, 0x0C,
    0x0F, 0xFF, 0xE0, 0x03, 0x00, 0x0F, 0xFF, 0xE0, 0x01, 0x38, 0x3F, 0xFF, 0xF3, 0xFF, 0xFF, 0x00,
    0x00, 0x00, 0x00, 0x00, 0x01, 0x00, 0x01, 0xFF, 0xFF, 0x01, 0x80, 0x00, 0x18, 0x00, 0x03, 0x00,
    0x00, 0x38, 0x00, 0x03, 0xFF, 0x00, 0x30, 0x30, 0x03, 0x03, 0x00, 0x36, 0x30, 0x03, 0x73, 0x00,
    0x33, 0xB0, 0x03, 0x19, 0x00, 0x60, 0x31, 0x06, 0x03, 0x10, 0x7F, 0x91, 0x3F, 0xF9, 0xF1, 0x80,
    0x1F, 0x00, 0x00, 0x00, 0x00, 0x00, 0x03, 0x01, 0x80, 0x30, 0x18, 0x03, 0x01, 0x81, 0xFF, 0xFF,
    0x3F, 0xFF, 0xF0, 0x30, 0x18, 0x03, 0x01, 0x80, 0x30, 0x18, 0x03, 0x01, 0x80, 0x3F, 0xF8, 0x03,
    0xFF, 0x80, 0x30, 0x18, 0x03, 0x01, 0x80, 0x30, 0x18, 0x03, 0x01, 0x80, 0x3F, 0xF8, 0x03, 0xFF,
    0x80, 0x30, 0x18, 0x00, 0x00, 0x00, 0x00, 0x00, 0x03, 0x10, 0x00, 0x31, 0x00, 0x06, 0x10, 0x00,
    0x7F, 0xFE, 0x0F, 0xFF, 0xF0, 0xC1, 0x00, 0x18, 0x10, 0x01, 0x81, 0x00, 0x00, 0x10, 0x00, 0x7F,
    0xFE, 0x07, 0xFF, 0xE0, 0x01, 0x00, 0x00, 0x10, 0x00, 0x01, 0x00, 0x00, 0x10, 0x00, 0x03, 0x80,
    0x3F, 0xFF, 0xF0, 0x00, 0x00, 0x00, 0x00, 0x00, 0x00, 0x00, 0x00, 0x10, 0x00, 0xFF, 0xFE, 0x0F,
    0xFF, 0xE0, 0x18, 0x18, 0x01, 0x83, 0x00, 0x1C, 0x70, 0x0F, 0xFF, 0xF0, 0xCC, 0xC0, 0x0C, 0xCC,
    0x00, 0xDF, 0xFE, 0x0D, 0xFF, 0xE0, 0xF0, 0xC0, 0x0C, 0xFF, 0xE0, 0x8F, 0xFE, 0x18, 0x0C, 0x01,
    0x80, 0xC0, 0x33, 0xFF, 0xF3, 0x3F, 0xFF, 0x00, 0x00, 0x00, 0x00, 0x00, 0x00, 0x00, 0x00, 0xFF,
    0xFE, 0x0C, 0x38, 0x60, 0xC3, 0x06, 0x0C, 0x30, 0x60, 0xC3, 0x86, 0x0F, 0xFF, 0xE0, 0xC3, 0x06,
    0x0C, 0x30, 0x60, 0xC3, 0x06, 0x0C, 0x38, 0x60, 0xFF, 0xFE, 0x0C, 0x30, 0x61, 0x83, 0x06, 0x18,
    0x30, 0x61, 0x83, 0x06, 0x30, 0x33, 0xE3, 0x01, 0x3C, 0x00, 0x00, 0x00, 0x00, 0x00, 0x00, 0x00,
    0x01, 0xFF, 0xFF, 0x18, 0x38, 0x31, 0x81, 0x03, 0x18, 0x30, 0x31, 0x83, 0x03, 0x18, 0x10, 0x31,
    0x83, 0x03, 0x1F, 0xFF, 0xF1, 0xFB, 0xB7, 0x18, 0x10, 0x31, 0x83, 0x03, 0x18, 0x30, 0x31, 0x81,
    0x03, 0x18, 0x30, 0x31, 0xFF, 0xFF, 0x1F, 0xFF, 0xF1, 0x80, 0x03, 0x00, 0x00, 0x00, 0x00, 0x00,
    0x00, 0x00, 0x00, 0xFF, 0xFF, 0x0C, 0x38, 0x70, 0xC1, 0x03, 0x0C, 0x10, 0x30, 0xC3, 0x87, 0x0F,
    0xFF, 0xF0, 0xC3, 0x83, 0x0C, 0x10, 0x30, 0xC1, 0x03, 0x0F, 0xFF, 0xF0, 0xFF, 0xFF, 0x0C, 0x10,
    0x20, 0x01, 0x00, 0x00, 0x10, 0x00, 0x01, 0x00, 0x00, 0x10, 0x00, 0x01, 0x00, 0x00, 0x00, 0x00,
    0x00, 0x00, 0x00, 0x00, 0x01, 0xFF, 0x00, 0x1B, 0x3F, 0xF1, 0x33, 0xFF, 0x13, 0x30, 0xC1, 0x33,
    0x0C, 0x1F, 0xF0, 0xC1, 0xFF, 0x0C, 0x13, 0x30, 0xC1, 0x33, 0x0C, 0x13, 0x30, 0xC1, 0x33, 0x0C,
    0x1B, 0x30, 0xC1, 0xFF, 0x0C, 0x18, 0x00, 0xC1, 0x00, 0x0C, 0x00, 0x07, 0xC0, 0x00, 0x78, 0x00,
    0x00, 0x00, 0x00, 0x00, 0x00, 0x00, 0x01, 0xFF, 0xFF, 0x1F, 0xFF, 0xF0, 0x01, 0x00, 0x19, 0xFF,
    0x31, 0xBF, 0xFB, 0x1B, 0x39, 0xB1, 0xB1, 0x1B, 0x1B, 0xFF, 0xB1, 0xBF, 0xFB, 0x1B, 0x11, 0xB1,
    0xB1, 0x1B, 0x1B, 0xFF, 0xB1, 0x9F, 0xF3, 0x18, 0x00, 0x31, 0xFF, 0xFF, 0x1F, 0xFF, 0xF1, 0x80,
    0x01, 0x00, 0x00, 0x00, 0x00, 0x00, 0x0F, 0xFF, 0xC0, 0xFF, 0xFC, 0x0C, 0x10, 0xC0, 0xFF, 0xFC,
    0x0F, 0xFF, 0xC0, 0xC3, 0x0C, 0x0C, 0x10, 0xC0, 0xFF, 0xFC, 0x0F, 0xFF, 0xC0, 0x1C, 0x70, 0x07,
    0x83, 0xC3, 0xF8, 0x6F, 0x39, 0x86, 0x30, 0x18, 0x60, 0x03, 0x06, 0x00, 0x70, 0x60, 0x0E, 0x06,
    0x00, 0xC0, 0x60, 0x00, 0x00, 0x00, 0x00, 0x00, 0x00, 0x00, 0x00, 0x7F, 0xFE, 0x06, 0x10, 0x60,
    0x7F, 0xFE, 0x07, 0xFF, 0xE0, 0x61, 0x06, 0x07, 0xFF, 0xE0, 0x7F, 0xFE, 0x00, 0x00, 0x03, 0xFF,
    0xFF, 0x3F, 0xFF, 0xF0, 0x21, 0x86, 0x03, 0x0D, 0xE0, 0x30, 0xF8, 0x02, 0x07, 0x00, 0x3F, 0xB8,
    0x1F, 0xF8, 0xF1, 0xC0, 0x03, 0x00, 0x00, 0x00, 0x00, 0x00, 0x03, 0x06, 0x00, 0x30, 0x60, 0x3F,
    0xF6, 0x03, 0xFF, 0x7E, 0x00, 0x0E, 0x60, 0x00, 0xC6, 0x1F, 0xEC, 0xC1, 0xFF, 0x8C, 0x13, 0x78,
    0xC1, 0x36, 0x0C, 0x1F, 0xE1, 0xC1, 0xFE, 0x1C, 0x13, 0x63, 0xC1, 0x36, 0x76, 0x1B, 0x66, 0x61,
    0xFE, 0xC7, 0x1F, 0xF8, 0x31, 0x03, 0x03, 0x00, 0x00, 0x00, 0x00, 0x00, 0x0F, 0xFF, 0xE0, 0xFF,
    0xFE, 0x0C, 0x10, 0x60, 0xFF, 0xFE, 0x0F, 0xFF, 0xE0, 0xC1, 0x06, 0x0F, 0xFF, 0xE0, 0xFF, 0xFE,
    0x01, 0x86, 0x00, 0xFF, 0xFE, 0x1F, 0xFF, 0xE0, 0x18, 0x60, 0x01, 0x86, 0x03, 0xFF, 0xFF, 0x19,
    0xFE, 0x30, 0x3C, 0x78, 0x1F, 0x01, 0xE1, 0xC0, 0x07, 0x00, 0x00, 0x00, 0x00, 0x00, 0x06, 0x31,
    0x80, 0x6B, 0x32, 0x1D, 0xB6, 0x60, 0xF1, 0x3C, 0x06, 0x91, 0xB0, 0x6D, 0xBF, 0x1F, 0xFF, 0xF0,
    0x05, 0x8C, 0x1F, 0xFF, 0xF1, 0xFF, 0xFF, 0x0F, 0xEC, 0x61, 0xFE, 0xCC, 0x1B, 0x6D, 0xC1, 0xFE,
    0x78, 0x1B, 0x67, 0x11, 0xB6, 0xF9, 0x1F, 0xFD, 0xF0, 0x83, 0x0F, 0x00, 0x00, 0x00, 0x00, 0x00,
    0x18, 0xDF, 0xF1, 0xBC, 0xFF, 0x1F, 0x00, 0x61, 0x82, 0x7C, 0x18, 0x63, 0x80, 0xFE, 0x0C, 0x0F,
    0x9F, 0xF0, 0xC1, 0xFF, 0x0F, 0xE1, 0x91, 0xB4, 0xDB, 0x13, 0x0D, 0x81, 0xFE, 0xDF, 0x1F, 0xED,
    0xF0, 0x30, 0xD8, 0x07, 0x9D, 0x80, 0x6D, 0xF8, 0x1C, 0x73, 0xF1, 0x83, 0x1F, 0x00, 0x00, 0x00,
    0x00, 0x00, 0x00, 0x0C, 0x00, 0x01, 0xC0, 0x07, 0xFF, 0xF0, 0x7C, 0x07, 0x16, 0x3F, 0x81, 0xE3,
    0xF8, 0x1E, 0x31, 0x80, 0xE6, 0x19, 0x06, 0xE0, 0xF0, 0x6C, 0x04, 0x1E, 0xFF, 0xE3, 0xE7, 0xFE,
    0x06, 0x30, 0xC0, 0x61, 0x98, 0x0C, 0x1F, 0x00, 0xC1, 0xF8, 0x19, 0xFB, 0xF1, 0x1C, 0x07, 0x00,
    0x00, 0x00, 0x00, 0x00, 0x00, 0x0C, 0x00, 0x00, 0xC0, 0x07, 0xFF, 0xF0, 0x7F, 0xFF, 0x16, 0x30,
    0x01, 0xE3, 0x00, 0x1E, 0x7F, 0xF0, 0xE6, 0x60, 0x06, 0xC6, 0x00, 0x68, 0x60, 0x1F, 0xFF, 0xF3,
    0xEF, 0xFF, 0x06, 0x07, 0x00, 0x60, 0xD8, 0x0C, 0x1D, 0xC0, 0xC7, 0x8E, 0x19, 0xE0, 0x71, 0x18,
    0x01, 0x00, 0x00, 0x00, 0x00, 0x00, 0x00, 0x18, 0x00, 0x01, 0x80, 0x07, 0xFF, 0xF0, 0x78, 0x07,
    0x36, 0x7F, 0xC1, 0x6F, 0xFC, 0x1E, 0xC0, 0xC0, 0x6F, 0xFC, 0x06, 0xFF, 0xC0, 0x6C, 0x0C, 0x1E,
    0xC2, 0xC3, 0xCF, 0xFC, 0x2C, 0xCC, 0x30, 0xCC, 0x6E, 0x0C, 0xC3, 0xC1, 0x8C, 0x38, 0x19, 0xFD,
    0xE3, 0x1F, 0x07, 0x00, 0x00, 0x00, 0x00, 0x00, 0x00, 0x08, 0xC0, 0xFE, 0xD8, 0x00, 0xCF, 0x10,
    0xDC, 0x67, 0x07, 0x83, 0xE0, 0x70, 0x1C, 0x0F, 0xFF, 0xE3, 0xFF, 0xFF, 0x30, 0xC6, 0x30, 0x0C,
    0x60, 0x00, 0x84, 0x01, 0xFF, 0xFE, 0x1F, 0xFF, 0xE0, 0x18, 0x60, 0x03, 0x86, 0x10, 0x70, 0x63,
    0x1E, 0x07, 0xF1, 0xC0, 0x7E, 0x00, 0x00, 0x00, 0x00, 0x00, 0x03, 0x06, 0x00, 0x30, 0x60, 0x03,
    0x06, 0x01, 0xFE, 0xFF, 0x18, 0x6C, 0x31, 0x86, 0x83, 0x18, 0x78, 0x31, 0x87, 0x43, 0x1F, 0xE6,
    0x31, 0xFE, 0x73, 0x18, 0x63, 0x31, 0x86, 0x1B, 0x18, 0x60, 0x31, 0x86, 0x03, 0x1F, 0xE0, 0x31,
    0xFE, 0x03, 0x18, 0x03, 0xE0, 0x00, 0x3C, 0x00, 0x00, 0x00, 0x00, 0x00, 0x0C, 0x0C, 0x00, 0xC0,
    0xC6, 0x0F, 0xED, 0xE0, 0xFE, 0xF8, 0x0C, 0x0C, 0x00, 0xC0, 0xC3, 0x3F, 0xEF, 0xF3, 0xFA, 0xFE,
    0x00, 0x30, 0x00, 0x7F, 0xF8, 0x07, 0xFF, 0xC0, 0x60, 0x0C, 0x06, 0x00, 0xC0, 0x7F, 0xFC, 0x06,
    0x00, 0xC0, 0x60, 0x0C, 0x07, 0xFF, 0xC0, 0x60, 0x0C, 0x00, 0x00, 0x00, 0x00, 0x00, 0x00, 0x30,
    0x00, 0x7F, 0xFE, 0x07, 0xFF, 0xE0, 0x60, 0x06, 0x07, 0xFF, 0xE0, 0x7F, 0xFE, 0x04, 0x00, 0x60,
    0x7F, 0xFE, 0x07, 0xFF, 0xE0, 0x00, 0x00, 0x0F, 0xFF, 0xE0, 0xFF, 0xFE, 0x00, 0x10, 0x00, 0x7F,
    0xFE, 0x00, 0x38, 0x00, 0x01, 0x00, 0x1F, 0xFF, 0xF1, 0xFF, 0xFF, 0x00, 0x00, 0x00, 0x00, 0x00,
    0x00, 0x00, 0x00, 0x00, 0x00, 0x0F, 0xFF, 0xE0, 0xFF, 0xFE, 0x0C, 0xC4, 0x60, 0xCC, 0x46, 0x0C,
    0xC4, 0x60, 0xCC, 0x46, 0x0C, 0xC4, 0x60, 0xCC, 0x46, 0x0C, 0xC4, 0x60, 0xCC, 0x46, 0x0C, 0xC4,
    0x60, 0xCC, 0x46, 0x0C, 0xC4, 0x63, 0xFF, 0xFF, 0x3F, 0xFF, 0xF0, 0x00, 0x00, 0x00, 0x00, 0x00,
    0x00, 0x00, 0x03, 0x01, 0x80, 0x38, 0x18, 0x01, 0x83, 0x01, 0xFF, 0xFF, 0x1F, 0xFF, 0xF0, 0x1C,
    0x60, 0x01, 0x83, 0x00, 0x30, 0x18, 0x06, 0x00, 0xC0, 0xC0, 0x0E, 0x3F, 0xFF, 0xF3, 0x7F, 0xFD,
    0x06, 0x4C, 0xC0, 0x66, 0xCC, 0x06, 0x4C, 0xC0, 0x6E, 0xEC, 0x3F, 0xFF, 0xF0, 0x00, 0x00, 0x00,
    0x00, 0x00, 0x00, 0x00, 0x1F, 0xE2, 0x01, 0xFE, 0x60, 0x13, 0x06, 0x01, 0xFE, 0xFF, 0x1F, 0xEC,
    0x01, 0x07, 0x80, 0x1F, 0xF8, 0x01, 0xB0, 0x3E, 0x1F, 0xE7, 0xF1, 0xFF, 0x00, 0x00, 0x00, 0x00,
    0xFF, 0xFE, 0x0F, 0xFF, 0xE0, 0xCC, 0x46, 0x0C, 0xC4, 0x60, 0xCC, 0x46, 0x3F, 0xFF, 0xF3, 0xFF,
    0xFF, 0x00, 0x00, 0x00, 0x00, 0x00, 0x00, 0x00, 0x00, 0xFF, 0xFC, 0x0E, 0x00, 0xC0, 0xC0, 0x0C,
    0x0C, 0x00, 0xC0, 0xE0, 0x0C, 0x0F, 0xFF, 0xC0, 0xE0, 0x0C, 0x0C, 0x00, 0xC0, 0xC0, 0x0C, 0x0F,
    0xFF, 0xC0, 0xFF, 0xFC, 0x0C, 0x00, 0xC0, 0xC0, 0x0C, 0x0C, 0x00, 0xC0, 0xFF, 0xFC, 0x0F, 0xFF,
    0xC0, 0x40, 0x0C, 0x00, 0x00, 0x00, 0x00, 0x00, 0x00, 0x18, 0x01, 0xFF, 0xFF, 0x1F, 0xFF, 0xF0,
    0x01, 0x00, 0x00, 0xFF, 0xC0, 0x9F, 0xFC, 0x19, 0x80, 0x41, 0x9F, 0xFC, 0x19, 0xC0, 0xC1, 0x98,
    0x0C, 0x19, 0xFF, 0xC1, 0x98, 0x0C, 0x19, 0x80, 0xC1, 0x9F, 0xFC, 0x18, 0x00, 0x00, 0xC0, 0x00,
    0x1F, 0xFF, 0xF0, 0x80, 0x00, 0x00, 0x00, 0x00, 0x00, 0x00, 0x02, 0x00, 0x00, 0x21, 0xFF, 0x02,
    0x10, 0x30, 0x61, 0x03, 0x3F, 0xF0, 0x31, 0xFF, 0x83, 0x06, 0x1F, 0xF0, 0x71, 0x03, 0x0F, 0x10,
    0x30, 0xF9, 0x03, 0x1A, 0xD8, 0x31, 0xA5, 0xFF, 0x32, 0x10, 0x33, 0x21, 0x03, 0x02, 0x10, 0x30,
    0x21, 0xFF, 0x02, 0x1F, 0xF0, 0x21, 0x03, 0x00, 0x00, 0x00, 0x00, 0x00, 0x00, 0x1F, 0xE0, 0xFF,
    0xF8, 0x00, 0x60, 0x00, 0xFF, 0xFE, 0x00, 0xE0, 0x00, 0x0C, 0x00, 0x1F, 0xFF, 0xF0, 0x18, 0x00,
    0x03, 0xFF, 0xC0, 0x3F, 0xFE, 0x07, 0x00, 0xE1, 0xFF, 0xFE, 0x3B, 0x00, 0xE1, 0x3F, 0xFE, 0x03,
    0xFF, 0xE0, 0x30, 0x0E, 0x03, 0xFF, 0xE0, 0x30, 0x0C, 0x00, 0x00, 0x00, 0x00, 0x00, 0x01, 0xFF,
    0xC1, 0x9F, 0xFC, 0x19, 0x80, 0xC1, 0x9F, 0xFC, 0x19, 0x80, 0xC1, 0x98, 0x0C, 0x19, 0xFF, 0xC1,
    0x98, 0x0C, 0x19, 0xFF, 0xC1, 0x9F, 0xFC, 0x18, 0x00, 0x01, 0xFF, 0xFF, 0x18, 0x30, 0x00, 0x33,
    0x18, 0x07, 0x31, 0xC0, 0xE3, 0x0E, 0x1C, 0x30, 0x71, 0x03, 0x01, 0x00, 0x00, 0x00, 0x00, 0x00,
    0x00, 0x1F, 0xE1, 0xFB, 0xFF, 0x19, 0xB0, 0x31, 0x1B, 0x03, 0x11, 0xBF, 0xF1, 0xFB, 0xFF, 0x1F,
    0xB0, 0x31, 0x1B, 0x03, 0x11, 0xBF, 0xF1, 0xFB, 0xFE, 0x1F, 0xB3, 0x11, 0x1B, 0x17, 0x11, 0xB1,
    0xE1, 0xFB, 0x1C, 0x1F, 0x90, 0xC1, 0x01, 0xFE, 0x10, 0x7F, 0x70, 0x07, 0x03, 0x00, 0x00, 0x00,
    0x00, 0x00, 0x03, 0x00, 0x00, 0x30, 0x00, 0x07, 0xFF, 0xE0, 0x7F, 0xFE, 0x0E, 0x10, 0x00, 0xC3,
    0x00, 0x18, 0x30, 0x00, 0x03, 0x00, 0x1F, 0xFF, 0xF1, 0xFF, 0xFF, 0x00, 0x38, 0x00, 0x03, 0xC0,
    0x00, 0x6C, 0x00, 0x0E, 0x60, 0x01, 0xC7, 0x00, 0x38, 0x3C, 0x1F, 0x01, 0xF1, 0xC0, 0x07, 0x00,
    0x00, 0x00, 0x00, 0x00, 0x0C, 0x3F, 0xE1, 0x81, 0xF0, 0x1F, 0x86, 0x01, 0xFF, 0xFF, 0x12, 0x1C,
    0xC3, 0x23, 0xFF, 0x12, 0x38, 0x73, 0xFD, 0x86, 0x3F, 0xCF, 0xC0, 0x60, 0x00, 0x06, 0x3F, 0xF0,
    0x73, 0x53, 0x07, 0xAF, 0x90, 0xDE, 0xCD, 0x0C, 0xEC, 0xD1, 0x82, 0xF9, 0x30, 0x28, 0x70, 0x02,
    0x07, 0x00, 0x00, 0x00, 0x00, 0x00, 0x00, 0x03, 0x03, 0xFC, 0x30, 0x0C, 0x03, 0x40, 0xC1, 0xB6,
    0x0C, 0x1B, 0x30, 0xC1, 0x33, 0x0F, 0xB3, 0x31, 0xFF, 0x31, 0x18, 0xE3, 0x11, 0xCC, 0x32, 0x3C,
    0xCF, 0x63, 0xCC, 0xE6, 0x0C, 0xC0, 0xC0, 0xFC, 0x1C, 0x0F, 0xC3, 0x80, 0xC0, 0xF0, 0x08, 0x3C,
    0x00, 0x03, 0x00, 0x00, 0x00, 0x00, 0x00, 0x00, 0x00, 0x00, 0x03, 0xFB, 0xFF, 0x0E, 0x0C, 0xC0,
    0xC0, 0xCC, 0x0C, 0x0C, 0xC0, 0xC0, 0xCC, 0x1C, 0x0C, 0xC1, 0xF8, 0xCC, 0x19, 0xBF, 0xF3, 0x98,
    0xCC, 0x39, 0x8C, 0xC0, 0x98, 0xCC, 0x09, 0x8C, 0xC0, 0x89, 0x8C, 0x0F, 0x98, 0xC0, 0xF9, 0x8C,
    0x08, 0x30, 0xC0, 0x02, 0x0C, 0x00, 0x00, 0x00, 0x00, 0x00, 0x00, 0x04, 0x03, 0xFC, 0x40, 0x0E,
    0x3F, 0xC0, 0xC3, 0xFC, 0x0C, 0x0C, 0xC0, 0xC0, 0xCC, 0x0F, 0x98, 0xC0, 0xFB, 0x8F, 0x1D, 0xF3,
    0x71, 0x88, 0x30, 0x38, 0x83, 0x03, 0x8F, 0xFF, 0x08, 0xFF, 0xF0, 0xF8, 0x30, 0x0F, 0x83, 0x00,
    0x80, 0x30, 0x08, 0x03, 0x00, 0x00, 0x30, 0x00, 0x00, 0x00, 0x00, 0x00, 0x00, 0x3F, 0xF3, 0xFF,
    0xFF, 0x06, 0x03, 0x00, 0x41, 0xFF, 0x0C, 0x3F, 0xF0, 0xC3, 0x33, 0x0C, 0x33, 0x31, 0xFB, 0xFF,
    0x1F, 0xBF, 0xF3, 0x8B, 0x33, 0x38, 0xBF, 0xF1, 0x8B, 0xFF, 0x08, 0xB3, 0x00, 0x89, 0xE0, 0x0F,
    0x9E, 0x00, 0xF8, 0xF0, 0x08, 0x3B, 0xF0, 0x07, 0x0F, 0x00, 0x00, 0x00, 0x00, 0x00, 0x03, 0x01,
    0x81, 0xFF, 0xFF, 0x1F, 0xFF, 0xF0, 0x30, 0x18, 0x03, 0xFF, 0x80, 0x30, 0x18, 0x03, 0xFF, 0x80,
    0x30, 0x18, 0x1F, 0xFF, 0xF3, 0xFF, 0xFF, 0x03, 0x01, 0x80, 0xFF, 0xFE, 0x1C, 0xC0, 0x73, 0x9F,
    0xF9, 0x03, 0xFF, 0x80, 0x78, 0x18, 0x0D, 0xFF, 0x80, 0x1F, 0xF8, 0x00, 0x00, 0x00, 0x00, 0x00,
    0x00, 0x03, 0x03, 0xFF, 0xFF, 0x0E, 0x7F, 0xF0, 0xC6, 0x4B, 0x0C, 0x6C, 0xB0, 0xC1, 0x98, 0x18,
    0x1F, 0xF1, 0xFB, 0xFF, 0x1F, 0xF1, 0x83, 0x9B, 0xFF, 0x39, 0x9F, 0xE3, 0x99, 0x18, 0x09, 0x9F,
    0xF0, 0x99, 0xFF, 0x0F, 0x91, 0x00, 0xF9, 0x98, 0x08, 0x3F, 0xF0, 0x01, 0x00, 0x00, 0x00, 0x00,
    0x00, 0x00, 0x00, 0x30, 0x63, 0xF9, 0x86, 0x0C, 0x18, 0xC0, 0xCF, 0xFF, 0x0C, 0x38, 0xE0, 0xC1,
    0x0C, 0x18, 0x30, 0xC1, 0xFB, 0x08, 0x1F, 0xE7, 0xB1, 0x9E, 0xFB, 0x39, 0xBD, 0xE3, 0x9B, 0x8E,
    0x19, 0x98, 0xE1, 0x9B, 0xCF, 0x1F, 0xA5, 0x91, 0xFF, 0xFB, 0x18, 0xFF, 0xF0, 0x00, 0x21, 0x00,
    0x00, 0x00, 0x00, 0x00, 0x00, 0x00, 0x00, 0xFF, 0xFE, 0x0F, 0xFF, 0xE0, 0x00, 0x00, 0x00, 0x00,
    0x00, 0x01, 0x00, 0x3F, 0xFF, 0xF0, 0x03, 0x80, 0x00, 0x10, 0x00, 0x31, 0x98, 0x07, 0x19, 0xC0,
    0x61, 0x8C, 0x0C, 0x18, 0x61, 0xC1, 0x86, 0x18, 0x18, 0x33, 0x01, 0x83, 0x01, 0xF0, 0x00, 0x1F,
    0x00, 0x00, 0x00, 0x00, 0x00, 0x00, 0x02, 0x01, 0x80, 0x20, 0x18, 0x02, 0x01, 0x81, 0xFC, 0x18,
    0x3F, 0xC1, 0x80, 0x0C, 0x18, 0x01, 0x9F, 0xF0, 0x3B, 0xFF, 0x07, 0x01, 0x80, 0xF8, 0x18, 0x1E,
    0xE1, 0x83, 0x26, 0x18, 0x22, 0x01, 0x80, 0x20, 0x18, 0x02, 0x01, 0x80, 0x20, 0x38, 0x02, 0x3F,
    0xF0, 0x20, 0x00, 0x00, 0x00, 0x00, 0x00, 0x00, 0x02, 0x00, 0x70, 0x20, 0xFF, 0x02, 0x1F, 0x81,
    0xFD, 0x80, 0x1F, 0xD8, 0x00, 0x0D, 0x80, 0x01, 0x9F, 0xF0, 0x31, 0xFF, 0x07, 0x18, 0xC0, 0xF9,
    0x8C, 0x1E, 0xD8, 0xC3, 0x27, 0x8C, 0x02, 0x10, 0xC0, 0x23, 0x0C, 0x02, 0x30, 0xC0, 0x26, 0x0C,
    0x02, 0x60, 0xC0, 0x24, 0x0C, 0x00, 0x00, 0x00, 0x00, 0x00, 0x02, 0x01, 0x80, 0x20, 0x18, 0x02,
    0x01, 0x81, 0xF8, 0x18, 0x1F, 0xD1, 0x80, 0x09, 0x18, 0x01, 0x91, 0x80, 0x31, 0x1F, 0x07, 0x11,
    0xF0, 0xF9, 0x18, 0x1F, 0xD1, 0x83, 0xAD, 0x18, 0x32, 0x11, 0x80, 0x21, 0x18, 0x02, 0x11, 0x80,
    0x21, 0x18, 0x02, 0x7F, 0xF0, 0x27, 0xFF, 0x00, 0x00, 0x00, 0x00, 0x00, 0x06, 0x03, 0x00, 0x60,
    0x30, 0x06, 0x03, 0x03, 0xFB, 0xFF, 0x3F, 0xB3, 0x30, 0x1B, 0x33, 0x03, 0x33, 0x30, 0x63, 0xFF,
    0x0F, 0x3F, 0xF1, 0xFA, 0x33, 0x3E, 0xF3, 0x33, 0x63, 0xFF, 0x06, 0x33, 0x30, 0x60, 0x30, 0x06,
    0x03, 0x00, 0x60, 0x30, 0x06, 0x03, 0x00, 0x60, 0x30, 0x00, 0x00, 0x00, 0x00, 0x00, 0x03, 0x18,
    0x00, 0x7F, 0xFF, 0x0E, 0x6C, 0x31, 0xF6, 0x66, 0x39, 0xC6, 0xC3, 0xCC, 0x3C, 0x07, 0x81, 0x80,
    0x7F, 0xFC, 0x0E, 0xFF, 0x73, 0x80, 0x03, 0x10, 0x00, 0x00, 0xFF, 0xFE, 0x00, 0x38, 0x00, 0x31,
    0x18, 0x06, 0x11, 0xC0, 0xC1, 0x06, 0x18, 0xF0, 0x30, 0x0F, 0x00, 0x00, 0x00, 0x00, 0x00, 0x00,
    0x03, 0x01, 0x81, 0xFC, 0xFF, 0x1F, 0xFF, 0xF0, 0x78, 0x38, 0x0F, 0xC7, 0xC1, 0xF6, 0xDE, 0x3B,
    0x19, 0xB1, 0x30, 0x11, 0x07, 0xEF, 0xC0, 0x7F, 0xFC, 0x00, 0x00, 0x01, 0xFF, 0xFF, 0x1F, 0xFF,
    0xF0, 0x01, 0x00, 0x07, 0x11, 0xC0, 0xE1, 0x0E, 0x1C, 0xF0, 0x71, 0x0F, 0x00, 0x00, 0x00, 0x00,
    0x00, 0x00, 0x06, 0x00, 0x00, 0x61, 0xFE, 0x06, 0x10, 0x63, 0xF9, 0x3E, 0x3F, 0x93, 0xE0, 0x19,
    0x26, 0x03, 0x12, 0x60, 0x77, 0xFF, 0x07, 0x7F, 0xF0, 0xFE, 0x03, 0x3E, 0xEF, 0xB3, 0x66, 0xFB,
    0x26, 0x6C, 0xB0, 0x66, 0xCB, 0x06, 0x6F, 0xB0, 0x66, 0xC3, 0x06, 0x60, 0x70, 0x66, 0x07, 0x00,
    0x00, 0x00, 0x00, 0x00, 0x00, 0xE3, 0x01, 0xFE, 0x30, 0x1F, 0x03, 0x00, 0x30, 0x30, 0x03, 0x06,
    0x00, 0x30, 0x60, 0x3F, 0xF6, 0x00, 0x30, 0x60, 0x07, 0x06, 0x00, 0x7C, 0xC0, 0x0F, 0xEC, 0xC1,
    0xB6, 0xC6, 0x1B, 0x0C, 0x63, 0x31, 0x83, 0x03, 0x18, 0x70, 0x37, 0xFF, 0x03, 0x7F, 0xB0, 0x30,
    0x01, 0x00, 0x00, 0x00, 0x00, 0x00, 0x03, 0xC0, 0xC1, 0xF8, 0xCC, 0x16, 0x0E, 0xC0, 0x20, 0x6C,
    0x06, 0x00, 0xC3, 0xFC, 0x0C, 0x1F, 0xD8, 0xC0, 0x71, 0xCC, 0x0F, 0x8E, 0xC0, 0xFC, 0x6C, 0x1E,
    0xC0, 0xC1, 0xA0, 0x3F, 0x32, 0x3F, 0xE3, 0x63, 0xCC, 0x02, 0x00, 0xC0, 0x20, 0x0C, 0x06, 0x00,
    0xC0, 0x20, 0x0C, 0x00, 0x00, 0x00, 0x00, 0x00, 0x01, 0x86, 0x01, 0xF8, 0x7E, 0x3E, 0x1F, 0xE0,
    0x23, 0x86, 0x06, 0x6E, 0xC3, 0xFC, 0x3C, 0x1F, 0x83, 0x80, 0x60, 0xF8, 0x0F, 0x3F, 0x00, 0xFB,
    0x7F, 0x1E, 0xCF, 0xF1, 0xAD, 0xC3, 0x32, 0x3E, 0x63, 0x60, 0x3E, 0x02, 0x03, 0xC0, 0x20, 0x70,
    0x06, 0x7E, 0x00, 0x27, 0x00, 0x00, 0x00, 0x00, 0x00, 0x00, 0x03, 0x06, 0x03, 0xFF, 0xFF, 0x36,
    0xFF, 0xF0, 0x6C, 0x03, 0x06, 0xFF, 0xF0, 0x67, 0xFE, 0x3F, 0x8F, 0x80, 0xE1, 0x98, 0x0E, 0x7D,
    0xB0, 0xFC, 0xEE, 0x1F, 0x9E, 0xC1, 0x67, 0x3C, 0x36, 0xE7, 0x62, 0x61, 0xF6, 0x06, 0x3B, 0x30,
    0x6E, 0x33, 0x06, 0x8F, 0x00, 0x61, 0xE0, 0x00, 0x00, 0x00, 0x00, 0x00, 0x01, 0x84, 0xC3, 0xF8,
    0x66, 0x3E, 0x7F, 0xF0, 0x67, 0xFF, 0x06, 0x1E, 0x10, 0x63, 0xBF, 0x3F, 0xF1, 0xF0, 0xE7, 0x7E,
    0x0E, 0x3F, 0x10, 0xFB, 0xFF, 0x1F, 0x9F, 0xF1, 0x68, 0x00, 0x36, 0x3F, 0xF2, 0x63, 0x03, 0x06,
    0x3F, 0xF0, 0x63, 0x03, 0x06, 0x3F, 0xF0, 0x63, 0xFE, 0x00, 0x00, 0x00, 0x00, 0x00, 0x07, 0x83,
    0x03, 0xF7, 0xFF, 0x06, 0x7F, 0xF0, 0x60, 0x00, 0x06, 0x1F, 0xE3, 0xF9, 0x06, 0x3F, 0x90, 0x60,
    0xE1, 0xFE, 0x0F, 0x00, 0x01, 0xF7, 0xFF, 0x1F, 0xFF, 0xF1, 0x66, 0x03, 0x36, 0x6F, 0xB2, 0x66,
    0xCB, 0x06, 0x6D, 0xB0, 0x66, 0xFB, 0x06, 0x68, 0x70, 0x66, 0x07, 0x00, 0x00, 0x00, 0x00, 0x00,
    0x03, 0x07, 0xE3, 0xFF, 0x7E, 0x03, 0x06, 0x60, 0xB6, 0x66, 0x1F, 0xE4, 0x60, 0x00, 0xC6, 0x1F,
    0xFC, 0x71, 0x03, 0x80, 0x1F, 0xFF, 0xF0, 0xF0, 0xFF, 0x03, 0x04, 0x33, 0xFF, 0x66, 0x07, 0x83,
    0xE0, 0x7C, 0x3C, 0x0F, 0xE3, 0xC1, 0xB6, 0x7E, 0x13, 0x1E, 0x70, 0x31, 0x81, 0x00, 0x00, 0x00,
    0x00, 0x00, 0x01, 0x07, 0xE1, 0xFF, 0xFE, 0x3E, 0x26, 0x30, 0x63, 0x66, 0x06, 0x32, 0x40, 0x63,
    0xEC, 0x3F, 0xBF, 0xF0, 0xE0, 0x03, 0x0E, 0x3F, 0xF0, 0xF0, 0x03, 0x1F, 0x80, 0x31, 0x63, 0xFF,
    0x36, 0x06, 0x02, 0x63, 0xB6, 0x06, 0x78, 0x30, 0x67, 0x8D, 0x06, 0xDF, 0xD0, 0x60, 0xF8, 0x00,
    0x00, 0x00, 0x00, 0x00, 0x03, 0x98, 0xC3, 0xFF, 0xFF, 0x36, 0x18, 0xC0, 0x61, 0x98, 0x06, 0x3F,
    0xF3, 0xFF, 0xFF, 0x3F, 0xFF, 0xE0, 0xE7, 0x30, 0x0F, 0x3F, 0xE0, 0xFB, 0xFE, 0x1F, 0xBF, 0xF1,
    0x60, 0x00, 0x36, 0x7F, 0xE2, 0x63, 0xBE, 0x06, 0x1C, 0xC0, 0x60, 0xF8, 0x06, 0xFF, 0xF0, 0x6E,
    0x07, 0x00, 0x00, 0x00, 0x00, 0x00, 0x00, 0x30, 0x00, 0x03, 0x00, 0x00, 0x30, 0x01, 0xFF, 0xFF,
    0x18, 0x00, 0x71, 0x00, 0x03, 0x18, 0x00, 0x31, 0x08, 0x22, 0x01, 0x83, 0x00, 0x18, 0x30, 0x01,
    0x83, 0x00, 0x30, 0x18, 0x03, 0x01, 0x80, 0x60, 0x1C, 0x06, 0x00, 0xC0, 0xC0, 0x06, 0x18, 0x00,
    0x73, 0x80, 0x03, 0x00, 0x00, 0x00, 0x00, 0x00, 0x00, 0x30, 0x01, 0xFF, 0xFF, 0x1F, 0xFF, 0xF1,
    0x0C, 0x43, 0x19, 0x84, 0x30, 0x18, 0x40, 0x03, 0x84, 0x31, 0xF6, 0x7F, 0x1C, 0x63, 0xE0, 0x06,
    0x00, 0x1F, 0xFF, 0x00, 0xFF, 0xF0, 0x00, 0x63, 0x00, 0x0C, 0x30, 0x01, 0xC3, 0x10, 0x78, 0x31,
    0x1E, 0x03, 0xF1, 0x80, 0x1F, 0x00, 0x00, 0x00, 0x00, 0x00, 0x00, 0x30, 0x01, 0xFF, 0xFF, 0x1F,
    0xFF, 0xF1, 0xFF, 0xFF, 0x10, 0xC4, 0x31, 0x0C, 0x60, 0x01, 0x84, 0x30, 0x38, 0x63, 0x1E, 0x07,
    0xF1, 0x80, 0x00, 0x00, 0x00, 0x00, 0xFF, 0xFE, 0x00, 0x30, 0x00, 0x03, 0x00, 0x00, 0x30, 0x00,
    0x03, 0x00, 0x1F, 0xFF, 0xF3, 0xFF, 0xFF, 0x00, 0x00, 0x00, 0x00, 0x00, 0x00, 0x30, 0x01, 0xFF,
    0xFF, 0x1F, 0xFF, 0xF1, 0x0C, 0xC3, 0x03, 0x8F, 0xE1, 0xF0, 0x7C, 0x0F, 0xFF, 0xE0, 0x7F, 0xFE,
    0x06, 0x00, 0x60, 0x7F, 0xFE, 0x07, 0xFF, 0xE0, 0x58, 0xC6, 0x0D, 0xFF, 0xE0, 0xDF, 0xFE, 0x0D,
    0x0C, 0x21, 0xB0, 0xC6, 0x3B, 0xFF, 0xE1, 0x30, 0x02, 0x00, 0x00, 0x00, 0x00, 0x00, 0x00, 0x30,
    0x01, 0xFF, 0xFF, 0x1F, 0xFF, 0xF1, 0x18, 0x43, 0x03, 0x87, 0xE1, 0xF0, 0x7C, 0x09, 0x8F, 0xE0,
    0xFE, 0xFE, 0x0C, 0x60, 0x20, 0xFE, 0x7E, 0x0C, 0x6F, 0xE0, 0xFE, 0xC0, 0x0C, 0x6F, 0xF3, 0xFF,
    0xFF, 0x03, 0xE0, 0x30, 0x76, 0x03, 0x1C, 0xE1, 0xE1, 0x1E, 0x1E, 0x00, 0x00, 0x00, 0x00, 0x00,
    0x00, 0x30, 0x00, 0x03, 0x00, 0x00, 0x30, 0x01, 0xFF, 0xFF, 0x1F, 0xFF, 0xF0, 0x00, 0x00, 0x03,
    0x01, 0x80, 0x30, 0x18, 0x03, 0x01, 0x80, 0x18, 0x30, 0x01, 0x83, 0x00, 0x18, 0x30, 0x01, 0x87,
    0x00, 0x18, 0x60, 0x00, 0x86, 0x00, 0x00, 0xE8, 0x1F, 0xFF, 0xF0, 0x00, 0x00, 0x00, 0x00, 0x00,
    0x00, 0x00, 0x03, 0x01, 0x81, 0xFE, 0xFF, 0x1F, 0xEF, 0xF0, 0xC8, 0x64, 0x3F, 0xFF, 0xF3, 0xFF,
    0xFF, 0x0F, 0xCF, 0xE1, 0xFC, 0xFF, 0x18, 0x4C, 0x21, 0x84, 0xC2, 0x1F, 0xCD, 0xE1, 0xFC, 0xFE,
    0x0D, 0x86, 0xC0, 0xD8, 0x6C, 0x0D, 0xA4, 0xD1, 0x9E, 0xCD, 0x39, 0xB8, 0xF3, 0x03, 0x0F, 0x00,
    0x00, 0x00, 0x00, 0x00, 0x04, 0x04, 0x00, 0xFE, 0xFF, 0x1F, 0xFF, 0xF1, 0xB1, 0x98, 0x31, 0x30,
    0x80, 0xFF, 0xFE, 0x0F, 0xFF, 0xE0, 0x01, 0x86, 0x07, 0xFF, 0xE0, 0x7F, 0xFE, 0x0C, 0x18, 0x00,
    0xFF, 0xFF, 0x0F, 0xFF, 0xF0, 0x8F, 0x83, 0x01, 0xD8, 0x30, 0x71, 0x86, 0x1C, 0x19, 0xE1, 0x01,
    0x80, 0x00, 0x00, 0x00, 0x00, 0x00, 0x06, 0x06, 0x00, 0xFE, 0xFF, 0x0F, 0xFF, 0xF1, 0x99, 0x98,
    0x31, 0xB0, 0x80, 0x18, 0x30, 0x0F, 0xE3, 0x00, 0xC7, 0xFF, 0x0F, 0xFF, 0xF0, 0xFE, 0x33, 0x0C,
    0x63, 0x30, 0xC6, 0x33, 0x0F, 0xE6, 0x30, 0xFE, 0x63, 0x08, 0x66, 0x31, 0x86, 0xC3, 0x19, 0xF9,
    0xE1, 0x1D, 0x1E, 0x00, 0x00, 0x00, 0x00, 0x00, 0x04, 0x04, 0x00, 0xFE, 0xFF, 0x0F, 0xFF, 0xF1,
    0xB3, 0x98, 0x31, 0xB8, 0x80, 0x07, 0xC0, 0x00, 0xEE, 0x00, 0x1C, 0x30, 0x03, 0xFF, 0xC0, 0xFF,
    0xF7, 0x38, 0x00, 0x30, 0x3F, 0xF8, 0x07, 0xFF, 0xC0, 0x20, 0x0C, 0x02, 0x00, 0xC0, 0x30, 0x1C,
    0x07, 0xFF, 0xC0, 0x20, 0x08, 0x00, 0x00, 0x00, 0x00, 0x00, 0x06, 0x0C, 0x00, 0xFE, 0xFF, 0x1F,
    0xFF, 0xF1, 0xB3, 0x98, 0x31, 0xB1, 0x81, 0x1B, 0x98, 0x1F, 0xFF, 0xF0, 0x01, 0x00, 0x07, 0xFF,
    0xC0, 0xFF, 0xFE, 0x0C, 0x10, 0x60, 0xC3, 0x86, 0x0C, 0x7D, 0xE0, 0xCF, 0xFC, 0x03, 0x93, 0x80,
    0xF1, 0x1F, 0x1C, 0x10, 0x70, 0x01, 0x00, 0x00, 0x00, 0x00, 0x00, 0x00, 0x0C, 0x0C, 0x00, 0xFD,
    0xFF, 0x1F, 0xFF, 0xF3, 0x33, 0x30, 0x33, 0x61, 0x81, 0xFF, 0xFE, 0x1E, 0x77, 0xE1, 0x83, 0x06,
    0x1B, 0xFF, 0x61, 0x83, 0x06, 0x18, 0x30, 0x61, 0x9F, 0xE6, 0x19, 0x86, 0x61, 0x98, 0x66, 0x19,
    0xFE, 0x61, 0x80, 0x06, 0x1F, 0xFF, 0xE1, 0x80, 0x06, 0x00, 0x00, 0x00, 0x00, 0x00, 0x0E, 0x06,
    0x00, 0xFF, 0xFF, 0x1B, 0x9D, 0xC3, 0x99, 0x8C, 0x07, 0xFF, 0xE0, 0x60, 0x06, 0x07, 0xFF, 0xE0,
    0x60, 0x06, 0x07, 0xFF, 0xE0, 0x7F, 0xFE, 0x06, 0x00, 0x60, 0x7F, 0xFE, 0x00, 0xC1, 0x01, 0xFF,
    0xFF, 0x3F, 0xFF, 0xF0, 0x38, 0x30, 0x0F, 0x03, 0x01, 0xC0, 0x10, 0x00, 0x00, 0x00, 0x00, 0x00,
    0x0C, 0x0E, 0x01, 0xFF, 0xFF, 0x1B, 0x39, 0x83, 0x33, 0x18, 0x00, 0x10, 0x01, 0xFF, 0xFF, 0x18,
    0x00, 0x31, 0x00, 0x03, 0x13, 0xFF, 0x90, 0x20, 0x18, 0x03, 0x01, 0x80, 0x3F, 0xF8, 0x02, 0x00,
    0x00, 0x3F, 0xFE, 0x03, 0x00, 0xE0, 0x20, 0x06, 0x03, 0xFF, 0xE0, 0x20, 0x04, 0x00, 0x00, 0x00,
    0x00, 0x00, 0x0E, 0x0E, 0x00, 0xFF, 0xFF, 0x1B, 0x39, 0x83, 0x13, 0x18, 0x1F, 0xC7, 0xE1, 0xFE,
    0xFF, 0x18, 0x6C, 0x31, 0xFE, 0xFF, 0x18, 0x6C, 0x31, 0xFE, 0xFF, 0x18, 0xFE, 0x31, 0x8F, 0xE3,
    0x18, 0x82, 0x31, 0x8F, 0xE3, 0x18, 0xC6, 0x31, 0x8F, 0xE3, 0x18, 0xFF, 0xF1, 0x80, 0x1E, 0x00,
    0x00, 0x00, 0x00, 0x00, 0x00, 0x60, 0x00, 0x0E, 0x00, 0x01, 0xC3, 0x00, 0xF8, 0x70, 0x0F, 0x0E,
    0x00, 0x39, 0xC0, 0x01, 0xF9, 0x80, 0x0E, 0x1C, 0x00, 0xC0, 0xC3, 0xFF, 0xFE, 0x3F, 0xFF, 0xF0,
    0x01, 0x01, 0x03, 0x31, 0x00, 0x73, 0x1C, 0x0E, 0x30, 0xE1, 0xC3, 0x07, 0x18, 0x30, 0x30, 0x03,
    0x00, 0x00, 0x00, 0x00, 0x00, 0x00, 0x00, 0xFF, 0xE1, 0xFF, 0xF8, 0x00, 0xE0, 0x00, 0x0C, 0x30,
    0x0D, 0x86, 0x00, 0xF0, 0xC0, 0x03, 0x98, 0x00, 0x1F, 0x18, 0x00, 0xE1, 0xC0, 0x1C, 0x0E, 0x3F,
    0xFF, 0xF1, 0xFF, 0xEB, 0x00, 0x10, 0x10, 0x33, 0x38, 0x06, 0x30, 0xC1, 0xC3, 0x07, 0x38, 0x30,
    0x30, 0x01, 0x00, 0x00, 0x00, 0x00, 0x00, 0x00, 0x06, 0x00, 0x60, 0xC0, 0xC6, 0x0D, 0x8C, 0x63,
    0x98, 0xC6, 0x3B, 0x0C, 0x61, 0xE0, 0xC6, 0x0E, 0x8C, 0x60, 0xCC, 0xC6, 0x3F, 0xCC, 0x63, 0xFE,
    0xC6, 0x02, 0x6C, 0x61, 0x2C, 0xFF, 0x1A, 0xFF, 0xE1, 0x26, 0x06, 0x32, 0x60, 0x63, 0x20, 0x06,
    0x02, 0x00, 0x60, 0x20, 0x06, 0x00, 0x00, 0x00, 0x00, 0x00, 0x06, 0x00, 0x00, 0xC1, 0xFF, 0x0D,
    0x80, 0x33, 0x98, 0x03, 0x3B, 0x00, 0x31, 0xE0, 0x03, 0x0E, 0x80, 0x30, 0xCD, 0xFF, 0x3F, 0xDF,
    0xF3, 0xFF, 0x82, 0x02, 0x78, 0x01, 0x2D, 0x80, 0x1A, 0xD8, 0x01, 0x27, 0x80, 0x32, 0x78, 0x13,
    0x21, 0x81, 0x02, 0x1F, 0xF0, 0x20, 0xFF, 0x00, 0x00, 0x00, 0x00, 0x00, 0x03, 0x00, 0x00, 0x61,
    0xFF, 0x0C, 0xDF, 0xF1, 0xDC, 0x18, 0x1D, 0x81, 0x80, 0xF0, 0x18, 0x06, 0x41, 0x80, 0xE6, 0x18,
    0x3F, 0xF1, 0x81, 0xF3, 0x18, 0x03, 0x01, 0x80, 0xB6, 0x18, 0x1B, 0x61, 0x81, 0xB3, 0x18, 0x1B,
    0x31, 0x83, 0x32, 0x38, 0x03, 0x3F, 0xF0, 0x30, 0x00, 0x00, 0x00, 0x00, 0x00, 0x00, 0x06, 0x00,
    0xF0, 0xC1, 0xFE, 0x0D, 0x9D, 0x83, 0x99, 0x98, 0x1B, 0x19, 0x80, 0xF1, 0x88, 0x06, 0x98, 0x80,
    0xCD, 0xFF, 0x3F, 0xDF, 0xF3, 0xF7, 0x88, 0x02, 0x18, 0xC1, 0xA9, 0x8C, 0x1A, 0xD8, 0xC1, 0x2D,
    0x8C, 0x32, 0x58, 0xC3, 0x21, 0xFE, 0x02, 0x3F, 0x70, 0x22, 0x03, 0x00, 0x00, 0x00, 0x00, 0x00,
    0x0C, 0x00, 0x00, 0xC7, 0xF8, 0x19, 0xB1, 0x83, 0xB1, 0x18, 0x3A, 0x19, 0x81, 0xE1, 0x98, 0x0D,
    0x19, 0xF0, 0x99, 0xB3, 0x3F, 0x9C, 0x33, 0xFF, 0xC6, 0x06, 0xF6, 0x61, 0x7B, 0x6C, 0x17, 0xB3,
    0xC3, 0x6E, 0x38, 0x36, 0xE3, 0x82, 0x6C, 0x7E, 0x06, 0xDC, 0x70, 0x69, 0x81, 0x00, 0x00, 0x00,
    0x00, 0x00, 0x00, 0x10, 0x01, 0xFF, 0xFF, 0x1F, 0xFF, 0xF0, 0x01, 0x00, 0x1F, 0xFF, 0xF1, 0xFF,
    0xFF, 0x10, 0x60, 0x31, 0x1C, 0x63, 0x07, 0x8C, 0x00, 0x3F, 0xB0, 0x00, 0xF1, 0x81, 0xFF, 0xFE,
    0x1F, 0xFF, 0xF0, 0x11, 0x11, 0x03, 0x33, 0x80, 0xE3, 0x0E, 0x1C, 0x30, 0x71, 0x01, 0x00, 0x00,
    0x00, 0x00, 0x00, 0x00, 0x03, 0x0C, 0x00, 0xBE, 0xCF, 0x1B, 0xEF, 0xC1, 0xB0, 0xE0, 0x1B, 0x0C,
    0x11, 0xBE, 0xE3, 0x3F, 0xE7, 0xF3, 0x06, 0x00, 0x05, 0xC6, 0x00, 0x78, 0xC0, 0x03, 0xF9, 0x80,
    0x0F, 0x0C, 0x3F, 0xFF, 0xE3, 0xFF, 0xFF, 0x03, 0x11, 0x10, 0x73, 0x1C, 0x1C, 0x30, 0x71, 0x81,
    0x03, 0x00, 0x00, 0x00, 0x00, 0x00, 0x06, 0x00, 0x00, 0x61, 0xFF, 0x0C, 0x9F, 0xF1, 0x99, 0x33,
    0x1B, 0x13, 0x30, 0xF1, 0x33, 0x06, 0x93, 0x30, 0xCD, 0x33, 0x3F, 0xFF, 0xF3, 0xE7, 0xB3, 0x02,
    0x33, 0x31, 0xA9, 0x33, 0x1A, 0xD3, 0x31, 0x2D, 0x33, 0x12, 0x73, 0x33, 0x23, 0xFF, 0x22, 0x1F,
    0xF0, 0x21, 0x03, 0x00, 0x00, 0x00, 0x00, 0x00, 0x0C, 0x10, 0x60, 0xC1, 0x06, 0x09, 0x10, 0x63,
    0xB7, 0xFF, 0x3B, 0x7F, 0xF1, 0xE1, 0x06, 0x0D, 0x10, 0x60, 0x99, 0x06, 0x3F, 0x90, 0x63, 0xF9,
    0xFE, 0x06, 0x9F, 0xE1, 0x79, 0x06, 0x17, 0x90, 0x63, 0x69, 0x06, 0x36, 0x90, 0x63, 0x61, 0x86,
    0x26, 0x1F, 0xE0, 0x61, 0x06, 0x00, 0x00, 0x00, 0x00, 0x00, 0x06, 0x00, 0x00, 0xC1, 0xFF, 0x0D,
    0x98, 0x33, 0x99, 0x83, 0x1B, 0x18, 0x30, 0xF1, 0x87, 0x07, 0x9F, 0xF0, 0xC9, 0x83, 0x1F, 0xD8,
    0x33, 0xFD, 0x83, 0x02, 0x58, 0x71, 0xA9, 0xFF, 0x1A, 0xD8, 0x31, 0x2D, 0x83, 0x12, 0x58, 0x33,
    0x21, 0x83, 0x02, 0x7F, 0xF0, 0x27, 0xFF, 0x00, 0x00, 0x00, 0x00, 0x00, 0x0C, 0x00, 0x00, 0xC7,
    0xFF, 0x19, 0x18, 0x63, 0xB1, 0x8E, 0x3B, 0x0C, 0xC1, 0xE0, 0x78, 0x0F, 0x07, 0x80, 0x99, 0xFC,
    0x3F, 0xF8, 0xF3, 0xFE, 0x31, 0x06, 0x83, 0x01, 0x7B, 0xFF, 0x17, 0xBF, 0xF3, 0x68, 0x30, 0x36,
    0x83, 0x03, 0x60, 0x30, 0x26, 0x7F, 0xF0, 0x67, 0xFF, 0x00, 0x00, 0x00, 0x00, 0x00, 0x06, 0x03,
    0x00, 0xC0, 0x30, 0x0D, 0xFF, 0xF3, 0x9B, 0xFF, 0x1B, 0x03, 0x00, 0xE0, 0x30, 0x0F, 0x83, 0x00,
    0xCB, 0xFF, 0x1F, 0xFF, 0xF3, 0xFC, 0x00, 0x02, 0x1F, 0xF1, 0xA9, 0xFF, 0x1A, 0xD8, 0x31, 0x2D,
    0x83, 0x32, 0x58, 0x33, 0x21, 0x83, 0x02, 0x1F, 0xF0, 0x21, 0x83, 0x00, 0x00, 0x00, 0x00, 0x00,
    0x0C, 0x06, 0x00, 0xC0, 0x60, 0x19, 0xFF, 0xF3, 0xB7, 0xFF, 0x3A, 0x08, 0x81, 0xE1, 0x8C, 0x0D,
    0x30, 0x60, 0x9F, 0x03, 0x3F, 0xF0, 0xF3, 0xF9, 0x8C, 0x06, 0x99, 0x81, 0x78, 0xD8, 0x37, 0x87,
    0x03, 0x68, 0x70, 0x36, 0x8F, 0x82, 0x63, 0x9C, 0x06, 0xF0, 0xF0, 0x6C, 0x03, 0x00, 0x00, 0x00,
    0x00, 0x00, 0x04, 0x07, 0x00, 0xC0, 0x78, 0x09, 0x0D, 0x83, 0xB1, 0xCC, 0x33, 0x38, 0x61, 0xE7,
    0x03, 0x0D, 0xFF, 0xF0, 0x9D, 0xFC, 0x3F, 0x80, 0x03, 0xFC, 0x00, 0x06, 0x9F, 0xE1, 0x7B, 0xFE,
    0x17, 0xB0, 0x23, 0x69, 0x02, 0x36, 0xD0, 0x23, 0x63, 0x86, 0x26, 0x3F, 0xE0, 0x61, 0x02, 0x00,
    0x00, 0x00, 0x00, 0x00, 0x0C, 0x07, 0x00, 0xC0, 0xF8, 0x19, 0x9D, 0xC3, 0xB3, 0x8E, 0x3A, 0x70,
    0x71, 0xEE, 0x03, 0x0D, 0x5F, 0xE0, 0x98, 0x00, 0x3F, 0x80, 0x03, 0xFF, 0xFF, 0x06, 0xFF, 0xF1,
    0x78, 0xC0, 0x37, 0x8C, 0xC3, 0x69, 0x8C, 0x36, 0x98, 0x62, 0x63, 0xFF, 0x06, 0x7F, 0xF0, 0x60,
    0x01, 0x00, 0x00, 0x00, 0x00, 0x00, 0x06, 0x1F, 0xF0, 0xC1, 0xFF, 0x0D, 0x98, 0x33, 0x99, 0x83,
    0x1B, 0x1F, 0xF0, 0xE1, 0xFF, 0x0E, 0x80, 0x00, 0xC9, 0xFF, 0x1F, 0xDF, 0xF3, 0xFF, 0x81, 0x02,
    0x5F, 0xF1, 0xA9, 0xFF, 0x1A, 0xD8, 0x11, 0x2D, 0xFF, 0x32, 0x78, 0x33, 0x21, 0x81, 0x02, 0x18,
    0x70, 0x21, 0x87, 0x00, 0x00, 0x00, 0x00, 0x00, 0x06, 0x21, 0x80, 0xC3, 0x19, 0x0D, 0xBD, 0xB3,
    0xB2, 0xDA, 0x3B, 0x25, 0xE1, 0xE2, 0x5C, 0x0F, 0x3F, 0xF0, 0xDB, 0xFF, 0x3F, 0xB3, 0x83, 0xFF,
    0x3C, 0x06, 0xF7, 0xE1, 0x72, 0x5B, 0x17, 0xBD, 0xB3, 0x6B, 0x98, 0x36, 0xB1, 0x83, 0x63, 0x18,
    0x06, 0x3F, 0xF0, 0x63, 0x00, 0x00, 0x00, 0x00, 0x00, 0x00, 0x04, 0x0C, 0xC0, 0xC1, 0x8C, 0x09,
    0x99, 0x83, 0xB3, 0xFF, 0x3B, 0x3F, 0xF1, 0xE7, 0x18, 0x0F, 0xF1, 0x80, 0xDF, 0x18, 0x3F, 0x9F,
    0xF3, 0xFD, 0x18, 0x06, 0x91, 0x81, 0x7B, 0xFE, 0x17, 0x9F, 0xF3, 0x69, 0x18, 0x36, 0x91, 0x83,
    0x61, 0x98, 0x06, 0x3F, 0xF0, 0x61, 0x00, 0x00, 0x00, 0x00, 0x00, 0x00, 0x06, 0x00, 0x00, 0xC7,
    0xFF, 0x0D, 0x60, 0x33, 0xB6, 0x8D, 0x3B, 0x6C, 0xB1, 0xE6, 0xDB, 0x0F, 0x6F, 0xF0, 0xDE, 0xFF,
    0x3F, 0xEA, 0x33, 0xFE, 0xAD, 0x06, 0xEA, 0xD1, 0x76, 0xAD, 0x17, 0xEA, 0xD3, 0x6E, 0xFD, 0x36,
    0xEF, 0xD3, 0x66, 0x81, 0x06, 0x60, 0xF0, 0x66, 0x0F, 0x00, 0x00, 0x00, 0x00, 0x00, 0x1F, 0xE0,
    0x01, 0xFF, 0xFF, 0x1B, 0x0C, 0x61, 0xFE, 0xC6, 0x10, 0x66, 0xC1, 0xFE, 0x38, 0x1F, 0xC7, 0x81,
    0xFF, 0xEE, 0x1E, 0xFC, 0x70, 0x5C, 0x60, 0x0F, 0x9C, 0x00, 0x3F, 0x18, 0x01, 0xE1, 0xE1, 0xFF,
    0xFF, 0x13, 0x33, 0x30, 0x73, 0x3C, 0x1C, 0x30, 0xF1, 0x03, 0x02, 0x00, 0x00, 0x00, 0x00, 0x00,
    0x06, 0x0C, 0xC0, 0x40, 0xC6, 0x0D, 0x98, 0x31, 0x9B, 0x31, 0x1B, 0x36, 0x00, 0xE0, 0x6C, 0x07,
    0x84, 0x60, 0xC9, 0xFF, 0x3F, 0xDF, 0xB3, 0xF6, 0x61, 0x02, 0x03, 0x81, 0xA8, 0x58, 0x1A, 0xD4,
    0x31, 0x2F, 0x43, 0x32, 0x74, 0x13, 0x22, 0x47, 0x02, 0x67, 0xE0, 0x20, 0x7C, 0x00, 0x00, 0x00,
    0x00, 0x00, 0x06, 0x03, 0xF0, 0xC7, 0xFE, 0x0D, 0xB6, 0x33, 0xB3, 0x26, 0x3B, 0x12, 0x61, 0xE7,
    0xFF, 0x0F, 0x3F, 0xF0, 0xD8, 0xC0, 0x3F, 0xFF, 0xF3, 0xFF, 0xFF, 0x06, 0x9C, 0x01, 0x71, 0xFE,
    0x17, 0x9C, 0x63, 0x6B, 0xCC, 0x36, 0xB7, 0x83, 0x66, 0x38, 0x06, 0xCE, 0xF0, 0x6D, 0x83, 0x00,
    0x00, 0x00, 0x00, 0x00, 0x0C, 0x0E, 0x00, 0xC3, 0xFE, 0x19, 0x8C, 0x63, 0xB3, 0xFF, 0x3B, 0x7F,
    0xF1, 0xE0, 0x00, 0x0D, 0x3F, 0xE0, 0x9B, 0x06, 0x3F, 0xB0, 0x63, 0xFF, 0xFE, 0x06, 0xFF, 0xE1,
    0x7B, 0xFF, 0x17, 0xBF, 0xF3, 0x6B, 0x18, 0x36, 0xFF, 0xF3, 0x67, 0xFF, 0x06, 0x01, 0x80, 0x60,
    0x18, 0x00, 0x00, 0x00, 0x00, 0x00, 0x04, 0x3F, 0xE0, 0xC1, 0xFE, 0x09, 0x80, 0x63, 0xB1, 0xFE,
    0x1B, 0x00, 0x61, 0xE0, 0x06, 0x0F, 0x7F, 0xF0, 0xD8, 0x78, 0x3F, 0x8D, 0x83, 0xFF, 0xFB, 0x06,
    0xE7, 0xE1, 0x71, 0xFC, 0x17, 0xBB, 0xC3, 0x6A, 0x76, 0x36, 0x9D, 0xB3, 0x67, 0x93, 0x06, 0x67,
    0x00, 0x60, 0xE0, 0x00, 0x00, 0x00, 0x00, 0x00, 0x01, 0x83, 0x03, 0xFF, 0xFF, 0x3F, 0xFF, 0xF0,
    0x18, 0x30, 0x0F, 0xFF, 0xE1, 0xFF, 0xFE, 0x19, 0x10, 0x21, 0xB1, 0x32, 0x1E, 0x97, 0xA1, 0xBB,
    0x7E, 0x1B, 0xD7, 0xE1, 0xFF, 0x7E, 0x19, 0xF7, 0xA1, 0xBD, 0x32, 0x1F, 0xF3, 0xE1, 0xD7, 0xFE,
    0x19, 0x10, 0x61, 0x81, 0x06, 0x00, 0x00, 0x00, 0x00, 0x00, 0x04, 0x1F, 0xC0, 0xC1, 0xFC, 0x09,
    0x18, 0xC3, 0xB1, 0xFC, 0x3A, 0x1F, 0xC1, 0xE7, 0xDF, 0x0F, 0x7D, 0xF0, 0x96, 0x51, 0x3F, 0xFD,
    0xF3, 0xFF, 0xFF, 0x06, 0x86, 0x01, 0x7F, 0xFF, 0x17, 0xFF, 0xF3, 0x68, 0xF8, 0x36, 0x9E, 0xC2,
    0x67, 0x67, 0x06, 0xC6, 0x30, 0x60, 0x60, 0x00, 0x00, 0x00, 0x00, 0x00, 0x03, 0x00, 0x00, 0x30,
    0x00, 0x07, 0xFF, 0xE0, 0x7F, 0xFE, 0x0C, 0x10, 0x01, 0xC3, 0x00, 0x18, 0x30, 0x00, 0x03, 0x00,
    0x3F, 0xFF, 0xF0, 0x03, 0x80, 0x00, 0x30, 0x40, 0xC3, 0x06, 0x0C, 0x30, 0x60, 0xC3, 0x06, 0x0C,
    0x30, 0x60, 0xFF, 0xFE, 0x0F, 0xFF, 0xE0, 0xC0, 0x06, 0x00, 0x00, 0x00, 0x00, 0x00, 0x00, 0x00,
    0x01, 0xFF, 0xFF, 0x18, 0xC6, 0x31, 0x8C, 0x63, 0x1F, 0xFF, 0xF0, 0xFF, 0xFF, 0x00, 0x46, 0x01,
    0xFE, 0x7F, 0x1F, 0xE7, 0xF0, 0x06, 0x60, 0x1F, 0xE7, 0xF0, 0xFE, 0x7F, 0x00, 0x66, 0x01, 0xFC,
    0x7F, 0x3F, 0xC7, 0xF0, 0x18, 0x60, 0x07, 0x06, 0x00, 0xE0, 0x60, 0x00, 0x00, 0x00, 0x00, 0x00,
    0x03, 0x03, 0x80, 0x18, 0x30, 0x1F, 0xFF, 0xF1, 0xFF, 0xFE, 0x00, 0x10, 0x00, 0xFF, 0xFE, 0x07,
    0xFF, 0xC0, 0x03, 0x00, 0x3F, 0xFF, 0xF3, 0xFF, 0xFF, 0x00, 0x30, 0x01, 0xFF, 0xFF, 0x3F, 0xFF,
    0xF0, 0x07, 0xC0, 0x00, 0xEE, 0x00, 0x3C, 0x78, 0x1F, 0x01, 0xF1, 0xC0, 0x07, 0x00, 0x00, 0x00,
    0x00, 0x00, 0x00, 0x0C, 0x31, 0xFE, 0xC6, 0x06, 0x66, 0x61, 0x77, 0xFF, 0x3F, 0xFF, 0xF0, 0x66,
    0x18, 0x06, 0x61, 0x81, 0xFE, 0x18, 0x1F, 0xEF, 0xF0, 0xC0, 0x18, 0x0C, 0x01, 0x81, 0xFE, 0x18,
    0x1C, 0x7F, 0xF3, 0xC7, 0xFF, 0x0C, 0x61, 0x80, 0xC6, 0x18, 0x0F, 0xE1, 0x80, 0xC0, 0x18, 0x00,
    0x00, 0x00, 0x00, 0x00, 0x03, 0x03, 0x01, 0xFF, 0xFE, 0x1F, 0xFF, 0xE0, 0x03, 0x00, 0x0F, 0xFF,
    0xC0, 0xFF, 0xF8, 0x3F, 0xFF, 0xF3, 0xFF, 0xFF, 0x01, 0xED, 0x83, 0xFC, 0xCC, 0x03, 0x0C, 0x63,
    0xFF, 0xFF, 0x03, 0x06, 0xC0, 0xFF, 0x6C, 0x3F, 0xE7, 0x80, 0x30, 0xF1, 0x0F, 0x7D, 0xF1, 0xF6,
    0x0E, 0x00, 0x00, 0x00, 0x00, 0x00, 0x00, 0x00, 0x01, 0xFF, 0xFF, 0x00, 0x60, 0x30, 0x06, 0x03,
    0x18, 0x6C, 0x31, 0xC6, 0xE3, 0x0E, 0x66, 0x30, 0x66, 0x33, 0x00, 0x60, 0x30, 0x06, 0x07, 0x01,
    0xE1, 0xF0, 0x7E, 0x7B, 0x1E, 0x7E, 0x33, 0x87, 0x83, 0x00, 0x60, 0x30, 0x06, 0x03, 0x03, 0xE3,
    0xF0, 0x3C, 0x3E, 0x00, 0x00, 0x00, 0x00, 0x00, 0x01, 0x87, 0x00, 0x30, 0x38, 0x0E, 0x61, 0xC1,
    0xC6, 0x47, 0x18, 0xC6, 0x30, 0x1C, 0x78, 0x07, 0xFF, 0xC0, 0x00, 0x0C, 0x0F, 0xCF, 0xE1, 0xFE,
    0xFE, 0x0C, 0x64, 0x20, 0xE6, 0x62, 0x02, 0x63, 0x20, 0x16, 0x0A, 0x0F, 0x67, 0xA3, 0xC7, 0xE2,
    0x01, 0xE1, 0xE0, 0x1C, 0x1E, 0x00, 0x00, 0x00, 0x00, 0x00, 0x00, 0x60, 0x00, 0x06, 0x06, 0x0F,
    0xFF, 0xC0, 0xFF, 0xF8, 0x00, 0x63, 0x00, 0x06, 0xF0, 0x3F, 0xFF, 0xF0, 0x07, 0x80, 0x01, 0xE1,
    0x80, 0x7F, 0xFC, 0x1F, 0xF8, 0x03, 0x90, 0x00, 0x03, 0xFF, 0xC0, 0x3F, 0xFC, 0x00, 0x00, 0xC0,
    0x00, 0x18, 0x00, 0x1F, 0x80, 0x01, 0xF0, 0x00, 0x00, 0x00, 0x00, 0x00, 0x00, 0x30, 0x20, 0x03,
    0x07, 0x07, 0xFF, 0xE0, 0x7F, 0xFC, 0x00, 0x31, 0x80, 0x07, 0x70, 0x1F, 0xFF, 0xF0, 0x03, 0x80,
    0x00, 0x70, 0x00, 0x1F, 0xFC, 0x0F, 0xFF, 0xC1, 0xF8, 0x0C, 0x11, 0x80, 0xC0, 0x1F, 0xFC, 0x01,
    0x80, 0xC0, 0x18, 0x0C, 0x01, 0xFF, 0xC0, 0x18, 0x0C, 0x00, 0x00, 0x00, 0x00, 0x00, 0x02, 0x06,
    0x61, 0xFC, 0x46, 0x1F, 0xC6, 0x60, 0x21, 0xFF, 0x02, 0x1F, 0xF1, 0xFC, 0x66, 0x1F, 0x86, 0x60,
    0x20, 0x66, 0x1F, 0xC4, 0x61, 0xFF, 0xFF, 0x07, 0x3F, 0xF0, 0xF8, 0xC6, 0x0E, 0xCC, 0x61, 0xA4,
    0xC6, 0x32, 0x18, 0x63, 0x21, 0x86, 0x02, 0x30, 0x60, 0x22, 0x06, 0x00, 0x00, 0x00, 0x00, 0x00,
    0x1F, 0xFF, 0xF3, 0xFF, 0xFF, 0x07, 0x01, 0x80, 0x20, 0x18, 0x02, 0x01, 0x80, 0x3F, 0xF8, 0x03,
    0xFF, 0x80, 0x20, 0x18, 0x02, 0x01, 0x80, 0x3F, 0xF8, 0x03, 0xFF, 0x80, 0x20, 0x18, 0x02, 0x01,
    0x80, 0x20, 0x1F, 0x3F, 0xFF, 0xF3, 0xFF, 0xF8, 0x00, 0x01, 0x80, 0x00, 0x18, 0x00, 0x00, 0x00,
    0x00, 0x00, 0x0F, 0x8F, 0xF1, 0xF9, 0xFF, 0x18, 0x81, 0x81, 0x88, 0x18, 0x18, 0x81, 0x81, 0xF8,
    0x18, 0x1F, 0x81, 0x81, 0x88, 0x18, 0x18, 0xBF, 0xF1, 0x88, 0x38, 0x1F, 0x81, 0x81, 0xF8, 0x18,
    0x18, 0x81, 0x81, 0x88, 0x18, 0x18, 0x81, 0x81, 0x08, 0x18, 0x33, 0x81, 0x83, 0x38, 0x18, 0x00,
    0x00, 0x00, 0x00, 0x00, 0x1F, 0x9F, 0xC1, 0xF9, 0xFC, 0x18, 0x98, 0xC1, 0x89, 0x8C, 0x18, 0x98,
    0xD1, 0xF9, 0x8D, 0x1F, 0xF0, 0xF1, 0x8E, 0x00, 0x18, 0xBF, 0xE1, 0x8B, 0xFE, 0x1F, 0x98, 0x61,
    0xF9, 0x8E, 0x18, 0x8C, 0xC1, 0x88, 0x78, 0x18, 0x87, 0x81, 0x08, 0xFC, 0x33, 0xFC, 0xF3, 0x3B,
    0x03, 0x00, 0x00, 0x00, 0x00, 0x00, 0x1F, 0x83, 0x01, 0xF8, 0x30, 0x18, 0x83, 0x01, 0x8F, 0xFF,
    0x18, 0x83, 0x01, 0xF8, 0x30, 0x1F, 0x83, 0x01, 0x8B, 0xFF, 0x18, 0xBF, 0xF1, 0x89, 0x82, 0x1F,
    0x8C, 0x61, 0xF8, 0xCC, 0x18, 0x87, 0xC1, 0x88, 0x38, 0x18, 0x87, 0x81, 0x09, 0xFE, 0x33, 0xF8,
    0x73, 0x3B, 0x01, 0x00, 0x00, 0x00, 0x00, 0x00, 0x00, 0x00, 0x01, 0xFF, 0xFF, 0x00, 0x00, 0x00,
    0xFF, 0xFE, 0x0E, 0x00, 0xE0, 0xC0, 0x06, 0x0F, 0xFF, 0xE0, 0xFF, 0xFC, 0x0C, 0x00, 0x00, 0xDF,
    0xFE, 0x0D, 0x80, 0x60, 0xDF, 0xFE, 0x0D, 0xFF, 0xE1, 0x98, 0x06, 0x19, 0xFF, 0xE3, 0x98, 0x06,
    0x31, 0x81, 0xE0, 0x18, 0x3C, 0x00, 0x00, 0x00, 0x00, 0x00, 0x00, 0x30, 0x00, 0x23, 0xFC, 0x02,
    0x3F, 0xC0, 0x21, 0x00, 0x06, 0x30, 0x01, 0xFF, 0xFF, 0x00, 0x00, 0x00, 0x7F, 0xF8, 0x07, 0xFF,
    0xC0, 0x60, 0x08, 0x07, 0xFF, 0x80, 0x7F, 0xF8, 0x06, 0x00, 0x80, 0x7F, 0xF8, 0x06, 0x01, 0x80,
    0x60, 0x08, 0x06, 0x07, 0x80, 0x60, 0x78, 0x00, 0x00, 0x00, 0x00, 0x00, 0x00, 0x10, 0x01, 0xFF,
    0xFF, 0x3F, 0xFF, 0xF0, 0x18, 0x30, 0x01, 0x81, 0xC1, 0xFF, 0xFE, 0x0F, 0xFF, 0x70, 0x00, 0x00,
    0x07, 0xFF, 0xC0, 0x70, 0x1C, 0x06, 0x00, 0xC0, 0x7F, 0xFC, 0x06, 0x00, 0xC0, 0x7F, 0xFC, 0x07,
    0xFF, 0xC0, 0x60, 0x0C, 0x06, 0x07, 0xC0, 0x60, 0x78, 0x00, 0x00, 0x00, 0x00, 0x00, 0x00, 0x00,
    0x00, 0xFF, 0xFE, 0x0C, 0x30, 0x30, 0xFF, 0xFF, 0x0F, 0xFF, 0xF0, 0xC1, 0x03, 0x0F, 0xFF, 0xF0,
    0xFF, 0xFE, 0x03, 0xFF, 0xC0, 0x7F, 0xFC, 0x06, 0x00, 0xC0, 0x7F, 0xFC, 0x06, 0x00, 0xC0, 0x7F,
    0xFC, 0x07, 0xFF, 0xC0, 0x60, 0x0C, 0x06, 0x07, 0xC0, 0x60, 0x78, 0x00, 0x00, 0x00, 0x00, 0x00,
    0x0F, 0x98, 0x01, 0xF9, 0x80, 0x19, 0xBF, 0xF1, 0x9B, 0xFF, 0x19, 0xE0, 0x11, 0xFE, 0x31, 0x1F,
    0xE2, 0xD1, 0x9B, 0xED, 0x19, 0xA6, 0xD1, 0x9A, 0x6D, 0x1F, 0xAF, 0xD1, 0xFB, 0x8D, 0x19, 0xB8,
    0xD1, 0x9B, 0xFD, 0x19, 0xB0, 0xD1, 0x1A, 0x03, 0x37, 0x81, 0xF1, 0x70, 0x1E, 0x00, 0x00, 0x00,
    0x00, 0x00, 0x06, 0x04, 0x00, 0x6C, 0x47, 0x0C, 0x67, 0xE1, 0xFE, 0x78, 0x3F, 0xF6, 0x00, 0x03,
    0x41, 0x00, 0x04, 0x11, 0xFE, 0x7F, 0x18, 0x67, 0xF1, 0xFE, 0x40, 0x1F, 0xE4, 0x31, 0x86, 0x5F,
    0x18, 0x67, 0xC1, 0xFE, 0x60, 0x18, 0x64, 0x01, 0x86, 0x41, 0x19, 0xE7, 0xF1, 0x9C, 0x7F, 0x00,
    0x00, 0x00, 0x00, 0x00, 0x1F, 0x90, 0x21, 0xF9, 0x1F, 0x18, 0x9F, 0xC1, 0x89, 0xE0, 0x1F, 0x90,
    0x11, 0xF9, 0x81, 0x18, 0x9F, 0xF1, 0x88, 0x00, 0x18, 0x80, 0x01, 0x89, 0xFF, 0x1F, 0x9F, 0xF1,
    0xF9, 0x03, 0x18, 0x9F, 0xF1, 0x89, 0xFF, 0x18, 0x90, 0x31, 0x09, 0x83, 0x33, 0x9F, 0xF3, 0x39,
    0x83, 0x00, 0x00, 0x00, 0x00, 0x00, 0x07, 0xBF, 0x00, 0x7F, 0xFC, 0x00, 0xE0, 0xC0, 0xF8, 0x78,
    0x06, 0x03, 0x01, 0xFF, 0xFF, 0x06, 0x63, 0x30, 0xDE, 0xEF, 0x19, 0xDC, 0xE0, 0x7F, 0xF8, 0x07,
    0xFF, 0x80, 0x60, 0x18, 0x07, 0xFF, 0x80, 0x60, 0x18, 0x07, 0xFF, 0x80, 0x60, 0x08, 0x06, 0x07,
    0x80, 0x60, 0x78, 0x00, 0x00, 0x00, 0x00, 0x00, 0x1F, 0x11, 0xF1, 0xF1, 0x1F, 0x13, 0x31, 0xB1,
    0xBF, 0xDB, 0x1B, 0x31, 0xB1, 0xF1, 0x1B, 0x1F, 0x11, 0xB1, 0x3F, 0xFB, 0x1B, 0xFF, 0xB1, 0xB3,
    0x1B, 0x1F, 0x31, 0xB1, 0xF6, 0xDB, 0x13, 0x6D, 0xB1, 0x36, 0x5F, 0x33, 0xFF, 0xF3, 0x3F, 0xF8,
    0x37, 0x01, 0x82, 0x60, 0x18, 0x00, 0x00, 0x00, 0x00, 0x00, 0x1F, 0x87, 0x01, 0xFB, 0xFF, 0x19,
    0x98, 0xE1, 0x98, 0x8C, 0x19, 0xFF, 0xF1, 0xFF, 0xFF, 0x1F, 0x9F, 0xE1, 0x9B, 0xFF, 0x19, 0xBF,
    0xF1, 0xFB, 0xFF, 0x1F, 0xB0, 0x71, 0x9B, 0xFE, 0x19, 0x87, 0x01, 0x9A, 0xFE, 0x19, 0xBC, 0x31,
    0x1E, 0xC7, 0x37, 0xEF, 0xD3, 0x70, 0x7C, 0x00, 0x00, 0x00, 0x00, 0x00, 0x00, 0x30, 0x00, 0x03,
    0x00, 0x07, 0xFF, 0xE0, 0xFF, 0xFE, 0x0C, 0x00, 0x60, 0xC0, 0x06, 0x0F, 0xFF, 0xE0, 0xFF, 0xFE,
    0x0C, 0x00, 0x60, 0xE0, 0x06, 0x0C, 0x00, 0x60, 0xFF, 0xFE, 0x0F, 0xFF, 0xE0, 0xC0, 0x06, 0x0C,
    0x00, 0x60, 0xE0, 0x06, 0x0F, 0xFF, 0xE0, 0x60, 0x06, 0x00, 0x00, 0x00, 0x00, 0x00, 0x00, 0x00,
    0x01, 0xFF, 0xFF, 0x00, 0xC0, 0x00, 0x0C, 0x70, 0x01, 0x83, 0x80, 0x38, 0x7C, 0x1F, 0xFF, 0xE0,
    0xE0, 0x07, 0x00, 0x10, 0x20, 0x03, 0x00, 0x00, 0x38, 0x00, 0xFF, 0xFE, 0x00, 0x30, 0x00, 0x03,
    0x00, 0x00, 0x30, 0x00, 0x03, 0x80, 0x3F, 0xFF, 0xF0, 0x00, 0x00, 0x00, 0x00, 0x00, 0x00, 0x00,
    0x00, 0x60, 0x00, 0x1E, 0x00, 0x0F, 0x8F, 0xF1, 0xE0, 0xFF, 0x18, 0x00, 0x31, 0x80, 0x03, 0x18,
    0x00, 0x31, 0x80, 0x03, 0x1F, 0xEF, 0xF1, 0xDC, 0x77, 0x18, 0x00, 0x31, 0x80, 0x03, 0x18, 0x00,
    0x31, 0x80, 0x03, 0x18, 0x00, 0x31, 0xFF, 0xFF, 0x1F, 0xFF, 0xF1, 0x80, 0x03, 0x00, 0x00, 0x00,
    0x00, 0x00, 0x03, 0x00, 0x01, 0xFF, 0xFE, 0x18, 0x86, 0x21, 0x8F, 0xE2, 0x0E, 0x86, 0xE0, 0xFB,
    0x6E, 0x08, 0xFE, 0x20, 0x8E, 0xE2, 0x0F, 0xEE, 0xE0, 0xEF, 0xEE, 0x08, 0x86, 0x20, 0x88, 0x66,
    0x3F, 0xFF, 0xF3, 0xFF, 0xFF, 0x01, 0x87, 0x00, 0x78, 0x3C, 0x1E, 0x00, 0xF1, 0x80, 0x03, 0x00,
    0x00, 0x00, 0x00, 0x00, 0x00, 0x78, 0x00, 0x06, 0xC0, 0x01, 0xC7, 0x00, 0x39, 0x38, 0x0F, 0x11,
    0xE1, 0xFF, 0xFF, 0x39, 0xFF, 0x10, 0x01, 0x00, 0x0F, 0xFF, 0xF1, 0xFF, 0xFF, 0x00, 0x00, 0x00,
    0x3F, 0xFC, 0x07, 0xFF, 0xC0, 0x20, 0x0C, 0x02, 0x00, 0xC0, 0x20, 0x0C, 0x07, 0xFF, 0xC0, 0x20,
    0x0C, 0x00, 0x00, 0x00, 0x00, 0x00, 0x03, 0x03, 0x00, 0x20, 0x30, 0x0F, 0xC3, 0x01, 0xFF, 0xFF,
    0x18, 0xC0, 0x01, 0xAC, 0x00, 0x1B, 0xCF, 0xC0, 0x8C, 0xFE, 0x1F, 0xEC, 0x63, 0xFE, 0xC6, 0x1A,
    0xCC, 0x61, 0xAC, 0xC6, 0x1A, 0xCC, 0x61, 0xAC, 0xC6, 0x1A, 0xD8, 0x61, 0x8D, 0x86, 0x31, 0xF8,
    0x73, 0x3F, 0x07, 0x00, 0x00, 0x00, 0x00, 0x00, 0x03, 0x01, 0x80, 0x20, 0x18, 0x0F, 0xC1, 0x81,
    0xFF, 0xFF, 0x18, 0xC3, 0x01, 0xAC, 0x30, 0x1B, 0xC6, 0x21, 0x8D, 0xE6, 0x1F, 0xFC, 0x63, 0xFE,
    0xEC, 0x1A, 0xC7, 0x81, 0xAC, 0x38, 0x1A, 0xC3, 0x61, 0xAC, 0x66, 0x1A, 0xC6, 0x31, 0x0C, 0xFF,
    0x31, 0xFF, 0xF3, 0x3C, 0x00, 0x00, 0x00, 0x00, 0x00, 0x00, 0x06, 0x7E, 0xC0, 0x47, 0xC8, 0x1F,
    0x7C, 0xF1, 0xF7, 0xFF, 0x19, 0x67, 0x81, 0xD6, 0x70, 0x1D, 0x7E, 0x01, 0x96, 0x8F, 0x3F, 0xFF,
    0xF3, 0xFF, 0xE0, 0x1D, 0x00, 0x01, 0xDB, 0xFE, 0x1D, 0xBF, 0xE1, 0x5A, 0x5A, 0x15, 0xB5, 0xA3,
    0x12, 0x5A, 0x37, 0xFF, 0xF2, 0x7F, 0xFF, 0x00, 0x00, 0x00, 0x00, 0x00, 0x05, 0x83, 0x01, 0xFE,
    0x7C, 0x1F, 0xE7, 0xE1, 0xFE, 0x6C, 0x1F, 0xEC, 0xC3, 0x5B, 0xFF, 0x1F, 0xFF, 0xF0, 0x00, 0xC9,
    0x3F, 0xED, 0xB0, 0x00, 0xC9, 0x1F, 0xEF, 0xF1, 0x86, 0xFF, 0x18, 0x6C, 0x11, 0xFE, 0xC0, 0x0C,
    0x8C, 0x10, 0xD8, 0xC1, 0x3F, 0xFF, 0xF3, 0xF8, 0x7F, 0x00, 0x00, 0x00, 0x00, 0x00, 0x01, 0x86,
    0x01, 0xFF, 0xFF, 0x3F, 0xFF, 0xF0, 0x18, 0x60, 0x01, 0x82, 0x00, 0x00, 0x00, 0x0F, 0xFF, 0xE0,
    0x03, 0x00, 0x00, 0x30, 0x00, 0x03, 0x00, 0x3F, 0xFF, 0xF1, 0xFF, 0xFF, 0x00, 0x10, 0x00, 0x03,
    0x00, 0x00, 0x30, 0x00, 0x01, 0x00, 0x01, 0xF0, 0x00, 0x1F, 0x00, 0x00, 0x00, 0x00, 0x00, 0x00,
    0x01, 0x83, 0x01, 0xFF, 0xFF, 0x1F, 0xFF, 0xF0, 0x18, 0x30, 0x01, 0xB3, 0x00, 0x01, 0x00, 0x0F,
    0xFF, 0xC0, 0xFF, 0xFC, 0x00, 0x01, 0xC0, 0x00, 0x38, 0x00, 0x07, 0x00, 0x00, 0xE0, 0x06, 0x1C,
    0x00, 0x67, 0x00, 0x0F, 0xE0, 0x00, 0xFC, 0x00, 0x19, 0xFF, 0xF1, 0x07, 0xFF, 0x00, 0x00, 0x00,
    0x00, 0x00, 0x01, 0x83, 0x01, 0xFF, 0xFF, 0x3F, 0xFF, 0xF0, 0x18, 0x30, 0x01, 0x83, 0x00, 0x19,
    0x80, 0x03, 0x18, 0x00, 0x31, 0x83, 0x06, 0x18, 0xF0, 0xE1, 0xBC, 0x1E, 0x1F, 0x03, 0xA1, 0x80,
    0x12, 0x18, 0x00, 0x21, 0x81, 0x02, 0x18, 0x10, 0x21, 0x81, 0x02, 0x1F, 0xF0, 0x20, 0xFF, 0x00,
    0x00, 0x00, 0x00, 0x00, 0x01, 0x83, 0x01, 0xFF, 0xFF, 0x3F, 0xFF, 0xF0, 0x18, 0x30, 0x01, 0x83,
    0x00, 0x00, 0x00, 0x0F, 0xFF, 0xE0, 0x00, 0x00, 0x00, 0x00, 0x03, 0xFF, 0xFF, 0x3F, 0xFF, 0xF0,
    0x0C, 0x00, 0x01, 0x83, 0x00, 0x18, 0x18, 0x03, 0x00, 0xC0, 0x30, 0xFE, 0x1F, 0xFF, 0xF1, 0xF8,
    0x03, 0x00, 0x00, 0x00, 0x00, 0x00, 0x01, 0x83, 0x01, 0xFF, 0xFF, 0x1F, 0xFF, 0xF0, 0x18, 0x30,
    0x01, 0x83, 0x00, 0xFF, 0xFF, 0x0F, 0xFF, 0xE0, 0x18, 0x30, 0x01, 0x83, 0x00, 0x18, 0x30, 0x1F,
    0xFF, 0xF1, 0xFF, 0xFF, 0x00, 0x3B, 0x00, 0x0F, 0x30, 0x03, 0xC3, 0x01, 0xF0, 0x30, 0x1C, 0x1F,
    0x00, 0x01, 0xE0, 0x00, 0x00, 0x00, 0x00, 0x00, 0x01, 0x83, 0x01, 0xFF, 0xFF, 0x3F, 0xFF, 0xF0,
    0x18, 0x30, 0x01, 0x83, 0x01, 0xFF, 0xFF, 0x3F, 0xFF, 0xF0, 0x00, 0x0C, 0x07, 0xF0, 0xC0, 0x7F,
    0x8C, 0x06, 0x18, 0xC0, 0x61, 0x8C, 0x06, 0x18, 0xC0, 0x7F, 0x8C, 0x07, 0xF8, 0xC0, 0x60, 0x0C,
    0x04, 0x0F, 0xC0, 0x00, 0xF8, 0x00, 0x00, 0x00, 0x00, 0x00, 0x01, 0x83, 0x01, 0xFF, 0xFF, 0x1F,
    0xFF, 0xF0, 0x18, 0x30, 0x01, 0x93, 0x00, 0x03, 0x00, 0x1F, 0xFF, 0xF1, 0xFF, 0xFF, 0x00, 0x30,
    0x00, 0x03, 0x00, 0x00, 0x38, 0x00, 0x7F, 0xFC, 0x06, 0x00, 0xC0, 0x60, 0x0C, 0x06, 0x00, 0xC0,
    0x60, 0x0C, 0x07, 0xFF, 0xC0, 0x60, 0x0C, 0x00, 0x00, 0x00, 0x00, 0x00, 0x03, 0x06, 0x03, 0xFF,
    0xFE, 0x3F, 0xFF, 0xE0, 0x30, 0x60, 0x03, 0x36, 0x00, 0x03, 0x00, 0x0F, 0xFF, 0xC0, 0xFF, 0xFC,
    0x0C, 0x30, 0xC0, 0xC3, 0x0C, 0x0C, 0x30, 0xC3, 0xFF, 0xFF, 0x00, 0x78, 0x00, 0x07, 0x80, 0x01,
    0xCE, 0x00, 0x38, 0x70, 0x3E, 0x03, 0xF3, 0x80, 0x0F, 0x00, 0x00, 0x00, 0x00, 0x00, 0x01, 0x83,
    0x03, 0xFF, 0xFF, 0x01, 0x83, 0x00, 0x18, 0x30, 0x1F, 0xFF, 0xC1, 0xFF, 0xFC, 0x03, 0x83, 0x80,
    0x1C, 0xF0, 0x00, 0x7C, 0x00, 0x7F, 0xF8, 0x3F, 0x97, 0xF1, 0x01, 0x03, 0x07, 0xFF, 0xC0, 0x7F,
    0xFC, 0x00, 0x10, 0x00, 0x03, 0x80, 0x3F, 0xFF, 0xF0, 0x00, 0x00, 0x00, 0x00, 0x00, 0x00, 0x00,
    0x01, 0x83, 0x03, 0xFF, 0xFF, 0x3F, 0xFF, 0xF0, 0x18, 0x30, 0x01, 0xB3, 0x00, 0x03, 0x00, 0x1F,
    0x7F, 0xF3, 0xF7, 0xFF, 0x00, 0xC6, 0x30, 0x0C, 0x66, 0x00, 0x86, 0x60, 0x10, 0xE0, 0x07, 0x0F,
    0x01, 0xE1, 0xB0, 0x38, 0x31, 0x82, 0x06, 0x0E, 0x03, 0xC0, 0x70, 0x38, 0x03, 0x00, 0x00, 0x00,
    0x00, 0x00, 0x01, 0x83, 0x03, 0xFF, 0xFF, 0x01, 0x83, 0x00, 0x19, 0x30, 0x00, 0x10, 0x03, 0xFF,
    0xFF, 0x1F, 0xFF, 0xF0, 0x60, 0x00, 0x06, 0x00, 0x00, 0x7F, 0xFE, 0x03, 0xFF, 0xE0, 0x21, 0x18,
    0x06, 0x31, 0x80, 0x61, 0x18, 0x06, 0x11, 0x80, 0xE1, 0x19, 0x1C, 0x11, 0xF3, 0x81, 0x0F, 0x00,
    0x00, 0x00, 0x00, 0x00, 0x01, 0x83, 0x01, 0xFF, 0xFF, 0x3F, 0xFF, 0xF0, 0x18, 0x30, 0x01, 0x83,
    0x00, 0x3F, 0xFF, 0x06, 0x7F, 0xF0, 0x60, 0x06, 0x0E, 0x7E, 0x61, 0xEF, 0xE6, 0x36, 0xC6, 0x60,
    0x6C, 0x66, 0x06, 0xC6, 0x60, 0x6F, 0xE6, 0x06, 0xC0, 0x60, 0x64, 0x06, 0x06, 0x03, 0xE0, 0x60,
    0x3C, 0x00, 0x00, 0x00, 0x00, 0x00, 0x01, 0x83, 0x01, 0xFF, 0xFF, 0x3F, 0xFF, 0xF0, 0x18, 0x30,
    0x03, 0x03, 0x00, 0x7F, 0xFF, 0x0F, 0xFF, 0xF1, 0xC6, 0x03, 0x3B, 0x66, 0x33, 0x36, 0x63, 0x03,
    0x6C, 0x21, 0xFF, 0xF2, 0x00, 0xF8, 0x20, 0x1F, 0xC6, 0x03, 0x6E, 0x60, 0xE6, 0x26, 0x0C, 0x63,
    0xE0, 0x06, 0x3C, 0x00, 0x00, 0x00, 0x00, 0x00, 0x01, 0x86, 0x03, 0xFF, 0xFF, 0x01, 0x86, 0x00,
    0x18, 0x20, 0x0F, 0xFF, 0xE1, 0xFF, 0xFE, 0x18, 0x00, 0x61, 0x9F, 0xE6, 0x19, 0xF0, 0x61, 0xBF,
    0xFE, 0x1B, 0xFF, 0xE1, 0x87, 0xC6, 0x18, 0xFE, 0x61, 0xB9, 0x36, 0x1B, 0x11, 0x61, 0x81, 0x06,
    0x1F, 0xFF, 0xE1, 0x80, 0x06, 0x00, 0x00, 0x00, 0x00, 0x00, 0x01, 0x86, 0x03, 0xFF, 0xFF, 0x01,
    0x86, 0x00, 0x18, 0x60, 0x0F, 0xFF, 0xC0, 0xC3, 0x0C, 0x0D, 0x76, 0xC0, 0xFF, 0xFC, 0x0C, 0x30,
    0xC0, 0xFF, 0xFC, 0x0F, 0xFF, 0xC0, 0x03, 0x00, 0x3F, 0xFF, 0xF3, 0xFF, 0xFF, 0x03, 0xBE, 0x00,
    0xF3, 0x3C, 0x3C, 0x30, 0xF1, 0x03, 0x03, 0x00, 0x00, 0x00, 0x00, 0x00, 0x01, 0x86, 0x03, 0xFF,
    0xFF, 0x01, 0x86, 0x00, 0x18, 0x20, 0x00, 0x3F, 0xC1, 0xFF, 0xF8, 0x0F, 0x20, 0x40, 0xC3, 0x0C,
    0x0E, 0x30, 0xC0, 0x61, 0x18, 0x00, 0x10, 0x03, 0xFF, 0xFF, 0x3F, 0xFF, 0xF0, 0x0F, 0xC0, 0x03,
    0xB7, 0x00, 0xF3, 0x1E, 0x3C, 0x30, 0xF1, 0x03, 0x00, 0x00, 0x00, 0x00, 0x00, 0x00, 0x01, 0x83,
    0x03, 0xFF, 0xFF, 0x01, 0x83, 0x00, 0x08, 0x30, 0x0F, 0xFF, 0xE0, 0xFF, 0xFE, 0x03, 0x11, 0x80,
    0x33, 0x18, 0x1F, 0xFF, 0xF0, 0x33, 0x98, 0x03, 0x39, 0x80, 0xFF, 0xFF, 0x00, 0x30, 0x00, 0x01,
    0x00, 0x1F, 0xFF, 0xF1, 0xFF, 0xFF, 0x00, 0x10, 0x00, 0x01, 0x00, 0x00, 0x00, 0x00, 0x00, 0x00,
    0x01, 0x83, 0x01, 0xFF, 0xFF, 0x01, 0x83, 0x00, 0x08, 0x3C, 0x0F, 0xFF, 0xC0, 0xFB, 0x00, 0x1F,
    0xFF, 0xF1, 0xFF, 0xFF, 0x01, 0xF7, 0x00, 0xF9, 0x1F, 0x1C, 0x70, 0x31, 0xFF, 0xFF, 0x1F, 0xFF,
    0xF0, 0x38, 0x38, 0x07, 0xF7, 0x00, 0x0F, 0xF8, 0x1F, 0xFB, 0xF1, 0xF8, 0x03, 0x00, 0x00, 0x00,
    0x00, 0x00, 0x01, 0x87, 0x03, 0xFF, 0xFF, 0x01, 0x86, 0x00, 0x7F, 0xFC, 0x07, 0xFF, 0xC0, 0x60,
    0x0C, 0x07, 0xFF, 0xC0, 0x60, 0x0C, 0x07, 0xFF, 0xC0, 0x3B, 0x00, 0x03, 0x00, 0x00, 0x7F, 0xFF,
    0x1E, 0x30, 0x23, 0xE7, 0x82, 0x06, 0xCC, 0x60, 0x7F, 0xE6, 0x07, 0xFF, 0xE0, 0x60, 0x3C, 0x00,
    0x00, 0x00, 0x00, 0x00, 0x01, 0x83, 0x03, 0xFF, 0xFF, 0x01, 0x83, 0x00, 0x11, 0x20, 0x0F, 0xFF,
    0xE0, 0x7F, 0xFC, 0x1F, 0xFF, 0xF3, 0xFF, 0xFF, 0x01, 0x83, 0x80, 0x18, 0x1C, 0x1F, 0xFF, 0xF1,
    0xFF, 0x03, 0x07, 0xFF, 0xE0, 0x7F, 0xFE, 0x06, 0x44, 0x60, 0x6E, 0xE6, 0x3F, 0xFF, 0xF0, 0x00,
    0x00, 0x00, 0x00, 0x00, 0x00, 0x00, 0x1F, 0xFF, 0xE3, 0xFF, 0xFF, 0x01, 0x87, 0x80, 0xFF, 0xF8,
    0x0F, 0xF0, 0x03, 0xFF, 0xFF, 0x00, 0x30, 0x00, 0xFF, 0xFC, 0x0F, 0xFF, 0xC0, 0xFF, 0xFC, 0x0F,
    0xFF, 0xC0, 0x03, 0x00, 0x1F, 0xFF, 0xC3, 0xFF, 0xFF, 0x3F, 0xFF, 0xF0, 0xC9, 0x9C, 0x1C, 0xCC,
    0xE3, 0x0C, 0xC3, 0x00, 0x00, 0x00, 0x00, 0x00, 0x00, 0x10, 0x00, 0x01, 0xFE, 0x00, 0x1F, 0xE0,
    0x7F, 0x80, 0x0F, 0xFF, 0xF0, 0xC1, 0x03, 0x0C, 0x3F, 0xB0, 0xDF, 0xF8, 0x0D, 0x10, 0x30, 0xC1,
    0xFF, 0x0C, 0x0F, 0xE0, 0xC6, 0x20, 0x0C, 0x66, 0x01, 0x86, 0x60, 0x18, 0x66, 0x11, 0x8C, 0x61,
    0x1B, 0x87, 0xF3, 0x70, 0x3F, 0x00, 0x00, 0x00, 0x00, 0x00, 0x00, 0x10, 0x00, 0x01, 0xFE, 0x00,
    0x1F, 0xE0, 0x7F, 0x80, 0x0F, 0xFF, 0xF0, 0xC1, 0x03, 0x0C, 0xFF, 0xA0, 0xFF, 0xC0, 0x0C, 0x18,
    0x30, 0xC1, 0xFF, 0x0C, 0x00, 0x00, 0xDF, 0xFE, 0x0D, 0x80, 0x01, 0x9F, 0xFC, 0x19, 0xFF, 0xC1,
    0x98, 0x00, 0x39, 0xFF, 0xF1, 0x18, 0x00, 0x00, 0x00, 0x00, 0x00, 0x00, 0x00, 0x10, 0x00, 0x01,
    0xFE, 0x00, 0x1F, 0xE0, 0x7F, 0x80, 0x0F, 0xFF, 0xF0, 0xC1, 0x03, 0x0C, 0xFF, 0xB0, 0xDF, 0xE0,
    0x0C, 0x18, 0x30, 0xC1, 0xFF, 0x0C, 0x02, 0x00, 0xD3, 0x64, 0x0D, 0x36, 0x61, 0x9B, 0x6C, 0x19,
    0xB6, 0xC1, 0x83, 0x60, 0x1F, 0xFF, 0xF1, 0x7F, 0xFF, 0x00, 0x00, 0x00, 0x00, 0x00, 0x00, 0x30,
    0x00, 0x03, 0xFE, 0x00, 0x30, 0x00, 0xFF, 0xFF, 0x0D, 0xFF, 0xE0, 0xDF, 0xFA, 0x0C, 0x30, 0x30,
    0xC1, 0xFE, 0x0C, 0x3F, 0xC0, 0xDB, 0x7E, 0x0D, 0xB7, 0xE0, 0xDB, 0xFC, 0x0D, 0xFF, 0xC1, 0x80,
    0x0C, 0x1F, 0xFF, 0xF1, 0xBF, 0xFF, 0x18, 0xE1, 0xC3, 0x38, 0x07, 0x00, 0x00, 0x00, 0x00, 0x00,
    0x02, 0x03, 0x00, 0x20, 0x30, 0x02, 0x03, 0x01, 0xFF, 0xFF, 0x1F, 0xFF, 0xF1, 0x2D, 0x86, 0x12,
    0xD8, 0x61, 0x2C, 0xC6, 0x12, 0xCC, 0xC1, 0xFC, 0xCC, 0x1F, 0xC6, 0xC1, 0x20, 0x78, 0x02, 0xC3,
    0x80, 0x24, 0x38, 0x07, 0xC7, 0x83, 0xFE, 0xCE, 0x3C, 0x78, 0x70, 0x03, 0x03, 0x00, 0x00, 0x00,
    0x00, 0x00, 0x00, 0x00, 0x01, 0xFF, 0xFF, 0x00, 0x30, 0x00, 0xFF, 0x7E, 0x1F, 0xFF, 0xE0, 0x0E,
    0xE0, 0x01, 0xC7, 0x00, 0xF9, 0x1E, 0x3F, 0xFF, 0xF0, 0xFF, 0xFE, 0x0C, 0x30, 0x60, 0xC1, 0x06,
    0x0F, 0xFF, 0xE0, 0x7F, 0xFC, 0x00, 0x11, 0x80, 0x03, 0x9C, 0x1F, 0xFF, 0xF1, 0xFE, 0x03, 0x00,
    0x00, 0x00, 0x00, 0x00, 0x0C, 0x30, 0xE0, 0x63, 0x0C, 0x07, 0x31, 0x81, 0xFF, 0xFF, 0x18, 0x00,
    0x31, 0x01, 0x03, 0x10, 0x10, 0x30, 0x7F, 0xFC, 0x07, 0xFF, 0xC0, 0x41, 0x0C, 0x04, 0x10, 0xC0,
    0x7F, 0xFC, 0x07, 0xFF, 0xC0, 0x01, 0x18, 0x00, 0x11, 0xC0, 0x03, 0x8E, 0x1F, 0xFF, 0xF1, 0xFC,
    0x03, 0x00, 0x00, 0x00, 0x00, 0x00, 0x00, 0x30, 0x00, 0x07, 0x00, 0x00, 0x60, 0x00, 0xFF, 0xFC,
    0x0F, 0xFF, 0xE0, 0xCC, 0x46, 0x0C, 0xC4, 0x60, 0xCC, 0x46, 0x0C, 0xC4, 0x60, 0xCC, 0x46, 0x0C,
    0xC4, 0x60, 0xCC, 0x46, 0x0C, 0xC4, 0x60, 0xCC, 0x46, 0x0C, 0xC4, 0x60, 0xCC, 0xE6, 0x3F, 0xFF,
    0xF0, 0x00, 0x00, 0x00, 0x00, 0x00, 0x00, 0x00, 0x03, 0x00, 0x00, 0x63, 0xFF, 0x1C, 0x00, 0x03,
    0x80, 0x00, 0x31, 0x80, 0x00, 0x30, 0x00, 0x07, 0x7F, 0xF0, 0xE7, 0xFF, 0x1E, 0x00, 0xC3, 0xE0,
    0x0C, 0x36, 0x00, 0xC0, 0x60, 0x0C, 0x06, 0x00, 0xC0, 0x60, 0x0C, 0x06, 0x00, 0xC0, 0x60, 0x0C,
    0x06, 0x0F, 0xC0, 0x60, 0xF8, 0x00, 0x00, 0x00, 0x00, 0x00, 0x06, 0x30, 0x00, 0xC3, 0x1F, 0x19,
    0xFC, 0x03, 0x1F, 0xC0, 0x26, 0x30, 0x00, 0x63, 0x00, 0x0D, 0xFF, 0xF1, 0xC3, 0x06, 0x3C, 0x30,
    0x63, 0xC3, 0x06, 0x0D, 0xFE, 0x60, 0xDF, 0xC6, 0x0C, 0x30, 0x60, 0xC3, 0x06, 0x0C, 0x7E, 0x60,
    0xFF, 0xE6, 0x0D, 0x01, 0xE0, 0xC0, 0x3C, 0x00, 0x00, 0x00, 0x00, 0x00, 0x06, 0x30, 0x00, 0xCF,
    0xEF, 0x18, 0x66, 0x03, 0x06, 0x60, 0x37, 0xFF, 0x00, 0x7F, 0xF0, 0x0C, 0xFE, 0xF1, 0xCF, 0xFF,
    0x3C, 0x86, 0x23, 0xCF, 0xE2, 0x2C, 0xFE, 0x20, 0xC1, 0xA2, 0x0D, 0xFE, 0x20, 0xCD, 0x82, 0x0D,
    0xFF, 0x20, 0xDF, 0xE2, 0x0C, 0x19, 0xE0, 0xC1, 0x9E, 0x00, 0x00, 0x00, 0x00, 0x00, 0x06, 0x60,
    0x00, 0xC7, 0xCF, 0x18, 0xFC, 0xF3, 0x0C, 0xC0, 0x37, 0xFE, 0x00, 0x7F, 0xF0, 0x0C, 0x93, 0xF1,
    0xCF, 0xF7, 0x3C, 0xBB, 0x23, 0xC9, 0x32, 0x0C, 0xFF, 0x20, 0xC3, 0x82, 0x0D, 0xFF, 0x20, 0xDF,
    0xF2, 0x0C, 0x38, 0x20, 0xC7, 0xE2, 0x0D, 0xC7, 0xE0, 0xD8, 0x0E, 0x00, 0x00, 0x00, 0x00, 0x00,
    0x00, 0x30, 0x00, 0x03, 0x00, 0x00, 0x30, 0x03, 0xFF, 0xFF, 0x00, 0x78, 0x00, 0x07, 0x80, 0x00,
    0xCC, 0x30, 0x38, 0xCE, 0x07, 0x0D, 0xC1, 0xF0, 0xF8, 0x3B, 0x06, 0x00, 0x30, 0x60, 0x03, 0x03,
    0x00, 0x30, 0x18, 0x03, 0x0D, 0xC0, 0x3F, 0xCE, 0x0F, 0xE0, 0x70, 0xC0, 0x01, 0x00, 0x00, 0x00,
    0x00, 0x00, 0x00, 0x10, 0x00, 0xFF, 0xFE, 0x1F, 0xFF, 0xF0, 0x01, 0x00, 0x0F, 0xFF, 0xE0, 0xFF,
    0xFE, 0x00, 0x10, 0x01, 0xFF, 0xFF, 0x1F, 0xFF, 0xF0, 0x0E, 0xC2, 0x03, 0x8C, 0xE0, 0xF8, 0x7C,
    0x3D, 0x87, 0x01, 0x18, 0x30, 0x01, 0x8D, 0x80, 0x1F, 0xCE, 0x0F, 0xE0, 0x70, 0xE0, 0x01, 0x00,
    0x00, 0x00, 0x00, 0x00, 0x01, 0x86, 0xC1, 0xFF, 0x66, 0x1F, 0xF6, 0x30, 0x18, 0x61, 0x01, 0x86,
    0x03, 0xFF, 0xFF, 0x1F, 0xFF, 0xF0, 0x18, 0x20, 0x1F, 0xF3, 0x31, 0xFF, 0xB6, 0x03, 0x13, 0x60,
    0xFB, 0x3C, 0x1E, 0xE3, 0x83, 0xE7, 0x38, 0x06, 0xB7, 0x80, 0x79, 0xED, 0x0F, 0x38, 0xF0, 0x01,
    0x07, 0x00, 0x00, 0x00, 0x00, 0x00, 0x06, 0x3F, 0xE0, 0x63, 0xFE, 0x04, 0x30, 0x21, 0xF3, 0xFE,
    0x3F, 0xBF, 0xE0, 0x33, 0x02, 0x03, 0x3F, 0xF0, 0x6B, 0xFE, 0x07, 0x98, 0x30, 0xF3, 0xFF, 0x1F,
    0xB0, 0x33, 0x6F, 0x33, 0x26, 0xFF, 0x30, 0x63, 0x83, 0x06, 0x31, 0xB0, 0x63, 0xFB, 0x06, 0x1F,
    0xE0, 0x60, 0x0E, 0x00, 0x00, 0x00, 0x00, 0x00, 0x06, 0x18, 0x60, 0x61, 0x86, 0x04, 0x7F, 0xF1,
    0xF3, 0x8E, 0x3F, 0xBC, 0xF0, 0x37, 0xFF, 0x03, 0x5B, 0x70, 0x69, 0x84, 0x07, 0x9F, 0xF0, 0xF3,
    0xFF, 0x1F, 0x00, 0x03, 0xDF, 0xFF, 0x36, 0xFF, 0xF0, 0x61, 0x30, 0x06, 0x33, 0x70, 0x66, 0x33,
    0x06, 0x6F, 0x10, 0x40, 0xE0, 0x00, 0x00, 0x00, 0x00, 0x00, 0x00, 0x00, 0x01, 0xFF, 0xFF, 0x1F,
    0xFF, 0xF0, 0x0C, 0x40, 0x00, 0xC4, 0x01, 0xFF, 0xFF, 0x1F, 0xFF, 0xF1, 0x8C, 0x43, 0x18, 0xC4,
    0x31, 0x8C, 0x47, 0x19, 0x86, 0xF1, 0xB8, 0x7F, 0x1F, 0x00, 0x31, 0x80, 0x03, 0x18, 0x00, 0x31,
    0xFF, 0xFF, 0x1F, 0xFF, 0xF1, 0x80, 0x03, 0x00, 0x00, 0x00, 0x00, 0x00, 0x1F, 0xFF, 0xF1, 0xFF,
    0xFF, 0x00, 0xC4, 0x00, 0xFF, 0xFE, 0x0F, 0xFF, 0xE0, 0x8C, 0x62, 0x08, 0xC6, 0x20, 0xFF, 0xFE,
    0x0F, 0xFF, 0xE0, 0x0C, 0x00, 0x01, 0xC0, 0x03, 0xFF, 0xFF, 0x03, 0x83, 0x80, 0x30, 0x30, 0x07,
    0xFE, 0x00, 0x0F, 0xF0, 0x07, 0xFF, 0xE1, 0xF8, 0x0F, 0x00, 0x00, 0x00, 0x00, 0x00, 0x07, 0xFF,
    0xC0, 0x7F, 0xFC, 0x06, 0x00, 0xC0, 0x7F, 0xFC, 0x07, 0xFF, 0xC0, 0x60, 0x0C, 0x06, 0x00, 0xC0,
    0x7F, 0xFC, 0x07, 0xFF, 0xC0, 0x60, 0x0C, 0x07, 0xFF, 0xC0, 0x7F, 0xFC, 0x01, 0xC6, 0x00, 0x18,
    0x40, 0x03, 0x84, 0x10, 0x70, 0x41, 0x3E, 0x07, 0xF3, 0x80, 0x7F, 0x00, 0x00, 0x00, 0x00, 0x00,
    0x02, 0x00, 0x00, 0x21, 0xFF, 0x02, 0x10, 0x31, 0xFD, 0xFF, 0x07, 0x1F, 0xF0, 0x21, 0x03, 0x02,
    0x10, 0x30, 0x61, 0xFF, 0x3F, 0xFF, 0xF0, 0x63, 0x03, 0x07, 0x1F, 0xF0, 0x79, 0xFF, 0x07, 0x8C,
    0x80, 0x6C, 0xC8, 0x0C, 0x58, 0x81, 0xC1, 0x88, 0x18, 0x70, 0xF1, 0x06, 0x0F, 0x00, 0x00, 0x00,
    0x00, 0x00, 0x02, 0x00, 0x00, 0x21, 0xFE, 0x02, 0x10, 0x21, 0xFD, 0xFE, 0x1F, 0xDF, 0xE0, 0x19,
    0x02, 0x01, 0x90, 0x20, 0x31, 0xFE, 0x07, 0x1F, 0xE0, 0xF9, 0x02, 0x1E, 0xFF, 0xE3, 0xA7, 0xFE,
    0x32, 0x0C, 0x80, 0x20, 0xC8, 0x02, 0x1C, 0x80, 0x21, 0x89, 0x02, 0x70, 0xF0, 0x26, 0x0F, 0x00,
    0x00, 0x00, 0x00, 0x00, 0x0C, 0x30, 0xC0, 0x63, 0x18, 0x06, 0x31, 0x81, 0xFF, 0xFF, 0x18, 0x00,
    0x21, 0x3F, 0xF3, 0x13, 0xFF, 0xA0, 0x20, 0x18, 0x03, 0xFF, 0x80, 0x20, 0x18, 0x03, 0xFF, 0x80,
    0x3F, 0xF8, 0x03, 0xFF, 0x80, 0x3F, 0xF0, 0x00, 0xC4, 0x10, 0x38, 0x43, 0x3F, 0x07, 0xF3, 0xC0,
    0x7E, 0x00, 0x00, 0x00, 0x00, 0x00, 0x0C, 0x0F, 0xE0, 0xFE, 0xFF, 0x1F, 0xEC, 0x31, 0x20, 0xC3,
    0x3F, 0xFF, 0xF3, 0xFF, 0xC3, 0x0C, 0x8C, 0x30, 0xD8, 0xFF, 0x1F, 0xFF, 0xF3, 0xD8, 0xC3, 0x3F,
    0xEC, 0x30, 0xFE, 0xFF, 0x0D, 0x86, 0xC0, 0xFE, 0x6C, 0x09, 0x84, 0xD0, 0xFF, 0xCD, 0x0F, 0xF8,
    0xF0, 0x83, 0x07, 0x00, 0x00, 0x00, 0x00, 0x00, 0x01, 0xC0, 0x00, 0x1F, 0xE0, 0x03, 0x0E, 0x00,
    0x60, 0xC0, 0x0F, 0xFF, 0xE1, 0xFF, 0xFE, 0x16, 0x10, 0x60, 0x63, 0x06, 0x07, 0xFF, 0xE0, 0x63,
    0x86, 0x06, 0x10, 0x60, 0x41, 0x06, 0x0F, 0xFF, 0xE0, 0xFF, 0xFE, 0x0C, 0x00, 0x61, 0x80, 0x06,
    0x38, 0x07, 0xE3, 0x00, 0x7C, 0x00, 0x00, 0x00, 0x00, 0x00, 0x06, 0x0F, 0xF0, 0x79, 0xFF, 0x0F,
    0xC3, 0x30, 0xD8, 0x33, 0x1F, 0xC6, 0x33, 0xFE, 0xE3, 0x3B, 0x7C, 0xF1, 0x97, 0x48, 0x1F, 0xE4,
    0x81, 0xFE, 0xFF, 0x19, 0x6F, 0xF1, 0xFF, 0x88, 0x1F, 0xE1, 0x81, 0x87, 0xFF, 0x18, 0x61, 0xC1,
    0x86, 0x08, 0x31, 0xE0, 0x83, 0x1E, 0x08, 0x00, 0x00, 0x00, 0x00, 0x00, 0x00, 0x00, 0x00, 0x3F,
    0xF8, 0x00, 0x00, 0x01, 0xFF, 0xFF, 0x1F, 0xFF, 0xF0, 0x00, 0x00, 0x03, 0xFF, 0x80, 0x3F, 0xF8,
    0x02, 0x00, 0x80, 0x7F, 0xF8, 0x00, 0x00, 0x00, 0x3F, 0xF8, 0x07, 0xFF, 0xC0, 0x60, 0x0C, 0x06,
    0x00, 0xC0, 0x60, 0x0C, 0x07, 0xFF, 0xC0, 0x60, 0x0C, 0x00, 0x00, 0x00, 0x00, 0x00, 0x1F, 0xC1,
    0x80, 0xF8, 0x18, 0x00, 0x01, 0x83, 0xFC, 0x18, 0x00, 0x01, 0x80, 0x00, 0x18, 0x1F, 0xFF, 0xF0,
    0x03, 0xFF, 0x1F, 0x81, 0x81, 0xFC, 0x18, 0x00, 0x01, 0x81, 0xFC, 0x18, 0x18, 0xC1, 0x81, 0x8C,
    0x18, 0x18, 0xC1, 0x81, 0x9C, 0x18, 0x1F, 0xC1, 0x81, 0x80, 0x18, 0x00, 0x00, 0x00, 0x00, 0x00,
    0x1F, 0x90, 0x30, 0xF9, 0x33, 0x00, 0x13, 0x33, 0xFD, 0x33, 0x00, 0x13, 0x30, 0x01, 0x33, 0x1F,
    0x93, 0x30, 0x01, 0x33, 0x1F, 0x93, 0x31, 0xF9, 0x33, 0x00, 0x13, 0x31, 0xF9, 0x33, 0x19, 0xB3,
    0x31, 0x8B, 0x33, 0x18, 0xB3, 0x31, 0x9E, 0x33, 0x1F, 0xE0, 0x31, 0x86, 0x03, 0x00, 0x00, 0x00,
    0x00, 0x00, 0x1F, 0xC0, 0x01, 0xF9, 0xFF, 0x00, 0x00, 0x33, 0xFC, 0x03, 0x00, 0x00, 0x30, 0x00,
    0x03, 0x1F, 0x80, 0x30, 0x01, 0xFF, 0x1F, 0x9F, 0xF1, 0xF9, 0x82, 0x00, 0x18, 0x01, 0xF9, 0x80,
    0x18, 0x98, 0x01, 0x89, 0x81, 0x18, 0x98, 0x11, 0x99, 0x81, 0x1F, 0x9F, 0xF1, 0x80, 0xFF, 0x00,
    0x00, 0x00, 0x00, 0x00, 0x1F, 0x9F, 0xC0, 0xF9, 0xFC, 0x00, 0x18, 0xC3, 0xFD, 0x8C, 0x00, 0x18,
    0xD0, 0x03, 0x8D, 0x1F, 0xF0, 0xF0, 0x06, 0x00, 0x1F, 0xBF, 0xE1, 0xFB, 0xFE, 0x00, 0x18, 0x61,
    0xF8, 0xC6, 0x19, 0x8C, 0xC1, 0x88, 0x78, 0x18, 0x87, 0x81, 0x98, 0xFC, 0x1F, 0xFC, 0xF1, 0x87,
    0x03, 0x00, 0x00, 0x00, 0x00, 0x00, 0x1F, 0xCC, 0x00, 0xF8, 0xC0, 0x00, 0x0F, 0xF3, 0xFD, 0xFF,
    0x00, 0x19, 0x80, 0x03, 0x18, 0x1F, 0xF1, 0x80, 0x00, 0x18, 0x1F, 0xDF, 0xF1, 0xFB, 0xFF, 0x00,
    0x01, 0x81, 0xFC, 0x18, 0x18, 0xC1, 0x81, 0x8C, 0x18, 0x18, 0xC1, 0x81, 0x8C, 0x18, 0x1F, 0xC1,
    0x81, 0x80, 0x18, 0x00, 0x00, 0x00, 0x00, 0x00, 0x1F, 0xCC, 0x00, 0xF8, 0xC0, 0x00, 0x0C, 0x03,
    0xFD, 0xFF, 0x00, 0x1B, 0x00, 0x03, 0x30, 0x1F, 0xF3, 0x00, 0x02, 0x3F, 0x1F, 0x83, 0xF1, 0xFC,
    0x30, 0x00, 0x03, 0x01, 0xF8, 0x3F, 0x18, 0x83, 0xF1, 0x88, 0x30, 0x18, 0x83, 0x01, 0x98, 0x30,
    0x1F, 0x83, 0x01, 0x80, 0x30, 0x00, 0x00, 0x00, 0x00, 0x00, 0x1F, 0x80, 0x01, 0xFB, 0xFF, 0x00,
    0x00, 0x33, 0xFC, 0x03, 0x00, 0x3F, 0xB0, 0x03, 0xFB, 0x1F, 0x80, 0x30, 0x01, 0xFB, 0x1F, 0xBF,
    0xB1, 0xF9, 0x1B, 0x00, 0x31, 0xB1, 0xFB, 0x1B, 0x1F, 0x9F, 0xB1, 0x9B, 0xF3, 0x19, 0x90, 0x31,
    0x98, 0x03, 0x1F, 0x81, 0xF1, 0x80, 0x1F, 0x00, 0x00, 0x00, 0x00, 0x00, 0x1F, 0x8F, 0x01, 0xF0,
    0x7C, 0x00, 0x00, 0xC3, 0xF8, 0x00, 0x00, 0x3F, 0x00, 0x00, 0x30, 0x1F, 0x83, 0x30, 0x07, 0xB3,
    0x1F, 0x7F, 0xE1, 0xF9, 0xBC, 0x00, 0x1B, 0xC1, 0xF9, 0xBC, 0x19, 0xB3, 0x61, 0x1B, 0x36, 0x11,
    0xE3, 0x31, 0x9C, 0x31, 0x1F, 0x8F, 0x01, 0x00, 0xE0, 0x00, 0x00, 0x00, 0x00, 0x00, 0x1F, 0x90,
    0x00, 0xF9, 0x0E, 0x00, 0x1F, 0xC3, 0xFD, 0xE0, 0x00, 0x10, 0x10, 0x01, 0x01, 0x1F, 0x9F, 0xF0,
    0x01, 0xFF, 0x1F, 0x80, 0x01, 0xF9, 0xFF, 0x00, 0x1F, 0xF1, 0xF9, 0x83, 0x1F, 0x98, 0x31, 0x89,
    0xFF, 0x18, 0x98, 0x31, 0xF9, 0x83, 0x1F, 0x9F, 0xF1, 0x81, 0x83, 0x00, 0x00, 0x00, 0x00, 0x00,
    0x1F, 0x81, 0xE0, 0xF0, 0x1B, 0x00, 0x00, 0x93, 0xFF, 0xFF, 0x00, 0x7F, 0xF0, 0x00, 0x18, 0x1F,
    0x80, 0x80, 0x00, 0x18, 0x1F, 0xBF, 0x81, 0xFB, 0xD8, 0x00, 0x0C, 0xC1, 0xF8, 0xCC, 0x19, 0x8C,
    0xC1, 0x98, 0xCC, 0x11, 0x8F, 0xD1, 0x9F, 0xE7, 0x1F, 0xB0, 0x71, 0x80, 0x03, 0x00, 0x00, 0x00,
    0x00, 0x00, 0x1F, 0x83, 0x00, 0xF0, 0x30, 0x00, 0x3F, 0xF3, 0xF9, 0xFF, 0x00, 0x03, 0x00, 0x00,
    0x30, 0x1F, 0xFF, 0xF0, 0x07, 0xFF, 0x1F, 0x00, 0xC1, 0xFF, 0xFF, 0x00, 0x7F, 0xF1, 0xF8, 0x0C,
    0x1F, 0x98, 0xC1, 0x18, 0xCC, 0x19, 0x8C, 0xC1, 0x98, 0x0C, 0x1F, 0x83, 0xC1, 0x80, 0x3C, 0x00,
    0x00, 0x00, 0x00, 0x00, 0x1F, 0x83, 0x00, 0xF8, 0x30, 0x00, 0x3F, 0xF3, 0xFF, 0xFF, 0x00, 0x03,
    0x00, 0x00, 0x30, 0x1F, 0x83, 0x00, 0x03, 0xFF, 0x1F, 0x9F, 0xF1, 0xF8, 0x00, 0x00, 0x1F, 0xF1,
    0xF9, 0xFF, 0x1F, 0x98, 0x31, 0x89, 0x83, 0x18, 0x98, 0x31, 0x99, 0x83, 0x1F, 0x9F, 0xF1, 0x81,
    0x83, 0x00, 0x00, 0x00, 0x00, 0x00, 0x1F, 0x81, 0xF0, 0xFB, 0xFF, 0x00, 0x3B, 0x03, 0xFC, 0x30,
    0x00, 0x03, 0x00, 0x03, 0xFF, 0x1F, 0xFF, 0xF0, 0x00, 0x30, 0x1F, 0x83, 0x01, 0xF8, 0x30, 0x00,
    0x1F, 0xF1, 0xF9, 0xFF, 0x1F, 0x90, 0x31, 0x89, 0x03, 0x18, 0x90, 0x31, 0x99, 0xFF, 0x1F, 0x9F,
    0xF1, 0x81, 0x03, 0x00, 0x00, 0x00, 0x00, 0x00, 0x1F, 0x83, 0x00, 0xF0, 0x30, 0x00, 0x7F, 0xF3,
    0xFF, 0xFF, 0x00, 0x06, 0x00, 0x00, 0xC6, 0x1F, 0xBC, 0xE0, 0x03, 0x9C, 0x1F, 0x0F, 0x81, 0xF8,
    0x71, 0x00, 0x0E, 0x31, 0xFB, 0xC6, 0x19, 0xB0, 0xE1, 0x98, 0x1C, 0x11, 0x83, 0xC1, 0x98, 0xE6,
    0x1F, 0xBC, 0x31, 0x87, 0x01, 0x00, 0x00, 0x00, 0x00, 0x00, 0x1F, 0x86, 0x00, 0xF0, 0x60, 0x00,
    0x7F, 0xF3, 0xFF, 0xFF, 0x00, 0x0C, 0xC0, 0x01, 0x86, 0x1F, 0xBF, 0xF0, 0x06, 0xFF, 0x0F, 0x00,
    0x01, 0xFB, 0xFF, 0x00, 0x3F, 0xF1, 0xF8, 0x80, 0x1F, 0x9F, 0xE1, 0x99, 0xFE, 0x11, 0x80, 0x61,
    0x98, 0x06, 0x1F, 0x83, 0xC1, 0x80, 0x3C, 0x00, 0x00, 0x00, 0x00, 0x00, 0x1F, 0x83, 0x00, 0xF0,
    0x30, 0x00, 0x3F, 0xF3, 0xFF, 0xFF, 0x00, 0x03, 0x00, 0x00, 0x30, 0x1F, 0x83, 0x00, 0x03, 0xFF,
    0x1F, 0x1F, 0xF1, 0xF8, 0x70, 0x00, 0x03, 0x81, 0xF8, 0x4A, 0x19, 0xB4, 0x31, 0x9B, 0x43, 0x11,
    0xB4, 0x11, 0x9E, 0x47, 0x1F, 0xE7, 0xE1, 0x80, 0x7C, 0x00, 0x00, 0x00, 0x00, 0x00, 0x1F, 0xBF,
    0xF0, 0x13, 0xFF, 0x00, 0x06, 0x03, 0xFD, 0xFC, 0x00, 0x3F, 0xE0, 0x00, 0xC6, 0x1F, 0x8C, 0x60,
    0x00, 0xC6, 0x1F, 0x7F, 0xF1, 0xF8, 0x00, 0x00, 0x00, 0x01, 0xF9, 0xFF, 0x1F, 0x9F, 0xF1, 0x99,
    0x83, 0x19, 0x98, 0x31, 0x99, 0x83, 0x1F, 0x9F, 0xF1, 0x81, 0x83, 0x00, 0x00, 0x00, 0x00, 0x00,
    0x1F, 0x87, 0xF1, 0xF0, 0x7F, 0x00, 0x34, 0x33, 0xFB, 0x43, 0x00, 0x36, 0x30, 0x03, 0x7F, 0x1F,
    0xB0, 0x00, 0x03, 0x00, 0x1F, 0x3F, 0xE1, 0xFB, 0x76, 0x00, 0x00, 0x21, 0xFB, 0xFF, 0x19, 0xFF,
    0xF1, 0x18, 0x84, 0x11, 0x9C, 0x61, 0x9B, 0x83, 0x1F, 0xF0, 0x31, 0x06, 0x01, 0x00, 0x00, 0x00,
    0x00, 0x00, 0x1F, 0xBF, 0xF0, 0x03, 0xFF, 0x00, 0x33, 0x33, 0xFB, 0xFF, 0x00, 0x3F, 0xF0, 0x03,
    0x33, 0x1F, 0xB3, 0x30, 0x03, 0xFF, 0x1F, 0x3F, 0xF1, 0xF8, 0x30, 0x00, 0x7F, 0xF1, 0xF8, 0x78,
    0x19, 0x8F, 0xC1, 0x98, 0xF4, 0x11, 0x9B, 0x61, 0x9F, 0x33, 0x1F, 0xE3, 0x11, 0x80, 0x30, 0x00,
    0x00, 0x00, 0x00, 0x00, 0x1F, 0x00, 0x01, 0xF7, 0xFF, 0x00, 0x63, 0x33, 0xFE, 0x7B, 0x00, 0x6F,
    0xF0, 0x06, 0x33, 0x1F, 0x63, 0x30, 0x06, 0xFF, 0x1F, 0x6F, 0xB1, 0xF6, 0x03, 0x00, 0x6F, 0xF1,
    0xF6, 0xCF, 0x1B, 0x6C, 0xF1, 0x16, 0xFF, 0x11, 0xCF, 0xF1, 0xBC, 0x83, 0x1F, 0xC0, 0xF1, 0x08,
    0x0F, 0x00, 0x00, 0x00, 0x00, 0x00, 0x1F, 0xB1, 0x81, 0xF3, 0x19, 0x00, 0x3D, 0xF3, 0xFB, 0xDE,
    0x00, 0x31, 0x80, 0x03, 0x19, 0x1F, 0xBF, 0x90, 0x07, 0xDF, 0x1F, 0xE6, 0xF1, 0xF0, 0x60, 0x00,
    0x3F, 0xF1, 0xFB, 0xFF, 0x1B, 0xB0, 0x31, 0x1B, 0xFF, 0x11, 0xB0, 0x71, 0xFB, 0x03, 0x1F, 0x3F,
    0xF1, 0x03, 0x02, 0x00, 0x00, 0x00, 0x00, 0x00, 0x1F, 0xA3, 0x01, 0xF3, 0x37, 0x00, 0x1F, 0xF3,
    0xF8, 0xC9, 0x00, 0x0C, 0x90, 0x00, 0x98, 0x1F, 0xB9, 0xC0, 0x07, 0x36, 0x1F, 0x4E, 0x31, 0xF8,
    0xC1, 0x00, 0x1F, 0xE1, 0xF9, 0xFE, 0x19, 0x90, 0x21, 0x19, 0x02, 0x11, 0x90, 0x21, 0xF9, 0x86,
    0x1F, 0x9F, 0xE1, 0x01, 0x02, 0x00, 0x00, 0x00, 0x00, 0x00, 0x1F, 0xBF, 0xF1, 0xF3, 0xFF, 0x00,
    0x30, 0x33, 0xFB, 0xFF, 0x00, 0x3F, 0xF0, 0x03, 0x03, 0x1F, 0xBF, 0xF0, 0x01, 0xFE, 0x1F, 0x1C,
    0x31, 0xF3, 0xFF, 0x00, 0x70, 0x31, 0xFF, 0x33, 0x19, 0x9F, 0x31, 0x19, 0x83, 0x11, 0x91, 0xB1,
    0x99, 0xFB, 0x1F, 0x8F, 0xF1, 0x00, 0x1E, 0x00, 0x00, 0x00, 0x00, 0x00, 0x1F, 0x18, 0xC1, 0xF1,
    0x8C, 0x00, 0x7F, 0xF3, 0xFF, 0xFF, 0x00, 0x0D, 0x80, 0x07, 0xFE, 0x1F, 0x3F, 0xE0, 0x00, 0xD2,
    0x1F, 0x7F, 0xF1, 0xFF, 0xFF, 0x00, 0x0D, 0x21, 0xF3, 0xFE, 0x1F, 0x7F, 0xE1, 0x11, 0xDC, 0x11,
    0x3D, 0xE1, 0xB6, 0xD3, 0x1F, 0xED, 0xB1, 0x00, 0xD0, 0x00, 0x00, 0x00, 0x00, 0x00, 0x1F, 0x0C,
    0xC1, 0xF3, 0xFF, 0x00, 0x3F, 0xF3, 0xF9, 0xCC, 0x3F, 0x3F, 0xF0, 0x00, 0xCC, 0x1F, 0xFF, 0xF0,
    0x00, 0x30, 0x1F, 0x1F, 0xE1, 0xF3, 0xFF, 0x00, 0x33, 0x31, 0xF3, 0xFF, 0x1F, 0xBF, 0xF1, 0x1F,
    0xFF, 0x11, 0xFF, 0xF1, 0x9B, 0x03, 0x1F, 0xB0, 0xF1, 0x83, 0x0E, 0x00, 0x00, 0x00, 0x00, 0x00,
    0x1F, 0x8C, 0xC1, 0xF7, 0xFF, 0x00, 0x7F, 0xF3, 0xF8, 0xCC, 0x00, 0x0C, 0xC0, 0x03, 0xFF, 0x1F,
    0xB3, 0x30, 0x03, 0x33, 0x1F, 0x3F, 0xF1, 0xFB, 0xFF, 0x00, 0x03, 0x01, 0xF3, 0xFF, 0x1F, 0x83,
    0x01, 0x1B, 0xFF, 0x11, 0x83, 0x01, 0x98, 0x30, 0x1F, 0xFF, 0xF1, 0x07, 0xFF, 0x00, 0x00, 0x00,
    0x00, 0x00, 0x1F, 0x19, 0xA1, 0xF7, 0xDF, 0x00, 0x7F, 0xB3, 0xFE, 0x69, 0x00, 0x64, 0x90, 0x06,
    0x48, 0x1F, 0xFF, 0xF0, 0x0F, 0xFF, 0x1F, 0x00, 0x81, 0xF7, 0xEB, 0x00, 0x46, 0xF1, 0xF7, 0x6E,
    0x1F, 0x7E, 0xE1, 0x34, 0x6C, 0x13, 0x7F, 0xC1, 0xB7, 0xFC, 0x1F, 0x47, 0x71, 0x00, 0x43, 0x00,
    0x00, 0x00, 0x00, 0x00, 0x1F, 0xF6, 0x01, 0xFF, 0x7F, 0x0E, 0xCE, 0x61, 0xFF, 0xE6, 0x3F, 0x23,
    0xC1, 0x96, 0x3C, 0x0F, 0xEE, 0x70, 0x3E, 0xC3, 0x03, 0xFF, 0x80, 0x00, 0x00, 0x3F, 0xFF, 0xF0,
    0x3F, 0xF8, 0x03, 0xFF, 0x80, 0x3F, 0xF8, 0x07, 0xFF, 0xC0, 0x60, 0x0C, 0x06, 0x00, 0xC0, 0x7F,
    0xFC, 0x00, 0x00, 0x00, 0x00, 0x00, 0x1F, 0x18, 0xC1, 0xF1, 0xDC, 0x00, 0x7F, 0xF3, 0xF8, 0x60,
    0x00, 0x3F, 0xE0, 0x00, 0x60, 0x1F, 0xFF, 0xF0, 0x07, 0xFF, 0x1F, 0x3F, 0x61, 0xF7, 0x93, 0x00,
    0x59, 0xB1, 0xFF, 0xFF, 0x1B, 0x19, 0xA1, 0x13, 0xFE, 0x11, 0xFC, 0xE1, 0xB1, 0x9C, 0x1F, 0x1F,
    0xF1, 0x07, 0x67, 0x00, 0x00, 0x00, 0x00, 0x00, 0x1F, 0x18, 0xC1, 0xF7, 0xFF, 0x00, 0x18, 0xC3,
    0xFB, 0x10, 0x00, 0x3F, 0xF0, 0x07, 0xFF, 0x1F, 0xFF, 0xE0, 0x03, 0x30, 0x1F, 0x3F, 0xE1, 0xF3,
    0xFE, 0x00, 0x3F, 0xF1, 0xF0, 0x00, 0x1F, 0x7F, 0xE1, 0x13, 0xFE, 0x11, 0x1C, 0xC1, 0xB0, 0xF8,
    0x1F, 0x3F, 0xE1, 0x0F, 0x87, 0x00, 0x00, 0x00, 0x00, 0x00, 0x01, 0x82, 0x00, 0x18, 0x38, 0x03,
    0x01, 0xC0, 0xE3, 0x0E, 0x1C, 0x38, 0x71, 0x87, 0xC2, 0x00, 0xCE, 0x00, 0x18, 0x70, 0x03, 0x03,
    0x80, 0xE0, 0x0E, 0x1F, 0xFF, 0xF3, 0xBF, 0xFB, 0x02, 0x01, 0x80, 0x20, 0x18, 0x02, 0x01, 0x80,
    0x30, 0x18, 0x03, 0xFF, 0x80, 0x30, 0x18, 0x00, 0x00, 0x00, 0x00, 0x00, 0x00, 0x30, 0x01, 0xFF,
    0xFF, 0x1F, 0xFF, 0xF0, 0x7F, 0xF8, 0x06, 0x01, 0xC0, 0x60, 0x1C, 0x07, 0xFF, 0x81, 0xFF, 0xFF,
    0x1F, 0xFF, 0xF1, 0x20, 0x0B, 0x17, 0xFF, 0x90, 0x3E, 0xC6, 0x0E, 0xFF, 0xC0, 0x3B, 0xF0, 0x1E,
    0x7B, 0x00, 0x3D, 0x9C, 0x1F, 0xF8, 0xF1, 0x8F, 0x03, 0x00, 0x00, 0x00, 0x00, 0x00, 0x00, 0x00,
    0x00, 0x7F, 0xFC, 0x06, 0x00, 0xC0, 0x60, 0x0C, 0x07, 0xFF, 0xC0, 0x7F, 0xFC, 0x06, 0x00, 0xC0,
    0x60, 0x0C, 0x07, 0xFF, 0xC0, 0x60, 0x2C, 0x06, 0x00, 0xC0, 0x7F, 0xFC, 0x07, 0xFF, 0xC0, 0x08,
    0x20, 0x01, 0xC7, 0x80, 0x78, 0x1C, 0x1E, 0x00, 0xF1, 0x80, 0x03, 0x00, 0x00, 0x00, 0x00, 0x00,
    0x1F, 0xC0, 0xC1, 0xFC, 0x0C, 0x10, 0xC0, 0xC1, 0x0C, 0x0C, 0x1F, 0xFF, 0xF1, 0xFF, 0xFF, 0x10,
    0xC1, 0xC1, 0x8C, 0x1C, 0x1F, 0xC3, 0xC1, 0x8C, 0x3C, 0x10, 0xC6, 0xC1, 0xFC, 0xCC, 0x1F, 0xDC,
    0xC0, 0x8B, 0x8C, 0x1D, 0x90, 0xC1, 0x8C, 0x0C, 0x30, 0x43, 0xC3, 0x00, 0x38, 0x00, 0x00, 0x00,
    0x00, 0x00, 0x0F, 0xFF, 0xE0, 0xFF, 0xFE, 0x00, 0x10, 0x01, 0xFF, 0xFF, 0x1F, 0xFF, 0xF0, 0x00,
    0x00, 0x07, 0xFF, 0xC0, 0x60, 0x0C, 0x07, 0xFF, 0xC0, 0x7F, 0xFC, 0x06, 0x00, 0xC0, 0x7F, 0xFC,
    0x06, 0x00, 0xC0, 0x7F, 0xFC, 0x07, 0xFF, 0xC0, 0x38, 0x78, 0x1F, 0x01, 0xF1, 0x80, 0x07, 0x00,
    0x00, 0x00, 0x00, 0x00, 0x01, 0x90, 0x40, 0x71, 0xFE, 0x0F, 0x1F, 0x03, 0xF1, 0x01, 0x13, 0x1F,
    0xF0, 0x31, 0xFE, 0x03, 0x00, 0x00, 0x7F, 0xFC, 0x06, 0x00, 0xC0, 0x7F, 0xFC, 0x06, 0x00, 0xC0,
    0x7F, 0xFC, 0x07, 0xFF, 0xC0, 0x60, 0x0C, 0x07, 0xFF, 0xC0, 0x18, 0x70, 0x0F, 0x83, 0xC1, 0xE0,
    0x0F, 0x00, 0x00, 0x00, 0x00, 0x00, 0x03, 0xFF, 0xC0, 0x3F, 0xFC, 0x1F, 0xFF, 0xF1, 0xFF, 0xFF,
    0x02, 0x18, 0xC0, 0x7F, 0xFC, 0x03, 0xFF, 0xC0, 0x7F, 0xFE, 0x06, 0x00, 0x60, 0x7F, 0xFE, 0x06,
    0x00, 0x60, 0x7F, 0xFE, 0x07, 0xFF, 0xE0, 0x60, 0x06, 0x07, 0xFF, 0xE0, 0x1C, 0x30, 0x0F, 0x83,
    0xE1, 0xE0, 0x07, 0x00, 0x00, 0x00, 0x00, 0x00, 0x01, 0xFF, 0x00, 0x7F, 0xFC, 0x06, 0x30, 0xC0,
    0x7F, 0xFC, 0x01, 0xFF, 0x03, 0xFF, 0xFF, 0x1F, 0xFF, 0xF0, 0x3F, 0xF8, 0x07, 0xFF, 0xC0, 0x60,
    0x0C, 0x07, 0xFF, 0xC0, 0x60, 0x0C, 0x07, 0xFF, 0xC0, 0x60, 0x0C, 0x07, 0xFF, 0xC0, 0x18, 0x70,
    0x1F, 0x83, 0xE1, 0xC0, 0x07, 0x00, 0x00, 0x00, 0x00, 0x00, 0x03, 0x07, 0xE3, 0xFF, 0x7F, 0x06,
    0x34, 0x30, 0x63, 0x43, 0x0D, 0xE7, 0xF3, 0xDE, 0x7E, 0x30, 0x00, 0x00, 0x7F, 0xFC, 0x06, 0x00,
    0xC0, 0x7F, 0xFC, 0x06, 0x00, 0xC0, 0x7F, 0xFC, 0x07, 0xFF, 0xC0, 0x60, 0x0C, 0x07, 0xFF, 0xC0,
    0x18, 0x30, 0x0F, 0x83, 0xE1, 0xE0, 0x07, 0x00, 0x00, 0x00, 0x00, 0x00, 0x1C, 0x30, 0x00, 0xF3,
    0xFF, 0x01, 0x66, 0x60, 0x0C, 0xF6, 0x07, 0x1F, 0x83, 0xE7, 0x9E, 0x10, 0xF0, 0xF0, 0x7F, 0xFC,
    0x06, 0x00, 0xC0, 0x7F, 0xFC, 0x06, 0x00, 0xC0, 0x7F, 0xFC, 0x07, 0xFF, 0xC0, 0x60, 0x0C, 0x07,
    0xFF, 0xC0, 0x18, 0x70, 0x0F, 0x83, 0xC1, 0xE0, 0x0F, 0x00, 0x00, 0x00, 0x00, 0x00, 0x0F, 0xC7,
    0xE1, 0xFE, 0xFF, 0x03, 0x01, 0x81, 0xFF, 0xFF, 0x17, 0x83, 0xC0, 0x7C, 0x6E, 0x1C, 0xEC, 0x71,
    0xFF, 0xFF, 0x06, 0x00, 0xC0, 0x7F, 0xFC, 0x06, 0xFE, 0xC0, 0x60, 0x0C, 0x07, 0xFF, 0xC0, 0x60,
    0x0C, 0x07, 0xFF, 0xC0, 0x1C, 0x78, 0x0F, 0x83, 0xE1, 0xE0, 0x07, 0x00, 0x00, 0x00, 0x00, 0x00,
    0x1F, 0x9F, 0xE1, 0xF9, 0xFF, 0x10, 0x90, 0x21, 0x09, 0xFE, 0x1F, 0x9F, 0xE1, 0xF9, 0x02, 0x10,
    0x9F, 0xF1, 0x89, 0xFE, 0x1F, 0x88, 0x01, 0x89, 0xFF, 0x10, 0xBF, 0xF1, 0xFE, 0x69, 0x1F, 0xED,
    0xB0, 0x91, 0x9B, 0x19, 0xBB, 0x31, 0x8F, 0x23, 0x30, 0xC6, 0xE3, 0x00, 0x4E, 0x00, 0x00, 0x00,
    0x00, 0x00, 0x0F, 0xFF, 0xF1, 0xFA, 0xFF, 0x1F, 0xE6, 0x31, 0xE7, 0x76, 0x1F, 0xE3, 0xC1, 0xFE,
    0xFE, 0x0F, 0xFC, 0x70, 0x3F, 0xFC, 0x07, 0xFF, 0xE0, 0x60, 0x06, 0x07, 0xFF, 0xE0, 0x60, 0x06,
    0x07, 0xFF, 0xE0, 0x60, 0x06, 0x07, 0xFF, 0xE0, 0x1C, 0x38, 0x0F, 0x83, 0xF1, 0xE0, 0x07, 0x00,
    0x00, 0x00, 0x00, 0x00, 0x0F, 0xDF, 0xE1, 0xC1, 0xC0, 0x1F, 0xFF, 0xF1, 0xFF, 0xFF, 0x19, 0xB0,
    0x83, 0x1B, 0x08, 0x37, 0xFF, 0xC0, 0xFF, 0xFC, 0x0C, 0x00, 0xC0, 0xFF, 0xFC, 0x0C, 0x00, 0xC0,
    0xFF, 0xFC, 0x0F, 0xFF, 0xC0, 0xC0, 0x0C, 0x0F, 0xFF, 0xC0, 0x18, 0x60, 0x0F, 0x87, 0xC3, 0xC0,
    0x0F, 0x00, 0x00, 0x00, 0x00, 0x00, 0x1F, 0x8C, 0xC1, 0xFB, 0xFF, 0x11, 0xBF, 0xF1, 0x19, 0xCC,
    0x1F, 0xBF, 0xF1, 0xF9, 0xCC, 0x11, 0xFF, 0xF1, 0x98, 0x30, 0x1F, 0xBF, 0xE1, 0x9B, 0xFF, 0x11,
    0xB3, 0x31, 0x9B, 0xFF, 0x1F, 0xB3, 0x30, 0x97, 0xFF, 0x19, 0xFF, 0xF1, 0x9B, 0x03, 0x30, 0xB0,
    0xF3, 0x03, 0x0E, 0x00, 0x00, 0x00, 0x00, 0x00, 0x03, 0x00, 0x00, 0x30, 0xFF, 0x1F, 0xE0, 0x31,
    0xFE, 0x03, 0x03, 0x00, 0x31, 0xFE, 0x03, 0x3F, 0xF7, 0xF0, 0x30, 0x63, 0x0B, 0x04, 0x01, 0xB0,
    0x40, 0x1B, 0xE4, 0x01, 0xBE, 0x40, 0x1B, 0x04, 0x11, 0xF0, 0x7F, 0x1F, 0x07, 0xF1, 0x3E, 0x00,
    0x31, 0xFF, 0xF3, 0x00, 0x00, 0x00, 0x00, 0x00, 0x00, 0x00, 0x03, 0x01, 0x60, 0x30, 0x1B, 0x1F,
    0xE1, 0x90, 0xFD, 0xFF, 0x03, 0x19, 0x80, 0x31, 0x98, 0x3F, 0xF9, 0xB0, 0x31, 0x9B, 0x0B, 0x19,
    0xA1, 0xB1, 0x8E, 0x1B, 0xFB, 0xC1, 0xBD, 0xEC, 0x1B, 0x39, 0xD1, 0xF3, 0x3F, 0x1F, 0x06, 0x31,
    0x3E, 0x61, 0x31, 0xFF, 0xF0, 0x00, 0x00, 0x00, 0x00, 0x00, 0x00, 0x00, 0x00, 0x00, 0x01, 0xFD,
    0xFF, 0x18, 0xD8, 0x01, 0x8D, 0x00, 0x18, 0xD0, 0x01, 0xFD, 0xFE, 0x1F, 0xDF, 0xF0, 0x21, 0x02,
    0x12, 0x10, 0x21, 0x3D, 0x02, 0x13, 0xD8, 0x61, 0x21, 0xFF, 0x12, 0x18, 0x01, 0x23, 0x00, 0x17,
    0xF0, 0x03, 0xF9, 0x80, 0x3C, 0x1F, 0xF0, 0x01, 0x00, 0x00, 0x00, 0x00, 0x00, 0x00, 0x00, 0x30,
    0x00, 0x3F, 0xF8, 0x07, 0xFF, 0x80, 0x60, 0x18, 0x07, 0xFF, 0x80, 0x7F, 0xF8, 0x06, 0x01, 0xB0,
    0x60, 0x1F, 0x07, 0xFF, 0xE0, 0x60, 0x1C, 0x06, 0x3F, 0x83, 0xFF, 0xF8, 0x1E, 0x1F, 0x80, 0x07,
    0x98, 0x01, 0xE1, 0x80, 0x7C, 0x18, 0x1E, 0x1F, 0x81, 0x81, 0xF0, 0x00, 0x00, 0x00, 0x00, 0x00,
    0x00, 0x10, 0x01, 0xFF, 0xFF, 0x1F, 0xFF, 0xF0, 0x01, 0x00, 0x0F, 0xFF, 0xC0, 0xFF, 0xFC, 0x0C,
    0x10, 0xC0, 0xFF, 0xFC, 0x0F, 0xFF, 0xC0, 0xC1, 0x0C, 0x0C, 0x38, 0xC0, 0xFF, 0xFC, 0x00, 0x30,
    0x01, 0xFF, 0xFF, 0x3F, 0xFF, 0xF0, 0x03, 0x00, 0x00, 0x30, 0x00, 0x03, 0x00, 0x00, 0x00, 0x00,
    0x00, 0x00, 0x03, 0x06, 0x01, 0xFE, 0x60, 0x1F, 0xF6, 0x00, 0x30, 0x60, 0x1F, 0xDF, 0xC1, 0xFF,
    0xFE, 0x13, 0x66, 0x61, 0xFE, 0x66, 0x1F, 0xE6, 0x61, 0x36, 0x66, 0x1F, 0xE6, 0x61, 0xFC, 0x66,
    0x03, 0x04, 0x63, 0xFF, 0xC6, 0x03, 0x1C, 0x60, 0x31, 0x86, 0x03, 0x30, 0x70, 0x33, 0x07, 0x00,
    0x00, 0x00, 0x00, 0x00, 0x1F, 0xFF, 0xF1, 0xFF, 0xFF, 0x18, 0x30, 0x31, 0x3F, 0xFB, 0x17, 0xFF,
    0xF0, 0x03, 0x00, 0x07, 0xFF, 0xC0, 0x63, 0x0C, 0x06, 0x30, 0xC0, 0x7F, 0xFC, 0x06, 0x30, 0xC0,
    0x7F, 0xFC, 0x07, 0xFF, 0xC0, 0x01, 0x00, 0x1F, 0xFF, 0xF1, 0xFF, 0xFF, 0x00, 0x10, 0x00, 0x01,
    0x00, 0x00, 0x00, 0x00, 0x00, 0x00, 0x03, 0x00, 0x01, 0xFF, 0xFF, 0x1F, 0xF1, 0x80, 0x30, 0x18,
    0x1F, 0xE1, 0x81, 0xFE, 0x18, 0x1B, 0x61, 0x81, 0xB6, 0x18, 0x1F, 0xFF, 0xF1, 0x36, 0x18, 0x1F,
    0xE1, 0x81, 0xFC, 0x18, 0x03, 0x01, 0x83, 0xFE, 0x18, 0x03, 0x01, 0x80, 0x30, 0x18, 0x03, 0x01,
    0x80, 0x30, 0x18, 0x00, 0x00, 0x00, 0x00, 0x00, 0x02, 0x01, 0x83, 0xFC, 0x18, 0x3F, 0xE1, 0x80,
    0x20, 0xFF, 0x1F, 0xDF, 0xF1, 0xFD, 0x9B, 0x12, 0x59, 0xB1, 0xFD, 0x9B, 0x1F, 0xD9, 0xB1, 0x25,
    0xFF, 0x1F, 0xDF, 0xF1, 0xFD, 0x9B, 0x02, 0x19, 0xB3, 0xFF, 0x9B, 0x07, 0x19, 0xB0, 0x21, 0xFB,
    0x02, 0x1F, 0xF0, 0x21, 0x83, 0x00, 0x00, 0x00, 0x00, 0x00, 0x02, 0x1F, 0xF3, 0xFF, 0xFF, 0x3F,
    0xEC, 0x30, 0x20, 0x66, 0x1F, 0xC6, 0xC1, 0xFE, 0x3C, 0x12, 0x63, 0x81, 0xFE, 0xFE, 0x1F, 0xFC,
    0x71, 0x27, 0x19, 0x1F, 0xE1, 0x81, 0xFC, 0xFF, 0x02, 0x0F, 0xF3, 0xFE, 0x18, 0x07, 0x01, 0x80,
    0x20, 0x18, 0x02, 0x3F, 0xF0, 0x23, 0xFF, 0x00, 0x00, 0x00, 0x00, 0x00, 0x02, 0x01, 0x83, 0xFC,
    0x18, 0x3F, 0xFF, 0xF0, 0x21, 0xFF, 0x1F, 0xC4, 0x61, 0xFC, 0xC7, 0x12, 0x5C, 0x31, 0xFD, 0x81,
    0x1F, 0xDC, 0x71, 0x24, 0x46, 0x1F, 0xC6, 0xC1, 0xFC, 0x7C, 0x02, 0x03, 0x83, 0xFE, 0x38, 0x07,
    0x07, 0xC0, 0x20, 0xEE, 0x02, 0x3C, 0x70, 0x23, 0x01, 0x00, 0x00, 0x00, 0x00, 0x00, 0x01, 0x86,
    0xC0, 0xFF, 0x66, 0x1F, 0xF6, 0x30, 0x18, 0x63, 0x3F, 0xFF, 0xF0, 0x18, 0x60, 0x0F, 0xF6, 0x01,
    0xFF, 0xA3, 0x01, 0x83, 0x61, 0xFF, 0x36, 0x1F, 0xF3, 0xC1, 0xFF, 0x3C, 0x19, 0xB3, 0x80, 0xFF,
    0x38, 0x01, 0x87, 0x91, 0xFF, 0xFD, 0x1F, 0xFC, 0xF0, 0x19, 0x87, 0x00, 0x00, 0x00, 0x00, 0x00,
    0x06, 0x3F, 0xF1, 0x6F, 0xFF, 0x16, 0xB3, 0x11, 0xEB, 0xFF, 0x1F, 0xBF, 0xF0, 0xF0, 0x30, 0x3F,
    0xDF, 0xF3, 0xFF, 0xFF, 0x0B, 0x13, 0x30, 0xB1, 0xFF, 0x0B, 0x33, 0x30, 0xB3, 0xFF, 0x1B, 0x1F,
    0xE1, 0xBF, 0xB1, 0x1B, 0xFF, 0xF1, 0xA0, 0x30, 0x30, 0x03, 0x01, 0x00, 0x30, 0x00, 0x00, 0x00,
    0x00, 0x00, 0x02, 0x01, 0x81, 0xFD, 0xFF, 0x3F, 0xFF, 0xF0, 0x21, 0x11, 0x1F, 0xD1, 0x91, 0xFD,
    0xFF, 0x12, 0x41, 0x81, 0xFC, 0xFE, 0x1F, 0xCF, 0xE1, 0x25, 0xFF, 0x1F, 0xDF, 0xF1, 0xFC, 0x00,
    0x02, 0x1F, 0xE3, 0xFF, 0x83, 0x07, 0x18, 0x30, 0x21, 0x83, 0x02, 0x1F, 0xF0, 0x21, 0xFE, 0x00,
    0x00, 0x00, 0x00, 0x00, 0x01, 0xC3, 0x01, 0xFC, 0x30, 0x3E, 0x3F, 0xF0, 0x23, 0xFF, 0x02, 0x08,
    0x60, 0x70, 0xC6, 0x3F, 0xEC, 0xC0, 0x63, 0xFF, 0x02, 0x3F, 0xF0, 0x20, 0x30, 0x1F, 0xC3, 0x01,
    0xFF, 0xFF, 0x10, 0xFF, 0xF1, 0x0C, 0x30, 0x10, 0xC3, 0x01, 0xFC, 0x30, 0x1F, 0xC3, 0x01, 0x00,
    0x30, 0x00, 0x00, 0x00, 0x00, 0x00, 0x10, 0x00, 0x01, 0xC7, 0xE0, 0x0E, 0x06, 0x00, 0x60, 0x60,
    0x00, 0x06, 0x00, 0x00, 0xE0, 0x00, 0x0E, 0x00, 0x00, 0xF0, 0x3E, 0x1B, 0x00, 0x61, 0x98, 0x06,
    0x31, 0x80, 0x67, 0x0C, 0x06, 0xE0, 0x60, 0x6C, 0x03, 0x0E, 0x00, 0x01, 0xF0, 0x00, 0x39, 0xFF,
    0xF3, 0x07, 0xFF, 0x00, 0x00, 0x00, 0x00, 0x00, 0x18, 0x3C, 0x01, 0xCF, 0x3F, 0x0E, 0xC3, 0x30,
    0x6C, 0x33, 0x00, 0xC3, 0x30, 0x0C, 0x33, 0x00, 0xC3, 0x30, 0x0C, 0x33, 0x3E, 0xC3, 0x30, 0x6C,
    0x33, 0x06, 0xCB, 0x30, 0x6F, 0xB7, 0x07, 0xE3, 0x70, 0x60, 0x30, 0x06, 0x03, 0x01, 0xF0, 0x00,
    0x39, 0xFF, 0xF3, 0x07, 0xFF, 0x00, 0x00, 0x00, 0x00, 0x00, 0x10, 0x01, 0xE1, 0x87, 0xFC, 0x0C,
    0x7C, 0x00, 0x66, 0x00, 0x00, 0x60, 0x00, 0x06, 0x00, 0x00, 0x7F, 0xF0, 0x06, 0x18, 0x3E, 0x61,
    0x80, 0x66, 0x18, 0x06, 0xC1, 0x80, 0x6C, 0x18, 0x06, 0xC1, 0x80, 0x78, 0x18, 0x0E, 0x01, 0x81,
    0xF0, 0x00, 0x39, 0xFF, 0xF3, 0x07, 0xFF, 0x00, 0x00, 0x00, 0x00, 0x00, 0x18, 0x60, 0xE1, 0xC3,
    0x0C, 0x0E, 0x31, 0x80, 0x7F, 0xFF, 0x00, 0xFF, 0xF0, 0x04, 0x42, 0x00, 0xC4, 0x20, 0x0C, 0x42,
    0x3E, 0xC4, 0x20, 0x6C, 0x42, 0x06, 0xFF, 0xE0, 0x67, 0xFE, 0x06, 0x0C, 0x00, 0x61, 0xC0, 0x0E,
    0x38, 0x01, 0xF3, 0x00, 0x39, 0xFF, 0xF3, 0x07, 0xFF, 0x00, 0x00, 0x00, 0x00, 0x00, 0x18, 0xFF,
    0xF1, 0xC7, 0xFE, 0x0E, 0x19, 0xC0, 0x60, 0xF8, 0x00, 0x7F, 0xF0, 0x0F, 0xFF, 0x00, 0xC6, 0x33,
    0xCF, 0xFF, 0x3E, 0xFF, 0xF0, 0x6C, 0x63, 0x06, 0xFF, 0xF0, 0x6F, 0xFF, 0x06, 0xC6, 0x30, 0x6C,
    0x63, 0x0E, 0xC6, 0xF1, 0xF0, 0x00, 0x39, 0xFF, 0xF3, 0x07, 0xFF, 0x00, 0x00, 0x00, 0x00, 0x00,
    0x18, 0x04, 0x01, 0xDF, 0xFF, 0x0F, 0xFF, 0xF0, 0x60, 0x60, 0x00, 0xFF, 0xE0, 0x0C, 0x42, 0x00,
    0xCE, 0x61, 0xCF, 0xFE, 0x3E, 0xC4, 0x20, 0x6F, 0xFE, 0x06, 0x7F, 0xE0, 0x60, 0x40, 0x07, 0xFF,
    0xF0, 0x7F, 0xFF, 0x06, 0x04, 0x01, 0xF0, 0x40, 0x39, 0xFF, 0xF3, 0x0F, 0xFF, 0x00, 0x00, 0x00,
    0x00, 0x00, 0x10, 0x31, 0x81, 0x83, 0x18, 0x0C, 0x73, 0x00, 0x6F, 0xFF, 0x00, 0xE3, 0x00, 0x3E,
    0x30, 0x01, 0x7F, 0xF3, 0xC6, 0x30, 0x3E, 0x63, 0x00, 0x67, 0xFF, 0x06, 0x7F, 0xF0, 0x66, 0x30,
    0x06, 0x63, 0x00, 0x67, 0xFF, 0x06, 0x1C, 0xF1, 0xF0, 0x00, 0x39, 0xFF, 0xF3, 0x0F, 0xFF, 0x00,
    0x00, 0x00, 0x00, 0x00, 0x10, 0x30, 0x01, 0x83, 0xF8, 0x0E, 0x7F, 0x80, 0x6E, 0x30, 0x01, 0xFF,
    0xE0, 0x0C, 0x62, 0x00, 0xC4, 0x23, 0xEC, 0x62, 0x3E, 0xFF, 0xE0, 0x63, 0xB0, 0x06, 0x13, 0x00,
    0x63, 0x31, 0x06, 0x33, 0x10, 0x6E, 0x3F, 0x0E, 0xC3, 0xF1, 0xF8, 0x00, 0x39, 0xFF, 0xF3, 0x0F,
    0xFF, 0x00, 0x00, 0x00, 0x00, 0x00, 0x18, 0x7F, 0xE1, 0xCF, 0xFE, 0x0E, 0xC6, 0x60, 0x6F, 0xFE,
    0x00, 0xC4, 0x60, 0x0F, 0xFE, 0x00, 0x7F, 0xC3, 0xE0, 0x40, 0x3E, 0xFF, 0xF0, 0x6C, 0xFB, 0x06,
    0x84, 0xB0, 0x6F, 0xFB, 0x06, 0xBF, 0xF0, 0x68, 0x03, 0x0E, 0x80, 0xF1, 0xF8, 0x04, 0x39, 0xFF,
    0xF3, 0x07, 0xFF, 0x00, 0x00, 0x00, 0x00, 0x00, 0x18, 0xFF, 0xF1, 0xCF, 0xFF, 0x0E, 0x84, 0x10,
    0x6F, 0xFE, 0x00, 0x0E, 0x00, 0x00, 0xE0, 0x00, 0xFF, 0xE3, 0xC4, 0x62, 0x3E, 0x7F, 0xE0, 0x64,
    0x42, 0x06, 0xFF, 0xE0, 0x67, 0xFE, 0x06, 0x06, 0x00, 0x7F, 0xFF, 0x06, 0x06, 0x01, 0xF0, 0x40,
    0x39, 0xFF, 0xF3, 0x0F, 0xFF, 0x00, 0x00, 0x00, 0x00, 0x00, 0x18, 0x3F, 0xC1, 0xC3, 0xFC, 0x0E,
    0x20, 0xC0, 0x63, 0x7C, 0x00, 0x37, 0xC0, 0x02, 0x4C, 0x00, 0x7F, 0xF1, 0xCF, 0xFF, 0x3E, 0xC0,
    0x30, 0x6D, 0xFB, 0x06, 0xD9, 0xB0, 0x6D, 0x9B, 0x06, 0xDF, 0xB0, 0x6D, 0x8F, 0x0E, 0xC0, 0xF1,
    0xF0, 0x00, 0x39, 0xFF, 0xF3, 0x07, 0xFF, 0x00, 0x00, 0x00, 0x00, 0x00, 0x10, 0x30, 0xC1, 0xC3,
    0x18, 0x0F, 0xFF, 0xF0, 0x7F, 0xFF, 0x00, 0x0C, 0x00, 0x07, 0xFE, 0x00, 0x60, 0x60, 0x06, 0x06,
    0x3E, 0x7F, 0xE0, 0x66, 0x06, 0x06, 0x60, 0xE0, 0x67, 0xFE, 0x06, 0x60, 0x60, 0x67, 0xFE, 0x0E,
    0x00, 0x01, 0xF0, 0x00, 0x39, 0xFF, 0xF3, 0x07, 0xFF, 0x00, 0x00, 0x00, 0x00, 0x00, 0x10, 0x0C,
    0x01, 0x8F, 0xFC, 0x0C, 0x18, 0xC0, 0x7F, 0xFF, 0x01, 0xFF, 0xF0, 0x03, 0xF8, 0x00, 0xFF, 0xE3,
    0xCC, 0x0E, 0x3E, 0xFF, 0xE0, 0x60, 0x30, 0x06, 0xFF, 0xF0, 0x6F, 0xFE, 0x06, 0x63, 0x00, 0x7F,
    0xFF, 0x06, 0x03, 0x01, 0xF0, 0x30, 0x39, 0xFF, 0xF3, 0x0F, 0xFF, 0x00, 0x00, 0x00, 0x00, 0x00,
    0x18, 0x06, 0x01, 0xCF, 0xFE, 0x0E, 0x06, 0x00, 0x7F, 0xFF, 0x01, 0xFF, 0xF0, 0x00, 0x00, 0x00,
    0x7F, 0xE1, 0xC6, 0x06, 0x3E, 0x60, 0x60, 0x67, 0xFE, 0x06, 0x0E, 0x70, 0x63, 0xFE, 0x06, 0x77,
    0xC0, 0x6E, 0x4E, 0x06, 0x84, 0x71, 0xF0, 0x40, 0x39, 0xFF, 0xF3, 0x0F, 0xFF, 0x00, 0x00, 0x00,
    0x00, 0x00, 0x18, 0x3F, 0xC1, 0xCF, 0xFE, 0x0E, 0xC6, 0x60, 0x67, 0xFE, 0x00, 0x06, 0x00, 0x1F,
    0xFF, 0x00, 0x00, 0x01, 0xC7, 0xFE, 0x3E, 0x60, 0x60, 0x67, 0xFE, 0x06, 0x60, 0x00, 0x67, 0xFE,
    0x06, 0x7F, 0xE0, 0x66, 0x02, 0x06, 0x7F, 0xE1, 0xF0, 0x00, 0x39, 0xFF, 0xF3, 0x07, 0xFF, 0x00,
    0x00, 0x00, 0x00, 0x00, 0x19, 0xFB, 0xF1, 0xCF, 0x9F, 0x0C, 0x1C, 0x30, 0x6F, 0xBF, 0x00, 0x87,
    0x00, 0x0F, 0xFF, 0x00, 0x79, 0xF1, 0xC1, 0x18, 0x3E, 0xFF, 0xF0, 0x6F, 0xFE, 0x06, 0x11, 0x80,
    0x7F, 0xFF, 0x07, 0xFF, 0xF0, 0x63, 0x8C, 0x06, 0xF0, 0x71, 0xFC, 0x03, 0x39, 0xFF, 0xF3, 0x0F,
    0xFF, 0x00, 0x00, 0x00, 0x00, 0x00, 0x18, 0x3F, 0x81, 0xCF, 0xFE, 0x0E, 0xC6, 0x60, 0x67, 0xFE,
    0x00, 0x06, 0x00, 0x1F, 0xFF, 0x00, 0x00, 0x00, 0x07, 0xFE, 0x3E, 0x7F, 0xE0, 0x67, 0xFE, 0x06,
    0x7F, 0xE0, 0x67, 0xFE, 0x06, 0x7F, 0xE0, 0x61, 0x98, 0x06, 0x70, 0xE1, 0xFC, 0x03, 0x39, 0xFF,
    0xF3, 0x0F, 0xFF, 0x00, 0x00, 0x00, 0x00, 0x00, 0x18, 0xFF, 0xE1, 0xCD, 0xB2, 0x0E, 0xDB, 0x20,
    0x6F, 0xFE, 0x00, 0x00, 0x00, 0x1F, 0xFF, 0x00, 0x00, 0x00, 0x07, 0xFE, 0x3E, 0xFF, 0xE0, 0x6F,
    0xFE, 0x06, 0x7F, 0xE0, 0x61, 0xE6, 0x06, 0x7F, 0xC0, 0x6E, 0x5C, 0x06, 0x84, 0x71, 0xF0, 0x40,
    0x39, 0xFF, 0xF3, 0x0F, 0xFF, 0x00, 0x00, 0x00, 0x00, 0x00, 0x01, 0x80, 0x00, 0x18, 0x7F, 0x1F,
    0xFE, 0x31, 0xFF, 0xE3, 0x04, 0x26, 0x30, 0xE6, 0x66, 0x0C, 0x36, 0x61, 0x81, 0xEC, 0x30, 0x7E,
    0x60, 0xC6, 0x63, 0x07, 0xC6, 0x10, 0x3C, 0x61, 0x01, 0xC6, 0x10, 0x3E, 0x61, 0x06, 0x66, 0xF0,
    0xC3, 0x6E, 0x18, 0x06, 0x01, 0x00, 0x60, 0x00, 0x00, 0x00, 0x00, 0x00, 0x00, 0x00, 0x01, 0xFF,
    0x7F, 0x02, 0x36, 0x31, 0xFF, 0x46, 0x3F, 0xFC, 0x60, 0x63, 0x4C, 0x06, 0x34, 0xC1, 0xFF, 0x4C,
    0x1F, 0xE4, 0xE0, 0xC0, 0x46, 0x0F, 0xF4, 0x31, 0xFF, 0x43, 0x1C, 0x34, 0x33, 0xC3, 0x43, 0x2C,
    0x35, 0xF0, 0xC3, 0x4C, 0x0F, 0xF4, 0x00, 0xC0, 0x40, 0x00, 0x00, 0x00, 0x00, 0x00, 0x01, 0x00,
    0x00, 0x18, 0x7F, 0x1F, 0xF7, 0xF1, 0xFF, 0x63, 0x0C, 0x66, 0x60, 0xC6, 0x66, 0x04, 0x46, 0xC3,
    0xFF, 0xEC, 0x3F, 0xF6, 0x60, 0x00, 0x62, 0x00, 0x06, 0x31, 0xFF, 0x63, 0x18, 0x36, 0x31, 0x83,
    0x63, 0x18, 0x36, 0xF1, 0x83, 0x6E, 0x1F, 0xF6, 0x01, 0x83, 0x60, 0x00, 0x00, 0x00, 0x00, 0x00,
    0x03, 0x03, 0xE3, 0xFF, 0x7F, 0x3F, 0xF6, 0x30, 0x00, 0x63, 0x1F, 0xF6, 0x61, 0x83, 0x66, 0x18,
    0x36, 0xC1, 0xFF, 0x6C, 0x00, 0x06, 0x61, 0xFE, 0x62, 0x1F, 0xE6, 0x30, 0x0C, 0x63, 0x03, 0x86,
    0x33, 0xFF, 0x63, 0x3F, 0x86, 0xF0, 0x30, 0x6E, 0x07, 0x06, 0x00, 0xF0, 0x60, 0x00, 0x00, 0x00,
    0x00, 0x00, 0x06, 0x00, 0x00, 0x6F, 0xDF, 0x0C, 0xCD, 0x90, 0x8C, 0xDB, 0x3B, 0xFD, 0xB1, 0xBF,
    0xDB, 0x0E, 0xCD, 0xE0, 0x6C, 0xDE, 0x0D, 0xFD, 0xB0, 0x9C, 0x1B, 0x3F, 0xC1, 0x93, 0xFD, 0x99,
    0x02, 0xCD, 0x90, 0x6C, 0xDF, 0x06, 0xFD, 0xF0, 0xCF, 0x78, 0x38, 0x87, 0x81, 0x00, 0x10, 0x00,
    0x00, 0x00, 0x00, 0x00, 0x03, 0x00, 0x00, 0x31, 0xFF, 0x1F, 0xF7, 0xF1, 0xFF, 0x63, 0x03, 0x66,
    0x60, 0x3E, 0x66, 0x3F, 0xFE, 0xC0, 0x38, 0x6C, 0x07, 0xE6, 0x60, 0xFF, 0x62, 0x3C, 0x36, 0x33,
    0xC3, 0x63, 0x0F, 0xF6, 0x30, 0xFF, 0x63, 0x0C, 0x36, 0xF0, 0xC3, 0x6E, 0x0F, 0xF6, 0x00, 0xC3,
    0x60, 0x00, 0x00, 0x00, 0x00, 0x00, 0x1F, 0xE3, 0x01, 0xFE, 0x60, 0x07, 0x06, 0x01, 0xFC, 0xFF,
    0x1F, 0xEC, 0x81, 0xFF, 0xC8, 0x17, 0x78, 0x81, 0x77, 0x0F, 0x17, 0x60, 0xF1, 0xDE, 0x08, 0x18,
    0x60, 0x81, 0x06, 0x08, 0x1F, 0xE0, 0xF1, 0xFE, 0x0F, 0x10, 0x60, 0x81, 0xFE, 0x08, 0x1F, 0xE0,
    0x81, 0x06, 0x08, 0x00, 0x00, 0x00, 0x00, 0x00, 0x1F, 0xC3, 0x13, 0xFC, 0xFF, 0x05, 0x1F, 0xF0,
    0x50, 0x33, 0x1F, 0xC3, 0x61, 0xFD, 0xFF, 0x15, 0xCD, 0xF1, 0xDC, 0x18, 0x1D, 0xCF, 0xF1, 0xDC,
    0xFF, 0x18, 0xDC, 0xE1, 0x0F, 0x1C, 0x1F, 0xC1, 0x81, 0xFD, 0xFF, 0x10, 0xC1, 0x81, 0xFC, 0x18,
    0x1F, 0xC7, 0x81, 0x0C, 0x78, 0x00, 0x00, 0x00, 0x00, 0x00, 0x3F, 0xE4, 0x83, 0xFE, 0x48, 0x04,
    0x8F, 0xF1, 0xFC, 0xFF, 0x1F, 0xEC, 0x81, 0xFF, 0x88, 0x16, 0xE0, 0x81, 0x6F, 0xFF, 0x14, 0xEF,
    0xF1, 0xCE, 0x00, 0x18, 0x6F, 0xF1, 0x06, 0xFF, 0x1F, 0xEC, 0x11, 0xFE, 0xC1, 0x10, 0x6C, 0x11,
    0xFE, 0xC3, 0x1F, 0xEF, 0xF1, 0x06, 0xC1, 0x00, 0x00, 0x00, 0x00, 0x00, 0x3F, 0xC6, 0x03, 0xFC,
    0xC6, 0x0D, 0x0C, 0x70, 0xD3, 0xFF, 0x3F, 0xFF, 0xD3, 0xFC, 0xC8, 0x35, 0xCC, 0x93, 0x5D, 0x8F,
    0x35, 0xF2, 0x73, 0x9C, 0x60, 0x38, 0xCF, 0xF3, 0x0D, 0xC6, 0x3F, 0xFE, 0xE3, 0xFE, 0x7C, 0x30,
    0xC3, 0x83, 0xFC, 0x7C, 0x3F, 0xFC, 0xF3, 0x0F, 0x03, 0x00, 0x00, 0x00, 0x00, 0x00, 0x01, 0xFF,
    0xE1, 0xFF, 0xF8, 0x00, 0x20, 0x00, 0x43, 0x06, 0x0E, 0x30, 0xC0, 0x63, 0x0C, 0x03, 0x11, 0x80,
    0x31, 0x18, 0x00, 0x30, 0x01, 0xFF, 0xFF, 0x1F, 0xFF, 0xF0, 0x07, 0xC0, 0x01, 0xF6, 0x00, 0x3B,
    0x38, 0x07, 0x31, 0xC1, 0xC3, 0x0F, 0x38, 0x30, 0x30, 0x03, 0x00, 0x00, 0x00, 0x00, 0x00, 0x00,
    0x00, 0x1F, 0xC0, 0xFF, 0xF8, 0x0C, 0x30, 0x03, 0xFF, 0xFF, 0x00, 0x30, 0x00, 0x03, 0x00, 0x0F,
    0xFF, 0xC0, 0xC3, 0x0C, 0x0F, 0xFF, 0xC0, 0xC3, 0x0C, 0x0C, 0x30, 0xC0, 0xFF, 0xFC, 0x00, 0x30,
    0x01, 0xFF, 0xFE, 0x00, 0x74, 0x00, 0x03, 0x00, 0x3F, 0xFF, 0xF3, 0xFF, 0xFF, 0x00, 0x00, 0x00,
    0x00, 0x00, 0x00, 0x00, 0x01, 0xFF, 0xFF, 0x13, 0x30, 0x71, 0xB3, 0x6E, 0x1F, 0xF7, 0xC1, 0x33,
    0x1C, 0x13, 0x30, 0xE1, 0xFF, 0xFF, 0x1F, 0xFF, 0xF0, 0x30, 0x1B, 0x03, 0x01, 0xB1, 0xFF, 0x1A,
    0x03, 0x01, 0x80, 0x30, 0x18, 0x03, 0x71, 0x81, 0xFF, 0x18, 0x3F, 0x0F, 0x80, 0x00, 0xF0, 0x00,
    0x00, 0x00, 0x00, 0x00, 0x00, 0x38, 0x00, 0x07, 0xC0, 0x00, 0xEE, 0x00, 0x1C, 0x70, 0x03, 0x83,
    0x80, 0xF0, 0x1E, 0x1F, 0xFF, 0xF3, 0x83, 0x03, 0x00, 0x30, 0x00, 0x03, 0x00, 0x0F, 0xFF, 0xE0,
    0xFF, 0xFE, 0x02, 0x31, 0x80, 0x33, 0x18, 0x01, 0xB3, 0x00, 0x1B, 0xB0, 0x1F, 0xFF, 0xF0, 0x00,
    0x00, 0x00, 0x00, 0x00, 0x00, 0x00, 0x01, 0x87, 0x00, 0x30, 0x3C, 0x0E, 0x00, 0xE1, 0xCC, 0x67,
    0x18, 0x7C, 0x00, 0x03, 0x80, 0x01, 0xFF, 0x00, 0x7C, 0x7E, 0x3F, 0xBB, 0xF1, 0x3F, 0xF9, 0x00,
    0x10, 0x00, 0xFF, 0xFE, 0x0F, 0xFF, 0xE0, 0x31, 0x18, 0x03, 0x31, 0x80, 0x19, 0x30, 0x1F, 0xFF,
    0xF1, 0xFF, 0xFF, 0x00, 0x00, 0x00, 0x00, 0x00, 0x07, 0x06, 0xC0, 0xF8, 0x4C, 0x0C, 0xCC, 0xC1,
    0x86, 0xC6, 0x3F, 0xCC, 0x61, 0xFD, 0x87, 0x02, 0x18, 0x30, 0x23, 0x03, 0x3F, 0xC0, 0x00, 0x71,
    0xFE, 0x02, 0x5F, 0xF1, 0xAD, 0x82, 0x1A, 0xD8, 0x21, 0xA9, 0x82, 0x02, 0x18, 0x20, 0x7D, 0x86,
    0x3F, 0xDF, 0xE1, 0x01, 0x82, 0x00, 0x00, 0x00, 0x00, 0x00, 0x07, 0x01, 0x80, 0xF8, 0x18, 0x0C,
    0xC1, 0x81, 0x87, 0xFF, 0x3F, 0x98, 0x03, 0xF9, 0x10, 0x02, 0x11, 0x80, 0x61, 0x18, 0x3F, 0xD3,
    0x00, 0x71, 0x30, 0x12, 0x53, 0x01, 0xAF, 0x36, 0x1A, 0xB3, 0x61, 0xAB, 0x63, 0x02, 0xF6, 0x30,
    0xFF, 0xFF, 0x3E, 0x7F, 0xF0, 0x06, 0x01, 0x00, 0x00, 0x00, 0x00, 0x00, 0x07, 0x00, 0x00, 0xF9,
    0xFF, 0x0C, 0xD8, 0x31, 0x87, 0x83, 0x3F, 0xDF, 0xF1, 0xFD, 0x87, 0x02, 0x18, 0x30, 0x21, 0xBF,
    0x3F, 0xDF, 0xF0, 0x71, 0xB0, 0x12, 0x59, 0x31, 0xAD, 0x9F, 0x1A, 0xD9, 0xE1, 0xA9, 0x8C, 0x02,
    0x58, 0xC0, 0x7F, 0xFE, 0x3F, 0x7F, 0x30, 0x03, 0x01, 0x00, 0x00, 0x00, 0x00, 0x00, 0x07, 0x18,
    0x30, 0xF9, 0xC6, 0x0C, 0xCC, 0x61, 0x87, 0xFF, 0x3F, 0xDF, 0xF1, 0xFD, 0x03, 0x02, 0x10, 0x30,
    0x71, 0x03, 0x3F, 0xFF, 0xF0, 0x61, 0xFF, 0x12, 0x4C, 0x81, 0xAC, 0xC8, 0x1A, 0xCC, 0x81, 0xA8,
    0xC8, 0x02, 0xD8, 0x80, 0xFF, 0x88, 0x3F, 0x70, 0xF0, 0x06, 0x0F, 0x00, 0x00, 0x00, 0x00, 0x00,
    0x07, 0x00, 0x00, 0x7B, 0xFF, 0x0C, 0xF4, 0x51, 0x8F, 0x4D, 0x3F, 0xB6, 0xD1, 0xFB, 0x69, 0x02,
    0x3F, 0xD0, 0x63, 0x31, 0x1F, 0xF5, 0x50, 0x73, 0xD5, 0x12, 0xBD, 0x51, 0xAF, 0xD5, 0x1A, 0xBD,
    0x51, 0xBB, 0x7D, 0x02, 0xFC, 0x50, 0xFF, 0x01, 0x3F, 0x30, 0xF0, 0x03, 0x0F, 0x00, 0x00, 0x00,
    0x00, 0x00, 0x07, 0x03, 0x00, 0xF9, 0xFF, 0x0C, 0xDF, 0xF1, 0x87, 0x83, 0x3F, 0xDF, 0xF1, 0xF9,
    0xFF, 0x02, 0x18, 0x30, 0x61, 0xFF, 0x3F, 0xDF, 0xF1, 0xFC, 0x30, 0x02, 0x1F, 0xF1, 0x2D, 0xFF,
    0x1A, 0x93, 0x11, 0xA9, 0x31, 0x02, 0x33, 0x10, 0x7F, 0x37, 0x3F, 0x93, 0x30, 0x00, 0x30, 0x00,
    0x00, 0x00, 0x00, 0x00, 0x07, 0x00, 0x00, 0x79, 0xFF, 0x0C, 0xF1, 0x31, 0x87, 0x33, 0x3F, 0x93,
    0x31, 0xF9, 0xFF, 0x02, 0x1F, 0xB0, 0x61, 0x33, 0x1F, 0xD7, 0xB0, 0x71, 0x7F, 0x12, 0x94, 0xF1,
    0x2D, 0x4F, 0x1A, 0x94, 0xF1, 0xB9, 0x7F, 0x0A, 0x10, 0x30, 0x7F, 0x83, 0x1F, 0x9F, 0xF1, 0x01,
    0x03, 0x00, 0x00, 0x00, 0x00, 0x00, 0x07, 0x0C, 0xC0, 0xF8, 0xCC, 0x0C, 0xFF, 0xF1, 0x87, 0xFF,
    0x3F, 0xCC, 0xC3, 0xF8, 0xCC, 0x02, 0x3F, 0xF0, 0x63, 0xFF, 0x3F, 0xC0, 0x00, 0x71, 0xFE, 0x12,
    0x5F, 0xF1, 0x2D, 0x83, 0x1A, 0xD8, 0x31, 0xA9, 0xFF, 0x0A, 0x18, 0x30, 0x7D, 0x83, 0x3F, 0x1F,
    0xF0, 0x01, 0x83, 0x00, 0x00, 0x00, 0x00, 0x00, 0x07, 0x00, 0x80, 0xF7, 0xBF, 0x19, 0xFB, 0xF1,
    0x89, 0x1B, 0x3F, 0xB7, 0xF3, 0xFB, 0x1B, 0x06, 0x21, 0xB0, 0x67, 0xFF, 0x3F, 0xF9, 0x80, 0x70,
    0xFF, 0x06, 0xFF, 0xF1, 0x7B, 0x88, 0x17, 0xBF, 0xF1, 0xF3, 0x7F, 0x06, 0x30, 0x80, 0x7F, 0xC8,
    0x3F, 0xEF, 0xF3, 0x0C, 0x3F, 0x00, 0x00, 0x00, 0x00, 0x00, 0x07, 0x18, 0x60, 0x78, 0xC4, 0x0C,
    0xFF, 0xF1, 0x87, 0xFF, 0x3F, 0x84, 0x81, 0xFB, 0xFF, 0x02, 0x1F, 0xF0, 0x60, 0x4B, 0x1F, 0xFF,
    0xF0, 0x70, 0x4B, 0x12, 0x8F, 0xB1, 0xAF, 0xFF, 0x1A, 0x8C, 0xC1, 0xB8, 0xCE, 0x02, 0x1C, 0xF0,
    0x7F, 0x4B, 0x3F, 0x64, 0x90, 0x00, 0x48, 0x00, 0x00, 0x00, 0x00, 0x00, 0x07, 0x33, 0x10, 0xF9,
    0x33, 0x0C, 0xDB, 0x71, 0x84, 0xB6, 0x3F, 0x9F, 0xF1, 0xF9, 0xFF, 0x02, 0x10, 0x30, 0x61, 0xFF,
    0x3F, 0xDB, 0xB0, 0x71, 0x03, 0x12, 0x5F, 0xF1, 0xAD, 0x03, 0x1A, 0x90, 0x31, 0xA9, 0xFF, 0x02,
    0x4C, 0x40, 0xFD, 0xC6, 0x3F, 0x78, 0x30, 0x06, 0x01, 0x00, 0x00, 0x00, 0x00, 0x00, 0x07, 0x03,
    0x00, 0xFB, 0xFF, 0x0C, 0xCC, 0x61, 0x84, 0xCC, 0x3F, 0xFF, 0xF1, 0xFF, 0xFF, 0x02, 0x00, 0x00,
    0x61, 0xFF, 0x3F, 0xD0, 0x30, 0x79, 0xFF, 0x12, 0x50, 0x31, 0xAD, 0xFF, 0x1A, 0x9F, 0xF1, 0xA8,
    0xC8, 0x02, 0x4C, 0x80, 0x7D, 0x89, 0x3F, 0xF8, 0xF0, 0x06, 0x0F, 0x00, 0x00, 0x00, 0x00, 0x00,
    0x07, 0x3E, 0x60, 0xF3, 0xEC, 0x0D, 0xEC, 0xC1, 0x8F, 0xEF, 0x3F, 0xE3, 0xC1, 0xFB, 0xF8, 0x06,
    0x7E, 0x00, 0x66, 0xC7, 0x3F, 0xFF, 0xF0, 0x60, 0x00, 0x16, 0x80, 0x01, 0xEB, 0xFF, 0x1F, 0xB6,
    0xB1, 0xFB, 0x49, 0x06, 0x34, 0xB0, 0x7B, 0x49, 0x3F, 0xFF, 0xF3, 0x0F, 0xFF, 0x00, 0x00, 0x00,
    0x00, 0x00, 0x03, 0xFF, 0xC0, 0x3F, 0xFC, 0x02, 0x00, 0x00, 0x3F, 0xF8, 0x03, 0xFF, 0xC0, 0x20,
    0x00, 0x03, 0xFF, 0xC0, 0x3F, 0xFC, 0x06, 0x00, 0x03, 0xFF, 0xFF, 0x3F, 0xFF, 0xF0, 0x23, 0x06,
    0x02, 0x19, 0xE0, 0x21, 0xF8, 0x02, 0x0E, 0x00, 0x33, 0xF8, 0x0F, 0xF9, 0xF1, 0xF0, 0x07, 0x00,
    0x00, 0x00, 0x00, 0x00, 0x1F, 0xEF, 0xF1, 0xFE, 0xFF, 0x18, 0x6C, 0x31, 0xFE, 0xFF, 0x1F, 0xEF,
    0xB1, 0x86, 0xC3, 0x1F, 0xEF, 0xF1, 0x80, 0x03, 0x18, 0x00, 0x31, 0xBF, 0xFB, 0x18, 0xC4, 0x31,
    0x8C, 0x43, 0x1B, 0xFF, 0xB1, 0xBF, 0xFB, 0x18, 0xC4, 0x31, 0x8C, 0x43, 0x19, 0x84, 0xF1, 0x90,
    0x4F, 0x00, 0x00, 0x00, 0x00, 0x00, 0x1F, 0xE7, 0xF1, 0xFE, 0xFF, 0x18, 0x6C, 0x31, 0xFE, 0xFF,
    0x18, 0x6E, 0x31, 0x86, 0xC3, 0x1F, 0xEF, 0xF1, 0x81, 0x03, 0x18, 0x10, 0x31, 0xBF, 0xFB, 0x1B,
    0xFF, 0xB1, 0x83, 0x83, 0x18, 0x7C, 0x31, 0x8D, 0x63, 0x1B, 0x93, 0xB1, 0xB1, 0x1B, 0x18, 0x11,
    0xF1, 0x81, 0x1F, 0x00, 0x00, 0x00, 0x00, 0x00, 0x1F, 0xE7, 0xF1, 0xFE, 0xFF, 0x18, 0x6C, 0x31,
    0xFE, 0xFF, 0x18, 0x6E, 0x31, 0x86, 0xC3, 0x1F, 0xEF, 0xF1, 0x80, 0x03, 0x18, 0x00, 0x31, 0x8F,
    0xE3, 0x18, 0x82, 0x31, 0x8F, 0xE3, 0x18, 0xFE, 0x31, 0x88, 0x23, 0x18, 0x82, 0x31, 0x8F, 0xE3,
    0x18, 0xFF, 0xF1, 0x88, 0x1F, 0x00, 0x00, 0x00, 0x00, 0x00, 0x1F, 0xE7, 0xF1, 0xFE, 0xFF, 0x18,
    0x6C, 0x31, 0xFE, 0xFF, 0x18, 0x6E, 0x31, 0x86, 0xE3, 0x1F, 0xE7, 0xF1, 0x8C, 0x23, 0x18, 0xC6,
    0x31, 0x9F, 0xFB, 0x19, 0xFF, 0xB1, 0x81, 0x03, 0x1B, 0xFF, 0xB1, 0x9F, 0xFB, 0x18, 0x7C, 0x31,
    0x9E, 0x73, 0x1B, 0x83, 0xF1, 0x80, 0x0F, 0x00, 0x00, 0x00, 0x00, 0x00, 0x1F, 0xE7, 0xF1, 0xFE,
    0x7F, 0x18, 0x64, 0x31, 0xFE, 0x7F, 0x18, 0x66, 0x31, 0x86, 0x63, 0x1F, 0xE7, 0xF1, 0x86, 0x03,
    0x18, 0xFE, 0x31, 0x9E, 0x63, 0x1B, 0x3C, 0x31, 0x83, 0xC3, 0x18, 0xE7, 0xB1, 0xBF, 0xFB, 0x18,
    0xFE, 0x31, 0x88, 0x23, 0x18, 0xFE, 0xF1, 0x8F, 0xEF, 0x00, 0x00, 0x00, 0x00, 0x00, 0x1F, 0xEF,
    0xF1, 0xFE, 0xFF, 0x18, 0x6C, 0x31, 0xFE, 0xFF, 0x18, 0x6E, 0x31, 0x86, 0xC3, 0x1F, 0xEF, 0xF1,
    0x8C, 0x63, 0x18, 0xC6, 0x31, 0x9F, 0xF3, 0x19, 0xFF, 0x31, 0x98, 0x33, 0x19, 0xFF, 0x31, 0x9F,
    0xF3, 0x18, 0x4C, 0x31, 0x8C, 0xDB, 0x1B, 0x8F, 0xF1, 0x80, 0x0F, 0x00, 0x00, 0x00, 0x00, 0x00,
    0x1F, 0x0C, 0x01, 0xF8, 0xFE, 0x1B, 0x1F, 0xE1, 0x33, 0x8C, 0x12, 0x6D, 0xC1, 0x60, 0x78, 0x16,
    0x0F, 0x81, 0x33, 0xDF, 0x13, 0xF1, 0xB1, 0x1F, 0xFF, 0x11, 0xFF, 0xF1, 0x39, 0x18, 0x17, 0x11,
    0x81, 0x27, 0xFF, 0x10, 0xFF, 0xF1, 0x00, 0x18, 0x10, 0x01, 0x81, 0x00, 0x18, 0x00, 0x00, 0x00,
    0x00, 0x00, 0x01, 0x00, 0x01, 0xFB, 0xFE, 0x1B, 0xB0, 0x21, 0x33, 0x02, 0x13, 0x3F, 0xE1, 0x23,
    0xFE, 0x16, 0x30, 0x21, 0x33, 0x02, 0x13, 0x3F, 0xE1, 0x1B, 0x70, 0x11, 0xB3, 0x31, 0x1B, 0x37,
    0x17, 0x31, 0xC1, 0x63, 0x18, 0x10, 0x30, 0xC1, 0x03, 0xF6, 0x10, 0xFE, 0x71, 0x08, 0x01, 0x00,
    0x00, 0x00, 0x00, 0x00, 0x0F, 0x06, 0x01, 0xF8, 0x60, 0x1B, 0xFF, 0xF1, 0x37, 0xFF, 0x13, 0x40,
    0x11, 0x24, 0x03, 0x16, 0x3F, 0xE1, 0x30, 0x00, 0x13, 0x00, 0x01, 0x1F, 0xFF, 0x11, 0xFF, 0xF1,
    0x19, 0x98, 0x17, 0x19, 0x81, 0x61, 0x98, 0x10, 0x11, 0x91, 0x03, 0x19, 0x10, 0xE1, 0xF1, 0x0C,
    0x0F, 0x00, 0x00, 0x00, 0x00, 0x00, 0x1F, 0x0C, 0x01, 0xF8, 0xFC, 0x13, 0x1F, 0xE1, 0x33, 0x0C,
    0x13, 0x30, 0xC1, 0x66, 0x18, 0x16, 0xE1, 0x81, 0x36, 0x7F, 0x13, 0x67, 0xF1, 0x1E, 0x43, 0x11,
    0xE4, 0x31, 0x1E, 0x7F, 0x17, 0x67, 0xF1, 0x66, 0x43, 0x10, 0x64, 0x31, 0x06, 0x63, 0x10, 0x67,
    0xF1, 0x06, 0x63, 0x00, 0x00, 0x00, 0x00, 0x00, 0x00, 0x07, 0x01, 0xF8, 0xF8, 0x1B, 0x39, 0xC1,
    0x37, 0x0F, 0x13, 0xFF, 0xB1, 0x28, 0x00, 0x16, 0x3F, 0xC1, 0x33, 0xFC, 0x13, 0x00, 0xC1, 0x1B,
    0xFE, 0x11, 0xBF, 0xE1, 0x18, 0x00, 0x17, 0xFF, 0xF1, 0x27, 0xFF, 0x10, 0x18, 0xC1, 0x03, 0x8E,
    0x10, 0xFF, 0xF1, 0x06, 0x03, 0x00, 0x00, 0x00, 0x00, 0x00, 0x00, 0x07, 0x01, 0xF8, 0xF8, 0x1B,
    0x98, 0xC1, 0x37, 0x07, 0x13, 0xFF, 0xF1, 0x2B, 0xFC, 0x16, 0x02, 0x01, 0x37, 0xFF, 0x13, 0x7F,
    0xF1, 0x1E, 0x63, 0x11, 0xE6, 0x31, 0x1F, 0xFF, 0x1F, 0x7F, 0xF1, 0x60, 0x70, 0x10, 0x0D, 0x81,
    0x01, 0x8E, 0x10, 0xF0, 0x71, 0x0C, 0x01, 0x00, 0x00, 0x00, 0x00, 0x00, 0x0F, 0x00, 0x01, 0xFB,
    0xFE, 0x1B, 0x36, 0x21, 0x33, 0xFE, 0x13, 0x3F, 0xE1, 0x63, 0x62, 0x16, 0x3F, 0xE1, 0x33, 0xFE,
    0x11, 0x02, 0x01, 0x1F, 0xFF, 0x11, 0xFF, 0xF1, 0x1E, 0x69, 0x17, 0x66, 0xD1, 0x26, 0xFF, 0x10,
    0x7F, 0xF1, 0x06, 0x03, 0x10, 0x60, 0x71, 0x06, 0x0F, 0x00, 0x00, 0x00, 0x00, 0x00, 0x1F, 0x61,
    0x81, 0xFE, 0x1B, 0x13, 0x7D, 0xF1, 0x37, 0xDC, 0x13, 0x61, 0x81, 0x66, 0x19, 0x16, 0x7D, 0xF1,
    0x3F, 0x7F, 0x13, 0x06, 0x01, 0x1B, 0xFE, 0x11, 0xBF, 0xF1, 0x1A, 0x03, 0x17, 0x30, 0x31, 0x63,
    0xFF, 0x10, 0x30, 0x31, 0x03, 0x03, 0x10, 0x3F, 0xF1, 0x02, 0x03, 0x00, 0x00, 0x00, 0x00, 0x00,
    0x1F, 0x00, 0x01, 0xFF, 0xFF, 0x1B, 0x00, 0x01, 0x33, 0xFE, 0x13, 0x3F, 0xE1, 0x23, 0x06, 0x16,
    0x3F, 0xE1, 0x33, 0xFC, 0x13, 0x00, 0x01, 0x1F, 0xFF, 0x11, 0xCD, 0x31, 0x1D, 0x9F, 0x17, 0x70,
    0xB1, 0x25, 0xFB, 0x10, 0x4F, 0xB1, 0x04, 0x23, 0x10, 0x46, 0x71, 0x04, 0x27, 0x00, 0x00, 0x00,
    0x00, 0x00, 0x00, 0x06, 0x01, 0xF9, 0x6C, 0x1B, 0x36, 0x61, 0x36, 0x63, 0x13, 0x46, 0x31, 0x27,
    0xFE, 0x12, 0x60, 0x21, 0x37, 0xFE, 0x11, 0x7F, 0xE1, 0x1E, 0x02, 0x11, 0xFF, 0xE1, 0x1B, 0xFE,
    0x17, 0x06, 0x01, 0x23, 0x66, 0x10, 0x66, 0x31, 0x0C, 0x63, 0x10, 0xDE, 0x11, 0x01, 0xE0, 0x00,
    0x00, 0x00, 0x00, 0x00, 0x1E, 0x22, 0x01, 0xF7, 0xFF, 0x1B, 0x7F, 0xF1, 0x2E, 0xF3, 0x13, 0xB9,
    0xE1, 0x7D, 0x9E, 0x16, 0x30, 0xC1, 0x67, 0x0E, 0x13, 0xFF, 0xF1, 0x38, 0x01, 0x13, 0x00, 0x01,
    0x37, 0xFF, 0x1F, 0x06, 0x01, 0x66, 0x64, 0x10, 0x66, 0x61, 0x0C, 0x63, 0x10, 0x9E, 0x31, 0x01,
    0xC0, 0x00, 0x00, 0x00, 0x00, 0x00, 0x1F, 0x07, 0xE1, 0xFF, 0xFE, 0x1B, 0x26, 0x21, 0x33, 0x66,
    0x13, 0x32, 0x41, 0x23, 0x7C, 0x16, 0x7F, 0xE1, 0x30, 0x02, 0x13, 0x3F, 0xE1, 0x18, 0x06, 0x11,
    0xB3, 0x61, 0x1F, 0xFE, 0x17, 0x0E, 0x01, 0x65, 0xB6, 0x10, 0x58, 0x71, 0x0D, 0x8F, 0x11, 0x9F,
    0xD1, 0x00, 0xF8, 0x00, 0x00, 0x00, 0x00, 0x00, 0x00, 0x06, 0xC3, 0xFE, 0xCC, 0x18, 0xCC, 0xC1,
    0x89, 0xFF, 0x18, 0x9F, 0xF1, 0x8B, 0x88, 0x19, 0xF8, 0x83, 0xFF, 0xFF, 0x3F, 0xDF, 0xF0, 0x39,
    0x88, 0x07, 0x98, 0x80, 0x69, 0xFF, 0x0C, 0x9F, 0xF1, 0x89, 0x88, 0x38, 0x98, 0x83, 0x09, 0x9C,
    0x07, 0x9F, 0xF0, 0x79, 0x80, 0x00, 0x00, 0x00, 0x00, 0x00, 0x00, 0x00, 0x01, 0xFF, 0xFF, 0x00,
    0x00, 0x00, 0xFF, 0xFE, 0x0C, 0x00, 0x60, 0xC0, 0x06, 0x0F, 0xFF, 0xE0, 0xCC, 0x60, 0x0C, 0xC6,
    0x00, 0xDF, 0xFF, 0x0F, 0x86, 0x00, 0xFF, 0xFE, 0x0D, 0x8E, 0x01, 0x9F, 0xFE, 0x19, 0xFF, 0xE1,
    0x98, 0x40, 0x31, 0xFF, 0xF1, 0x1F, 0xFF, 0x00, 0x00, 0x00, 0x00, 0x00, 0x06, 0xC3, 0x60, 0x6C,
    0x26, 0x06, 0xC6, 0x41, 0x6C, 0x7F, 0x16, 0xDF, 0xF1, 0x7F, 0xEC, 0x17, 0xEE, 0xC1, 0x6D, 0xFF,
    0x16, 0xC7, 0xF1, 0x6C, 0x6C, 0x16, 0xC6, 0xC1, 0x6C, 0x7F, 0x16, 0xC7, 0xF1, 0x6D, 0xEC, 0x17,
    0xDE, 0xC1, 0xFD, 0xFF, 0x3C, 0x77, 0xF0, 0x00, 0x60, 0x00, 0x00, 0x00, 0x00, 0x00, 0x06, 0x04,
    0x60, 0x60, 0xCC, 0x3F, 0x8C, 0xC0, 0xF9, 0xFF, 0x0C, 0xBD, 0xC0, 0xCB, 0x88, 0x18, 0xB8, 0x83,
    0x8F, 0xFF, 0x33, 0x5F, 0xF0, 0x31, 0x88, 0x3F, 0xF8, 0x81, 0xFF, 0xFF, 0x07, 0x1F, 0xF0, 0xFD,
    0x88, 0x1B, 0xF8, 0x83, 0xB5, 0xDC, 0x33, 0x1F, 0xF0, 0x31, 0x80, 0x00, 0x00, 0x00, 0x00, 0x00,
    0x1F, 0xFF, 0xF3, 0xFF, 0xFF, 0x00, 0x30, 0x00, 0x01, 0x00, 0x00, 0x10, 0x01, 0xFF, 0xFF, 0x1F,
    0xFF, 0xF1, 0x81, 0x03, 0x1B, 0x97, 0x31, 0x9D, 0x3B, 0x18, 0xD0, 0xB1, 0x81, 0x43, 0x1B, 0x17,
    0x31, 0x9D, 0x3B, 0x18, 0xD1, 0xB1, 0x81, 0x03, 0x18, 0x11, 0xF1, 0x81, 0x1E, 0x00, 0x00, 0x00,
    0x00, 0x00, 0x0F, 0xFF, 0xE0, 0xFF, 0xFC, 0x00, 0x30, 0x01, 0xFF, 0xFF, 0x18, 0x38, 0x31, 0x39,
    0x7B, 0x13, 0xB7, 0xB1, 0x03, 0x01, 0x07, 0xF7, 0xC0, 0x00, 0x00, 0x07, 0xFF, 0xC0, 0x7F, 0xF8,
    0x00, 0x00, 0x03, 0xFF, 0xFF, 0x01, 0x83, 0x00, 0x38, 0x38, 0x1F, 0xFF, 0xE0, 0xC0, 0x06, 0x00,
    0x00, 0x00, 0x00, 0x00, 0x0F, 0xFF, 0xE0, 0x7F, 0xFC, 0x00, 0x10, 0x01, 0xFF, 0xFF, 0x18, 0x30,
    0x31, 0x79, 0x7B, 0x10, 0x10, 0x10, 0x79, 0x7C, 0x00, 0x10, 0x00, 0x7F, 0xFC, 0x0F, 0xFF, 0xE0,
    0xC3, 0x0C, 0x0F, 0xFF, 0xE0, 0xC1, 0x06, 0x0F, 0xFF, 0xE0, 0xFF, 0xFD, 0x00, 0x1F, 0xF0, 0x01,
    0xFF, 0x00, 0x00, 0x00, 0x00, 0x00, 0x01, 0x81, 0x81, 0xFF, 0xFF, 0x1F, 0xFF, 0xF0, 0x18, 0x18,
    0x01, 0xFF, 0x80, 0x1F, 0xF0, 0x00, 0x10, 0x00, 0x7F, 0xFE, 0x07, 0xFF, 0xE0, 0x61, 0x06, 0x06,
    0xB8, 0x60, 0x7F, 0xFE, 0x00, 0x10, 0x01, 0xFF, 0xFF, 0x3F, 0xFF, 0xF0, 0x01, 0x00, 0x00, 0x10,
    0x00, 0x01, 0x00, 0x00, 0x00, 0x00, 0x00, 0x00, 0x08, 0x85, 0x83, 0xFE, 0xD8, 0x3F, 0xED, 0x80,
    0x88, 0xD8, 0x0F, 0x9D, 0xB0, 0xF9, 0xDB, 0x07, 0x3D, 0xE1, 0xFE, 0xDC, 0x12, 0x4D, 0x81, 0x24,
    0xD8, 0x1F, 0xCD, 0x81, 0xFC, 0xD8, 0x02, 0x0D, 0x81, 0xFC, 0xD8, 0x3F, 0xED, 0x90, 0x20, 0xD9,
    0x02, 0x0D, 0xF0, 0x20, 0xCF, 0x00, 0x00, 0x00, 0x00, 0x00, 0x02, 0x03, 0x03, 0xFD, 0xFE, 0x3F,
    0xE6, 0x60, 0x20, 0x66, 0x06, 0x3F, 0xF1, 0xFF, 0xFF, 0x18, 0xCF, 0xE1, 0xFD, 0xFF, 0x1F, 0xD8,
    0x21, 0x0D, 0xFF, 0x1F, 0xCF, 0xE1, 0xFC, 0xFF, 0x02, 0x1F, 0xF3, 0xFD, 0x88, 0x3F, 0xFF, 0xF0,
    0x23, 0xFF, 0x06, 0x00, 0x80, 0x20, 0x08, 0x00, 0x00, 0x00, 0x00, 0x00, 0x00, 0x10, 0x00, 0xFF,
    0xFE, 0x0F, 0xFF, 0xF0, 0x10, 0x18, 0x01, 0x83, 0x00, 0x18, 0x30, 0x1F, 0xFF, 0xF1, 0xFF, 0xFF,
    0x00, 0x00, 0x00, 0x7F, 0xFC, 0x07, 0xFF, 0xC0, 0x60, 0x0C, 0x06, 0x00, 0xC0, 0x7F, 0xFC, 0x06,
    0x00, 0xC0, 0x60, 0x0C, 0x07, 0xFF, 0xC0, 0x60, 0x0C, 0x00, 0x00, 0x00, 0x00, 0x00, 0x02, 0x00,
    0x00, 0x60, 0xFE, 0x3F, 0xEC, 0x21, 0xFC, 0xFE, 0x09, 0x8F, 0xE0, 0x98, 0x00, 0x3F, 0xDF, 0xF3,
    0xFF, 0x83, 0x00, 0x1F, 0xF1, 0xFD, 0xFF, 0x1F, 0xD8, 0x31, 0x8D, 0xFF, 0x1F, 0xD8, 0x31, 0xFD,
    0xFF, 0x18, 0xC7, 0xC1, 0x8C, 0xC6, 0x1F, 0xDC, 0x71, 0x83, 0x01, 0x00, 0x00, 0x00, 0x00, 0x00,
    0x0C, 0x7D, 0xF1, 0x9F, 0xDF, 0x1B, 0x7D, 0xB0, 0xEC, 0x5A, 0x0D, 0xFD, 0xB1, 0xFC, 0xD9, 0x1F,
    0xFF, 0xF0, 0x6F, 0xFB, 0x1F, 0xFF, 0xC0, 0xFF, 0xFE, 0x01, 0x83, 0x01, 0xFF, 0xFF, 0x1E, 0x00,
    0xF0, 0x3F, 0xFC, 0x07, 0xFF, 0xC0, 0x7F, 0xFC, 0x07, 0xFF, 0xC0, 0x7F, 0xFC, 0x00, 0x00, 0x00,
    0x00, 0x00, 0x18, 0x00, 0x01, 0x83, 0xFF, 0x18, 0x03, 0x01, 0x80, 0x30, 0x19, 0x9F, 0xF1, 0xF9,
    0x03, 0x1E, 0x1F, 0xF1, 0x81, 0xFF, 0x18, 0x10, 0x31, 0x81, 0x03, 0x18, 0xDF, 0xF1, 0x8D, 0x83,
    0x18, 0xD0, 0x30, 0xF9, 0xFF, 0x00, 0x0C, 0xC0, 0x01, 0xCE, 0x00, 0x78, 0x30, 0x06, 0x01, 0x00,
    0x00, 0x00, 0x00, 0x00, 0x00, 0x00, 0x00, 0x07, 0xFF, 0x3F, 0x83, 0x01, 0xE9, 0xFE, 0x06, 0x3F,
    0xF0, 0x63, 0x03, 0x06, 0x30, 0x30, 0x63, 0xFF, 0x06, 0x37, 0xB0, 0x63, 0x03, 0x06, 0xBF, 0xF0,
    0x7F, 0x03, 0x3F, 0x30, 0x33, 0x83, 0xFF, 0x00, 0x0D, 0xC0, 0x01, 0x8E, 0x00, 0xF8, 0x70, 0x0C,
    0x01, 0x00, 0x00, 0x00, 0x00, 0x00, 0x00, 0x1F, 0xF1, 0xFF, 0xFF, 0x00, 0x03, 0x00, 0x00, 0x70,
    0x00, 0x1F, 0xF3, 0xFF, 0x03, 0x3F, 0xFF, 0xF0, 0x99, 0xFF, 0x09, 0x90, 0x30, 0x99, 0x03, 0x09,
    0x9F, 0xF1, 0x99, 0x83, 0x19, 0x90, 0x31, 0x9F, 0xFF, 0x13, 0xCF, 0xC3, 0x30, 0xCC, 0x20, 0x38,
    0x70, 0x07, 0x03, 0x00, 0x00, 0x00, 0x00, 0x00, 0x02, 0x1F, 0xF3, 0xFF, 0xFF, 0x3F, 0xE3, 0x03,
    0x46, 0x30, 0x0F, 0xDF, 0xF0, 0xFD, 0x83, 0x19, 0x9F, 0xF3, 0xF9, 0xFF, 0x07, 0x18, 0x30, 0x79,
    0x83, 0x1C, 0xDF, 0xF3, 0xFD, 0x83, 0x3F, 0xD8, 0x31, 0x89, 0xFF, 0x18, 0x84, 0xC1, 0x98, 0xCC,
    0x1F, 0xBC, 0x71, 0x87, 0x03, 0x00, 0x00, 0x00, 0x00, 0x00, 0x08, 0x00, 0x03, 0xFF, 0xFF, 0x37,
    0x63, 0x03, 0x76, 0x30, 0x3F, 0xFF, 0xF1, 0xCD, 0x83, 0x1F, 0xDF, 0xF1, 0xFD, 0xFF, 0x00, 0x18,
    0x33, 0xFF, 0x83, 0x3F, 0xFF, 0xF0, 0xC1, 0x83, 0x1F, 0xD8, 0x31, 0xED, 0xFF, 0x00, 0xC6, 0xC0,
    0x0C, 0xC6, 0x07, 0xFC, 0x30, 0x7B, 0x01, 0x00, 0x00, 0x00, 0x00, 0x00, 0x03, 0x1F, 0xF1, 0xFF,
    0xFF, 0x1F, 0xE1, 0x80, 0xC4, 0x38, 0x0C, 0xCF, 0xF0, 0xEC, 0xC1, 0x1F, 0xFF, 0xF1, 0x8C, 0xFF,
    0x19, 0xCC, 0x11, 0xF0, 0xC3, 0x1E, 0x4F, 0xF1, 0x1C, 0xC3, 0x17, 0x8C, 0x31, 0x66, 0xFF, 0x10,
    0xE6, 0x63, 0x1C, 0x66, 0x37, 0x1C, 0x30, 0x43, 0x81, 0x00, 0x00, 0x00, 0x00, 0x00, 0x05, 0x00,
    0x01, 0xFF, 0xFF, 0x10, 0x61, 0x81, 0xFE, 0x7F, 0x1F, 0xEF, 0xF1, 0x06, 0xC1, 0x1F, 0xEC, 0x31,
    0xFE, 0xFF, 0x05, 0x8C, 0x30, 0x5A, 0xC3, 0x35, 0xAF, 0xF1, 0xDE, 0xC3, 0x1D, 0xEC, 0x11, 0xD8,
    0xFF, 0x05, 0xF6, 0x61, 0xFE, 0x66, 0x3E, 0x1C, 0x30, 0x03, 0x81, 0x00, 0x00, 0x00, 0x00, 0x00,
    0x00, 0x00, 0x01, 0xFF, 0xFF, 0x19, 0x81, 0x81, 0x98, 0x38, 0x1F, 0xEF, 0xF1, 0xE3, 0xC3, 0x1E,
    0x3C, 0x31, 0xFF, 0xFF, 0x1E, 0x3C, 0x31, 0xE3, 0xC3, 0x1F, 0xFF, 0xF1, 0x3C, 0xC3, 0x16, 0xAC,
    0x31, 0x6A, 0xFF, 0x34, 0xB6, 0x63, 0xC9, 0x66, 0x33, 0x9C, 0x30, 0x39, 0x81, 0x00, 0x00, 0x00,
    0x00, 0x00, 0x00, 0x00, 0x03, 0xFF, 0xFF, 0x00, 0x01, 0x81, 0xFE, 0x7E, 0x1F, 0xF7, 0xF1, 0x83,
    0x43, 0x1F, 0xF7, 0xF1, 0xFC, 0x7F, 0x1A, 0xCC, 0x31, 0xFF, 0x7F, 0x1E, 0xC7, 0xF1, 0xFE, 0x43,
    0x1E, 0xCC, 0x31, 0x7E, 0x7F, 0x17, 0xE2, 0x23, 0x6C, 0x36, 0x37, 0xFE, 0x32, 0x60, 0xC1, 0x00,
    0x00, 0x00, 0x00, 0x00, 0x07, 0x80, 0x00, 0x7C, 0xFC, 0x0C, 0xEC, 0xC1, 0xB6, 0xCC, 0x33, 0x0C,
    0xC1, 0xFC, 0xCC, 0x18, 0xCC, 0xC1, 0xFC, 0xCC, 0x1F, 0xCC, 0xC1, 0x84, 0xCC, 0x1F, 0xCC, 0xC1,
    0xFC, 0xCC, 0x18, 0x88, 0xC1, 0x8D, 0x8C, 0x1B, 0xD8, 0xD3, 0xFF, 0x0D, 0x3C, 0x70, 0xF0, 0x06,
    0x07, 0x00, 0x00, 0x00, 0x00, 0x00, 0x07, 0x86, 0x00, 0x7C, 0x40, 0x0C, 0xEC, 0x01, 0xB6, 0xFF,
    0x3B, 0x1F, 0xF3, 0xFD, 0x9B, 0x18, 0xF9, 0xB1, 0xFF, 0x1A, 0x1F, 0xC1, 0xA1, 0x8C, 0x38, 0x1F,
    0xC3, 0x81, 0xFC, 0x38, 0x19, 0x86, 0xC1, 0x8C, 0x6C, 0x1B, 0xCC, 0x61, 0xFD, 0xC7, 0x3C, 0x38,
    0x30, 0x03, 0x01, 0x00, 0x00, 0x00, 0x00, 0x00, 0x07, 0x80, 0x00, 0x7D, 0xFF, 0x0C, 0xE0, 0x31,
    0xB6, 0x03, 0x3B, 0x1F, 0xB3, 0xFC, 0x03, 0x18, 0xC0, 0x31, 0xFD, 0xFB, 0x1F, 0xD9, 0xB1, 0x8D,
    0x9B, 0x1F, 0xD9, 0xB1, 0x81, 0xFB, 0x19, 0x9F, 0xB1, 0x8D, 0x83, 0x1B, 0xC0, 0x31, 0xFE, 0x03,
    0x3C, 0x61, 0xF0, 0x00, 0x1F, 0x00, 0x00, 0x00, 0x00, 0x00, 0x07, 0x80, 0x00, 0x7F, 0xFF, 0x0C,
    0xEC, 0x31, 0xFE, 0xC2, 0x30, 0x0C, 0x21, 0xFC, 0xFE, 0x1F, 0xCF, 0xE1, 0x8C, 0xC2, 0x1F, 0xCC,
    0x21, 0x8C, 0xFE, 0x1F, 0xCF, 0xE1, 0x80, 0xC2, 0x1F, 0xCC, 0x31, 0xFC, 0xFF, 0x18, 0x3F, 0xF1,
    0xFF, 0x82, 0x1F, 0xC0, 0x21, 0x80, 0x02, 0x00, 0x00, 0x00, 0x00, 0x00, 0x07, 0x07, 0x80, 0xFB,
    0xFA, 0x0D, 0xEC, 0xB1, 0xAC, 0xC9, 0x32, 0x0C, 0x83, 0xF8, 0xDC, 0x18, 0xFF, 0xF1, 0xF8, 0xCC,
    0x1F, 0x8C, 0xD1, 0x88, 0xCD, 0x1F, 0x8F, 0xF1, 0xFB, 0xCE, 0x19, 0x2C, 0xE1, 0x98, 0xCC, 0x19,
    0x8C, 0xC1, 0xFC, 0xDE, 0x3C, 0xFF, 0x70, 0x03, 0xA3, 0x00, 0x00, 0x00, 0x00, 0x00, 0x07, 0x01,
    0x80, 0xF8, 0x18, 0x0C, 0xFF, 0xF1, 0xB7, 0xFF, 0x3B, 0x30, 0x13, 0xFD, 0xFF, 0x18, 0xDF, 0xE1,
    0xFD, 0xC2, 0x1F, 0xDF, 0xE1, 0x8D, 0xFE, 0x1F, 0xDC, 0x01, 0xF9, 0xFF, 0x19, 0x9F, 0xF1, 0x99,
    0xC3, 0x19, 0xDC, 0x31, 0xFD, 0xC3, 0x3C, 0x5F, 0xF0, 0x01, 0xC3, 0x00, 0x00, 0x00, 0x00, 0x00,
    0x00, 0x07, 0xC0, 0xFF, 0xF8, 0x0F, 0xF0, 0x00, 0x01, 0x00, 0x1F, 0xFF, 0xF1, 0xFF, 0xFF, 0x00,
    0xFE, 0x00, 0x19, 0x38, 0x07, 0x31, 0xC1, 0xE1, 0x0F, 0x3F, 0xFF, 0xF0, 0x7F, 0xFC, 0x06, 0x00,
    0xC0, 0x7F, 0xFC, 0x07, 0x01, 0xC0, 0x60, 0x0C, 0x07, 0xFF, 0xC0, 0x60, 0x0C, 0x00, 0x00, 0x00,
    0x00, 0x00, 0x00, 0x00, 0x01, 0xFE, 0xFF, 0x13, 0x0C, 0x31, 0xFC, 0xC3, 0x1F, 0xCC, 0x31, 0x30,
    0xC3, 0x1F, 0xCC, 0x31, 0xFC, 0xFF, 0x13, 0x0F, 0xF1, 0xFE, 0xD8, 0x1F, 0xEC, 0x80, 0x06, 0xCC,
    0x1B, 0xE8, 0xC3, 0xBF, 0x8C, 0x3B, 0x58, 0x62, 0x87, 0x87, 0x21, 0xF0, 0x30, 0x1F, 0x01, 0x00,
    0x00, 0x00, 0x00, 0x00, 0x00, 0x00, 0x01, 0xFD, 0xFF, 0x13, 0x18, 0x01, 0xFD, 0x82, 0x1F, 0xD8,
    0x61, 0x31, 0xE6, 0x1F, 0xDB, 0x61, 0xFD, 0x9C, 0x13, 0x18, 0xC1, 0xFD, 0x8E, 0x1F, 0xF9, 0xE0,
    0x07, 0x9B, 0x1B, 0xFB, 0x13, 0xBD, 0xE0, 0x3B, 0x58, 0x02, 0x85, 0x80, 0x21, 0xDF, 0xF0, 0x1D,
    0x80, 0x00, 0x00, 0x00, 0x00, 0x00, 0x1F, 0xEC, 0x01, 0xFC, 0xC0, 0x13, 0x1C, 0x01, 0xFD, 0xFF,
    0x1F, 0xDF, 0xF1, 0x33, 0x01, 0x1F, 0xFF, 0x31, 0xFD, 0xFB, 0x13, 0x19, 0xB1, 0xFD, 0x9B, 0x1F,
    0xD9, 0xB0, 0x0D, 0x9B, 0x13, 0xDF, 0xB3, 0xBD, 0xF3, 0x3B, 0xD8, 0x32, 0x8C, 0x03, 0x21, 0xC1,
    0xF0, 0x38, 0x3E, 0x00, 0x00, 0x00, 0x00, 0x00, 0x0C, 0xC1, 0x81, 0xFC, 0x38, 0x13, 0x1F, 0xF1,
    0xF8, 0x30, 0x1F, 0xC7, 0xC1, 0x30, 0xEF, 0x1F, 0xD8, 0x31, 0xFF, 0xFF, 0x13, 0x3F, 0xF1, 0xFC,
    0x02, 0x1F, 0xCF, 0x20, 0x0D, 0xFA, 0x1F, 0xD9, 0xA3, 0xFD, 0xFA, 0x3E, 0xDF, 0x23, 0x4D, 0x82,
    0x21, 0xC1, 0xE0, 0x38, 0x1E, 0x00, 0x00, 0x00, 0x00, 0x00, 0x00, 0x03, 0x81, 0xFE, 0x78, 0x13,
    0x0C, 0xE1, 0xFD, 0x87, 0x1F, 0xFF, 0xF1, 0x33, 0xFC, 0x1F, 0xC3, 0x01, 0xFD, 0xFF, 0x13, 0x1F,
    0xF1, 0xFF, 0x33, 0x1F, 0xF3, 0x30, 0x07, 0xFF, 0x1B, 0xFF, 0xF1, 0xBE, 0x78, 0x3B, 0x66, 0xC2,
    0x84, 0xCE, 0x21, 0xF8, 0x70, 0x3F, 0x01, 0x00, 0x00, 0x00, 0x00, 0x00, 0x1F, 0xF6, 0x01, 0xFF,
    0x7F, 0x0C, 0xCF, 0xF1, 0xFF, 0xE6, 0x3F, 0xB3, 0xC0, 0xDB, 0x7C, 0x0F, 0xFE, 0x70, 0x7F, 0xFF,
    0x07, 0xFF, 0xC0, 0x63, 0x00, 0x07, 0xFF, 0xC0, 0x7F, 0xFC, 0x06, 0x38, 0x00, 0x7F, 0xFE, 0x07,
    0xFF, 0xF0, 0xD9, 0x33, 0x19, 0x99, 0xE1, 0x08, 0x1E, 0x00, 0x00, 0x00, 0x00, 0x00, 0x00, 0x00,
    0x00, 0x3F, 0xF8, 0x02, 0x01, 0x80, 0x23, 0xF8, 0x02, 0x31, 0x80, 0x73, 0x18, 0x1F, 0xFF, 0xF1,
    0x80, 0x03, 0x13, 0xFF, 0xB0, 0x30, 0x18, 0x03, 0x01, 0x80, 0x3F, 0xF8, 0x03, 0x01, 0x80, 0x3F,
    0xF8, 0x03, 0xFF, 0x80, 0x30, 0x18, 0x03, 0x0F, 0x80, 0x30, 0xF0, 0x00, 0x00, 0x00, 0x00, 0x00,
    0x0F, 0xC1, 0x80, 0xFC, 0x18, 0x08, 0xDF, 0xF0, 0xBD, 0xFF, 0x0B, 0x43, 0x00, 0xFC, 0x62, 0x1F,
    0xFC, 0x61, 0x83, 0xCC, 0x1F, 0xE7, 0xC0, 0xCC, 0x39, 0x0C, 0xC7, 0x30, 0xFC, 0xE3, 0x0C, 0xD8,
    0x60, 0xFD, 0x0C, 0x0F, 0xC3, 0xE0, 0xCC, 0x77, 0x0D, 0xDC, 0x30, 0xDD, 0x01, 0x00, 0x00, 0x00,
    0x00, 0x00, 0x00, 0x10, 0x01, 0xFF, 0xFF, 0x1F, 0xFF, 0xF0, 0x00, 0x00, 0x03, 0xFF, 0x80, 0x20,
    0x18, 0x02, 0x01, 0x80, 0x3F, 0xF8, 0x00, 0x00, 0x00, 0xFF, 0xFE, 0x1F, 0xFF, 0xF1, 0x80, 0x03,
    0x18, 0xFE, 0x31, 0x88, 0x63, 0x18, 0x86, 0x31, 0x8F, 0xE3, 0x18, 0xC3, 0xE1, 0x80, 0x1E, 0x00,
    0x00, 0x00, 0x00, 0x00, 0x06, 0x7C, 0xC3, 0xFF, 0xBF, 0x0E, 0xF1, 0xE1, 0xFF, 0xFF, 0x37, 0x97,
    0xF2, 0x4F, 0xEC, 0x0F, 0xFD, 0xE3, 0xFF, 0xFF, 0x31, 0x80, 0x33, 0xFD, 0x9B, 0x1F, 0xFF, 0x00,
    0xFD, 0xC6, 0x1F, 0xF9, 0xC0, 0xFF, 0x73, 0x0D, 0xE4, 0x70, 0xF8, 0x0E, 0x0C, 0x3F, 0x80, 0xFF,
    0x60, 0x00, 0x00, 0x00, 0x00, 0x00, 0x00, 0x30, 0x00, 0xFF, 0xFC, 0x0F, 0xFF, 0xE0, 0xC1, 0x06,
    0x0C, 0x10, 0x60, 0xFF, 0xFE, 0x0F, 0xFF, 0xE0, 0xC1, 0x06, 0x0F, 0xFF, 0xE0, 0xFF, 0xFE, 0x01,
    0x8D, 0x00, 0x18, 0xD8, 0x01, 0x8D, 0x60, 0x18, 0xFE, 0x03, 0x0F, 0xF0, 0x70, 0xC1, 0x3C, 0x0F,
    0xF3, 0x80, 0xFF, 0x00, 0x00, 0x00, 0x00, 0x00, 0x00, 0x03, 0x01, 0xFB, 0xFF, 0x1F, 0xFF, 0xF0,
    0x02, 0x33, 0x00, 0x33, 0x30, 0x07, 0xFF, 0x3F, 0xF3, 0x30, 0xC2, 0x33, 0x0C, 0x3F, 0xF0, 0xD3,
    0xFF, 0x09, 0x9B, 0x01, 0x99, 0xB6, 0x1B, 0x9B, 0x53, 0xFD, 0xBF, 0x30, 0x73, 0xF0, 0x06, 0x30,
    0x01, 0xE1, 0xF0, 0x18, 0x1F, 0x00, 0x00, 0x00, 0x00, 0x00, 0x00, 0xC0, 0x00, 0x1F, 0xE0, 0x03,
    0x86, 0x00, 0x70, 0xC0, 0x0F, 0xFF, 0xE1, 0xFF, 0xFE, 0x1E, 0x18, 0x60, 0x61, 0x86, 0x07, 0xFF,
    0xE0, 0x61, 0x86, 0x06, 0x18, 0x60, 0x7F, 0xFE, 0x07, 0xFF, 0xE0, 0x40, 0x04, 0x06, 0x66, 0x60,
    0xC6, 0x63, 0x18, 0x66, 0x31, 0x86, 0x21, 0x00, 0x00, 0x00, 0x00, 0x00, 0x04, 0x01, 0x80, 0xF8,
    0x18, 0x0F, 0x9F, 0xF0, 0x99, 0xFF, 0x1F, 0xC0, 0x03, 0xFE, 0xFF, 0x1B, 0x6F, 0xF1, 0xB6, 0xC3,
    0x1F, 0xEC, 0x31, 0xB6, 0xFF, 0x1B, 0x6F, 0xF1, 0xFE, 0x18, 0x0F, 0xED, 0xA0, 0x04, 0xDB, 0x1F,
    0xF9, 0x91, 0xEB, 0x99, 0x12, 0x93, 0x83, 0x00, 0x70, 0x00, 0x00, 0x00, 0x00, 0x00, 0x07, 0xE3,
    0x03, 0xFC, 0xFE, 0x04, 0x3F, 0xE3, 0x67, 0x82, 0x12, 0x5F, 0xE1, 0xAD, 0x82, 0x02, 0x5F, 0xE0,
    0x61, 0x80, 0x1F, 0xFF, 0xF1, 0xFD, 0xFF, 0x02, 0x18, 0x03, 0xFF, 0xFF, 0x3F, 0xE0, 0x10, 0x71,
    0x15, 0x0F, 0x95, 0xF0, 0xCD, 0x4B, 0x38, 0x74, 0xB3, 0x00, 0x0F, 0x00, 0x00, 0x00, 0x00, 0x00,
    0x00, 0x18, 0x00, 0xFF, 0xFF, 0x0F, 0xFF, 0xF0, 0xC4, 0x60, 0x0C, 0x46, 0x00, 0xFF, 0xFF, 0x0F,
    0xFF, 0xF0, 0xC4, 0x23, 0x0F, 0xFF, 0xF0, 0xFF, 0xFF, 0x0D, 0x86, 0x00, 0xD8, 0x63, 0x09, 0xFF,
    0xF1, 0x9F, 0x78, 0x19, 0x86, 0x01, 0x99, 0xE1, 0x37, 0xFF, 0xF1, 0x78, 0x3F, 0x00, 0x00, 0x00,
    0x00, 0x00, 0x00, 0x83, 0x00, 0xFF, 0xFE, 0x0F, 0xFF, 0xF0, 0x08, 0x30, 0x00, 0xC3, 0x01, 0xFF,
    0xFF, 0x1F, 0xBE, 0xF0, 0x7F, 0xFC, 0x07, 0xFF, 0xE0, 0x61, 0x06, 0x07, 0xFF, 0xE0, 0x7F, 0xFE,
    0x06, 0x10, 0x60, 0x7F, 0xFE, 0x00, 0xC3, 0x00, 0x3C, 0x3C, 0x1F, 0x00, 0xF1, 0xC0, 0x03, 0x00,
    0x00, 0x00, 0x00, 0x00, 0x07, 0xFF, 0xE0, 0x7F, 0xFE, 0x06, 0x10, 0x60, 0x7F, 0xFE, 0x07, 0xFF,
    0xE0, 0x61, 0x06, 0x07, 0xFF, 0xE0, 0x7F, 0xFE, 0x00, 0x10, 0x00, 0xFF, 0xFE, 0x0F, 0xFF, 0xE0,
    0x01, 0x00, 0x3F, 0xFF, 0xF1, 0xFF, 0xFF, 0x04, 0x04, 0x60, 0xCC, 0x66, 0x1C, 0xC6, 0x31, 0x8C,
    0x61, 0x00, 0x00, 0x00, 0x00, 0x00, 0x03, 0x01, 0x81, 0xFF, 0x08, 0x1F, 0xF1, 0x80, 0x30, 0xFF,
    0x1F, 0xE1, 0x81, 0xFE, 0x08, 0x00, 0x00, 0x81, 0xFE, 0xFF, 0x1F, 0xEF, 0xF1, 0x86, 0x43, 0x18,
    0x66, 0x71, 0xFE, 0x66, 0x0C, 0xC3, 0xE0, 0xCC, 0x1C, 0x04, 0xC3, 0xC0, 0x7F, 0x7E, 0x3F, 0xFE,
    0x71, 0x81, 0x83, 0x00, 0x00, 0x00, 0x00, 0x00, 0x1C, 0x00, 0x71, 0xC0, 0x0F, 0x1A, 0x00, 0xB1,
    0xB0, 0x1B, 0x19, 0x83, 0x31, 0x8C, 0x63, 0x18, 0x4C, 0x31, 0x86, 0x83, 0x18, 0x38, 0x31, 0x83,
    0x83, 0x18, 0x6C, 0x31, 0x84, 0x43, 0x18, 0x86, 0x31, 0x98, 0x33, 0x1B, 0x01, 0xB1, 0xE0, 0x0B,
    0x1C, 0x00, 0x71, 0xC0, 0x07, 0x1F, 0xFF, 0xF0, 0x00, 0x00, 0x00, 0x00, 0x00, 0x03, 0x00, 0x00,
    0x38, 0x00, 0x03, 0x80, 0x00, 0x38, 0x00, 0x03, 0x80, 0x00, 0x38, 0x00, 0x03, 0x00, 0x00, 0x30,
    0x00, 0x01, 0x00, 0x00, 0x10, 0x00, 0x01, 0x00, 0x00, 0x00, 0x00, 0x00, 0x00, 0x00, 0x38, 0x00,
    0x03, 0x80, 0x00, 0x10, 0x00, 0x00, 0x00, 0x00, 0x00, 0x00, 0x00, 0x00, 0x00, 0xCC, 0x00, 0x0C,
    0xC0, 0x00, 0xCC, 0x00, 0x0C, 0xC0, 0x00, 0xCC, 0x00, 0x0C, 0x40, 0x00, 0x00, 0x00, 0x00, 0x00,
    0x00, 0x00, 0x00, 0x00, 0x00, 0x00, 0x00, 0x00, 0x00, 0x00, 0x00, 0x00, 0x00, 0x00, 0x00, 0x00,
    0x00, 0x00, 0x00, 0x00, 0x00, 0x00, 0x00, 0x00, 0x00, 0x00, 0x00, 0x00, 0x00, 0x00, 0x00, 0x00,
    0x00, 0x06, 0x30, 0x00, 0x63, 0x00, 0x06, 0x30, 0x00, 0x42, 0x00, 0x7F, 0xFE, 0x03, 0xFF, 0xC0,
    0x04, 0x20, 0x00, 0xC6, 0x00, 0x0C, 0x60, 0x00, 0xC6, 0x00, 0x7F, 0xFC, 0x00, 0xC6, 0x00, 0x08,
    0x40, 0x00, 0x84, 0x00, 0x18, 0xC0, 0x00, 0x84, 0x00, 0x00, 0x00, 0x00, 0x00, 0x00, 0x00, 0x00,
    0x00, 0x10, 0x00, 0x07, 0x80, 0x00, 0xFE, 0x00, 0x1C, 0x70, 0x03, 0x80, 0x00, 0x30, 0x00, 0x03,
    0x80, 0x00, 0x1E, 0x00, 0x00, 0xFC, 0x00, 0x03, 0xE0, 0x00, 0x07, 0x00, 0x00, 0x38, 0x00, 0x03,
    0x80, 0x30, 0x30, 0x03, 0xC7, 0x00, 0x1F, 0xE0, 0x00, 0x38, 0x00, 0x01, 0x00, 0x00, 0x10, 0x00,
    0x00, 0x00, 0x00, 0x00, 0x00, 0xF0, 0x30, 0x1D, 0x82, 0x01, 0x98, 0x60, 0x18, 0x84, 0x01, 0x08,
    0xC0, 0x10, 0x98, 0x01, 0x89, 0x9C, 0x19, 0xB3, 0xE0, 0xF3, 0x63, 0x06, 0x66, 0x30, 0x06, 0x43,
    0x00, 0xC4, 0x30, 0x08, 0x63, 0x01, 0x86, 0x30, 0x10, 0x3E, 0x01, 0x01, 0x80, 0x00, 0x00, 0x00,
    0x00, 0x00, 0x00, 0x00, 0x00, 0x00, 0x00, 0x03, 0x00, 0x00, 0xFC, 0x00, 0x0C, 0xC0, 0x01, 0x84,
    0x00, 0x18, 0xC0, 0x01, 0xDC, 0x00, 0x0F, 0x80, 0x00, 0xF0, 0x40, 0x1F, 0x0C, 0x03, 0x38, 0xC0,
    0x71, 0xD8, 0x06, 0x0F, 0x80, 0x70, 0x78, 0x03, 0x8F, 0xC0, 0x1F, 0xCE, 0x00, 0x70, 0x00, 0x00,
    0x00, 0x00, 0x00, 0x00, 0x00, 0x00, 0x00, 0x18, 0x00, 0x01, 0x80, 0x00, 0x18, 0x00, 0x01, 0x80,
    0x00, 0x18, 0x00, 0x01, 0x00, 0x00, 0x00, 0x00, 0x00, 0x00, 0x00, 0x00, 0x00, 0x00, 0x00, 0x00,
    0x00, 0x00, 0x00, 0x00, 0x00, 0x00, 0x00, 0x00, 0x00, 0x00, 0x00, 0x00, 0x00, 0x00, 0x00, 0x00,
    0x00, 0x00, 0x00, 0x00, 0x00, 0x00, 0x00, 0x00, 0x00, 0x00, 0x30, 0x00, 0x06, 0x00, 0x00, 0xC0,
    0x00, 0x0C, 0x00, 0x00, 0x80, 0x00, 0x18, 0x00, 0x01, 0x80, 0x00, 0x18, 0x00, 0x01, 0x80, 0x00,
    0x18, 0x00, 0x01, 0x80, 0x00, 0x18, 0x00, 0x01, 0x80, 0x00, 0x0C, 0x00, 0x00, 0xC0, 0x00, 0x06,
    0x00, 0x00, 0x60, 0x00, 0x03, 0x00, 0x00, 0x00, 0x00, 0x00, 0x18, 0x00, 0x00, 0xC0, 0x00, 0x0C,
    0x00, 0x00, 0x60, 0x00, 0x06, 0x00, 0x00, 0x30, 0x00, 0x03, 0x00, 0x00, 0x30, 0x00, 0x03, 0x00,
    0x00, 0x30, 0x00, 0x03, 0x00, 0x00, 0x30, 0x00, 0x03, 0x00, 0x00, 0x60, 0x00, 0x06, 0x00, 0x00,
    0xC0, 0x00, 0x1C, 0x00, 0x01, 0x80, 0x00, 0x00, 0x00, 0x00, 0x00, 0x00, 0x00, 0x00, 0x00, 0x01,
    0x00, 0x00, 0x10, 0x00, 0x01, 0x00, 0x00, 0x10, 0x00, 0x61, 0x0C, 0x03, 0x93, 0x80, 0x0F, 0xE0,
    0x00, 0x7C, 0x00, 0x07, 0xC0, 0x01, 0xFF, 0x00, 0x71, 0x1C, 0x06, 0x10, 0xC0, 0x01, 0x00, 0x00,
    0x10, 0x00, 0x01, 0x00, 0x00, 0x10, 0x00, 0x00, 0x00, 0x00, 0x00, 0x00, 0x00, 0x00, 0x00, 0x00,
    0x00, 0x01, 0x00, 0x00, 0x10, 0x00, 0x01, 0x00, 0x00, 0x10, 0x00, 0x01, 0x00, 0x00, 0x10, 0x00,
    0x01, 0x00, 0x0F, 0xFF, 0xE0, 0x7F, 0xFC, 0x00, 0x10, 0x00, 0x01, 0x00, 0x00, 0x10, 0x00, 0x01,
    0x00, 0x00, 0x10, 0x00, 0x01, 0x00, 0x00, 0x00, 0x00, 0x00, 0x00, 0x00, 0x00, 0x00, 0x00, 0x00,
    0x00, 0x00, 0x00, 0x00, 0x00, 0x00, 0x00, 0x00, 0x00, 0x00, 0x00, 0x00, 0x00, 0x00, 0x00, 0x00,
    0x00, 0x00, 0x00, 0x00, 0x00, 0x00, 0x00, 0x00, 0x00, 0x00, 0x00, 0x00, 0x60, 0x00, 0x0F, 0x00,
    0x00, 0x70, 0x00, 0x03, 0x00, 0x00, 0x30, 0x00, 0x06, 0x00, 0x00, 0xC0, 0x00, 0x00, 0x00, 0x00,
    0x00, 0x00, 0x00, 0x00, 0x00, 0x00, 0x00, 0x00, 0x00, 0x00, 0x00, 0x00, 0x00, 0x00, 0x00, 0x00,
    0x00, 0x00, 0x00, 0x00, 0x00, 0x00, 0x0F, 0xFF, 0xE0, 0x00, 0x00, 0x00, 0x00, 0x00, 0x00, 0x00,
    0x00, 0x00, 0x00, 0x00, 0x00, 0x00, 0x00, 0x00, 0x00, 0x00, 0x00, 0x00, 0x00, 0x00, 0x00, 0x00,
    0x00, 0x00, 0x00, 0x00, 0x00, 0x00, 0x00, 0x00, 0x00, 0x00, 0x00, 0x00, 0x00, 0x00, 0x00, 0x00,
    0x00, 0x00, 0x00, 0x00, 0x00, 0x00, 0x00, 0x00, 0x00, 0x00, 0x00, 0x00, 0x00, 0x00, 0x00, 0x00,
    0x00, 0x00, 0x00, 0x00, 0x00, 0x60, 0x00, 0x07, 0x00, 0x00, 0x70, 0x00, 0x02, 0x00, 0x00, 0x00,
    0x00, 0x00, 0x00, 0x00, 0x00, 0x00, 0x00, 0x00, 0x10, 0x00, 0x03, 0x00, 0x00, 0x60, 0x00, 0x0C,
    0x00, 0x01, 0x80, 0x00, 0x30, 0x00, 0x06, 0x00, 0x00, 0xC0, 0x00, 0x18, 0x00, 0x03, 0x00, 0x00,
    0x60, 0x00, 0x0C, 0x00, 0x01, 0x80, 0x00, 0x30, 0x00, 0x06, 0x00, 0x00, 0xC0, 0x00, 0x18, 0x00,
    0x03, 0x00, 0x00, 0x00, 0x00, 0x00, 0x00, 0x00, 0x00, 0x00, 0x00, 0x03, 0x80, 0x00, 0xFE, 0x00,
    0x1C, 0x70, 0x01, 0x83, 0x00, 0x38, 0x38, 0x03, 0x01, 0x80, 0x30, 0x18, 0x03, 0x01, 0x80, 0x30,
    0x18, 0x03, 0x01, 0x80, 0x30, 0x18, 0x03, 0x83, 0x80, 0x18, 0x30, 0x01, 0xC7, 0x00, 0x0F, 0xE0,
    0x00, 0x38, 0x00, 0x00, 0x00, 0x00, 0x00, 0x00, 0x00, 0x00, 0x00, 0x00, 0x00, 0x00, 0x00, 0x00,
    0xF8, 0x00, 0x1F, 0x80, 0x00, 0x18, 0x00, 0x01, 0x80, 0x00, 0x18, 0x00, 0x01, 0x80, 0x00, 0x18,
    0x00, 0x01, 0x80, 0x00, 0x18, 0x00, 0x01, 0x80, 0x00, 0x18, 0x00, 0x01, 0x80, 0x00, 0x18, 0x00,
    0x3F, 0xF8, 0x01, 0xFF, 0x80, 0x00, 0x00, 0x00, 0x00, 0x00, 0x00, 0x00, 0x00, 0x00, 0x00, 0x03,
    0x80, 0x00, 0xFE, 0x00, 0x3C, 0x70, 0x03, 0x03, 0x00, 0x00, 0x30, 0x00, 0x03, 0x00, 0x00, 0x30,
    0x00, 0x07, 0x00, 0x00, 0x60, 0x00, 0x0C, 0x00, 0x01, 0x80, 0x00, 0x30, 0x00, 0x0E, 0x00, 0x01,
    0xC0, 0x00, 0x3F, 0xF8, 0x01, 0xFF, 0x80, 0x00, 0x00, 0x00, 0x00, 0x00, 0x00, 0x00, 0x00, 0x00,
    0x00, 0x07, 0x80, 0x01, 0xFE, 0x00, 0x3C, 0x70, 0x01, 0x03, 0x00, 0x00, 0x30, 0x00, 0x03, 0x00,
    0x00, 0xE0, 0x00, 0x7C, 0x00, 0x01, 0xE0, 0x00, 0x03, 0x00, 0x00, 0x38, 0x00, 0x03, 0x80, 0x30,
    0x30, 0x03, 0x87, 0x00, 0x1F, 0xE0, 0x00, 0x78, 0x00, 0x00, 0x00, 0x00, 0x00, 0x00, 0x00, 0x00,
    0x00, 0x00, 0x00, 0x00, 0x60, 0x00, 0x0E, 0x00, 0x01, 0xE0, 0x00, 0x3E, 0x00, 0x03, 0x60, 0x00,
    0x66, 0x00, 0x0E, 0x60, 0x01, 0xC6, 0x00, 0x18, 0x60, 0x03, 0x86, 0x00, 0x3F, 0xF8, 0x00, 0x06,
    0x00, 0x00, 0x60, 0x00, 0x06, 0x00, 0x00, 0x60, 0x00, 0x00, 0x00, 0x00, 0x00, 0x00, 0x00, 0x00,
    0x00, 0x00, 0x00, 0x00, 0x00, 0x00, 0x00, 0x01, 0xFF, 0x00, 0x1F, 0xF0, 0x01, 0x80, 0x00, 0x18,
    0x00, 0x01, 0x80, 0x00, 0x1F, 0xC0, 0x01, 0xFE, 0x00, 0x00, 0x70, 0x00, 0x03, 0x80, 0x00, 0x38,
    0x00, 0x03, 0x80, 0x20, 0x30, 0x03, 0x87, 0x00, 0x1F, 0xE0, 0x00, 0x78, 0x00, 0x00, 0x00, 0x00,
    0x00, 0x00, 0x00, 0x00, 0x00, 0x00, 0x00, 0x01, 0xC0, 0x00, 0x7F, 0x00, 0x0E, 0x30, 0x01, 0xC0,
    0x00, 0x18, 0x00, 0x03, 0x80, 0x00, 0x3B, 0xC0, 0x03, 0xFF, 0x00, 0x3C, 0x30, 0x03, 0x81, 0x80,
    0x38, 0x18, 0x03, 0x81, 0x80, 0x1C, 0x38, 0x01, 0xE7, 0x00, 0x0F, 0xE0, 0x00, 0x38, 0x00, 0x00,
    0x00, 0x00, 0x00, 0x00, 0x00, 0x00, 0x00, 0x00, 0x00, 0x00, 0x00, 0x03, 0xFF, 0x80, 0x3F, 0xF8,
    0x00, 0x03, 0x00, 0x00, 0x60, 0x00, 0x06, 0x00, 0x00, 0xC0, 0x00, 0x1C, 0x00, 0x01, 0x80, 0x00,
    0x18, 0x00, 0x03, 0x80, 0x00, 0x30, 0x00, 0x03, 0x00, 0x00, 0x30, 0x00, 0x03, 0x00, 0x00, 0x30,
    0x00, 0x00, 0x00, 0x00, 0x00, 0x00, 0x00, 0x00, 0x00, 0x00, 0x00, 0x03, 0x80, 0x00, 0xFE, 0x00,
    0x1C, 0x70, 0x01, 0x83, 0x80, 0x18, 0x18, 0x01, 0x81, 0x00, 0x1C, 0x30, 0x00, 0xFE, 0x00, 0x1D,
    0xE0, 0x03, 0x83, 0x00, 0x30, 0x18, 0x03, 0x01, 0x80, 0x30, 0x18, 0x01, 0xC3, 0x80, 0x0F, 0xF0,
    0x00, 0x38, 0x00, 0x00, 0x00, 0x00, 0x00, 0x00, 0x00, 0x00, 0x00, 0x00, 0x00, 0x07, 0x80, 0x00,
    0xFE, 0x00, 0x18, 0xF0, 0x03, 0x07, 0x00, 0x30, 0x38, 0x03, 0x03, 0x80, 0x30, 0x38, 0x03, 0x87,
    0x80, 0x1F, 0xF8, 0x00, 0x7B, 0x80, 0x00, 0x38, 0x00, 0x03, 0x00, 0x00, 0x70, 0x01, 0x8E, 0x00,
    0x1F, 0xC0, 0x00, 0x70, 0x00, 0x00, 0x00, 0x00, 0x00, 0x00, 0x00, 0x00, 0x00, 0x00, 0x00, 0x00,
    0x00, 0x00, 0x00, 0x00, 0x03, 0x80, 0x00, 0x38, 0x00, 0x03, 0x00, 0x00, 0x00, 0x00, 0x00, 0x00,
    0x00, 0x00, 0x00, 0x00, 0x00, 0x00, 0x00, 0x00, 0x00, 0x00, 0x00, 0x38, 0x00, 0x03, 0x80, 0x00,
    0x38, 0x00, 0x00, 0x00, 0x00, 0x00, 0x00, 0x00, 0x00, 0x00, 0x00, 0x00, 0x00, 0x00, 0x00, 0x00,
    0x00, 0x00, 0x00, 0x00, 0x00, 0x00, 0x03, 0x80, 0x00, 0x38, 0x00, 0x03, 0x00, 0x00, 0x00, 0x00,
    0x00, 0x00, 0x00, 0x00, 0x00, 0x00, 0x00, 0x00, 0x00, 0x00, 0x01, 0x00, 0x00, 0x38, 0x00, 0x03,
    0x80, 0x00, 0x18, 0x00, 0x01, 0x80, 0x00, 0x18, 0x00, 0x07, 0x00, 0x00, 0x20, 0x00, 0x00, 0x00,
    0x00, 0x00, 0x00, 0x00, 0x06, 0x00, 0x00, 0xE0, 0x00, 0x38, 0x00, 0x0E, 0x00, 0x03, 0x80, 0x00,
    0xE0, 0x00, 0x38, 0x00, 0x0E, 0x00, 0x00, 0xF0, 0x00, 0x03, 0xC0, 0x00, 0x0F, 0x00, 0x00, 0x3C,
    0x00, 0x00, 0xF0, 0x00, 0x03, 0xC0, 0x00, 0x0E, 0x00, 0x00, 0x20, 0x00, 0x00, 0x00, 0x00, 0x00,
    0x00, 0x00, 0x00, 0x00, 0x00, 0x00, 0x00, 0x00, 0x00, 0x00, 0x00, 0x00, 0x00, 0x00, 0x00, 0x00,
    0x00, 0x0F, 0xFF, 0xE0, 0x00, 0x00, 0x00, 0x00, 0x00, 0x00, 0x00, 0x0F, 0xFF, 0xE0, 0xFF, 0xFC,
    0x00, 0x00, 0x00, 0x00, 0x00, 0x00, 0x00, 0x00, 0x00, 0x00, 0x00, 0x00, 0x00, 0x00, 0x00, 0x00,
    0x00, 0x00, 0x00, 0x00, 0x00, 0x00, 0x00, 0xC0, 0x00, 0x0E, 0x00, 0x00, 0x78, 0x00, 0x00, 0xE0,
    0x00, 0x07, 0x80, 0x00, 0x1E, 0x00, 0x00, 0x78, 0x00, 0x01, 0xE0, 0x00, 0x1E, 0x00, 0x07, 0x80,
    0x01, 0xE0, 0x00, 0x78, 0x00, 0x1E, 0x00, 0x07, 0x80, 0x00, 0xE0, 0x00, 0x08, 0x00, 0x00, 0x00,
    0x00, 0x00, 0x00, 0x00, 0x00, 0x00, 0x00, 0x00, 0x00, 0x03, 0xC0, 0x00, 0xFF, 0x00, 0x1C, 0x70,
    0x01, 0x03, 0x80, 0x00, 0x38, 0x00, 0x03, 0x00, 0x00, 0x60, 0x00, 0x0C, 0x00, 0x01, 0x80, 0x00,
    0x30, 0x00, 0x03, 0x00, 0x00, 0x00, 0x00, 0x00, 0x00, 0x00, 0x38, 0x00, 0x03, 0x80, 0x00, 0x10,
    0x00, 0x00, 0x00, 0x00, 0x00, 0x00, 0x00, 0x00, 0x00, 0x7F, 0x00, 0x1F, 0xF8, 0x03, 0x80, 0xC0,
    0x60, 0x06, 0x0C, 0x38, 0x30, 0xC7, 0xE3, 0x18, 0xC6, 0x31, 0x98, 0x63, 0x19, 0x86, 0x31, 0x18,
    0xC3, 0x11, 0x8C, 0x21, 0x9D, 0xC6, 0x18, 0xF7, 0xC1, 0x80, 0x30, 0x0C, 0x00, 0x00, 0x70, 0x00,
    0x03, 0xFE, 0x00, 0x0F, 0xC0, 0x00, 0x00, 0x00, 0x00, 0x00, 0x00, 0x00, 0x00, 0x00, 0x00, 0x00,
    0x38, 0x00, 0x07, 0x80, 0x00, 0x7C, 0x00, 0x06, 0xC0, 0x00, 0xCC, 0x00, 0x0C, 0x60, 0x01, 0xC6,
    0x00, 0x18, 0x70, 0x01, 0x87, 0x00, 0x3F, 0xF0, 0x03, 0x03, 0x80, 0x30, 0x18, 0x06, 0x01, 0x80,
    0x60, 0x1C, 0x06, 0x00, 0xC0, 0x00, 0x00, 0x00, 0x00, 0x00, 0x00, 0x00, 0x00, 0x00, 0x00, 0x3F,
    0xC0, 0x03, 0xFF, 0x00, 0x30, 0x38, 0x03, 0x01, 0x80, 0x30, 0x18, 0x03, 0x01, 0x80, 0x38, 0x70,
    0x03, 0xFF, 0x00, 0x38, 0x78, 0x03, 0x01, 0xC0, 0x30, 0x0C, 0x03, 0x00, 0xC0, 0x30, 0x0C, 0x03,
    0x83, 0xC0, 0x3F, 0xF8, 0x01, 0xFC, 0x00, 0x00, 0x00, 0x00, 0x00, 0x00, 0x00, 0x00, 0x00, 0x00,
    0x00, 0x01, 0xE0, 0x00, 0x7F, 0x80, 0x0E, 0x1C, 0x01, 0xC0, 0x00, 0x38, 0x00, 0x03, 0x00, 0x00,
    0x30, 0x00, 0x03, 0x00, 0x00, 0x30, 0x00, 0x03, 0x00, 0x00, 0x30, 0x00, 0x03, 0x80, 0x00, 0x1C,
    0x04, 0x00, 0xE1, 0xC0, 0x07, 0xF8, 0x00, 0x1E, 0x00, 0x00, 0x00, 0x00, 0x00, 0x00, 0x00, 0x00,
    0x00, 0x00, 0x00, 0x00, 0x00, 0x03, 0xFC, 0x00, 0x3F, 0xF0, 0x03, 0x07, 0x80, 0x30, 0x18, 0x03,
    0x01, 0xC0, 0x30, 0x1C, 0x03, 0x00, 0xC0, 0x30, 0x0C, 0x03, 0x00, 0xC0, 0x30, 0x1C, 0x03, 0x01,
    0x80, 0x30, 0x38, 0x03, 0x0F, 0x00, 0x3F, 0xE0, 0x03, 0xF0, 0x00, 0x00, 0x00, 0x00, 0x00, 0x00,
    0x00, 0x00, 0x00, 0x00, 0x00, 0x00, 0x00, 0x01, 0xFF, 0x80, 0x1F, 0xF8, 0x01, 0x80, 0x00, 0x18,
    0x00, 0x01, 0x80, 0x00, 0x18, 0x00, 0x01, 0xFE, 0x00, 0x1F, 0xE0, 0x01, 0x80, 0x00, 0x18, 0x00,
    0x01, 0x80, 0x00, 0x18, 0x00, 0x01, 0x80, 0x00, 0x1F, 0xF8, 0x01, 0xFF, 0x80, 0x00, 0x00, 0x00,
    0x00, 0x00, 0x00, 0x00, 0x00, 0x00, 0x00, 0x00, 0x00, 0x01, 0xFF, 0x80, 0x1F, 0xF8, 0x01, 0x80,
    0x00, 0x18, 0x00, 0x01, 0x80, 0x00, 0x18, 0x00, 0x01, 0xFF, 0x00, 0x1F, 0xF0, 0x01, 0x80, 0x00,
    0x18, 0x00, 0x01, 0x80, 0x00, 0x18, 0x00, 0x01, 0x80, 0x00, 0x18, 0x00, 0x01, 0x80, 0x00, 0x00,
    0x00, 0x00, 0x00, 0x00, 0x00, 0x00, 0x00, 0x00, 0x00, 0x03, 0xE0, 0x00, 0xFF, 0x80, 0x1E, 0x1C,
    0x03, 0x80, 0x00, 0x30, 0x00, 0x07, 0x00, 0x00, 0x60, 0x00, 0x06, 0x07, 0xC0, 0x60, 0xFC, 0x06,
    0x00, 0xC0, 0x70, 0x0C, 0x03, 0x00, 0xC0, 0x38, 0x0C, 0x01, 0xE1, 0xC0, 0x0F, 0xF8, 0x00, 0x3E,
    0x00, 0x00, 0x00, 0x00, 0x00, 0x00, 0x00, 0x00, 0x00, 0x00, 0x00, 0x20, 0x08, 0x06, 0x01, 0x80,
    0x60, 0x18, 0x06, 0x01, 0x80, 0x60, 0x18, 0x06, 0x01, 0x80, 0x60, 0x18, 0x07, 0xFF, 0x80, 0x7F,
    0xF8, 0x06, 0x01, 0x80, 0x60, 0x18, 0x06, 0x01, 0x80, 0x60, 0x18, 0x06, 0x01, 0x80, 0x60, 0x18,
    0x02, 0x00, 0x80, 0x00, 0x00, 0x00, 0x00, 0x00, 0x00, 0x00, 0x00, 0x00, 0x00, 0x00, 0x00, 0x03,
    0xFF, 0x80, 0x3F, 0xF0, 0x00, 0x30, 0x00, 0x03, 0x80, 0x00, 0x38, 0x00, 0x03, 0x80, 0x00, 0x38,
    0x00, 0x03, 0x80, 0x00, 0x38, 0x00, 0x03, 0x80, 0x00, 0x38, 0x00, 0x03, 0x00, 0x00, 0x38, 0x00,
    0x3F, 0xF8, 0x01, 0xFF, 0x00, 0x00, 0x00, 0x00, 0x00, 0x00, 0x00, 0x00, 0x00, 0x00, 0x00, 0x00,
    0x20, 0x00, 0x07, 0x00, 0x00, 0x70, 0x00, 0x07, 0x00, 0x00, 0x70, 0x00, 0x07, 0x00, 0x00, 0x70,
    0x00, 0x07, 0x00, 0x00, 0x70, 0x00, 0x07, 0x00, 0x00, 0x70, 0x00, 0x07, 0x00, 0x10, 0x60, 0x03,
    0x8E, 0x00, 0x1F, 0xC0, 0x00, 0x78, 0x00, 0x00, 0x00, 0x00, 0x00, 0x00, 0x00, 0x00, 0x00, 0x00,
    0x00, 0x10, 0x08, 0x03, 0x01, 0x80, 0x30, 0x30, 0x03, 0x06, 0x00, 0x30, 0xC0, 0x03, 0x9C, 0x00,
    0x33, 0x80, 0x03, 0xF8, 0x00, 0x3E, 0xC0, 0x03, 0xCE, 0x00, 0x38, 0x60, 0x03, 0x03, 0x00, 0x30,
    0x38, 0x03, 0x01, 0xC0, 0x38, 0x0C, 0x01, 0x00, 0x40, 0x00, 0x00, 0x00, 0x00, 0x00, 0x00, 0x00,
    0x00, 0x00, 0x00, 0x00, 0x00, 0x01, 0x80, 0x00, 0x18, 0x00, 0x01, 0x80, 0x00, 0x18, 0x00, 0x01,
    0x80, 0x00, 0x18, 0x00, 0x01, 0x80, 0x00, 0x18, 0x00, 0x01, 0x80, 0x00, 0x18, 0x00, 0x01, 0x80,
    0x00, 0x18, 0x00, 0x01, 0xC0, 0x00, 0x1F, 0xF8, 0x00, 0xFF, 0x80, 0x00, 0x00, 0x00, 0x00, 0x00,
    0x00, 0x00, 0x00, 0x00, 0x00, 0x40, 0x08, 0x0E, 0x01, 0xC0, 0xE0, 0x1C, 0x0F, 0x03, 0xC0, 0xF0,
    0x3C, 0x0D, 0x83, 0xC0, 0xD8, 0x6C, 0x0C, 0xC6, 0xC0, 0xCC, 0xCC, 0x0C, 0xCC, 0xC0, 0xC6, 0x8C,
    0x0C, 0x78, 0xC0, 0xC3, 0x8C, 0x0C, 0x30, 0xC0, 0xC0, 0x0C, 0x0C, 0x00, 0x40, 0x00, 0x00, 0x00,
    0x00, 0x00, 0x00, 0x00, 0x00, 0x00, 0x00, 0x20, 0x08, 0x07, 0x01, 0x80, 0x78, 0x18, 0x07, 0xC1,
    0x80, 0x6C, 0x18, 0x06, 0x61, 0x80, 0x67, 0x18, 0x06, 0x31, 0x80, 0x61, 0x98, 0x06, 0x1D, 0x80,
    0x60, 0xC8, 0x06, 0x06, 0x80, 0x60, 0x78, 0x06, 0x03, 0x80, 0x60, 0x18, 0x02, 0x00, 0x80, 0x00,
    0x00, 0x00, 0x00, 0x00, 0x00, 0x00, 0x00, 0x00, 0x00, 0x07, 0xC0, 0x01, 0xFF, 0x00, 0x3C, 0x78,
    0x07, 0x01, 0xC0, 0x60, 0x0C, 0x0E, 0x00, 0xC0, 0xE0, 0x0E, 0x0E, 0x00, 0xE0, 0xE0, 0x0E, 0x0E,
    0x00, 0xE0, 0xE0, 0x0C, 0x06, 0x00, 0xC0, 0x70, 0x1C, 0x03, 0xC7, 0x80, 0x1F, 0xF0, 0x00, 0x7C,
    0x00, 0x00, 0x00, 0x00, 0x00, 0x00, 0x00, 0x00, 0x00, 0x00, 0x00, 0x3F, 0xC0, 0x03, 0xFF, 0x00,
    0x30, 0x78, 0x03, 0x01, 0x80, 0x30, 0x18, 0x03, 0x01, 0x80, 0x30, 0x18, 0x03, 0x03, 0x80, 0x3F,
    0xF0, 0x03, 0xFC, 0x00, 0x30, 0x00, 0x03, 0x00, 0x00, 0x30, 0x00, 0x03, 0x00, 0x00, 0x30, 0x00,
    0x00, 0x00, 0x00, 0x00, 0x00, 0x00, 0x00, 0x00, 0x00, 0x00, 0x00, 0x00, 0x00, 0x07, 0xC0, 0x01,
    0xFF, 0x00, 0x3C, 0x78, 0x07, 0x01, 0xC0, 0x60, 0x0C, 0x0E, 0x00, 0xC0, 0xC0, 0x0E, 0x0C, 0x00,
    0xE0, 0xC0, 0x0E, 0x0E, 0x00, 0xE0, 0xE0, 0x0C, 0x06, 0x00, 0xC0, 0x70, 0x1C, 0x03, 0x87, 0x80,
    0x1F, 0xF0, 0x00, 0x7C, 0x00, 0x01, 0x80, 0x00, 0x0F, 0xE0, 0x00, 0x7E, 0x00, 0x00, 0x00, 0x3F,
    0xC0, 0x03, 0xFF, 0x00, 0x30, 0x38, 0x03, 0x01, 0x80, 0x30, 0x18, 0x03, 0x01, 0x80, 0x30, 0x38,
    0x03, 0xFF, 0x00, 0x3F, 0xE0, 0x03, 0x0C, 0x00, 0x30, 0xE0, 0x03, 0x06, 0x00, 0x30, 0x30, 0x03,
    0x03, 0x80, 0x30, 0x18, 0x00, 0x00, 0x00, 0x00, 0x00, 0x00, 0x00, 0x00, 0x00, 0x00, 0x00, 0x00,
    0x00, 0x03, 0xC0, 0x00, 0xFF, 0x00, 0x1C, 0x78, 0x03, 0x80, 0x00, 0x38, 0x00, 0x03, 0x80, 0x00,
    0x1F, 0x00, 0x00, 0xFC, 0x00, 0x03, 0xF0, 0x00, 0x07, 0x80, 0x00, 0x18, 0x00, 0x01, 0x80, 0x30,
    0x18, 0x03, 0xC7, 0x80, 0x1F, 0xF0, 0x00, 0x7C, 0x00, 0x00, 0x00, 0x00, 0x00, 0x00, 0x00, 0x00,
    0x00, 0x00, 0x00, 0x00, 0x00, 0x07, 0xFF, 0xC0, 0x7F, 0xF8, 0x00, 0x30, 0x00, 0x03, 0x00, 0x00,
    0x30, 0x00, 0x03, 0x00, 0x00, 0x30, 0x00, 0x03, 0x00, 0x00, 0x30, 0x00, 0x03, 0x00, 0x00, 0x30,
    0x00, 0x03, 0x00, 0x00, 0x30, 0x00, 0x03, 0x00, 0x00, 0x30, 0x00, 0x00, 0x00, 0x00, 0x00, 0x00,
    0x00, 0x00, 0x00, 0x00, 0x00, 0x20, 0x08, 0x06, 0x01, 0x80, 0x60, 0x18, 0x06, 0x01, 0x80, 0x60,
    0x18, 0x06, 0x01, 0x80, 0x60, 0x18, 0x06, 0x01, 0x80, 0x60, 0x18, 0x06, 0x01, 0x80, 0x60, 0x18,
    0x07, 0x01, 0x80, 0x30, 0x38, 0x03, 0xC7, 0x00, 0x1F, 0xE0, 0x00, 0x78, 0x00, 0x00, 0x00, 0x00,
    0x00, 0x00, 0x00, 0x00, 0x00, 0x00, 0x00, 0x00, 0x00, 0x06, 0x00, 0xC0, 0x70, 0x18, 0x03, 0x01,
    0x80, 0x30, 0x18, 0x03, 0x83, 0x00, 0x18, 0x30, 0x01, 0x87, 0x00, 0x0C, 0x60, 0x00, 0xC6, 0x00,
    0x0E, 0xE0, 0x00, 0x6C, 0x00, 0x06, 0xC0, 0x00, 0x78, 0x00, 0x03, 0x80, 0x00, 0x10, 0x00, 0x00,
    0x00, 0x00, 0x00, 0x00, 0x00, 0x00, 0x00, 0x00, 0x00, 0x01, 0x00, 0x30, 0x38, 0x13, 0x03, 0x83,
    0x18, 0x38, 0x31, 0x87, 0xC3, 0x18, 0x6C, 0x31, 0x86, 0xC7, 0x1C, 0xCE, 0x60, 0xCC, 0x66, 0x0C,
    0xC6, 0x60, 0xCC, 0x66, 0x07, 0x83, 0xC0, 0x78, 0x3C, 0x07, 0x83, 0xC0, 0x70, 0x3C, 0x03, 0x01,
    0x80, 0x00, 0x00, 0x00, 0x00, 0x00, 0x00, 0x00, 0x00, 0x00, 0x00, 0x20, 0x00, 0x03, 0x01, 0x80,
    0x18, 0x30, 0x01, 0xC7, 0x00, 0x0C, 0x60, 0x00, 0x6C, 0x00, 0x07, 0xC0, 0x00, 0x38, 0x00, 0x03,
    0x80, 0x00, 0x7C, 0x00, 0x0E, 0xC0, 0x00, 0xC6, 0x00, 0x18, 0x70, 0x03, 0x83, 0x00, 0x30, 0x18,
    0x02, 0x01, 0x80, 0x00, 0x00, 0x00, 0x00, 0x00, 0x00, 0x00, 0x00, 0x00, 0x00, 0x20, 0x08, 0x03,
    0x01, 0x80, 0x38, 0x18, 0x01, 0x83, 0x00, 0x0C, 0x70, 0x00, 0xC6, 0x00, 0x06, 0xE0, 0x00, 0x7C,
    0x00, 0x03, 0x80, 0x00, 0x38, 0x00, 0x01, 0x80, 0x00, 0x18, 0x00, 0x01, 0x80, 0x00, 0x18, 0x00,
    0x01, 0x80, 0x00, 0x10, 0x00, 0x00, 0x00, 0x00, 0x00, 0x00, 0x00, 0x00, 0x00, 0x00, 0x00, 0x00,
    0x00, 0x03, 0xFF, 0x80, 0x3F, 0xF8, 0x00, 0x03, 0x00, 0x00, 0x60, 0x00, 0x0E, 0x00, 0x01, 0xC0,
    0x00, 0x18, 0x00, 0x03, 0x00, 0x00, 0x70, 0x00, 0x0E, 0x00, 0x00, 0xC0, 0x00, 0x18, 0x00, 0x03,
    0x80, 0x00, 0x3F, 0xF8, 0x03, 0xFF, 0x80, 0x00, 0x00, 0x00, 0x00, 0x00, 0x00, 0x00, 0x00, 0x00,
    0xF0, 0x00, 0x08, 0x00, 0x00, 0x80, 0x00, 0x08, 0x00, 0x00, 0x80, 0x00, 0x08, 0x00, 0x00, 0x80,
    0x00, 0x08, 0x00, 0x00, 0x80, 0x00, 0x08, 0x00, 0x00, 0x80, 0x00, 0x08, 0x00, 0x00, 0x80, 0x00,
    0x08, 0x00, 0x00, 0x80, 0x00, 0x08, 0x00, 0x00, 0xC0, 0x00, 0x0F, 0x00, 0x00, 0x00, 0x00, 0x00,
    0x30, 0x00, 0x01, 0x80, 0x00, 0x0C, 0x00, 0x00, 0x60, 0x00, 0x03, 0x00, 0x00, 0x18, 0x00, 0x00,
    0xC0, 0x00, 0x06, 0x00, 0x00, 0x30, 0x00, 0x01, 0x80, 0x00, 0x0C, 0x00, 0x00, 0x60, 0x00, 0x03,
    0x00, 0x00, 0x18, 0x00, 0x00, 0xC0, 0x00, 0x06, 0x00, 0x00, 0x30, 0x00, 0x01, 0x00, 0x00, 0x00,
    0x00, 0x00, 0x3E, 0x00, 0x00, 0x20, 0x00, 0x02, 0x00, 0x00, 0x20, 0x00, 0x02, 0x00, 0x00, 0x20,
    0x00, 0x02, 0x00, 0x00, 0x20, 0x00, 0x02, 0x00, 0x00, 0x20, 0x00, 0x02, 0x00, 0x00, 0x20, 0x00,
    0x02, 0x00, 0x00, 0x20, 0x00, 0x02, 0x00, 0x00, 0x20, 0x00, 0x06, 0x00, 0x03, 0xE0, 0x00, 0x00,
    0x00, 0x00, 0x00, 0x00, 0x00, 0x44, 0x00, 0x00, 0x00, 0x00, 0x00, 0x00, 0x00, 0x00, 0x00, 0x00,
    0x00, 0x00, 0x00, 0x00, 0x00, 0x00, 0x00, 0x00, 0x00, 0x00, 0x00, 0x00, 0x00, 0x00, 0x00, 0x00,
    0x00, 0x00, 0x00, 0x00, 0x00, 0x00, 0x00, 0x00, 0x00, 0x00, 0x00, 0x00, 0x00, 0x00, 0x00, 0x00,
    0x00, 0x00, 0x00, 0x00, 0x00, 0x00, 0x00, 0x00, 0x00, 0x00, 0x00, 0x00, 0x00, 0x00, 0x00, 0x00,
    0x00, 0x00, 0x00, 0x00, 0x00, 0x00, 0x00, 0x00, 0x00, 0x00, 0x00, 0x00, 0x00, 0x00, 0x00, 0x00,
    0x00, 0x00, 0x00, 0x00, 0x00, 0x00, 0x00, 0x00, 0x00, 0x00, 0x00, 0x00, 0x00, 0x00, 0x00, 0x00,
    0x00, 0x00, 0x00, 0x7F, 0xFF, 0xF0, 0x00, 0x00, 0x00, 0x00, 0x00, 0x00, 0x00, 0x00, 0x00, 0x00,
    0x00, 0x00, 0x00, 0x00, 0x00, 0x00, 0x00, 0x00, 0x00, 0x00, 0x00, 0x00, 0x00, 0x00, 0x00, 0x00,
    0x00, 0x00, 0x00, 0x00, 0x00, 0x00, 0x00, 0x00, 0x00, 0x00, 0x00, 0x00, 0x00, 0x00, 0x00, 0x00,
    0x00, 0x00, 0x00, 0x00, 0x00, 0x00, 0x00, 0x00, 0x00, 0x00, 0x00, 0x00, 0x00, 0x00, 0x00, 0x00,
    0x00, 0x00, 0x00, 0x00, 0x00, 0x00, 0x00, 0x07, 0xC0, 0x01, 0xFE, 0x00, 0x18, 0x70, 0x00, 0x03,
    0x00, 0x01, 0xF0, 0x00, 0xFF, 0x00, 0x1C, 0x30, 0x03, 0x83, 0x00, 0x30, 0x30, 0x03, 0x8F, 0x00,
    0x1F, 0xF0, 0x00, 0x70, 0x00, 0x00, 0x00, 0x00, 0x00, 0x00, 0x00, 0x00, 0x00, 0x00, 0x00, 0x30,
    0x00, 0x03, 0x00, 0x00, 0x30, 0x00, 0x03, 0x00, 0x00, 0x31, 0x80, 0x03, 0xFF, 0x00, 0x3E, 0x70,
    0x03, 0x83, 0x80, 0x30, 0x18, 0x03, 0x01, 0x80, 0x30, 0x18, 0x03, 0x01, 0x80, 0x30, 0x38, 0x03,
    0xC7, 0x00, 0x3F, 0xE0, 0x00, 0x38, 0x00, 0x00, 0x00, 0x00, 0x00, 0x00, 0x00, 0x00, 0x00, 0x00,
    0x00, 0x00, 0x00, 0x00, 0x00, 0x00, 0x00, 0x00, 0x00, 0x00, 0x00, 0x00, 0x80, 0x00, 0x7F, 0x00,
    0x0E, 0x30, 0x01, 0xC0, 0x00, 0x38, 0x00, 0x03, 0x80, 0x00, 0x38, 0x00, 0x03, 0x80, 0x00, 0x18,
    0x00, 0x01, 0xE3, 0x80, 0x0F, 0xF0, 0x00, 0x3C, 0x00, 0x00, 0x00, 0x00, 0x00, 0x00, 0x00, 0x00,
    0x00, 0x01, 0x80, 0x00, 0x38, 0x00, 0x03, 0x80, 0x00, 0x38, 0x00, 0x03, 0x80, 0x0F, 0xF8, 0x01,
    0xFF, 0x80, 0x38, 0x38, 0x03, 0x03, 0x80, 0x30, 0x38, 0x03, 0x03, 0x80, 0x30, 0x38, 0x03, 0x03,
    0x80, 0x38, 0x38, 0x01, 0xC7, 0x80, 0x1F, 0xF8, 0x00, 0x79, 0x00, 0x00, 0x00, 0x00, 0x00, 0x00,
    0x00, 0x00, 0x00, 0x00, 0x00, 0x00, 0x00, 0x00, 0x00, 0x00, 0x00, 0x00, 0x00, 0x00, 0x00, 0x07,
    0xC0, 0x01, 0xFF, 0x00, 0x18, 0x30, 0x03, 0x81, 0x80, 0x30, 0x18, 0x03, 0xFF, 0x80, 0x3F, 0xF0,
    0x03, 0x00, 0x00, 0x38, 0x00, 0x01, 0xC3, 0x00, 0x0F, 0xF0, 0x00, 0x3C, 0x00, 0x00, 0x00, 0x00,
    0x00, 0x00, 0x00, 0x00, 0x00, 0x0F, 0x80, 0x01, 0xFC, 0x00, 0x38, 0x00, 0x03, 0x00, 0x00, 0x30,
    0x00, 0x07, 0xF0, 0x01, 0xFF, 0x80, 0x03, 0x00, 0x00, 0x30, 0x00, 0x03, 0x00, 0x00, 0x30, 0x00,
    0x03, 0x00, 0x00, 0x30, 0x00, 0x03, 0x00, 0x00, 0x30, 0x00, 0x03, 0x00, 0x00, 0x30, 0x00, 0x00,
    0x00, 0x00, 0x00, 0x00, 0x00, 0x00, 0x00, 0x00, 0x00, 0x00, 0x00, 0x00, 0x00, 0x00, 0x00, 0x00,
    0x00, 0x00, 0x00, 0x03, 0x80, 0x00, 0xFF, 0xC0, 0x1C, 0x60, 0x01, 0x83, 0x00, 0x18, 0x30, 0x01,
    0x87, 0x00, 0x0F, 0xE0, 0x01, 0xFC, 0x00, 0x18, 0x00, 0x01, 0x80, 0x00, 0x1F, 0xF8, 0x01, 0xFF,
    0x80, 0x30, 0x0C, 0x03, 0x01, 0xC0, 0x38, 0x38, 0x01, 0x00, 0x00, 0x18, 0x00, 0x01, 0x80, 0x00,
    0x18, 0x00, 0x01, 0x80, 0x00, 0x19, 0xE0, 0x01, 0xFF, 0x00, 0x1C, 0x30, 0x01, 0x83, 0x80, 0x18,
    0x38, 0x01, 0x83, 0x80, 0x18, 0x38, 0x01, 0x83, 0x80, 0x18, 0x38, 0x01, 0x83, 0x80, 0x18, 0x38,
    0x01, 0x01, 0x00, 0x00, 0x00, 0x00, 0x00, 0x00, 0x00, 0x00, 0x00, 0x00, 0x00, 0x03, 0x80, 0x00,
    0x38, 0x00, 0x01, 0x00, 0x00, 0x00, 0x00, 0x01, 0x00, 0x00, 0x18, 0x00, 0x01, 0x80, 0x00, 0x18,
    0x00, 0x01, 0x80, 0x00, 0x18, 0x00, 0x01, 0x80, 0x00, 0x18, 0x00, 0x01, 0x80, 0x00, 0x18, 0x00,
    0x01, 0x80, 0x00, 0x10, 0x00, 0x00, 0x00, 0x00, 0x00, 0x00, 0x00, 0x00, 0x00, 0x00, 0x00, 0x01,
    0xC0, 0x00, 0x1C, 0x00, 0x00, 0x80, 0x00, 0x00, 0x00, 0x00, 0x80, 0x00, 0x1C, 0x00, 0x00, 0xC0,
    0x00, 0x0C, 0x00, 0x00, 0xC0, 0x00, 0x0C, 0x00, 0x00, 0xC0, 0x00, 0x0C, 0x00, 0x00, 0xC0, 0x00,
    0x0C, 0x00, 0x00, 0xC0, 0x00, 0x0C, 0x00, 0x01, 0xC0, 0x00, 0x1C, 0x00, 0x33, 0x80, 0x01, 0x80,
    0x00, 0x18, 0x00, 0x01, 0x80, 0x00, 0x18, 0x00, 0x01, 0x80, 0x00, 0x18, 0x10, 0x01, 0x87, 0x00,
    0x18, 0xE0, 0x01, 0x8C, 0x00, 0x19, 0x80, 0x01, 0xF8, 0x00, 0x1F, 0xC0, 0x01, 0xCE, 0x00, 0x18,
    0x60, 0x01, 0x83, 0x00, 0x18, 0x38, 0x01, 0x81, 0x80, 0x00, 0x00, 0x00, 0x00, 0x00, 0x00, 0x00,
    0x00, 0x30, 0x00, 0x03, 0x00, 0x00, 0x30, 0x00, 0x03, 0x00, 0x00, 0x30, 0x00, 0x03, 0x00, 0x00,
    0x30, 0x00, 0x03, 0x00, 0x00, 0x30, 0x00, 0x03, 0x00, 0x00, 0x30, 0x00, 0x03, 0x00, 0x00, 0x30,
    0x00, 0x03, 0x00, 0x00, 0x38, 0x00, 0x01, 0xF8, 0x00, 0x0F, 0x00, 0x00, 0x00, 0x00, 0x00, 0x00,
    0x00, 0x00, 0x00, 0x00, 0x00, 0x00, 0x00, 0x00, 0x00, 0x00, 0x00, 0x00, 0x00, 0x00, 0x01, 0x1C,
    0x3C, 0x1F, 0xE7, 0xE1, 0xC7, 0xC6, 0x18, 0x38, 0x71, 0x83, 0x03, 0x18, 0x30, 0x31, 0x83, 0x03,
    0x18, 0x30, 0x31, 0x83, 0x03, 0x18, 0x30, 0x31, 0x83, 0x03, 0x10, 0x10, 0x20, 0x00, 0x00, 0x00,
    0x00, 0x00, 0x00, 0x00, 0x00, 0x00, 0x00, 0x00, 0x00, 0x00, 0x00, 0x00, 0x00, 0x00, 0x00, 0x00,
    0x00, 0x11, 0xE0, 0x03, 0xFF, 0x00, 0x1C, 0x70, 0x01, 0x83, 0x80, 0x18, 0x38, 0x01, 0x83, 0x80,
    0x18, 0x38, 0x01, 0x83, 0x80, 0x18, 0x38, 0x01, 0x83, 0x80, 0x18, 0x38, 0x01, 0x01, 0x00, 0x00,
    0x00, 0x00, 0x00, 0x00, 0x00, 0x00, 0x00, 0x00, 0x00, 0x00, 0x00, 0x00, 0x00, 0x00, 0x00, 0x00,
    0x00, 0x00, 0x00, 0x01, 0x00, 0x00, 0xFE, 0x00, 0x1C, 0x70, 0x03, 0x83, 0x80, 0x30, 0x18, 0x03,
    0x01, 0x80, 0x30, 0x18, 0x03, 0x01, 0x80, 0x38, 0x38, 0x01, 0xC7, 0x00, 0x0F, 0xE0, 0x00, 0x38,
    0x00, 0x00, 0x00, 0x00, 0x00, 0x00, 0x00, 0x00, 0x00, 0x00, 0x00, 0x00, 0x00, 0x00, 0x00, 0x00,
    0x00, 0x00, 0x00, 0x00, 0x00, 0x01, 0xC0, 0x03, 0xFF, 0x00, 0x3C, 0x70, 0x03, 0x83, 0x80, 0x30,
    0x18, 0x03, 0x01, 0x80, 0x30, 0x18, 0x03, 0x01, 0x80, 0x30, 0x38, 0x03, 0x87, 0x00, 0x3F, 0xF0,
    0x03, 0x7C, 0x00, 0x30, 0x00, 0x03, 0x00, 0x00, 0x30, 0x00, 0x00, 0x00, 0x00, 0x00, 0x00, 0x00,
    0x00, 0x00, 0x00, 0x00, 0x00, 0x00, 0x00, 0x03, 0x80, 0x00, 0xFF, 0x80, 0x1C, 0x78, 0x03, 0x83,
    0x80, 0x30, 0x38, 0x03, 0x03, 0x80, 0x30, 0x38, 0x03, 0x03, 0x80, 0x30, 0x38, 0x03, 0x87, 0x80,
    0x1F, 0xF8, 0x00, 0xFB, 0x80, 0x00, 0x38, 0x00, 0x03, 0x80, 0x00, 0x38, 0x00, 0x00, 0x00, 0x00,
    0x00, 0x00, 0x00, 0x00, 0x00, 0x00, 0x00, 0x00, 0x00, 0x08, 0xF0, 0x00, 0xDF, 0x80, 0x0F, 0x00,
    0x00, 0xE0, 0x00, 0x0C, 0x00, 0x00, 0xC0, 0x00, 0x0C, 0x00, 0x00, 0xC0, 0x00, 0x0C, 0x00, 0x00,
    0xC0, 0x00, 0x0C, 0x00, 0x00, 0x80, 0x00, 0x00, 0x00, 0x00, 0x00, 0x00, 0x00, 0x00, 0x00, 0x00,
    0x00, 0x00, 0x00, 0x00, 0x00, 0x00, 0x00, 0x00, 0x00, 0x00, 0x00, 0x07, 0xE0, 0x00, 0xFF, 0x00,
    0x18, 0x10, 0x01, 0x80, 0x00, 0x0F, 0x00, 0x00, 0x7E, 0x00, 0x00, 0xF0, 0x00, 0x03, 0x80, 0x00,
    0x18, 0x01, 0xC3, 0x80, 0x1F, 0xF0, 0x00, 0x3C, 0x00, 0x00, 0x00, 0x00, 0x00, 0x00, 0x00, 0x00,
    0x00, 0x00, 0x00, 0x00, 0x00, 0x00, 0x20, 0x00, 0x06, 0x00, 0x00, 0x60, 0x00, 0x07, 0x70, 0x03,
    0xFF, 0x80, 0x06, 0x00, 0x00, 0x60, 0x00, 0x06, 0x00, 0x00, 0x60, 0x00, 0x06, 0x00, 0x00, 0x60,
    0x00, 0x07, 0x00, 0x00, 0x30, 0x00, 0x03, 0xF8, 0x00, 0x0E, 0x00, 0x00, 0x00, 0x00, 0x00, 0x00,
    0x00, 0x00, 0x00, 0x00, 0x00, 0x00, 0x00, 0x00, 0x00, 0x00, 0x00, 0x00, 0x00, 0x00, 0x00, 0x10,
    0x30, 0x03, 0x03, 0x00, 0x30, 0x30, 0x03, 0x03, 0x00, 0x30, 0x30, 0x03, 0x03, 0x00, 0x30, 0x30,
    0x03, 0x03, 0x00, 0x38, 0x30, 0x01, 0xCF, 0x00, 0x1F, 0xF0, 0x00, 0x70, 0x00, 0x00, 0x00, 0x00,
    0x00, 0x00, 0x00, 0x00, 0x00, 0x00, 0x00, 0x00, 0x00, 0x00, 0x00, 0x00, 0x00, 0x00, 0x00, 0x00,
    0x00, 0x30, 0x18, 0x03, 0x01, 0x80, 0x18, 0x30, 0x01, 0x83, 0x00, 0x1C, 0x70, 0x00, 0xC6, 0x00,
    0x0C, 0x60, 0x00, 0x6C, 0x00, 0x06, 0xC0, 0x00, 0x7C, 0x00, 0x03, 0x80, 0x00, 0x10, 0x00, 0x00,
    0x00, 0x00, 0x00, 0x00, 0x00, 0x00, 0x00, 0x00, 0x00, 0x00, 0x00, 0x00, 0x00, 0x00, 0x00, 0x00,
    0x00, 0x00, 0x01, 0x81, 0x03, 0x18, 0x38, 0x31, 0xC3, 0x86, 0x0C, 0x7C, 0x60, 0xC6, 0xC6, 0x0E,
    0x6C, 0xE0, 0x6C, 0x4C, 0x06, 0xC6, 0xC0, 0x6C, 0x6C, 0x03, 0x87, 0x80, 0x38, 0x38, 0x01, 0x03,
    0x00, 0x00, 0x00, 0x00, 0x00, 0x00, 0x00, 0x00, 0x00, 0x00, 0x00, 0x00, 0x00, 0x00, 0x00, 0x00,
    0x00, 0x00, 0x00, 0x00, 0x00, 0x10, 0x30, 0x01, 0x83, 0x00, 0x0C, 0x60, 0x00, 0xEC, 0x00, 0x07,
    0xC0, 0x00, 0x38, 0x00, 0x03, 0x80, 0x00, 0x7C, 0x00, 0x0C, 0xE0, 0x01, 0xC6, 0x00, 0x18, 0x30,
    0x01, 0x01, 0x00, 0x00, 0x00, 0x00, 0x00, 0x00, 0x00, 0x00, 0x00, 0x00, 0x00, 0x00, 0x00, 0x00,
    0x00, 0x00, 0x00, 0x00, 0x00, 0x00, 0x00, 0x00, 0x00, 0x03, 0x01, 0x80, 0x38, 0x38, 0x01, 0x83,
    0x00, 0x1C, 0x30, 0x00, 0xC6, 0x00, 0x0C, 0x60, 0x00, 0x66, 0x00, 0x06, 0xC0, 0x00, 0x3C, 0x00,
    0x03, 0x80, 0x00, 0x18, 0x00, 0x03, 0x80, 0x00, 0x30, 0x00, 0x07, 0x00, 0x00, 0x00, 0x00, 0x00,
    0x00, 0x00, 0x00, 0x00, 0x00, 0x00, 0x00, 0x00, 0x00, 0x0F, 0xF0, 0x01, 0xFF, 0x00, 0x00, 0x70,
    0x00, 0x0E, 0x00, 0x01, 0xC0, 0x00, 0x18, 0x00, 0x03, 0x00, 0x00, 0x60, 0x00, 0x0C, 0x00, 0x01,
    0xC0, 0x00, 0x3F, 0xF8, 0x01, 0xFF, 0x00, 0x00, 0x00, 0x00, 0x00, 0x00, 0x00, 0x00, 0x00, 0x00,
    0x70, 0x00, 0x06, 0x00, 0x00, 0x60, 0x00, 0x06, 0x00, 0x00, 0x60, 0x00, 0x06, 0x00, 0x00, 0x60,
    0x00, 0x06, 0x00, 0x01, 0xC0, 0x00, 0x0C, 0x00, 0x00, 0x60, 0x00, 0x06, 0x00, 0x00, 0x60, 0x00,
    0x06, 0x00, 0x00, 0x60, 0x00, 0x06, 0x00, 0x00, 0x70, 0x00, 0x03, 0x00, 0x00, 0x00, 0x00, 0x00,
    0x00, 0x30, 0x00, 0x03, 0x00, 0x00, 0x30, 0x00, 0x03, 0x00, 0x00, 0x30, 0x00, 0x03, 0x00, 0x00,
    0x30, 0x00, 0x03, 0x00, 0x00, 0x30, 0x00, 0x03, 0x00, 0x00, 0x30, 0x00, 0x03, 0x00, 0x00, 0x30,
    0x00, 0x03, 0x00, 0x00, 0x30, 0x00, 0x03, 0x00, 0x00, 0x30, 0x00, 0x03, 0x00, 0x00, 0x10, 0x00,
    0x00, 0x00, 0x1C, 0x00, 0x00, 0xC0, 0x00, 0x0C, 0x00, 0x00, 0xC0, 0x00, 0x0C, 0x00, 0x00, 0xC0,
    0x00, 0x0C, 0x00, 0x00, 0xC0, 0x00, 0x07, 0x00, 0x00, 0xE0, 0x00, 0x0C, 0x00, 0x00, 0xC0, 0x00,
    0x0C, 0x00, 0x00, 0xC0, 0x00, 0x0C, 0x00, 0x00, 0xC0, 0x00, 0x1C, 0x00, 0x03, 0x80, 0x00, 0x00,
    0x00, 0x00, 0x00, 0x00, 0x00, 0x00, 0x00, 0x00, 0x00, 0x00, 0x00, 0x00, 0x00, 0x00, 0x00, 0x00,
    0x00, 0x00, 0x00, 0x07, 0xC0, 0x00, 0xFE, 0x01, 0x1C, 0x70, 0x33, 0x81, 0xC7, 0x00, 0x0F, 0xE0,
    0x00, 0x38, 0x00, 0x00, 0x00, 0x00, 0x00, 0x00, 0x00, 0x00, 0x00, 0x00, 0x00, 0x00, 0x00, 0x00,
    0x00, 0x00, 0x00, 0x00, 0x00, 0x00, 0x00, 0x01, 0xB0, 0x00, 0x13, 0x00, 0x03, 0x60, 0x00, 0x26,
    0x00, 0x06, 0xC0, 0x00, 0x6C, 0x00, 0x06, 0xC0, 0x00, 0x48, 0x00, 0x04, 0x80, 0x00, 0x48, 0x00,
    0x04, 0x80, 0x00, 0x6C, 0x00, 0x06, 0xC0, 0x00, 0x6C, 0x00, 0x03, 0x60, 0x00, 0x36, 0x00, 0x01,
    0xB0, 0x00, 0x19, 0x00, 0x00, 0x00, 0x00, 0x00, 0x13, 0x00, 0x01, 0xB0, 0x00, 0x0D, 0x80, 0x00,
    0xD8, 0x00, 0x06, 0xC0, 0x00, 0x6C, 0x00, 0x06, 0xC0, 0x00, 0x2C, 0x00, 0x02, 0xC0, 0x00, 0x2C,
    0x00, 0x02, 0xC0, 0x00, 0x6C, 0x00, 0x06, 0xC0, 0x00, 0x68, 0x00, 0x0D, 0x80, 0x00, 0xD8, 0x00,
    0x1B, 0x00, 0x03, 0x30, 0x00, 0x00, 0x00, 0x00, 0x00, 0x00, 0x00, 0x00, 0x00, 0x00, 0x00, 0x00,
    0x00, 0x00, 0x00, 0x00, 0x00, 0x00, 0x00, 0x00, 0x00, 0x00, 0x00, 0x00, 0x00, 0x00, 0x00, 0x00,
    0x00, 0x00, 0x00, 0x00, 0x00, 0x00, 0xC0, 0x00, 0x1F, 0x00, 0x03, 0x10, 0x00, 0x21, 0x00, 0x03,
    0x10, 0x00, 0x3B, 0x00, 0x01, 0xE0, 0x00, 0x00, 0x00, 0x00, 0x00, 0x00, 0x0F, 0xE0, 0x00, 0xC0,
    0x00, 0x0C, 0x00, 0x00, 0xC0, 0x00, 0x0C, 0x00, 0x00, 0xC0, 0x00, 0x0C, 0x00, 0x00, 0xC0, 0x00,
    0x0C, 0x00, 0x00, 0xC0, 0x00, 0x0C, 0x00, 0x00, 0xC0, 0x00, 0x00, 0x00, 0x00, 0x00, 0x00, 0x00,
    0x00, 0x00, 0x00, 0x00, 0x00, 0x00, 0x00, 0x00, 0x00, 0x00, 0x00, 0x00, 0x00, 0x00, 0x00, 0x00,
    0x00, 0x00, 0x00, 0x00, 0x00, 0x00, 0x00, 0x00, 0x00, 0x00, 0x00, 0x18, 0x00, 0x01, 0x80, 0x00,
    0x18, 0x00, 0x01, 0x80, 0x00, 0x18, 0x00, 0x01, 0x80, 0x00, 0x18, 0x00, 0x01, 0x80, 0x00, 0x18,
    0x00, 0x01, 0x80, 0x00, 0x18, 0x00, 0x3F, 0x80, 0x03, 0xF8, 0x00, 0x00, 0x00, 0x00, 0x00, 0x00,
    0x00, 0x00, 0x00, 0x00, 0x00, 0x00, 0x00, 0x00, 0x00, 0x00, 0x00, 0x00, 0x00, 0x00, 0x00, 0x00,
    0x00, 0x00, 0x00, 0x00, 0x00, 0x00, 0x00, 0x00, 0x00, 0x00, 0x00, 0x00, 0x00, 0x00, 0x30, 0x00,
    0x03, 0x80, 0x00, 0x1C, 0x00, 0x00, 0xE0, 0x00, 0x07, 0x00, 0x00, 0x00, 0x00, 0x00, 0x00, 0x00,
    0x00, 0x00, 0x00, 0x00, 0x00, 0x00, 0x00, 0x00, 0x00, 0x00, 0x00, 0x00, 0x00, 0x00, 0x00, 0x00,
    0x00, 0x00, 0x00, 0x00, 0x60, 0x00, 0x0F, 0x00, 0x00, 0xF0, 0x00, 0x06, 0x00, 0x00, 0x00, 0x00,
    0x00, 0x00, 0x00, 0x00, 0x00, 0x00, 0x00, 0x00, 0x00, 0x00, 0x00, 0x00, 0x00, 0x00, 0x00, 0x00,
    0x00, 0x00, 0x00, 0x00, 0x00, 0x00, 0x00, 0x00, 0x00, 0x00, 0x00, 0x01, 0xFE, 0x00, 0x00, 0xE0,
    0x00, 0x04, 0x00, 0x00, 0x40, 0x00, 0x0C, 0x00, 0x1F, 0xC0, 0x00, 0x0C, 0x00, 0x00, 0xC0, 0x00,
    0x08, 0x00, 0x01, 0x80, 0x00, 0x30, 0x00, 0x03, 0x00, 0x00, 0x60, 0x00, 0x0C, 0x00, 0x00, 0x00,
    0x00, 0x00, 0x00, 0x00, 0x00, 0x00, 0x00, 0x00, 0x00, 0x00, 0x00, 0x00, 0x00, 0x00, 0x00, 0x00,
    0x00, 0x00, 0x00, 0x00, 0x00, 0x1F, 0xC0, 0x00, 0x0C, 0x00, 0x02, 0xC0, 0x00, 0x78, 0x00, 0x03,
    0x80, 0x00, 0x60, 0x00, 0x06, 0x00, 0x00, 0x60, 0x00, 0x06, 0x00, 0x00, 0xC0, 0x00, 0x0C, 0x00,
    0x00, 0x80, 0x00, 0x00, 0x00, 0x00, 0x00, 0x00, 0x00, 0x00, 0x00, 0x00, 0x00, 0x00, 0x00, 0x00,
    0x00, 0x00, 0x00, 0x00, 0x00, 0x18, 0x00, 0x01, 0x80, 0x00, 0x30, 0x00, 0x07, 0x00, 0x00, 0xE0,
    0x00, 0x1E, 0x00, 0x01, 0xA0, 0x00, 0x02, 0x00, 0x00, 0x20, 0x00, 0x02, 0x00, 0x00, 0x20, 0x00,
    0x02, 0x00, 0x00, 0x20, 0x00, 0x00, 0x00, 0x00, 0x00, 0x00, 0x00, 0x00, 0x00, 0x00, 0x00, 0x00,
    0x00, 0x00, 0x00, 0x00, 0x02, 0x00, 0x00, 0x20, 0x00, 0x0F, 0xC0, 0x01, 0xFC, 0x00, 0x18, 0xC0,
    0x01, 0x8C, 0x00, 0x18, 0xC0, 0x00, 0x8C, 0x00, 0x00, 0x80, 0x00, 0x18, 0x00, 0x01, 0x80, 0x00,
    0x70, 0x00, 0x06, 0x00, 0x00, 0x00, 0x00, 0x00, 0x00, 0x00, 0x00, 0x00, 0x00, 0x00, 0x00, 0x00,
    0x00, 0x00, 0x00, 0x00, 0x00, 0x00, 0x00, 0x00, 0x00, 0x00, 0x00, 0x1F, 0x80, 0x01, 0xFC, 0x00,
    0x02, 0x00, 0x00, 0x20, 0x00, 0x02, 0x00, 0x00, 0x20, 0x00, 0x02, 0x00, 0x00, 0x20, 0x00, 0x06,
    0x00, 0x01, 0xFC, 0x00, 0x1F, 0xC0, 0x00, 0x00, 0x00, 0x00, 0x00, 0x00, 0x00, 0x00, 0x00, 0x00,
    0x00, 0x00, 0x00, 0x00, 0x00, 0x00, 0x00, 0x00, 0x03, 0x00, 0x00, 0x30, 0x00, 0x03, 0x00, 0x01,
    0xFC, 0x00, 0x1F, 0xC0, 0x00, 0x30, 0x00, 0x07, 0x00, 0x00, 0x70, 0x00, 0x0F, 0x00, 0x01, 0xB0,
    0x00, 0x1B, 0x00, 0x00, 0x30, 0x00, 0x07, 0x00, 0x00, 0x00, 0x00, 0x00, 0x00, 0x00, 0x00, 0x00,
    0x00, 0x00, 0x00, 0x00, 0x00, 0x00, 0x00, 0x00, 0x00, 0x00, 0x00, 0x00, 0x00, 0xC0, 0x00, 0x0C,
    0xC0, 0x00, 0xFC, 0x00, 0x1F, 0xC0, 0x01, 0xC8, 0x00, 0x04, 0x80, 0x00, 0x58, 0x00, 0x06, 0x00,
    0x00, 0x60, 0x00, 0x06, 0x00, 0x00, 0x60, 0x00, 0x02, 0x00, 0x00, 0x00, 0x00, 0x00, 0x00, 0x00,
    0x00, 0x00, 0x00, 0x00, 0x00, 0x00, 0x00, 0x00, 0x00, 0x00, 0x00, 0x00, 0x00, 0x00, 0x00, 0x00,
    0x00, 0x0F, 0x00, 0x01, 0xF8, 0x00, 0x01, 0x80, 0x00, 0x18, 0x00, 0x01, 0x80, 0x00, 0x18, 0x00,
    0x01, 0x00, 0x00, 0x10, 0x00, 0x01, 0x00, 0x01, 0xFC, 0x00, 0x1F, 0xC0, 0x00, 0x00, 0x00, 0x00,
    0x00, 0x00, 0x00, 0x00, 0x00, 0x00, 0x00, 0x00, 0x00, 0x00, 0x00, 0x00, 0x00, 0x00, 0x00, 0x00,
    0x00, 0x00, 0x00, 0x0F, 0x80, 0x01, 0xF8, 0x00, 0x00, 0x80, 0x00, 0x08, 0x00, 0x01, 0x80, 0x00,
    0xF8, 0x00, 0x00, 0x80, 0x00, 0x08, 0x00, 0x00, 0x80, 0x01, 0xF8, 0x00, 0x0F, 0x80, 0x00, 0x08,
    0x00, 0x00, 0x00, 0x00, 0x00, 0x00, 0x00, 0x00, 0x00, 0x00, 0x00, 0x00, 0x00, 0x00, 0x00, 0x00,
    0x00, 0x00, 0x00, 0x40, 0x00, 0x16, 0xC0, 0x01, 0x6C, 0x00, 0x12, 0xC0, 0x01, 0xAC, 0x00, 0x18,
    0x80, 0x00, 0x18, 0x00, 0x01, 0x80, 0x00, 0x10, 0x00, 0x03, 0x00, 0x00, 0x60, 0x00, 0x0C, 0x00,
    0x00, 0x00, 0x00, 0x00, 0x00, 0x00, 0x00, 0x00, 0x00, 0x00, 0x00, 0x00, 0x00, 0x00, 0x00, 0x00,
    0x00, 0x00, 0x00, 0x00, 0x00, 0x00, 0x00, 0x00, 0x00, 0x00, 0x00, 0x00, 0x1F, 0xE0, 0x01, 0xFE,
    0x00, 0x00, 0x00, 0x00, 0x00, 0x00, 0x00, 0x00, 0x00, 0x00, 0x00, 0x00, 0x00, 0x00, 0x00, 0x00,
    0x00, 0x00, 0x00, 0x00, 0x00, 0x00, 0x00, 0x00, 0x00, 0x00, 0x00, 0x00, 0x00, 0x00, 0x00, 0x00,
    0x00, 0x03, 0xFE, 0x00, 0x00, 0x60, 0x00, 0x06, 0x00, 0x02, 0xC0, 0x00, 0x2C, 0x00, 0x03, 0x80,
    0x00, 0x20, 0x00, 0x06, 0x00, 0x00, 0x60, 0x00, 0x06, 0x00, 0x00, 0x60, 0x00, 0x0C, 0x00, 0x00,
    0xC0, 0x00, 0x18, 0x00, 0x00, 0x00, 0x00, 0x00, 0x00, 0x00, 0x00, 0x00, 0x00, 0x00, 0x00, 0x04,
    0x00, 0x00, 0xC0, 0x00, 0x0C, 0x00, 0x01, 0x80, 0x00, 0x38, 0x00, 0x07, 0x00, 0x00, 0xF0, 0x00,
    0x1F, 0x00, 0x03, 0xB0, 0x00, 0x03, 0x00, 0x00, 0x30, 0x00, 0x03, 0x00, 0x00, 0x30, 0x00, 0x03,
    0x00, 0x00, 0x30, 0x00, 0x03, 0x00, 0x00, 0x00, 0x00, 0x00, 0x00, 0x00, 0x00, 0x00, 0x00, 0x00,
    0x00, 0x20, 0x00, 0x02, 0x00, 0x00, 0x20, 0x00, 0x1F, 0xC0, 0x01, 0xFE, 0x00, 0x10, 0x60, 0x01,
    0x04, 0x00, 0x10, 0x40, 0x01, 0x0C, 0x00, 0x10, 0xC0, 0x00, 0x0C, 0x00, 0x00, 0x80, 0x00, 0x18,
    0x00, 0x03, 0x80, 0x00, 0x70, 0x00, 0x0E, 0x00, 0x00, 0x00, 0x00, 0x00, 0x00, 0x00, 0x00, 0x00,
    0x00, 0x00, 0x00, 0x00, 0x00, 0x00, 0x00, 0x01, 0xFC, 0x00, 0x1F, 0xC0, 0x00, 0x20, 0x00, 0x02,
    0x00, 0x00, 0x20, 0x00, 0x02, 0x00, 0x00, 0x20, 0x00, 0x02, 0x00, 0x00, 0x20, 0x00, 0x02, 0x00,
    0x00, 0x20, 0x00, 0x3F, 0xE0, 0x03, 0xFE, 0x00, 0x00, 0x00, 0x00, 0x00, 0x00, 0x00, 0x00, 0x00,
    0x00, 0x00, 0x00, 0x00, 0x00, 0x18, 0x00, 0x01, 0x80, 0x00, 0x18, 0x00, 0x1F, 0xE0, 0x01, 0xFE,
    0x00, 0x03, 0x80, 0x00, 0x38, 0x00, 0x03, 0x80, 0x00, 0x78, 0x00, 0x07, 0x80, 0x00, 0xD8, 0x00,
    0x19, 0x80, 0x01, 0x98, 0x00, 0x11, 0x80, 0x00, 0x38, 0x00, 0x07, 0x80, 0x00, 0x00, 0x00, 0x00,
    0x00, 0x00, 0x00, 0x00, 0x00, 0x00, 0x00, 0x40, 0x00, 0x06, 0x00, 0x00, 0x60, 0x00, 0x06, 0x00,
    0x03, 0xFC, 0x00, 0x3F, 0xC0, 0x00, 0x44, 0x00, 0x04, 0xC0, 0x00, 0xCC, 0x00, 0x0C, 0xC0, 0x00,
    0xCC, 0x00, 0x08, 0xC0, 0x01, 0x8C, 0x00, 0x18, 0xC0, 0x03, 0x3C, 0x00, 0x21, 0x80, 0x00, 0x00,
    0x00, 0x00, 0x00, 0x00, 0x00, 0x00, 0x00, 0x00, 0x00, 0x60, 0x00, 0x06, 0x00, 0x00, 0x68, 0x00,
    0x07, 0xC0, 0x01, 0xF0, 0x00, 0x3E, 0x00, 0x00, 0x60, 0x00, 0x06, 0x40, 0x00, 0x3E, 0x00, 0x1F,
    0x80, 0x03, 0xE0, 0x00, 0x03, 0x00, 0x00, 0x30, 0x00, 0x03, 0x00, 0x00, 0x30, 0x00, 0x03, 0x00,
    0x00, 0x00, 0x00, 0x00, 0x00, 0x00, 0x00, 0x00, 0x00, 0x00, 0x00, 0x60, 0x00, 0x06, 0x00, 0x00,
    0x7C, 0x00, 0x07, 0xC0, 0x00, 0xCC, 0x00, 0x0C, 0xC0, 0x01, 0x8C, 0x00, 0x18, 0xC0, 0x00, 0x08,
    0x00, 0x01, 0x80, 0x00, 0x18, 0x00, 0x03, 0x00, 0x00, 0x70, 0x00, 0x06, 0x00, 0x00, 0xC0, 0x00,
    0x08, 0x00, 0x00, 0x00, 0x00, 0x00, 0x00, 0x00, 0x00, 0x00, 0x00, 0x00, 0x00, 0x40, 0x00, 0x0C,
    0x00, 0x00, 0xC0, 0x00, 0x0C, 0x00, 0x00, 0xFE, 0x00, 0x1F, 0xC0, 0x01, 0x98, 0x00, 0x19, 0x80,
    0x03, 0x18, 0x00, 0x01, 0x00, 0x00, 0x30, 0x00, 0x03, 0x00, 0x00, 0x30, 0x00, 0x06, 0x00, 0x00,
    0x60, 0x00, 0x0C, 0x00, 0x00, 0x00, 0x00, 0x00, 0x00, 0x00, 0x00, 0x00, 0x00, 0x00, 0x00, 0x00,
    0x00, 0x00, 0x00, 0x01, 0xFC, 0x00, 0x1E, 0xC0, 0x00, 0x0C, 0x00, 0x00, 0xC0, 0x00, 0x0C, 0x00,
    0x00, 0xC0, 0x00, 0x0C, 0x00, 0x00, 0xC0, 0x00, 0x0C, 0x00, 0x00, 0xC0, 0x01, 0xFC, 0x00, 0x1F,
    0xC0, 0x00, 0x0C, 0x00, 0x00, 0x00, 0x00, 0x00, 0x00, 0x00, 0x00, 0x00, 0x00, 0x00, 0x00, 0x00,
    0x00, 0x98, 0x00, 0x19, 0x80, 0x01, 0x98, 0x00, 0x19, 0x80, 0x03, 0xFE, 0x00, 0x3F, 0xC0, 0x00,
    0x98, 0x00, 0x19, 0x80, 0x01, 0x98, 0x00, 0x19, 0x80, 0x00, 0x10, 0x00, 0x03, 0x00, 0x00, 0x30,
    0x00, 0x06, 0x00, 0x00, 0x60, 0x00, 0x04, 0x00, 0x00, 0x00, 0x00, 0x00, 0x00, 0x00, 0x00, 0x00,
    0x00, 0x00, 0x00, 0x80, 0x00, 0x0C, 0x00, 0x00, 0x60, 0x00, 0x06, 0x00, 0x00, 0x00, 0x00, 0x30,
    0x60, 0x01, 0x86, 0x00, 0x0C, 0x60, 0x00, 0x0C, 0x00, 0x00, 0xC0, 0x00, 0x18, 0x00, 0x03, 0x80,
    0x00, 0x70, 0x00, 0x0E, 0x00, 0x01, 0xC0, 0x00, 0x18, 0x00, 0x00, 0x00, 0x00, 0x00, 0x00, 0x00,
    0x00, 0x00, 0x00, 0x00, 0x00, 0x00, 0x00, 0x00, 0x00, 0x01, 0xFC, 0x00, 0x00, 0xC0, 0x00, 0x08,
    0x00, 0x01, 0x80, 0x00, 0x18, 0x00, 0x01, 0x80, 0x00, 0x30, 0x00, 0x03, 0x00, 0x00, 0x78, 0x00,
    0x07, 0x80, 0x00, 0xCC, 0x00, 0x18, 0xC0, 0x03, 0x86, 0x00, 0x10, 0x40, 0x00, 0x00, 0x00, 0x00,
    0x00, 0x00, 0x00, 0x00, 0x00, 0x00, 0x00, 0xC0, 0x00, 0x0C, 0x00, 0x00, 0xC0, 0x00, 0x0C, 0xC0,
    0x00, 0xFE, 0x00, 0x1F, 0xC0, 0x03, 0xCC, 0x00, 0x2C, 0x80, 0x00, 0xD8, 0x00, 0x0D, 0x80, 0x00,
    0xC0, 0x00, 0x0C, 0x00, 0x00, 0xC0, 0x00, 0x0C, 0x40, 0x00, 0x7C, 0x00, 0x03, 0x80, 0x00, 0x00,
    0x00, 0x00, 0x00, 0x00, 0x00, 0x00, 0x00, 0x00, 0x00, 0x00, 0x00, 0x10, 0x40, 0x03, 0x04, 0x00,
    0x18, 0x40, 0x01, 0x8C, 0x00, 0x18, 0xC0, 0x00, 0x8C, 0x00, 0x08, 0xC0, 0x00, 0x18, 0x00, 0x01,
    0x80, 0x00, 0x18, 0x00, 0x03, 0x00, 0x00, 0x30, 0x00, 0x06, 0x00, 0x00, 0xE0, 0x00, 0x0C, 0x00,
    0x00, 0x00, 0x00, 0x00, 0x00, 0x00, 0x00, 0x00, 0x00, 0x00, 0x00, 0x60, 0x00, 0x06, 0x00, 0x00,
    0x7C, 0x00, 0x0F, 0xC0, 0x00, 0xCC, 0x00, 0x08, 0xC0, 0x01, 0x8C, 0x00, 0x36, 0x80, 0x03, 0x78,
    0x00, 0x03, 0x80, 0x00, 0x18, 0x00, 0x03, 0x80, 0x00, 0x78, 0x00, 0x06, 0x00, 0x00, 0xC0, 0x00,
    0x1C, 0x00, 0x01, 0x80, 0x00, 0x00, 0x00, 0x00, 0x00, 0x00, 0x00, 0x00, 0x00, 0x08, 0x00, 0x0F,
    0xC0, 0x01, 0xF0, 0x00, 0x06, 0x00, 0x00, 0x20, 0x00, 0x02, 0x00, 0x00, 0x70, 0x00, 0x3F, 0xE0,
    0x00, 0x70, 0x00, 0x02, 0x00, 0x00, 0x60, 0x00, 0x06, 0x00, 0x00, 0x60, 0x00, 0x0C, 0x00, 0x01,
    0xC0, 0x00, 0x18, 0x00, 0x00, 0x00, 0x00, 0x00, 0x00, 0x00, 0x00, 0x00, 0x00, 0x00, 0x00, 0x00,
    0x00, 0x06, 0x00, 0x02, 0x66, 0x00, 0x36, 0x60, 0x03, 0x64, 0x00, 0x32, 0x40, 0x01, 0x0C, 0x00,
    0x10, 0xC0, 0x00, 0x0C, 0x00, 0x01, 0x80, 0x00, 0x18, 0x00, 0x03, 0x00, 0x00, 0x30, 0x00, 0x06,
    0x00, 0x00, 0xC0, 0x00, 0x0C, 0x00, 0x00, 0x00, 0x00, 0x00, 0x00, 0x00, 0x00, 0x00, 0x00, 0x00,
    0x00, 0x00, 0x00, 0x1F, 0xC0, 0x00, 0xFC, 0x00, 0x00, 0x00, 0x00, 0x00, 0x00, 0x3F, 0xE0, 0x03,
    0xFE, 0x00, 0x02, 0x00, 0x00, 0x20, 0x00, 0x02, 0x00, 0x00, 0x20, 0x00, 0x06, 0x00, 0x00, 0x60,
    0x00, 0x0C, 0x00, 0x00, 0xC0, 0x00, 0x08, 0x00, 0x00, 0x00, 0x00, 0x00, 0x00, 0x00, 0x00, 0x00,
    0x00, 0x00, 0x00, 0xC0, 0x00, 0x0C, 0x00, 0x00, 0xC0, 0x00, 0x0C, 0x00, 0x00, 0xC0, 0x00, 0x0C,
    0x00, 0x00, 0xE0, 0x00, 0x0F, 0x00, 0x00, 0xDC, 0x00, 0x0C, 0xC0, 0x00, 0xC0, 0x00, 0x0C, 0x00,
    0x00, 0xC0, 0x00, 0x0C, 0x00, 0x00, 0xC0, 0x00, 0x0C, 0x00, 0x00, 0x00, 0x00, 0x00, 0x00, 0x00,
    0x00, 0x00, 0x00, 0x00, 0x00, 0x20, 0x00, 0x02, 0x00, 0x00, 0x20, 0x00, 0x02, 0x00, 0x03, 0x74,
    0x00, 0x3F, 0xE0, 0x00, 0x60, 0x00, 0x02, 0x00, 0x00, 0x60, 0x00, 0x06, 0x00, 0x00, 0x60, 0x00,
    0x06, 0x00, 0x00, 0x60, 0x00, 0x0C, 0x00, 0x01, 0xC0, 0x00, 0x18, 0x00, 0x00, 0x00, 0x00, 0x00,
    0x00, 0x00, 0x00, 0x00, 0x00, 0x00, 0x00, 0x00, 0x00, 0x00, 0x00, 0x00, 0xFC, 0x00, 0x1F, 0xC0,
    0x00, 0x00, 0x00, 0x00, 0x00, 0x00, 0x00, 0x00, 0x00, 0x00, 0x00, 0x00, 0x00, 0x00, 0x00, 0x00,
    0x00, 0x00, 0x00, 0x00, 0x01, 0xFE, 0x00, 0x3F, 0xE0, 0x00, 0x00, 0x00, 0x00, 0x00, 0x00, 0x00,
    0x00, 0x00, 0x00, 0x00, 0x00, 0x00, 0x00, 0x00, 0x00, 0x00, 0x00, 0x00, 0x00, 0x01, 0xFC, 0x00,
    0x00, 0xC0, 0x00, 0x08, 0x00, 0x00, 0x80, 0x00, 0x98, 0x00, 0x0D, 0x80, 0x00, 0x78, 0x00, 0x07,
    0x00, 0x00, 0x30, 0x00, 0x07, 0x80, 0x00, 0x78, 0x00, 0x0C, 0xC0, 0x01, 0x80, 0x00, 0x18, 0x00,
    0x00, 0x00, 0x00, 0x00, 0x00, 0x00, 0x00, 0x00, 0x00, 0x00, 0x00, 0x20, 0x00, 0x02, 0x00, 0x01,
    0xF8, 0x00, 0x1F, 0xC0, 0x00, 0x0C, 0x00, 0x01, 0x80, 0x00, 0x18, 0x00, 0x03, 0x00, 0x00, 0x60,
    0x00, 0x0E, 0x80, 0x01, 0xEC, 0x00, 0x32, 0x60, 0x02, 0x22, 0x00, 0x02, 0x00, 0x00, 0x20, 0x00,
    0x02, 0x00, 0x00, 0x00, 0x00, 0x00, 0x00, 0x00, 0x00, 0x00, 0x00, 0x00, 0x00, 0x00, 0x00, 0x00,
    0x80, 0x00, 0x0C, 0x00, 0x00, 0x80, 0x00, 0x18, 0x00, 0x01, 0x80, 0x00, 0x18, 0x00, 0x01, 0x80,
    0x00, 0x30, 0x00, 0x03, 0x00, 0x00, 0x60, 0x00, 0x06, 0x00, 0x00, 0xC0, 0x00, 0x1C, 0x00, 0x01,
    0x80, 0x00, 0x10, 0x00, 0x00, 0x00, 0x00, 0x00, 0x00, 0x00, 0x00, 0x00, 0x00, 0x00, 0x00, 0x00,
    0x00, 0x00, 0x00, 0x00, 0xD8, 0x00, 0x0D, 0x80, 0x00, 0xD8, 0x00, 0x08, 0x80, 0x01, 0x8C, 0x00,
    0x18, 0xC0, 0x01, 0x8C, 0x00, 0x18, 0xC0, 0x01, 0x84, 0x00, 0x10, 0x60, 0x03, 0x06, 0x00, 0x30,
    0x60, 0x03, 0x06, 0x00, 0x00, 0x00, 0x00, 0x00, 0x00, 0x00, 0x00, 0x00, 0x00, 0x00, 0x00, 0x00,
    0x01, 0x00, 0x00, 0x18, 0x00, 0x01, 0x80, 0x00, 0x18, 0x00, 0x01, 0x98, 0x00, 0x1B, 0x80, 0x01,
    0xE0, 0x00, 0x1C, 0x00, 0x01, 0x80, 0x00, 0x18, 0x00, 0x01, 0x80, 0x00, 0x18, 0x00, 0x01, 0x80,
    0x00, 0x18, 0x80, 0x01, 0xFC, 0x00, 0x0F, 0x80, 0x00, 0x00, 0x00, 0x00, 0x00, 0x00, 0x00, 0x00,
    0x00, 0x00, 0x00, 0x00, 0x00, 0x00, 0x00, 0x01, 0xFC, 0x00, 0x1E, 0xC0, 0x00, 0x0C, 0x00, 0x00,
    0xC0, 0x00, 0x0C, 0x00, 0x00, 0xC0, 0x00, 0x0C, 0x00, 0x01, 0x80, 0x00, 0x18, 0x00, 0x03, 0x00,
    0x00, 0x30, 0x00, 0x06, 0x00, 0x00, 0xE0, 0x00, 0x0C, 0x00, 0x00, 0x00, 0x00, 0x00, 0x00, 0x00,
    0x00, 0x00, 0x00, 0x00, 0x00, 0x00, 0x00, 0x00, 0x00, 0x00, 0x00, 0x00, 0x0E, 0x00, 0x00, 0xE0,
    0x00, 0x0F, 0x00, 0x01, 0xB0, 0x00, 0x19, 0x80, 0x03, 0x18, 0x00, 0x30, 0xC0, 0x02, 0x0C, 0x00,
    0x00, 0xC0, 0x00, 0x06, 0x00, 0x00, 0x60, 0x00, 0x00, 0x00, 0x00, 0x00, 0x00, 0x00, 0x00, 0x00,
    0x00, 0x00, 0x00, 0x00, 0x00, 0x00, 0x00, 0x20, 0x00, 0x02, 0x00, 0x00, 0x20, 0x00, 0x02, 0x00,
    0x03, 0xFE, 0x00, 0x1F, 0xC0, 0x00, 0x20, 0x00, 0x02, 0x00, 0x01, 0xAC, 0x00, 0x1A, 0xC0, 0x01,
    0x24, 0x00, 0x32, 0x60, 0x03, 0x26, 0x00, 0x02, 0x00, 0x00, 0x60, 0x00, 0x0E, 0x00, 0x00, 0x00,
    0x00, 0x00, 0x00, 0x00, 0x00, 0x00, 0x00, 0x00, 0x00, 0x00, 0x00, 0x00, 0x00, 0x03, 0xFE, 0x00,
    0x1F, 0xE0, 0x00, 0x04, 0x00, 0x00, 0xC0, 0x00, 0x0C, 0x00, 0x01, 0x80, 0x00, 0x98, 0x00, 0x0F,
    0x00, 0x00, 0x70, 0x00, 0x06, 0x00, 0x00, 0x30, 0x00, 0x03, 0x00, 0x00, 0x18, 0x00, 0x01, 0x00,
    0x00, 0x00, 0x00, 0x00, 0x00, 0x00, 0x00, 0x00, 0x00, 0x00, 0x00, 0x80, 0x00, 0x0F, 0x00, 0x00,
    0x78, 0x00, 0x01, 0xC0, 0x00, 0x00, 0x00, 0x00, 0x00, 0x00, 0xC0, 0x00, 0x0F, 0x00, 0x00, 0x38,
    0x00, 0x00, 0x00, 0x00, 0x00, 0x00, 0x00, 0x00, 0x01, 0xC0, 0x00, 0x0F, 0x00, 0x00, 0x38, 0x00,
    0x00, 0x80, 0x00, 0x00, 0x00, 0x00, 0x00, 0x00, 0x00, 0x00, 0x00, 0x00, 0x00, 0x00, 0x00, 0x06,
    0x00, 0x00, 0x60, 0x00, 0x06, 0x00, 0x00, 0x40, 0x00, 0x0C, 0x00, 0x00, 0xC0, 0x00, 0x0C, 0x80,
    0x00, 0xD8, 0x00, 0x08, 0xC0, 0x01, 0x8C, 0x00, 0x18, 0xC0, 0x01, 0xBC, 0x00, 0x3F, 0xE0, 0x03,
    0xC6, 0x00, 0x00, 0x60, 0x00, 0x00, 0x00, 0x00, 0x00, 0x00, 0x00, 0x00, 0x00, 0x00, 0x00, 0x08,
    0x00, 0x00, 0xC0, 0x00, 0x08, 0x00, 0x01, 0x80, 0x01, 0x98, 0x00, 0x1D, 0x80, 0x00, 0xF0, 0x00,
    0x07, 0x00, 0x00, 0x30, 0x00, 0x03, 0x80, 0x00, 0x78, 0x00, 0x06, 0xC0, 0x00, 0xC4, 0x00, 0x18,
    0x00, 0x03, 0x80, 0x00, 0x10, 0x00, 0x00, 0x00, 0x00, 0x00, 0x00, 0x00, 0x00, 0x00, 0x00, 0x00,
    0x00, 0x00, 0x00, 0x1F, 0x80, 0x01, 0xFC, 0x00, 0x06, 0x00, 0x00, 0x60, 0x00, 0x06, 0x00, 0x00,
    0x60, 0x00, 0x3F, 0xE0, 0x03, 0xFE, 0x00, 0x06, 0x00, 0x00, 0x60, 0x00, 0x06, 0x00, 0x00, 0x60,
    0x00, 0x06, 0x00, 0x00, 0x7C, 0x00, 0x03, 0xC0, 0x00, 0x00, 0x00, 0x00, 0x00, 0x00, 0x00, 0x00,
    0x00, 0x00, 0x00, 0x80, 0x00, 0x08, 0x00, 0x00, 0xC4, 0x00, 0x0D, 0xE0, 0x00, 0xFE, 0x00, 0x3E,
    0x40, 0x03, 0xCC, 0x00, 0x0C, 0xC0, 0x00, 0x58, 0x00, 0x07, 0x80, 0x00, 0x60, 0x00, 0x06, 0x00,
    0x00, 0x60, 0x00, 0x06, 0x00, 0x00, 0x60, 0x00, 0x02, 0x00, 0x00, 0x00, 0x00, 0x00, 0x00, 0x00,
    0x00, 0x00, 0x00, 0x00, 0x00, 0x00, 0x00, 0x00, 0x00, 0x01, 0xF8, 0x00, 0x1F, 0xC0, 0x00, 0x08,
    0x00, 0x00, 0x80, 0x00, 0x08, 0x00, 0x01, 0x80, 0x00, 0x18, 0x00, 0x01, 0x80, 0x00, 0x18, 0x00,
    0x01, 0x80, 0x01, 0x1C, 0x00, 0x3F, 0xE0, 0x03, 0xFE, 0x00, 0x00, 0x00, 0x00, 0x00, 0x00, 0x00,
    0x00, 0x00, 0x00, 0x00, 0x00, 0x00, 0x00, 0x00, 0x00, 0x00, 0x00, 0x01, 0xFC, 0x00, 0x0E, 0xC0,
    0x00, 0x0C, 0x00, 0x00, 0xC0, 0x00, 0x0C, 0x00, 0x1F, 0xC0, 0x00, 0xEC, 0x00, 0x00, 0xC0, 0x00,
    0x0C, 0x00, 0x00, 0xC0, 0x00, 0x0C, 0x00, 0x1F, 0xC0, 0x01, 0xFC, 0x00, 0x00, 0x40, 0x00, 0x00,
    0x00, 0x00, 0x00, 0x00, 0x00, 0x00, 0x00, 0x00, 0x00, 0x00, 0x00, 0x1F, 0xC0, 0x00, 0xF8, 0x00,
    0x00, 0x00, 0x00, 0x00, 0x00, 0x1F, 0xC0, 0x01, 0xFC, 0x00, 0x00, 0xC0, 0x00, 0x0C, 0x00, 0x00,
    0xC0, 0x00, 0x18, 0x00, 0x01, 0x80, 0x00, 0x30, 0x00, 0x03, 0x00, 0x00, 0xE0, 0x00, 0x0C, 0x00,
    0x00, 0x00, 0x00, 0x00, 0x00, 0x00, 0x00, 0x00, 0x00, 0x00, 0x00, 0x88, 0x00, 0x18, 0xC0, 0x01,
    0x88, 0x00, 0x18, 0xC0, 0x01, 0x8C, 0x00, 0x18, 0xC0, 0x01, 0x88, 0x00, 0x18, 0x80, 0x01, 0x88,
    0x00, 0x18, 0x80, 0x00, 0x08, 0x00, 0x01, 0x80, 0x00, 0x18, 0x00, 0x03, 0x00, 0x00, 0x70, 0x00,
    0x06, 0x00, 0x00, 0x00, 0x00, 0x00, 0x00, 0x00, 0x00, 0x00, 0x00, 0x00, 0x00, 0x00, 0x00, 0x1B,
    0x00, 0x01, 0xB0, 0x00, 0x1B, 0x00, 0x01, 0xB0, 0x00, 0x1B, 0x00, 0x01, 0xB0, 0x00, 0x1B, 0x00,
    0x01, 0xB0, 0x00, 0x1B, 0x20, 0x01, 0xB6, 0x00, 0x1B, 0x60, 0x01, 0x3C, 0x00, 0x33, 0x80, 0x03,
    0x38, 0x00, 0x21, 0x00, 0x00, 0x00, 0x00, 0x00, 0x00, 0x00, 0x00, 0x00, 0x00, 0x00, 0x00, 0x00,
    0x00, 0x18, 0x00, 0x01, 0x80, 0x00, 0x18, 0x00, 0x01, 0x80, 0x00, 0x18, 0x00, 0x01, 0x80, 0x00,
    0x18, 0x60, 0x01, 0x86, 0x00, 0x18, 0xC0, 0x01, 0x8C, 0x00, 0x19, 0x80, 0x01, 0xB0, 0x00, 0x1F,
    0x00, 0x01, 0xC0, 0x00, 0x08, 0x00, 0x00, 0x00, 0x00, 0x00, 0x00, 0x00, 0x00, 0x00, 0x00, 0x00,
    0x00, 0x00, 0x00, 0x00, 0x00, 0x01, 0xFE, 0x00, 0x1F, 0xE0, 0x01, 0x06, 0x00, 0x10, 0x60, 0x01,
    0x06, 0x00, 0x10, 0x60, 0x01, 0x06, 0x00, 0x10, 0x60, 0x01, 0x06, 0x00, 0x10, 0x60, 0x01, 0xFE,
    0x00, 0x1F, 0xE0, 0x01, 0x86, 0x00, 0x00, 0x00, 0x00, 0x00, 0x00, 0x00, 0x00, 0x00, 0x00, 0x00,
    0x00, 0x00, 0x00, 0x00, 0x00, 0x00, 0x00, 0x01, 0xFC, 0x00, 0x18, 0xE0, 0x01, 0x04, 0x00, 0x10,
    0x40, 0x01, 0x0C, 0x00, 0x10, 0xC0, 0x00, 0x0C, 0x00, 0x00, 0xC0, 0x00, 0x08, 0x00, 0x01, 0x80,
    0x00, 0x18, 0x00, 0x03, 0x00, 0x00, 0x60, 0x00, 0x04, 0x00, 0x00, 0x00, 0x00, 0x00, 0x00, 0x00,
    0x00, 0x00, 0x00, 0x00, 0x00, 0x00, 0x00, 0x10, 0x00, 0x01, 0x80, 0x00, 0x0C, 0x00, 0x00, 0xC4,
    0x00, 0x04, 0x60, 0x00, 0x04, 0x00, 0x00, 0xC0, 0x00, 0x0C, 0x00, 0x01, 0x80, 0x00, 0x18, 0x00,
    0x03, 0x00, 0x00, 0x60, 0x00, 0x1E, 0x00, 0x01, 0xC0, 0x00, 0x10, 0x00, 0x00, 0x00, 0x00, 0x00,
    0x00, 0x00, 0x00, 0x00, 0x2C, 0x00, 0x03, 0x40, 0x00, 0x36, 0x00, 0x01, 0x00, 0x00, 0x00, 0x00,
    0x00, 0x00, 0x00, 0x00, 0x00, 0x00, 0x00, 0x00, 0x00, 0x00, 0x00, 0x00, 0x00, 0x00, 0x00, 0x00,
    0x00, 0x00, 0x00, 0x00, 0x00, 0x00, 0x00, 0x00, 0x00, 0x00, 0x00, 0x00, 0x00, 0x00, 0x00, 0x00,
    0x00, 0x00, 0x00, 0x00, 0x00, 0x00, 0x3C, 0x00, 0x02, 0x40, 0x00, 0x24, 0x00, 0x03, 0xC0, 0x00,
    0x00, 0x00, 0x00, 0x00, 0x00, 0x00, 0x00, 0x00, 0x00, 0x00, 0x00, 0x00, 0x00, 0x00, 0x00, 0x00,
    0x00, 0x00, 0x00, 0x00, 0x00, 0x00, 0x00, 0x00, 0x00, 0x00, 0x00, 0x00, 0x00, 0x00, 0x00, 0x00,
    0x00, 0x00, 0x00, 0x00, 0x00, 0x00, 0x00, 0x00, 0x1C, 0x00, 0x71, 0xC0, 0x0F, 0x1A, 0x00, 0xB1,
    0xB0, 0x1B, 0x19, 0x83, 0x31, 0x8C, 0x63, 0x18, 0x4C, 0x31, 0x86, 0x83, 0x18, 0x38, 0x31, 0x83,
    0x83, 0x18, 0x6C, 0x31, 0x84, 0x43, 0x18, 0x86, 0x31, 0x98, 0x33, 0x1B, 0x01, 0xB1, 0xE0, 0x0B,
    0x1C, 0x00, 0x71, 0xC0, 0x07, 0x1F, 0xFF, 0xF0, 0x00, 0x00, 0x00, 0x00, 0x00, 0x00, 0x00, 0x00,
    0x00, 0x00, 0x00, 0x00, 0x07, 0xFF, 0x00, 0x7F, 0xF8, 0x00, 0x01, 0x80, 0x00, 0x18, 0x00, 0x01,
    0x80, 0x00, 0x18, 0x00, 0x01, 0x80, 0x00, 0x18, 0x00, 0x01, 0x80, 0x00, 0x10, 0x00, 0x00, 0x00,
    0x00, 0x00, 0x00, 0x00, 0x00, 0x00, 0x00, 0x00, 0x00, 0x00, 0x00, 0x00, 0x00, 0x00, 0x00, 0x00,
    0x00, 0x00, 0x00, 0x00, 0x00, 0x00, 0x0F, 0xDF, 0x80, 0xFD, 0xF8, 0x00, 0xC0, 0x80, 0x0C, 0x08,
    0x00, 0xC0, 0x80, 0x0C, 0x08, 0x00, 0xC0, 0x80, 0x0C, 0x08, 0x00, 0xC0, 0x80, 0x04, 0x08, 0x00,
    0x00, 0x00, 0x00, 0x00, 0x00, 0x00, 0x00, 0x00, 0x00, 0x00, 0x00, 0x00, 0x00, 0x00, 0x00, 0x00,
    0x00, 0x00, 0x00, 0x00, 0x00, 0x00, 0x00, 0x00, 0x0F, 0xC2, 0x00, 0xFC, 0x70, 0x00, 0xC7, 0x00,
    0x0C, 0x70, 0x00, 0xC7, 0x00, 0x0C, 0x70, 0x00, 0xC7, 0x00, 0x0C, 0xD8, 0x00, 0xF8, 0xC0, 0x0D,
    0x04, 0x00, 0x00, 0x00, 0x00, 0x00, 0x00, 0x00, 0x00, 0x00, 0x00, 0x00, 0x00, 0x00, 0x00, 0x00,
    0x00, 0x00, 0x00, 0x00, 0x00, 0x00, 0x00, 0x00, 0x00, 0x00, 0x06, 0x00, 0x00, 0x60, 0x00, 0x06,
    0x00, 0x00, 0x60, 0x00, 0x06, 0x00, 0x00, 0x60, 0x00, 0x06, 0x00, 0x00, 0x60, 0x00, 0x07, 0xFF,
    0x80, 0x7F, 0xF0, 0x00, 0x00, 0x00, 0x00, 0x00, 0x00, 0x00, 0x00, 0x00, 0x00, 0x00, 0x00, 0x00,
    0x00, 0x00, 0x00, 0x00, 0x00, 0x00, 0x00, 0x00, 0x00, 0x00, 0x00, 0x00, 0x04, 0x3F, 0x80, 0x63,
    0xF8, 0x06, 0x06, 0x00, 0x60, 0x60, 0x06, 0x06, 0x00, 0x60, 0x60, 0x06, 0x0F, 0x00, 0x61, 0xF0,
    0x07, 0xF9, 0xC0, 0x7F, 0x0C, 0x00, 0x00, 0x00, 0x00, 0x00, 0x00, 0x00, 0x00, 0x00, 0x00, 0x00,
    0x00, 0x00, 0x00, 0x00, 0x00, 0x00, 0x00, 0x00, 0x00, 0x00, 0x00, 0x00, 0x00, 0x00, 0x04, 0x06,
    0x00, 0x60, 0xE0, 0x06, 0x3F, 0x80, 0x60, 0x00, 0x06, 0x0F, 0x00, 0x61, 0x98, 0x06, 0x11, 0x80,
    0x61, 0x18, 0x07, 0xD9, 0x80, 0x7C, 0xF0, 0x00, 0x00, 0x00, 0x00, 0x00, 0x00, 0x00, 0x00, 0x00,
    0x00, 0x00, 0x00, 0x00, 0x00, 0x00, 0x00, 0x00, 0x00, 0x00, 0x00, 0x00, 0x00, 0x00, 0x00, 0x00,
    0x07, 0xFF, 0x00, 0x7F, 0xF0, 0x06, 0x00, 0x00, 0x60, 0x00, 0x06, 0x00, 0x00, 0x60, 0x00, 0x06,
    0x00, 0x00, 0x60, 0x00, 0x07, 0xFF, 0x00, 0x7F, 0xF0, 0x00, 0x00, 0x00, 0x00, 0x00, 0x00, 0x00,
    0x00, 0x00, 0x00, 0x00, 0x00, 0x00, 0x00, 0x00, 0x00, 0x00, 0x00, 0x00, 0x00, 0x00, 0x00, 0x00,
    0x00, 0x00, 0x07, 0xFF, 0x80, 0x7D, 0xF8, 0x06, 0x18, 0x00, 0x61, 0x80, 0x06, 0x18, 0x00, 0x61,
    0x80, 0x06, 0x18, 0x00, 0x61, 0x80, 0x07, 0xFF, 0x80, 0x7C, 0xF8, 0x00, 0x00, 0x00, 0x00, 0x00,
    0x00, 0x00, 0x00, 0x00, 0x00, 0x00, 0x00, 0x00, 0x00, 0x00, 0x00, 0x00, 0x00, 0x00, 0x00, 0x00,
    0x00, 0x00, 0x7F, 0xF0, 0x07, 0xFF, 0x80, 0x00, 0x18, 0x00, 0x01, 0x80, 0x00, 0x18, 0x07, 0xFF,
    0x80, 0x60, 0x00, 0x06, 0x00, 0x00, 0x60, 0x00, 0x07, 0xFF, 0x80, 0x7F, 0xF0, 0x00, 0x00, 0x00,
    0x00, 0x00, 0x00, 0x00, 0x00, 0x00, 0x00, 0x00, 0x00, 0x00, 0x00, 0x00, 0x00, 0x00, 0x00, 0x00,
    0x00, 0x00, 0x00, 0x00, 0x00, 0x00, 0x0F, 0xFF, 0x80, 0xFF, 0xF8, 0x00, 0xC1, 0x80, 0x0C, 0x18,
    0x0F, 0xC1, 0x80, 0xC0, 0x18, 0x0C, 0x01, 0x80, 0xC0, 0x18, 0x0F, 0xE1, 0x80, 0xFE, 0x18, 0x00,
    0x00, 0x00, 0x00, 0x00, 0x00, 0x00, 0x00, 0x00, 0x00, 0x00, 0x00, 0x00, 0x00, 0x00, 0x00, 0x00,
    0x00, 0x00, 0x00, 0x00, 0x00, 0x00, 0x00, 0x00, 0x0F, 0xDF, 0x80, 0xFF, 0xF8, 0x00, 0xF0, 0x80,
    0x0F, 0x08, 0x0F, 0xF0, 0x80, 0xC1, 0x08, 0x0C, 0x10, 0x80, 0xC3, 0x08, 0x0F, 0xFF, 0x80, 0xFD,
    0xF8, 0x00, 0x00, 0x00, 0x00, 0x00, 0x00, 0x00, 0x00, 0x00, 0x00, 0x00, 0x00, 0x00, 0x00, 0x00,
    0x00, 0x00, 0x00, 0x00, 0x00, 0x00, 0x00, 0x00, 0x00, 0x00, 0x0F, 0xD0, 0x80, 0xFF, 0x18, 0x00,
    0xF1, 0x80, 0x0F, 0xF8, 0x0F, 0xFF, 0x80, 0xC1, 0x08, 0x0C, 0x11, 0x80, 0xC3, 0x18, 0x0F, 0xFF,
    0x80, 0xFD, 0xF8, 0x00, 0x00, 0x00, 0x00, 0x00, 0x00, 0x00, 0x00, 0x00, 0x00, 0x00, 0x00, 0x00,
    0x00, 0x00, 0x00, 0x00, 0x00, 0x00, 0x00, 0x00, 0x00, 0x00, 0x00, 0x00, 0x0F, 0xC6, 0x00, 0xFC,
    0x60, 0x00, 0xC6, 0x00, 0x0C, 0x60, 0x0F, 0xC6, 0x00, 0xC0, 0x60, 0x0C, 0x0F, 0x00, 0xC0, 0xF0,
    0x0F, 0xF9, 0xC0, 0xFF, 0x0C, 0x00, 0x00, 0x00, 0x00, 0x00, 0x00, 0x00, 0x00, 0x00, 0x00, 0x00,
    0x00, 0x00, 0x00, 0x00, 0x00, 0x00, 0x00, 0x00, 0x00, 0x00, 0x00, 0x00, 0x00, 0x00, 0x0F, 0xDF,
    0x80, 0xFD, 0xF8, 0x00, 0xD8, 0x00, 0x0D, 0x80, 0x0F, 0xDF, 0x80, 0xC1, 0x80, 0x0C, 0x18, 0x00,
    0xC1, 0x80, 0x0F, 0xFF, 0x80, 0xFD, 0xF8, 0x00, 0x00, 0x00, 0x00, 0x00, 0x00, 0x00, 0x00, 0x00,
    0x00, 0x00, 0x00, 0x00, 0x00, 0x00, 0x00, 0x00, 0x00, 0x00, 0x00, 0x00, 0x00, 0x00, 0x00, 0x00,
    0x0F, 0xDF, 0xC0, 0xFD, 0xF8, 0x00, 0xCD, 0x80, 0x0C, 0xD8, 0x0F, 0xCD, 0x80, 0xC0, 0xD8, 0x0C,
    0x0D, 0x80, 0xC0, 0xD8, 0x0F, 0xFF, 0x80, 0xFF, 0xFC, 0x00, 0x00, 0x00, 0x00, 0x00, 0x00, 0x00,
    0x00, 0x00, 0x00, 0x00, 0x00, 0x00, 0x00, 0x00, 0x00, 0x00, 0x00, 0x00, 0x00, 0x00, 0x00, 0x00,
    0x00, 0x40, 0x0F, 0x86, 0x00, 0xFD, 0xF8, 0x00, 0xFF, 0x80, 0x0C, 0x60, 0x0F, 0xDF, 0x00, 0xC1,
    0x98, 0x0C, 0x10, 0x80, 0xC1, 0x18, 0x0F, 0xD9, 0x80, 0xFC, 0xF0, 0x00, 0x00, 0x00, 0x00, 0x00,
    0x00, 0x00, 0x00, 0x00, 0x00, 0x00, 0x00, 0x00, 0x00, 0x00, 0x00, 0x00, 0x00, 0x00, 0x00, 0x00,
    0x00, 0x00, 0x00, 0x00, 0x07, 0xFF, 0x00, 0x7F, 0xF8, 0x06, 0x01, 0x80, 0x60, 0x18, 0x06, 0x01,
    0x80, 0x60, 0x18, 0x06, 0x01, 0x80, 0x60, 0x18, 0x07, 0xFF, 0x80, 0x7F, 0xF0, 0x00, 0x00, 0x00,
    0x00, 0x00, 0x00, 0x00, 0x00, 0x00, 0x00, 0x00, 0x00, 0x00, 0x00, 0x00, 0x00, 0x00, 0x00, 0x00,
    0x00, 0x00, 0x00, 0x00, 0x00, 0x00, 0x06, 0x03, 0x00, 0x60, 0x30, 0x06, 0x03, 0x00, 0x7F, 0xF0,
    0x07, 0xFF, 0x00, 0x60, 0x30, 0x06, 0x03, 0x00, 0x60, 0x30, 0x07, 0xFF, 0x00, 0x7F, 0xF0, 0x00,
    0x00, 0x00, 0x00, 0x00, 0x00, 0x00, 0x00, 0x00, 0x00, 0x00, 0x00, 0x00, 0x00, 0x00, 0x00, 0x00,
    0x00, 0x00, 0x00, 0x00, 0x00, 0x00, 0x00, 0x00, 0x06, 0x78, 0x80, 0x67, 0x88, 0x06, 0x78, 0x80,
    0x7F, 0xF8, 0x07, 0xFF, 0x80, 0x67, 0x88, 0x06, 0x78, 0x80, 0x67, 0x88, 0x07, 0xFF, 0x80, 0x7E,
    0xF8, 0x00, 0x00, 0x00, 0x00, 0x00, 0x00, 0x00, 0x00, 0x00, 0x00, 0x00, 0x00, 0x00, 0x00, 0x00,
    0x00, 0x00, 0x00, 0x00, 0x00, 0x00, 0x00, 0x00, 0x00, 0x00, 0x06, 0x63, 0x00, 0x66, 0x30, 0x06,
    0x63, 0x00, 0x7E, 0x30, 0x07, 0xE3, 0x00, 0x66, 0x70, 0x06, 0x67, 0x80, 0x66, 0xD8, 0x07, 0xF8,
    0xE0, 0x7F, 0x04, 0x00, 0x00, 0x00, 0x00, 0x00, 0x00, 0x00, 0x00, 0x00, 0x00, 0x00, 0x00, 0x00,
    0x00, 0x00, 0x00, 0x00, 0x00, 0x00, 0x00, 0x00, 0x00, 0x00, 0x00, 0x00, 0x00, 0x30, 0x00, 0x03,
    0x00, 0x00, 0x30, 0x00, 0x03, 0x00, 0x00, 0x70, 0x00, 0x07, 0x80, 0x00, 0xFC, 0x00, 0x1C, 0xE0,
    0x07, 0x87, 0x80, 0x60, 0x18, 0x00, 0x00, 0x00, 0x00, 0x00, 0x00, 0x00, 0x00, 0x00, 0x00, 0x00,
    0x00, 0x00, 0x00, 0x00, 0x00, 0x00, 0x00, 0x00, 0x00, 0x00, 0x00, 0x00, 0x00, 0x00, 0x01, 0x06,
    0x00, 0x38, 0x60, 0x03, 0x86, 0x00, 0x38, 0x60, 0x03, 0x86, 0x00, 0x38, 0xF0, 0x06, 0xCF, 0x00,
    0xEF, 0x98, 0x0C, 0x78, 0xC0, 0x02, 0x00, 0x00, 0x00, 0x00, 0x00, 0x00, 0x00, 0x00, 0x00, 0x00,
    0x00, 0x00, 0x00, 0x00, 0x00, 0x00, 0x00, 0x00, 0x00, 0x00, 0x00, 0x00, 0x00, 0x00, 0x07, 0x00,
    0x01, 0xFC, 0x00, 0x38, 0xE0, 0x07, 0x03, 0x00, 0x60, 0x38, 0x06, 0x01, 0x80, 0x60, 0x18, 0x06,
    0x03, 0x00, 0x38, 0x70, 0x01, 0xFE, 0x00, 0x07, 0x80, 0x00, 0x00, 0x00, 0x00, 0x00, 0x00, 0x00,
    0x00, 0x00, 0x00, 0x00, 0x00, 0x00, 0x00, 0x00, 0x00, 0x00, 0x00, 0x00, 0x00, 0x00, 0x00, 0x00,
    0x00, 0x00, 0x07, 0xFF, 0x80, 0x3F, 0xF0, 0x00, 0x30, 0x00, 0x03, 0x00, 0x00, 0x70, 0x00, 0x07,
    0x80, 0x00, 0xDC, 0x00, 0x1C, 0xE0, 0x07, 0x87, 0x80, 0x60, 0x18, 0x00, 0x00, 0x00, 0x00, 0x00,
    0x00, 0x00, 0x00, 0x00, 0x00, 0x00, 0x00, 0x00, 0x00, 0x00, 0x00, 0x00, 0x00, 0x00, 0x00, 0x00,
    0x00, 0x00, 0x00, 0x00, 0x0F, 0xFF, 0xC0, 0x38, 0x60, 0x03, 0x06, 0x00, 0x30, 0x60, 0x03, 0x86,
    0x00, 0x38, 0x70, 0x07, 0x8F, 0x00, 0xED, 0xD8, 0x1C, 0xF8, 0xC0, 0x03, 0x00, 0x00, 0x00, 0x00,
    0x00, 0x00, 0x00, 0x00, 0x00, 0x00, 0x00, 0x00, 0x00, 0x00, 0x00, 0x00, 0x00, 0x00, 0x00, 0x00,
    0x00, 0x00, 0x00, 0x00, 0x03, 0x00, 0x00, 0x30, 0x00, 0x7F, 0xF0, 0x07, 0xFF, 0x00, 0x07, 0x00,
    0x00, 0x70, 0x00, 0x07, 0x00, 0x00, 0xF8, 0x00, 0x0D, 0xC0, 0x03, 0x8F, 0x00, 0x70, 0x78, 0x00,
    0x00, 0x00, 0x00, 0x00, 0x00, 0x00, 0x00, 0x00, 0x00, 0x00, 0x00, 0x00, 0x00, 0x00, 0x00, 0x00,
    0x00, 0x00, 0x00, 0x00, 0x00, 0x00, 0x7F, 0xF0, 0x07, 0xFF, 0x00, 0x00, 0x30, 0x00, 0x03, 0x00,
    0x00, 0x30, 0x03, 0xFF, 0x00, 0xFF, 0xF0, 0x00, 0x03, 0x00, 0x00, 0x30, 0x00, 0x03, 0x00, 0x00,
    0x30, 0x00, 0x00, 0x00, 0x00, 0x00, 0x00, 0x00, 0x00, 0x00, 0x00, 0x00, 0x00, 0x00, 0x00, 0x00,
    0x00, 0x00, 0x00, 0x00, 0x00, 0x00, 0x00, 0x00, 0x00, 0x00, 0x07, 0xFF, 0x80, 0x7F, 0xF8, 0x06,
    0x00, 0x00, 0x60, 0x00, 0x07, 0xFF, 0x80, 0x70, 0x00, 0x06, 0x00, 0x00, 0x60, 0x00, 0x07, 0xFF,
    0x80, 0x7F, 0xF8, 0x00, 0x00, 0x00, 0x00, 0x00, 0x00, 0x00, 0x00, 0x00, 0x00, 0x00, 0x00, 0x00,
    0x00, 0x00, 0x00, 0x00, 0x00, 0x00, 0x00, 0x00, 0x00, 0x00, 0x00, 0x00, 0x07, 0xFF, 0x80, 0x7F,
    0xF8, 0x01, 0x84, 0x00, 0x18, 0x40, 0x01, 0x84, 0x00, 0x18, 0x40, 0x01, 0x84, 0x00, 0x18, 0x40,
    0x0F, 0xFF, 0x80, 0xFF, 0xF8, 0x00, 0x00, 0x00, 0x00, 0x00, 0x00, 0x00, 0x00, 0x00, 0x00, 0x00,
    0x00, 0x00, 0x00, 0x00, 0x00, 0x00, 0x00, 0x00, 0x00, 0x00, 0x00, 0x00, 0x03, 0x00, 0x00, 0x30,
    0x00, 0x7F, 0xF8, 0x07, 0xFF, 0x80, 0x00, 0x00, 0x00, 0xFC, 0x00, 0x1D, 0xE0, 0x03, 0x06, 0x00,
    0x30, 0x60, 0x01, 0x8E, 0x00, 0x1F, 0xC0, 0x00, 0x00, 0x00, 0x00, 0x00, 0x00, 0x00, 0x00, 0x00,
    0x00, 0x00, 0x00, 0x00, 0x00, 0x00, 0x1C, 0x00, 0x71, 0xC0, 0x0F, 0x1A, 0x00, 0xB1, 0xB0, 0x1B,
    0x19, 0x83, 0x31, 0x8C, 0x63, 0x18, 0x4C, 0x31, 0x86, 0x83, 0x18, 0x38, 0x31, 0x83, 0x83, 0x18,
    0x6C, 0x31, 0x84, 0x43, 0x18, 0x86, 0x31, 0x98, 0x33, 0x1B, 0x01, 0xB1, 0xE0, 0x0B, 0x1C, 0x00,
    0x71, 0xC0, 0x07, 0x1F, 0xFF, 0xF0, 0x00, 0x00, 0x1C, 0x00, 0x71, 0xC0, 0x0F, 0x1A, 0x00, 0xB1,
    0xB0, 0x1B, 0x19, 0x83, 0x31, 0x8C, 0x63, 0x18, 0x4C, 0x31, 0x86, 0x83, 0x18, 0x38, 0x31, 0x83,
    0x83, 0x18, 0x6C, 0x31, 0x84, 0x43, 0x18, 0x86, 0x31, 0x98, 0x33, 0x1B, 0x01, 0xB1, 0xE0, 0x0B,
    0x1C, 0x00, 0x71, 0xC0, 0x07, 0x1F, 0xFF, 0xF0, 0x00, 0x00, 0x1C, 0x00, 0x71, 0xC0, 0x0F, 0x1A,
    0x00, 0xB1, 0xB0, 0x1B, 0x19, 0x83, 0x31, 0x8C, 0x63, 0x18, 0x4C, 0x31, 0x86, 0x83, 0x18, 0x38,
    0x31, 0x83, 0x83, 0x18, 0x6C, 0x31, 0x84, 0x43, 0x18, 0x86, 0x31, 0x98, 0x33, 0x1B, 0x01, 0xB1,
    0xE0, 0x0B, 0x1C, 0x00, 0x71, 0xC0, 0x07, 0x1F, 0xFF, 0xF0, 0x00, 0x00, 0x00, 0x60, 0x00, 0x06,
    0x00, 0x00, 0x60, 0x00, 0x06, 0x00, 0x00, 0x60, 0x00, 0x06, 0x00, 0x00, 0x60, 0x00, 0x07, 0xE0,
    0x00, 0x7E, 0x00, 0x06, 0x00, 0x00, 0x60, 0x00, 0x06, 0x00, 0x00, 0x60, 0x00, 0x06, 0x00, 0x00,
    0x60, 0x00, 0x06, 0x00, 0x00, 0x60, 0x00, 0x06, 0x00, 0x00, 0x00, 0x00, 0x00, 0x00, 0x00, 0x8C,
    0x00, 0x18, 0xC0, 0x01, 0x8C, 0x00, 0x18, 0xC0, 0x01, 0x8C, 0x00, 0x18, 0xC0, 0x01, 0x8C, 0x00,
    0x1F, 0xC0, 0x01, 0xFC, 0x00, 0x18, 0xC0, 0x01, 0x8C, 0x00, 0x18, 0xC0, 0x01, 0x8C, 0x00, 0x18,
    0xC0, 0x01, 0x8C, 0x00, 0x18, 0xC0, 0x01, 0x8C, 0x00, 0x00, 0xC0, 0x00, 0x00, 0x00, 0x00, 0x00,
    0x00, 0x40, 0x00, 0x06, 0x00, 0x00, 0x60, 0x00, 0x06, 0x00, 0x00, 0x60, 0x00, 0x06, 0x00, 0x00,
    0x7E, 0x00, 0x06, 0x00, 0x00, 0x60, 0x00, 0x06, 0x00, 0x00, 0x7E, 0x00, 0x07, 0xC0, 0x00, 0x60,
    0x00, 0x06, 0x00, 0x00, 0x60, 0x00, 0x06, 0x00, 0x00, 0x60, 0x00, 0x06, 0x00, 0x00, 0x00, 0x00,
    0x00, 0x00, 0x00, 0x8C, 0x00, 0x18, 0xC0, 0x01, 0x8C, 0x00, 0x18, 0xC0, 0x01, 0x8C, 0x00, 0x1F,
    0xC0, 0x01, 0xFC, 0x00, 0x18, 0xC0, 0x01, 0x8C, 0x00, 0x18, 0xC0, 0x01, 0xFC, 0x00, 0x1F, 0xC0,
    0x01, 0x8C, 0x00, 0x18, 0xC0, 0x01, 0x8C, 0x00, 0x18, 0xC0, 0x01, 0x8C, 0x00, 0x08, 0xC0, 0x00,
    0x00, 0x00, 0x00, 0x00, 0x00, 0x1C, 0x00, 0x01, 0xC0, 0x00, 0x1C, 0x00, 0x01, 0xC0, 0x00, 0x1C,
    0x00, 0x01, 0xC0, 0x00, 0x1C, 0x00, 0x1F, 0xC0, 0x01, 0xFC, 0x00, 0x01, 0xC0, 0x00, 0x1C, 0x00,
    0x01, 0xC0, 0x00, 0x1C, 0x00, 0x01, 0xC0, 0x00, 0x1C, 0x00, 0x01, 0xC0, 0x00, 0x1C, 0x00, 0x01,
    0x80, 0x00, 0x00, 0x00, 0x00, 0x00, 0x00, 0x66, 0x00, 0x06, 0x60, 0x00, 0x66, 0x00, 0x06, 0x60,
    0x00, 0x66, 0x00, 0x06, 0x60, 0x00, 0x66, 0x00, 0x3E, 0x60, 0x03, 0xE6, 0x00, 0x06, 0x60, 0x00,
    0x66, 0x00, 0x06, 0x60, 0x00, 0x66, 0x00, 0x06, 0x60, 0x00, 0x66, 0x00, 0x06, 0x60, 0x00, 0x66,
    0x00, 0x00, 0x60, 0x00, 0x00, 0x00, 0x00, 0x00, 0x1C, 0x00, 0x71, 0xC0, 0x0F, 0x1A, 0x00, 0xB1,
    0xB0, 0x1B, 0x19, 0x83, 0x31, 0x8C, 0x63, 0x18, 0x4C, 0x31, 0x86, 0x83, 0x18, 0x38, 0x31, 0x83,
    0x83, 0x18, 0x6C, 0x31, 0x84, 0x43, 0x18, 0x86, 0x31, 0x98, 0x33, 0x1B, 0x01, 0xB1, 0xE0, 0x0B,
    0x1C, 0x00, 0x71, 0xC0, 0x07, 0x1F, 0xFF, 0xF0, 0x00, 0x00, 0x1C, 0x00, 0x71, 0xC0, 0x0F, 0x1A,
    0x00, 0xB1, 0xB0, 0x1B, 0x19, 0x83, 0x31, 0x8C, 0x63, 0x18, 0x4C, 0x31, 0x86, 0x83, 0x18, 0x38,
    0x31, 0x83, 0x83, 0x18, 0x6C, 0x31, 0x84, 0x43, 0x18, 0x86, 0x31, 0x98, 0x33, 0x1B, 0x01, 0xB1,
    0xE0, 0x0B, 0x1C, 0x00, 0x71, 0xC0, 0x07, 0x1F, 0xFF, 0xF0, 0x00, 0x00, 0x00, 0x1C, 0x00, 0x01,
    0xC0, 0x00, 0x1C, 0x00, 0x01, 0xC0, 0x00, 0x1C, 0x00, 0x1F, 0xC0, 0x00, 0xFC, 0x00, 0x01, 0xC0,
    0x00, 0x1C, 0x00, 0x01, 0xC0, 0x01, 0xFC, 0x00, 0x0F, 0xC0, 0x00, 0x1C, 0x00, 0x01, 0xC0, 0x00,
    0x1C, 0x00, 0x01, 0xC0, 0x00, 0x1C, 0x00, 0x01, 0xC0, 0x00, 0x00, 0x00, 0x00, 0x00, 0x00, 0x66,
    0x00, 0x06, 0x60, 0x00, 0x66, 0x00, 0x06, 0x60, 0x00, 0x66, 0x00, 0x3E, 0x60, 0x03, 0xE6, 0x00,
    0x06, 0x60, 0x00, 0x66, 0x00, 0x06, 0x60, 0x03, 0xE6, 0x00, 0x3E, 0x60, 0x00, 0x66, 0x00, 0x06,
    0x60, 0x00, 0x66, 0x00, 0x06, 0x60, 0x00, 0x66, 0x00, 0x06, 0x60, 0x00, 0x00, 0x00, 0x00, 0x00,
    0x00, 0x00, 0x00, 0x00, 0x00, 0x00, 0x00, 0x00, 0x02, 0x00, 0x00, 0x30, 0x00, 0x03, 0x00, 0x00,
    0x30, 0x00, 0x03, 0x00, 0x00, 0x30, 0x00, 0x03, 0x00, 0x00, 0x30, 0x03, 0xFF, 0xFE, 0x1F, 0xFF,
    0xC0, 0x00, 0x00, 0x00, 0x00, 0x00, 0x00, 0x00, 0x00, 0x00, 0x00, 0x00, 0x00, 0x00, 0x00, 0x00,
    0x00, 0x00, 0x00, 0x03, 0x00, 0x00, 0x30, 0x00, 0x03, 0x00, 0x00, 0x30, 0x00, 0x03, 0x00, 0x18,
    0x30, 0x01, 0x83, 0x00, 0x18, 0x3E, 0x01, 0x83, 0xC0, 0x18, 0x30, 0x01, 0x83, 0x01, 0xFF, 0xB0,
    0x3F, 0xFF, 0x01, 0xE0, 0x30, 0x00, 0x03, 0x00, 0x00, 0x30, 0x00, 0x03, 0x00, 0x00, 0x30, 0x00,
    0x00, 0x00, 0x00, 0x00, 0x00, 0x0C, 0xC0, 0x00, 0xCC, 0x00, 0x0C, 0xC0, 0x00, 0xCC, 0x00, 0x0C,
    0xC0, 0x00, 0xCC, 0x03, 0x0C, 0xC0, 0x30, 0xFC, 0x03, 0x0F, 0xC0, 0x30, 0xCC, 0x03, 0x0C, 0xC1,
    0xFF, 0xCC, 0x3F, 0xFC, 0xC0, 0x00, 0xCC, 0x00, 0x0C, 0xC0, 0x00, 0xCC, 0x00, 0x0C, 0xC0, 0x00,
    0x08, 0x00, 0x00, 0x00, 0x00, 0x00, 0x00, 0x00, 0x80, 0x00, 0x08, 0x00, 0x00, 0x80, 0x00, 0x08,
    0x00, 0x00, 0x80, 0x00, 0x08, 0x00, 0xC0, 0x80, 0x0C, 0x08, 0x00, 0xC0, 0x80, 0x0C, 0x08, 0x00,
    0xC0, 0x80, 0xFF, 0xE8, 0x0F, 0xFC, 0x80, 0x00, 0x08, 0x00, 0x00, 0x80, 0x00, 0x08, 0x00, 0x00,
    0x80, 0x00, 0x08, 0x00, 0x00, 0x00, 0x00, 0x00, 0x1C, 0x00, 0x71, 0xC0, 0x0F, 0x1A, 0x00, 0xB1,
    0xB0, 0x1B, 0x19, 0x83, 0x31, 0x8C, 0x63, 0x18, 0x4C, 0x31, 0x86, 0x83, 0x18, 0x38, 0x31, 0x83,
    0x83, 0x18, 0x6C, 0x31, 0x84, 0x43, 0x18, 0x86, 0x31, 0x98, 0x33, 0x1B, 0x01, 0xB1, 0xE0, 0x0B,
    0x1C, 0x00, 0x71, 0xC0, 0x07, 0x1F, 0xFF, 0xF0, 0x00, 0x00, 0x1C, 0x00, 0x71, 0xC0, 0x0F, 0x1A,
    0x00, 0xB1, 0xB0, 0x1B, 0x19, 0x83, 0x31, 0x8C, 0x63, 0x18, 0x4C, 0x31, 0x86, 0x83, 0x18, 0x38,
    0x31, 0x83, 0x83, 0x18, 0x6C, 0x31, 0x84, 0x43, 0x18, 0x86, 0x31, 0x98, 0x33, 0x1B, 0x01, 0xB1,
    0xE0, 0x0B, 0x1C, 0x00, 0x71, 0xC0, 0x07, 0x1F, 0xFF, 0xF0, 0x00, 0x00, 0x00, 0x00, 0x00, 0x00,
    0x00, 0x00, 0x00, 0x00, 0x10, 0x20, 0x01, 0x86, 0x00, 0x18, 0x60, 0x01, 0x86, 0x00, 0x18, 0x60,
    0x01, 0x86, 0x00, 0x18, 0x60, 0x01, 0x86, 0x01, 0xFF, 0xFE, 0x1F, 0xFF, 0xE0, 0x00, 0x00, 0x00,
    0x00, 0x00, 0x00, 0x00, 0x00, 0x00, 0x00, 0x00, 0x00, 0x00, 0x00, 0x00, 0x00, 0x00, 0x00, 0x00,
    0x00, 0x00, 0x00, 0x00, 0x00, 0x00, 0x00, 0x00, 0x00, 0x00, 0x00, 0x00, 0x00, 0x1F, 0xFF, 0xE1,
    0xFF, 0xFE, 0x00, 0x30, 0x00, 0x03, 0x00, 0x00, 0x30, 0x00, 0x03, 0x00, 0x00, 0x30, 0x00, 0x03,
    0x00, 0x00, 0x30, 0x00, 0x02, 0x00, 0x00, 0x00, 0x00, 0x00, 0x00, 0x00, 0x00, 0x00, 0x00, 0x00,
    0x00, 0x00, 0xC0, 0x00, 0x0C, 0x00, 0x00, 0xC0, 0x00, 0x0C, 0x00, 0x00, 0xC0, 0x00, 0x0C, 0x00,
    0x00, 0xC0, 0x03, 0xEC, 0x1F, 0xFE, 0xC0, 0x1C, 0x0C, 0x00, 0x80, 0xC0, 0x08, 0xFC, 0x00, 0x8F,
    0xC0, 0x08, 0x0C, 0x00, 0x80, 0xC0, 0x08, 0x0C, 0x00, 0x80, 0xC0, 0x00, 0x0C, 0x00, 0x00, 0x00,
    0x00, 0x00, 0x00, 0x00, 0x60, 0x00, 0x66, 0x00, 0x06, 0x60, 0x00, 0x66, 0x00, 0x06, 0x60, 0x00,
    0x66, 0x00, 0x06, 0x60, 0x01, 0x66, 0x1F, 0xFE, 0x60, 0x98, 0x66, 0x01, 0x86, 0x60, 0x1B, 0xE6,
    0x01, 0xBE, 0x60, 0x18, 0x66, 0x01, 0x86, 0x60, 0x18, 0x66, 0x01, 0x06, 0x60, 0x00, 0x26, 0x00,
    0x00, 0x00, 0x00, 0x00, 0x00, 0x00, 0xC0, 0x00, 0x0C, 0x00, 0x00, 0xC0, 0x00, 0x0C, 0x00, 0x00,
    0xC0, 0x00, 0x0C, 0x00, 0x00, 0xC0, 0x01, 0xEC, 0x1F, 0xFE, 0xC0, 0xFE, 0x0C, 0x00, 0xC0, 0xC0,
    0x0C, 0x0C, 0x00, 0xC0, 0xC0, 0x0C, 0x0C, 0x00, 0xC0, 0xC0, 0x0C, 0x0C, 0x00, 0x40, 0xC0, 0x00,
    0x0C, 0x00, 0x00, 0x00, 0x00, 0x00, 0x00, 0x00, 0x00, 0x00, 0x00, 0x00, 0x00, 0x00, 0x00, 0x00,
    0x00, 0x00, 0x00, 0x00, 0x00, 0x1F, 0xFF, 0xE1, 0xFF, 0xFE, 0x01, 0x86, 0x00, 0x18, 0x60, 0x01,
    0x86, 0x00, 0x18, 0x60, 0x01, 0x86, 0x00, 0x18, 0x60, 0x01, 0x86, 0x00, 0x10, 0x40, 0x00, 0x00,
    0x00, 0x00, 0x00, 0x00, 0x00, 0x00, 0x00, 0x00, 0x1C, 0x00, 0x71, 0xC0, 0x0F, 0x1A, 0x00, 0xB1,
    0xB0, 0x1B, 0x19, 0x83, 0x31, 0x8C, 0x63, 0x18, 0x4C, 0x31, 0x86, 0x83, 0x18, 0x38, 0x31, 0x83,
    0x83, 0x18, 0x6C, 0x31, 0x84, 0x43, 0x18, 0x86, 0x31, 0x98, 0x33, 0x1B, 0x01, 0xB1, 0xE0, 0x0B,
    0x1C, 0x00, 0x71, 0xC0, 0x07, 0x1F, 0xFF, 0xF0, 0x00, 0x00, 0x1C, 0x00, 0x71, 0xC0, 0x0F, 0x1A,
    0x00, 0xB1, 0xB0, 0x1B, 0x19, 0x83, 0x31, 0x8C, 0x63, 0x18, 0x4C, 0x31, 0x86, 0x83, 0x18, 0x38,
    0x31, 0x83, 0x83, 0x18, 0x6C, 0x31, 0x84, 0x43, 0x18, 0x86, 0x31, 0x98, 0x33, 0x1B, 0x01, 0xB1,
    0xE0, 0x0B, 0x1C, 0x00, 0x71, 0xC0, 0x07, 0x1F, 0xFF, 0xF0, 0x00, 0x00, 0x00, 0x00, 0x00, 0x00,
    0x00, 0x00, 0x00, 0x00, 0x00, 0x00, 0x00, 0x00, 0x00, 0x00, 0x00, 0x00, 0x00, 0x00, 0x00, 0x00,
    0x3F, 0xFF, 0xE0, 0x00, 0x00, 0x00, 0x00, 0x00, 0x00, 0x00, 0x00, 0x00, 0x00, 0x00, 0x00, 0x00,
    0x00, 0x00, 0x00, 0x00, 0x00, 0x00, 0x00, 0x00, 0x00, 0x00, 0x00, 0x00, 0x00, 0x00, 0x00, 0x00,
    0x80, 0x00, 0x08, 0x00, 0x00, 0x80, 0x00, 0x08, 0x00, 0x00, 0x80, 0x00, 0x08, 0x00, 0x00, 0x80,
    0x00, 0x08, 0x00, 0x00, 0x80, 0x00, 0x08, 0x00, 0x3E, 0x81, 0xFF, 0xE8, 0x00, 0x00, 0x80, 0x00,
    0x08, 0x00, 0x00, 0x80, 0x00, 0x08, 0x00, 0x00, 0x80, 0x00, 0x08, 0x00, 0x00, 0x00, 0x00, 0x00,
    0x00, 0x30, 0x00, 0x03, 0x00, 0x00, 0x30, 0x00, 0x03, 0x00, 0x00, 0x30, 0x00, 0x03, 0x00, 0x00,
    0x30, 0x00, 0x03, 0x00, 0x00, 0x30, 0x00, 0x03, 0x00, 0x00, 0x30, 0x00, 0x03, 0x00, 0x00, 0x30,
    0x00, 0x03, 0x00, 0x00, 0x30, 0x00, 0x03, 0x00, 0x00, 0x30, 0x00, 0x03, 0x00, 0x00, 0x00, 0x00,
    0x00, 0x00, 0x1C, 0x00, 0x71, 0xC0, 0x0F, 0x1A, 0x00, 0xB1, 0xB0, 0x1B, 0x19, 0x83, 0x31, 0x8C,
    0x63, 0x18, 0x4C, 0x31, 0x86, 0x83, 0x18, 0x38, 0x31, 0x83, 0x83, 0x18, 0x6C, 0x31, 0x84, 0x43,
    0x18, 0x86, 0x31, 0x98, 0x33, 0x1B, 0x01, 0xB1, 0xE0, 0x0B, 0x1C, 0x00, 0x71, 0xC0, 0x07, 0x1F,
    0xFF, 0xF0, 0x00, 0x00, 0x1C, 0x00, 0x71, 0xC0, 0x0F, 0x1A, 0x00, 0xB1, 0xB0, 0x1B, 0x19, 0x83,
    0x31, 0x8C, 0x63, 0x18, 0x4C, 0x31, 0x86, 0x83, 0x18, 0x38, 0x31, 0x83, 0x83, 0x18, 0x6C, 0x31,
    0x84, 0x43, 0x18, 0x86, 0x31, 0x98, 0x33, 0x1B, 0x01, 0xB1, 0xE0, 0x0B, 0x1C, 0x00, 0x71, 0xC0,
    0x07, 0x1F, 0xFF, 0xF0, 0x00, 0x00, 0x1C, 0x00, 0x71, 0xC0, 0x0F, 0x1A, 0x00, 0xB1, 0xB0, 0x1B,
    0x19, 0x83, 0x31, 0x8C, 0x63, 0x18, 0x4C, 0x31, 0x86, 0x83, 0x18, 0x38, 0x31, 0x83, 0x83, 0x18,
    0x6C, 0x31, 0x84, 0x43, 0x18, 0x86, 0x31, 0x98, 0x33, 0x1B, 0x01, 0xB1, 0xE0, 0x0B, 0x1C, 0x00,
    0x71, 0xC0, 0x07, 0x1F, 0xFF, 0xF0, 0x00, 0x00, 0x00, 0x00, 0x00, 0x01, 0x80, 0x00, 0x18, 0x00,
    0x01, 0xC0, 0x00, 0xFF, 0x00, 0x1F, 0xB8, 0x01, 0x98, 0x00, 0x31, 0x80, 0x03, 0x18, 0x00, 0x31,
    0x80, 0x03, 0x18, 0x00, 0x39, 0x80, 0x01, 0xD9, 0x80, 0x0F, 0xF8, 0x00, 0x7E, 0x00, 0x01, 0x80,
    0x00, 0x18, 0x00, 0x00, 0x00, 0x00, 0x00, 0x00, 0x00, 0x00, 0x00, 0x00, 0x00, 0x00, 0x00, 0x00,
    0x3F, 0x00, 0x0F, 0xF8, 0x00, 0xC1, 0x80, 0x1C, 0x00, 0x01, 0x80, 0x00, 0x0C, 0x00, 0x01, 0xFE,
    0x00, 0x3F, 0xE0, 0x00, 0x60, 0x00, 0x06, 0x00, 0x00, 0x60, 0x00, 0x0C, 0x00, 0x01, 0xC0, 0x00,
    0x3F, 0xF8, 0x03, 0xFF, 0x80, 0x00, 0x00, 0x00, 0x00, 0x00, 0x00, 0x00, 0x00, 0x00, 0x00, 0x00,
    0x00, 0x00, 0x00, 0x00, 0x00, 0x00, 0x00, 0x00, 0x00, 0x00, 0x00, 0x1F, 0xFF, 0xE0, 0x00, 0x06,
    0x00, 0x00, 0x60, 0x00, 0x06, 0x00, 0x00, 0x60, 0x00, 0x06, 0x00, 0x00, 0x00, 0x00, 0x00, 0x00,
    0x00, 0x00, 0x00, 0x00, 0x00, 0x00, 0x00, 0x00, 0x00, 0x00, 0x00, 0x00, 0x00, 0x00, 0x00, 0x00,
    0x00, 0x00, 0x00, 0x00, 0x00, 0x00, 0x00, 0x00, 0x00, 0x00, 0x00, 0x00, 0x00, 0x00, 0x00, 0x00,
    0x00, 0x00, 0x00, 0x00, 0x00, 0x00, 0x00, 0x00, 0x00, 0x00, 0x00, 0x00, 0x00, 0x00, 0x00, 0x00,
    0x00, 0x00, 0x00, 0x00, 0x00, 0x00, 0x00, 0x00, 0x00, 0x00, 0x00, 0x00, 0x00, 0x00, 0x00, 0x00,
    0x00, 0x30, 0x00, 0x03, 0x00, 0x00, 0x30, 0x00, 0x03, 0x00, 0x00, 0x30, 0x00, 0x03, 0x00, 0x00,
    0x30, 0x00, 0x01, 0x00, 0x00, 0x00, 0x00, 0x00, 0x00, 0x00, 0x30, 0x00, 0x03, 0x00, 0x00, 0x30,
    0x00, 0x03, 0x00, 0x00, 0x30, 0x00, 0x03, 0x00, 0x00, 0x30, 0x00, 0x01, 0x00, 0x00, 0x00, 0x00,
    0x00, 0x00, 0x00, 0x00, 0x00, 0x00, 0x00, 0x07, 0x01, 0x80, 0x30, 0x38, 0x03, 0x83, 0x00, 0x18,
    0x70, 0x00, 0xC6, 0x00, 0x0C, 0xC0, 0x00, 0x6C, 0x00, 0x1F, 0xF0, 0x03, 0xFF, 0x00, 0x03, 0x00,
    0x03, 0xFF, 0x00, 0x03, 0x80, 0x00, 0x30, 0x00, 0x03, 0x00, 0x00, 0x10, 0x00, 0x00, 0x00, 0x00,
    0x00, 0x00, 0x00, 0x00, 0x00, 0x00, 0x00, 0x00, 0x00, 0x0C, 0x00, 0x60, 0xE1, 0x86, 0x06, 0x38,
    0x60, 0x63, 0xC6, 0x06, 0x3C, 0x60, 0x62, 0xCC, 0x0F, 0xFF, 0xF0, 0xFF, 0xFF, 0x03, 0x66, 0xC0,
    0x36, 0x68, 0x03, 0xC6, 0x80, 0x1C, 0x38, 0x01, 0xC3, 0x80, 0x1C, 0x38, 0x00, 0x81, 0x00, 0x00,
    0x00, 0x00, 0x00, 0x00, 0x00, 0x00, 0x1C, 0x00, 0x71, 0xC0, 0x0F, 0x1A, 0x00, 0xB1, 0xB0, 0x1B,
    0x19, 0x83, 0x31, 0x8C, 0x63, 0x18, 0x4C, 0x31, 0x86, 0x83, 0x18, 0x38, 0x31, 0x83, 0x83, 0x18,
    0x6C, 0x31, 0x84, 0x43, 0x18, 0x86, 0x31, 0x98, 0x33, 0x1B, 0x01, 0xB1, 0xE0, 0x0B, 0x1C, 0x00,
    0x71, 0xC0, 0x07, 0x1F, 0xFF, 0xF0, 0x00, 0x00, 0x02, 0x00, 0x00, 0x20, 0x00, 0x02, 0x00, 0x00,
    0x20, 0x00, 0x02, 0x00, 0x00, 0x20, 0x00, 0x02, 0x00, 0x00, 0x20, 0x00, 0x02, 0x00, 0x00, 0x20,
    0x00, 0x02, 0x00, 0x00, 0x20, 0x00, 0x02, 0x00, 0x00, 0x20, 0x00, 0x02, 0x00, 0x00, 0x20, 0x00,
    0x02, 0x00, 0x00, 0x20, 0x00, 0x02, 0x00, 0x00, 0x20, 0x00, 0x00, 0x00, 0x00, 0x00, 0x00, 0x00,
    0x00, 0x00, 0x00, 0x00, 0x06, 0x00, 0x00, 0xE0, 0x00, 0x0C, 0x00, 0x01, 0x80, 0x00, 0x3F, 0xE0,
    0x03, 0x80, 0x00, 0x1C, 0x00, 0x00, 0xC0, 0x00, 0x06, 0x00, 0x00, 0x00, 0x00, 0x00, 0x00, 0x00,
    0x00, 0x00, 0x00, 0x00, 0x00, 0x00, 0x00, 0x00, 0x00, 0x00, 0x00, 0x00, 0x02, 0x00, 0x00, 0x70,
    0x00, 0x0F, 0x80, 0x01, 0xF8, 0x00, 0x1A, 0xC0, 0x01, 0x20, 0x00, 0x02, 0x00, 0x00, 0x20, 0x00,
    0x02, 0x00, 0x00, 0x20, 0x00, 0x02, 0x00, 0x00, 0x20, 0x00, 0x02, 0x00, 0x00, 0x20, 0x00, 0x02,
    0x00, 0x00, 0x20, 0x00, 0x02, 0x00, 0x00, 0x20, 0x00, 0x00, 0x00, 0x00, 0x00, 0x00, 0x00, 0x00,
    0x00, 0x00, 0x00, 0x00, 0x00, 0x00, 0x00, 0x00, 0x03, 0x00, 0x00, 0x30, 0x00, 0x01, 0x80, 0x00,
    0x0C, 0x00, 0x3F, 0xE0, 0x00, 0x0C, 0x00, 0x01, 0x80, 0x00, 0x38, 0x00, 0x03, 0x00, 0x00, 0x00,
    0x00, 0x00, 0x00, 0x00, 0x00, 0x00, 0x00, 0x00, 0x00, 0x00, 0x00, 0x00, 0x00, 0x00, 0x00, 0x00,
    0x02, 0x00, 0x00, 0x20, 0x00, 0x02, 0x00, 0x00, 0x20, 0x00, 0x02, 0x00, 0x00, 0x20, 0x00, 0x02,
    0x00, 0x00, 0x20, 0x00, 0x02, 0x00, 0x00, 0x20, 0x00, 0x02, 0x00, 0x00, 0x20, 0x00, 0x12, 0xC0,
    0x01, 0xEC, 0x00, 0x0F, 0x80, 0x00, 0x70, 0x00, 0x06, 0x00, 0x00, 0x20, 0x00, 0x00, 0x00, 0x00,
    0x00, 0x00, 0x00, 0x00, 0x00, 0x00, 0x00, 0x00, 0x00, 0x00, 0x00, 0x00, 0x00, 0x00, 0x01, 0xFC,
    0x00, 0x1F, 0xC0, 0x01, 0xFC, 0x00, 0x1F, 0xC0, 0x01, 0xFC, 0x00, 0x1F, 0xC0, 0x01, 0xFC, 0x00,
    0x00, 0x00, 0x00, 0x00, 0x00, 0x00, 0x00, 0x00, 0x00, 0x00, 0x00, 0x00, 0x00, 0x00, 0x00, 0x00,
    0x00, 0x00, 0x00, 0x00, 0x00, 0x00, 0x00, 0x00, 0x00, 0x00, 0x00, 0x00, 0x00, 0x00, 0x00, 0x00,
    0x00, 0xF8, 0x00, 0x18, 0xC0, 0x01, 0x04, 0x00, 0x30, 0x40, 0x01, 0x04, 0x00, 0x18, 0xC0, 0x00,
    0xF8, 0x00, 0x02, 0x00, 0x00, 0x00, 0x00, 0x00, 0x00, 0x00, 0x00, 0x00, 0x00, 0x00, 0x00, 0x00,
    0x00, 0x00, 0x00, 0x00, 0x00, 0x00, 0x1C, 0x00, 0x71, 0xC0, 0x0F, 0x1A, 0x00, 0xB1, 0xB0, 0x1B,
    0x19, 0x83, 0x31, 0x8C, 0x63, 0x18, 0x4C, 0x31, 0x86, 0x83, 0x18, 0x38, 0x31, 0x83, 0x83, 0x18,
    0x6C, 0x31, 0x84, 0x43, 0x18, 0x86, 0x31, 0x98, 0x33, 0x1B, 0x01, 0xB1, 0xE0, 0x0B, 0x1C, 0x00,
    0x71, 0xC0, 0x07, 0x1F, 0xFF, 0xF0, 0x00, 0x00,
};

const CJKGlyph UnifiedFont20px_Glyphs[] PROGMEM = {
    { 0x0020,      0,  5 },  //  
    { 0x0021,     50,  5 },  // !
    { 0x0022,    100,  7 },  // "
    { 0x0023,    150, 13 },  // #
    { 0x0024,    200, 11 },  // $
    { 0x0025,    250, 16 },  // %
    { 0x0026,    300, 14 },  // &
    { 0x0027,    350,  4 },  // '
    { 0x0028,    400,  6 },  // (
    { 0x0029,    450,  6 },  // )
    { 0x002A,    500, 11 },  // *
    { 0x002B,    550, 11 },  // +
    { 0x002C,    600,  5 },  // ,
    { 0x002D,    650,  6 },  // -
    { 0x002E,    700,  5 },  // .
    { 0x002F,    750,  7 },  // /
    { 0x0030,    800, 11 },  // 0
    { 0x0031,    850, 11 },  // 1
    { 0x0032,    900, 11 },  // 2
    { 0x0033,    950, 11 },  // 3
    { 0x0034,   1000, 11 },  // 4
    { 0x0035,   1050, 11 },  // 5
    { 0x0036,   1100, 11 },  // 6
    { 0x0037,   1150, 11 },  // 7
    { 0x0038,   1200, 11 },  // 8
    { 0x0039,   1250, 11 },  // 9
    { 0x003A,   1300,  5 },  // :
    { 0x003B,   1350,  5 },  // ;
    { 0x003C,   1400, 11 },  // <
    { 0x003D,   1450, 11 },  // =
    { 0x003E,   1500, 11 },  // >
    { 0x003F,   1550,  8 },  // ?
    { 0x0040,   1600, 18 },  // @
    { 0x0041,   1650, 12 },  // A
    { 0x0042,   1700, 13 },  // B
    { 0x0043,   1750, 12 },  // C
    { 0x0044,   1800, 14 },  // D
    { 0x0045,   1850, 11 },  // E
    { 0x0046,   1900, 10 },  // F
    { 0x0047,   1950, 14 },  // G
    { 0x0048,   2000, 14 },  // H
    { 0x0049,   2050,  6 },  // I
    { 0x004A,   2100,  5 },  // J
    { 0x004B,   2150, 12 },  // K
    { 0x004C,   2200, 10 },  // L
    { 0x004D,   2250, 17 },  // M
    { 0x004E,   2300, 15 },  // N
    { 0x004F,   2350, 15 },  // O
    { 0x0050,   2400, 12 },  // P
    { 0x0051,   2450, 15 },  // Q
    { 0x0052,   2500, 12 },  // R
    { 0x0053,   2550, 11 },  // S
    { 0x0054,   2600, 11 },  // T
    { 0x0055,   2650, 14 },  // U
    { 0x0056,   2700, 12 },  // V
    { 0x0057,   2750, 18 },  // W
    { 0x0058,   2800, 11 },  // X
    { 0x0059,   2850, 11 },  // Y
    { 0x005A,   2900, 11 },  // Z
    { 0x005B,   2950,  6 },  // [
    { 0x005C,   3000,  7 },  // ?
    { 0x005D,   3050,  6 },  // ]
    { 0x005E,   3100, 11 },  // ^
    { 0x005F,   3150,  8 },  // _
    { 0x0060,   3200,  5 },  // `
    { 0x0061,   3250, 11 },  // a
    { 0x0062,   3300, 12 },  // b
    { 0x0063,   3350, 10 },  // c
    { 0x0064,   3400, 12 },  // d
    { 0x0065,   3450, 11 },  // e
    { 0x0066,   3500,  6 },  // f
    { 0x0067,   3550, 12 },  // g
    { 0x0068,   3600, 12 },  // h
    { 0x0069,   3650,  5 },  // i
    { 0x006A,   3700,  5 },  // j
    { 0x006B,   3750, 10 },  // k
    { 0x006C,   3800,  5 },  // l
    { 0x006D,   3850, 18 },  // m
    { 0x006E,   3900, 12 },  // n
    { 0x006F,   3950, 12 },  // o
    { 0x0070,   4000, 12 },  // p
    { 0x0071,   4050, 12 },  // q
    { 0x0072,   4100,  8 },  // r
    { 0x0073,   4150,  9 },  // s
    { 0x0074,   4200,  7 },  // t
    { 0x0075,   4250, 12 },  // u
    { 0x0076,   4300,  9 },  // v
    { 0x0077,   4350, 15 },  // w
    { 0x0078,   4400, 10 },  // x
    { 0x0079,   4450,  9 },  // y
    { 0x007A,   4500,  9 },  // z
    { 0x007B,   4550,  7 },  // {
    { 0x007C,   4600, 11 },  // |
    { 0x007D,   4650,  7 },  // }
    { 0x007E,   4700, 11 },  // ~
    { 0x00A3,   4750, 11 },  // £
    { 0x00A5,   4800, 11 },  // ¥
    { 0x00A9,   4850, 17 },  // ©
    { 0x00AB,   4900,  9 },  // «
    { 0x00AE,   4950, 17 },  // ®
    { 0x00B0,   5000,  9 },  // °
    { 0x00B1,   5050, 11 },  // ±
    { 0x00BB,   5100,  9 },  // »
    { 0x00D7,   5150, 11 },  // ×
    { 0x00F7,   5200, 11 },  // ÷
    { 0x0401,   5250, 11 },  // Ё
    { 0x0404,   5300, 13 },  // Є
    { 0x0406,   5350,  5 },  // І
    { 0x0407,   5400,  5 },  // Ї
    { 0x0410,   5450, 12 },  // А
    { 0x0411,   5500, 12 },  // Б
    { 0x0412,   5550, 13 },  // В
    { 0x0413,   5600, 10 },  // Г
    { 0x0414,   5650, 14 },  // Д
    { 0x0415,   5700, 11 },  // Е
    { 0x0416,   5750, 17 },  // Ж
    { 0x0417,   5800, 11 },  // З
    { 0x0418,   5850, 15 },  // И
    { 0x0419,   5900, 15 },  // Й
    { 0x041A,   5950, 12 },  // К
    { 0x041B,   6000, 14 },  // Л
    { 0x041C,   6050, 17 },  // М
    { 0x041D,   6100, 14 },  // Н
    { 0x041E,   6150, 15 },  // О
    { 0x041F,   6200, 14 },  // П
    { 0x0420,   6250, 12 },  // Р
    { 0x0421,   6300, 13 },  // С
    { 0x0422,   6350, 11 },  // Т
    { 0x0423,   6400, 12 },  // У
    { 0x0424,   6450, 16 },  // Ф
    { 0x0425,   6500, 11 },  // Х
    { 0x0426,   6550, 14 },  // Ц
    { 0x0427,   6600, 13 },  // Ч
    { 0x0428,   6650, 20 },  // Ш
    { 0x0429,   6700, 20 },  // Щ
    { 0x042A,   6750, 13 },  // Ъ
    { 0x042B,   6800, 16 },  // Ы
    { 0x042C,   6850, 12 },  // Ь
    { 0x042D,   6900, 13 },  // Э
    { 0x042E,   6950, 19 },  // Ю
    { 0x042F,   7000, 12 },  // Я
    { 0x0430,   7050, 11 },  // а
    { 0x0431,   7100, 12 },  // б
    { 0x0432,   7150, 11 },  // в
    { 0x0433,   7200,  9 },  // г
    { 0x0434,   7250, 12 },  // д
    { 0x0435,   7300, 11 },  // е
    { 0x0436,   7350, 14 },  // ж
    { 0x0437,   7400,  9 },  // з
    { 0x0438,   7450, 12 },  // и
    { 0x0439,   7500, 12 },  // й
    { 0x043A,   7550, 10 },  // к
    { 0x043B,   7600, 11 },  // л
    { 0x043C,   7650, 15 },  // м
    { 0x043D,   7700, 12 },  // н
    { 0x043E,   7750, 11 },  // о
    { 0x043F,   7800, 12 },  // п
    { 0x0440,   7850, 12 },  // р
    { 0x0441,   7900, 10 },  // с
    { 0x0442,   7950,  9 },  // т
    { 0x0443,   8000, 10 },  // у
    { 0x0444,   8050, 14 },  // ф
    { 0x0445,   8100, 10 },  // х
    { 0x0446,   8150, 12 },  // ц
    { 0x0447,   8200, 11 },  // ч
    { 0x0448,   8250, 17 },  // ш
    { 0x0449,   8300, 17 },  // щ
    { 0x044A,   8350, 12 },  // ъ
    { 0x044B,   8400, 14 },  // ы
    { 0x044C,   8450, 11 },  // ь
    { 0x044D,   8500, 10 },  // э
    { 0x044E,   8550, 15 },  // ю
    { 0x044F,   8600, 11 },  // я
    { 0x0451,   8650, 11 },  // ё
    { 0x0454,   8700, 10 },  // є
    { 0x0456,   8750,  5 },  // і
    { 0x0457,   8800,  5 },  // ї
    { 0x0490,   8850, 10 },  // Ґ
    { 0x0491,   8900,  8 },  // ґ
    { 0x2013,   8950, 10 },  // –
    { 0x2014,   9000, 20 },  // —
    { 0x2026,   9050, 15 },  // …
    { 0x20AC,   9100, 11 },  // €
    { 0x2116,   9150, 20 },  // №
    { 0x2122,   9200, 15 },  // ™
    { 0x3000,   9250,  4 },  // 　
    { 0x3001,   9300, 20 },  // 、
    { 0x3002,   9350, 20 },  // 。
    { 0x3003,   9400, 20 },  // 〃
    { 0x3004,   9450, 20 },  // 〄
    { 0x3005,   9500, 20 },  // 々
    { 0x3006,   9550, 20 },  // 〆
    { 0x3007,   9600, 20 },  // 〇
    { 0x3008,   9650, 20 },  // 〈
    { 0x3009,   9700, 20 },  // 〉
    { 0x300A,   9750, 20 },  // 《
    { 0x300B,   9800, 20 },  // 》
    { 0x300C,   9850, 20 },  // 「
    { 0x300D,   9900, 20 },  // 」
    { 0x300E,   9950, 20 },  // 『
    { 0x300F,  10000, 20 },  // 』
    { 0x3010,  10050, 20 },  // 【
    { 0x3011,  10100, 20 },  // 】
    { 0x3012,  10150, 20 },  // 〒
    { 0x3013,  10200, 20 },  // 〓
    { 0x3014,  10250, 20 },  // 〔
    { 0x3015,  10300, 20 },  // 〕
    { 0x3016,  10350, 20 },  // 〖
    { 0x3017,  10400, 20 },  // 〗
    { 0x3018,  10450, 20 },  // 〘
    { 0x3019,  10500, 20 },  // 〙
    { 0x301A,  10550, 20 },  // 〚
    { 0x301B,  10600, 20 },  // 〛
    { 0x301C,  10650, 20 },  // 〜
    { 0x301D,  10700, 20 },  // 〝
    { 0x301E,  10750, 20 },  // 〞
    { 0x301F,  10800, 20 },  // 〟
    { 0x3020,  10850, 20 },  // 〠
    { 0x3021,  10900, 20 },  // 〡
    { 0x3022,  10950, 20 },  // 〢
    { 0x3023,  11000, 20 },  // 〣
    { 0x3024,  11050, 20 },  // 〤
    { 0x3025,  11100, 20 },  // 〥
    { 0x3026,  11150, 20 },  // 〦
    { 0x3027,  11200, 20 },  // 〧
    { 0x3028,  11250, 20 },  // 〨
    { 0x3029,  11300, 20 },  // 〩
    { 0x302A,  11350, 20 },  // 〪
    { 0x302B,  11400, 20 },  // 〫
    { 0x302C,  11450, 20 },  // 〬
    { 0x302D,  11500, 20 },  // 〭
    { 0x302E,  11550, 20 },  // 〮
    { 0x302F,  11600, 20 },  // 〯
    { 0x3030,  11650, 20 },  // 〰
    { 0x3031,  11700, 20 },  // 〱
    { 0x3032,  11750, 20 },  // 〲
    { 0x3033,  11800, 20 },  // 〳
    { 0x3034,  11850, 20 },  // 〴
    { 0x3035,  11900, 20 },  // 〵
    { 0x3036,  11950, 20 },  // 〶
    { 0x3037,  12000, 20 },  // 〷
    { 0x3038,  12050, 20 },  // 〸
    { 0x3039,  12100, 20 },  // 〹
    { 0x303A,  12150, 20 },  // 〺
    { 0x303B,  12200, 20 },  // 〻
    { 0x303C,  12250, 20 },  // 〼
    { 0x303D,  12300, 20 },  // 〽
    { 0x303E,  12350, 20 },  // 〾
    { 0x303F,  12400, 20 },  // 〿
    { 0x3041,  12450, 20 },  // ぁ
    { 0x3042,  12500, 20 },  // あ
    { 0x3043,  12550, 20 },  // ぃ
    { 0x3044,  12600, 20 },  // い
    { 0x3045,  12650, 20 },  // ぅ
    { 0x3046,  12700, 20 },  // う
    { 0x3047,  12750, 20 },  // ぇ
    { 0x3048,  12800, 20 },  // え
    { 0x3049,  12850, 20 },  // ぉ
    { 0x304A,  12900, 20 },  // お
    { 0x304B,  12950, 20 },  // か
    { 0x304C,  13000, 20 },  // が
    { 0x304D,  13050, 20 },  // き
    { 0x304E,  13100, 20 },  // ぎ
    { 0x304F,  13150, 20 },  // く
    { 0x3050,  13200, 20 },  // ぐ
    { 0x3051,  13250, 20 },  // け
    { 0x3052,  13300, 20 },  // げ
    { 0x3053,  13350, 20 },  // こ
    { 0x3054,  13400, 20 },  // ご
    { 0x3055,  13450, 20 },  // さ
    { 0x3056,  13500, 20 },  // ざ
    { 0x3057,  13550, 20 },  // し
    { 0x3058,  13600, 20 },  // じ
    { 0x3059,  13650, 20 },  // す
    { 0x305A,  13700, 20 },  // ず
    { 0x305B,  13750, 20 },  // せ
    { 0x305C,  13800, 20 },  // ぜ
    { 0x305D,  13850, 20 },  // そ
    { 0x305E,  13900, 20 },  // ぞ
    { 0x305F,  13950, 20 },  // た
    { 0x3060,  14000, 20 },  // だ
    { 0x3061,  14050, 20 },  // ち
    { 0x3062,  14100, 20 },  // ぢ
    { 0x3063,  14150, 20 },  // っ
    { 0x3064,  14200, 20 },  // つ
    { 0x3065,  14250, 20 },  // づ
    { 0x3066,  14300, 20 },  // て
    { 0x3067,  14350, 20 },  // で
    { 0x3068,  14400, 20 },  // と
    { 0x3069,  14450, 20 },  // ど
    { 0x306A,  14500, 20 },  // な
    { 0x306B,  14550, 20 },  // に
    { 0x306C,  14600, 20 },  // ぬ
    { 0x306D,  14650, 20 },  // ね
    { 0x306E,  14700, 20 },  // の
    { 0x306F,  14750, 20 },  // は
    { 0x3070,  14800, 20 },  // ば
    { 0x3071,  14850, 20 },  // ぱ
    { 0x3072,  14900, 20 },  // ひ
    { 0x3073,  14950, 20 },  // び
    { 0x3074,  15000, 20 },  // ぴ
    { 0x3075,  15050, 20 },  // ふ
    { 0x3076,  15100, 20 },  // ぶ
    { 0x3077,  15150, 20 },  // ぷ
    { 0x3078,  15200, 20 },  // へ
    { 0x3079,  15250, 20 },  // べ
    { 0x307A,  15300, 20 },  // ぺ
    { 0x307B,  15350, 20 },  // ほ
    { 0x307C,  15400, 20 },  // ぼ
    { 0x307D,  15450, 20 },  // ぽ
    { 0x307E,  15500, 20 },  // ま
    { 0x307F,  15550, 20 },  // み
    { 0x3080,  15600, 20 },  // む
    { 0x3081,  15650, 20 },  // め
    { 0x3082,  15700, 20 },  // も
    { 0x3083,  15750, 20 },  // ゃ
    { 0x3084,  15800, 20 },  // や
    { 0x3085,  15850, 20 },  // ゅ
    { 0x3086,  15900, 20 },  // ゆ
    { 0x3087,  15950, 20 },  // ょ
    { 0x3088,  16000, 20 },  // よ
    { 0x3089,  16050, 20 },  // ら
    { 0x308A,  16100, 20 },  // り
    { 0x308B,  16150, 20 },  // る
    { 0x308C,  16200, 20 },  // れ
    { 0x308D,  16250, 20 },  // ろ
    { 0x308E,  16300, 20 },  // ゎ
    { 0x308F,  16350, 20 },  // わ
    { 0x3090,  16400, 20 },  // ゐ
    { 0x3091,  16450, 20 },  // ゑ
    { 0x3092,  16500, 20 },  // を
    { 0x3093,  16550, 20 },  // ん
    { 0x3094,  16600, 20 },  // ゔ
    { 0x3095,  16650, 20 },  // ゕ
    { 0x3096,  16700, 20 },  // ゖ
    { 0x3097,  16750, 20 },  // ゗
    { 0x3098,  16800, 20 },  // ゘
    { 0x3099,  16850, 20 },  // ゙
    { 0x309A,  16900, 20 },  // ゚
    { 0x309B,  16950, 20 },  // ゛
    { 0x309C,  17000, 20 },  // ゜
    { 0x309D,  17050, 20 },  // ゝ
    { 0x309E,  17100, 20 },  // ゞ
    { 0x309F,  17150, 20 },  // ゟ
    { 0x30A0,  17200, 20 },  // ゠
    { 0x30A1,  17250, 20 },  // ァ
    { 0x30A2,  17300, 20 },  // ア
    { 0x30A3,  17350, 20 },  // ィ
    { 0x30A4,  17400, 20 },  // イ
    { 0x30A5,  17450, 20 },  // ゥ
    { 0x30A6,  17500, 20 },  // ウ
    { 0x30A7,  17550, 20 },  // ェ
    { 0x30A8,  17600, 20 },  // エ
    { 0x30A9,  17650, 20 },  // ォ
    { 0x30AA,  17700, 20 },  // オ
    { 0x30AB,  17750, 20 },  // カ
    { 0x30AC,  17800, 20 },  // ガ
    { 0x30AD,  17850, 20 },  // キ
    { 0x30AE,  17900, 20 },  // ギ
    { 0x30AF,  17950, 20 },  // ク
    { 0x30B0,  18000, 20 },  // グ
    { 0x30B1,  18050, 20 },  // ケ
    { 0x30B2,  18100, 20 },  // ゲ
    { 0x30B3,  18150, 20 },  // コ
    { 0x30B4,  18200, 20 },  // ゴ
    { 0x30B5,  18250, 20 },  // サ
    { 0x30B6,  18300, 20 },  // ザ
    { 0x30B7,  18350, 20 },  // シ
    { 0x30B8,  18400, 20 },  // ジ
    { 0x30B9,  18450, 20 },  // ス
    { 0x30BA,  18500, 20 },  // ズ
    { 0x30BB,  18550, 20 },  // セ
    { 0x30BC,  18600, 20 },  // ゼ
    { 0x30BD,  18650, 20 },  // ソ
    { 0x30BE,  18700, 20 },  // ゾ
    { 0x30BF,  18750, 20 },  // タ
    { 0x30C0,  18800, 20 },  // ダ
    { 0x30C1,  18850, 20 },  // チ
    { 0x30C2,  18900, 20 },  // ヂ
    { 0x30C3,  18950, 20 },  // ッ
    { 0x30C4,  19000, 20 },  // ツ
    { 0x30C5,  19050, 20 },  // ヅ
    { 0x30C6,  19100, 20 },  // テ
    { 0x30C7,  19150, 20 },  // デ
    { 0x30C8,  19200, 20 },  // ト
    { 0x30C9,  19250, 20 },  // ド
    { 0x30CA,  19300, 20 },  // ナ
    { 0x30CB,  19350, 20 },  // ニ
    { 0x30CC,  19400, 20 },  // ヌ
    { 0x30CD,  19450, 20 },  // ネ
    { 0x30CE,  19500, 20 },  // ノ
    { 0x30CF,  19550, 20 },  // ハ
    { 0x30D0,  19600, 20 },  // バ
    { 0x30D1,  19650, 20 },  // パ
    { 0x30D2,  19700, 20 },  // ヒ
    { 0x30D3,  19750, 20 },  // ビ
    { 0x30D4,  19800, 20 },  // ピ
    { 0x30D5,  19850, 20 },  // フ
    { 0x30D6,  19900, 20 },  // ブ
    { 0x30D7,  19950, 20 },  // プ
    { 0x30D8,  20000, 20 },  // ヘ
    { 0x30D9,  20050, 20 },  // ベ
    { 0x30DA,  20100, 20 },  // ペ
    { 0x30DB,  20150, 20 },  // ホ
    { 0x30DC,  20200, 20 },  // ボ
    { 0x30DD,  20250, 20 },  // ポ
    { 0x30DE,  20300, 20 },  // マ
    { 0x30DF,  20350, 20 },  // ミ
    { 0x30E0,  20400, 20 },  // ム
    { 0x30E1,  20450, 20 },  // メ
    { 0x30E2,  20500, 20 },  // モ
    { 0x30E3,  20550, 20 },  // ャ
    { 0x30E4,  20600, 20 },  // ヤ
    { 0x30E5,  20650, 20 },  // ュ
    { 0x30E6,  20700, 20 },  // ユ
    { 0x30E7,  20750, 20 },  // ョ
    { 0x30E8,  20800, 20 },  // ヨ
    { 0x30E9,  20850, 20 },  // ラ
    { 0x30EA,  20900, 20 },  // リ
    { 0x30EB,  20950, 20 },  // ル
    { 0x30EC,  21000, 20 },  // レ
    { 0x30ED,  21050, 20 },  // ロ
    { 0x30EE,  21100, 20 },  // ヮ
    { 0x30EF,  21150, 20 },  // ワ
    { 0x30F0,  21200, 20 },  // ヰ
    { 0x30F1,  21250, 20 },  // ヱ
    { 0x30F2,  21300, 20 },  // ヲ
    { 0x30F3,  21350, 20 },  // ン
    { 0x30F4,  21400, 20 },  // ヴ
    { 0x30F5,  21450, 20 },  // ヵ
    { 0x30F6,  21500, 20 },  // ヶ
    { 0x30F7,  21550, 20 },  // ヷ
    { 0x30F8,  21600, 20 },  // ヸ
    { 0x30F9,  21650, 20 },  // ヹ
    { 0x30FA,  21700, 20 },  // ヺ
    { 0x30FB,  21750, 20 },  // ・
    { 0x30FC,  21800, 20 },  // ー
    { 0x30FD,  21850, 20 },  // ヽ
    { 0x30FE,  21900, 20 },  // ヾ
    { 0x30FF,  21950, 20 },  // ヿ
    { 0x4E00,  22000, 20 },  // 一
    { 0x4E03,  22050, 20 },  // 七
    { 0x4E09,  22100, 20 },  // 三
    { 0x4E0A,  22150, 20 },  // 上
    { 0x4E0B,  22200, 20 },  // 下
    { 0x4E14,  22250, 20 },  // 且
    { 0x4E16,  22300, 20 },  // 世
    { 0x4E18,  22350, 20 },  // 丘
    { 0x4E2D,  22400, 20 },  // 中
    { 0x4E32,  22450, 20 },  // 串
    { 0x4E38,  22500, 20 },  // 丸
    { 0x4E3B,  22550, 20 },  // 主
    { 0x4E45,  22600, 20 },  // 久
    { 0x4E59,  22650, 20 },  // 乙
    { 0x4E5D,  22700, 20 },  // 九
    { 0x4E5E,  22750, 20 },  // 乞
    { 0x4E7E,  22800, 20 },  // 乾
    { 0x4E80,  22850, 20 },  // 亀
    { 0x4E8B,  22900, 20 },  // 事
    { 0x4E8C,  22950, 20 },  // 二
    { 0x4E92,  23000, 20 },  // 互
    { 0x4E94,  23050, 20 },  // 五
    { 0x4E9C,  23100, 20 },  // 亜
    { 0x4EA4,  23150, 20 },  // 交
    { 0x4EAB,  23200, 20 },  // 享
    { 0x4EAC,  23250, 20 },  // 京
    { 0x4EBA,  23300, 20 },  // 人
    { 0x4ECA,  23350, 20 },  // 今
    { 0x4ECB,  23400, 20 },  // 介
    { 0x4ED5,  23450, 20 },  // 仕
    { 0x4ED6,  23500, 20 },  // 他
    { 0x4EE3,  23550, 20 },  // 代
    { 0x4EE5,  23600, 20 },  // 以
    { 0x4EEE,  23650, 20 },  // 仮
    { 0x4EF0,  23700, 20 },  // 仰
    { 0x4EF6,  23750, 20 },  // 件
    { 0x4F01,  23800, 20 },  // 企
    { 0x4F0E,  23850, 20 },  // 伎
    { 0x4F11,  23900, 20 },  // 休
    { 0x4F1A,  23950, 20 },  // 会
    { 0x4F3A,  24000, 20 },  // 伺
    { 0x4F3C,  24050, 20 },  // 似
    { 0x4F4D,  24100, 20 },  // 位
    { 0x4F4F,  24150, 20 },  // 住
    { 0x4F50,  24200, 20 },  // 佐
    { 0x4F53,  24250, 20 },  // 体
    { 0x4F55,  24300, 20 },  // 何
    { 0x4F5C,  24350, 20 },  // 作
    { 0x4F73,  24400, 20 },  // 佳
    { 0x4F7F,  24450, 20 },  // 使
    { 0x4F8D,  24500, 20 },  // 侍
    { 0x4F9B,  24550, 20 },  // 供
    { 0x4F9D,  24600, 20 },  // 依
    { 0x4FA1,  24650, 20 },  // 価
    { 0x4FAF,  24700, 20 },  // 侯
    { 0x4FC2,  24750, 20 },  // 係
    { 0x4FDD,  24800, 20 },  // 保
    { 0x4FFA,  24850, 20 },  // 俺
    { 0x500B,  24900, 20 },  // 個
    { 0x5019,  24950, 20 },  // 候
    { 0x5039,  25000, 20 },  // 倹
    { 0x5049,  25050, 20 },  // 偉
    { 0x5065,  25100, 20 },  // 健
    { 0x5076,  25150, 20 },  // 偶
    { 0x507D,  25200, 20 },  // 偽
    { 0x5091,  25250, 20 },  // 傑
    { 0x5098,  25300, 20 },  // 傘
    { 0x50AC,  25350, 20 },  // 催
    { 0x50B2,  25400, 20 },  // 傲
    { 0x50B5,  25450, 20 },  // 債
    { 0x50BE,  25500, 20 },  // 傾
    { 0x50C5,  25550, 20 },  // 僅
    { 0x5100,  25600, 20 },  // 儀
    { 0x5104,  25650, 20 },  // 億
    { 0x5143,  25700, 20 },  // 元
    { 0x5144,  25750, 20 },  // 兄
    { 0x5149,  25800, 20 },  // 光
    { 0x514B,  25850, 20 },  // 克
    { 0x5150,  25900, 20 },  // 児
    { 0x5165,  25950, 20 },  // 入
    { 0x5168,  26000, 20 },  // 全
    { 0x516C,  26050, 20 },  // 公
    { 0x5171,  26100, 20 },  // 共
    { 0x5177,  26150, 20 },  // 具
    { 0x517C,  26200, 20 },  // 兼
    { 0x5185,  26250, 20 },  // 内
    { 0x5186,  26300, 20 },  // 円
    { 0x518A,  26350, 20 },  // 冊
    { 0x518D,  26400, 20 },  // 再
    { 0x5199,  26450, 20 },  // 写
    { 0x51A0,  26500, 20 },  // 冠
    { 0x51DD,  26550, 20 },  // 凝
    { 0x51F6,  26600, 20 },  // 凶
    { 0x51F9,  26650, 20 },  // 凹
    { 0x51FA,  26700, 20 },  // 出
    { 0x5206,  26750, 20 },  // 分
    { 0x5207,  26800, 20 },  // 切
    { 0x5208,  26850, 20 },  // 刈
    { 0x520A,  26900, 20 },  // 刊
    { 0x5211,  26950, 20 },  // 刑
    { 0x5236,  27000, 20 },  // 制
    { 0x5237,  27050, 20 },  // 刷
    { 0x5238,  27100, 20 },  // 券
    { 0x5239,  27150, 20 },  // 刹
    { 0x523A,  27200, 20 },  // 刺
    { 0x523B,  27250, 20 },  // 刻
    { 0x524A,  27300, 20 },  // 削
    { 0x524D,  27350, 20 },  // 前
    { 0x525B,  27400, 20 },  // 剛
    { 0x5263,  27450, 20 },  // 剣
    { 0x5264,  27500, 20 },  // 剤
    { 0x5272,  27550, 20 },  // 割
    { 0x5287,  27600, 20 },  // 劇
    { 0x529B,  27650, 20 },  // 力
    { 0x529F,  27700, 20 },  // 功
    { 0x52A0,  27750, 20 },  // 加
    { 0x52B9,  27800, 20 },  // 効
    { 0x52BE,  27850, 20 },  // 劾
    { 0x52D5,  27900, 20 },  // 動
    { 0x52D8,  27950, 20 },  // 勘
    { 0x52E4,  28000, 20 },  // 勤
    { 0x52E7,  28050, 20 },  // 勧
    { 0x52F2,  28100, 20 },  // 勲
    { 0x52FE,  28150, 20 },  // 勾
    { 0x5316,  28200, 20 },  // 化
    { 0x5317,  28250, 20 },  // 北
    { 0x533A,  28300, 20 },  // 区
    { 0x533B,  28350, 20 },  // 医
    { 0x5341,  28400, 20 },  // 十
    { 0x5348,  28450, 20 },  // 午
    { 0x5354,  28500, 20 },  // 協
    { 0x5370,  28550, 20 },  // 印
    { 0x5371,  28600, 20 },  // 危
    { 0x5374,  28650, 20 },  // 却
    { 0x5378,  28700, 20 },  // 卸
    { 0x539A,  28750, 20 },  // 厚
    { 0x539F,  28800, 20 },  // 原
    { 0x53B3,  28850, 20 },  // 厳
    { 0x53BB,  28900, 20 },  // 去
    { 0x53C2,  28950, 20 },  // 参
    { 0x53CA,  29000, 20 },  // 及
    { 0x53D6,  29050, 20 },  // 取
    { 0x53D7,  29100, 20 },  // 受
    { 0x53E3,  29150, 20 },  // 口
    { 0x53E4,  29200, 20 },  // 古
    { 0x53E5,  29250, 20 },  // 句
    { 0x53EB,  29300, 20 },  // 叫
    { 0x53EF,  29350, 20 },  // 可
    { 0x53F1,  29400, 20 },  // 叱
    { 0x53F2,  29450, 20 },  // 史
    { 0x53F3,  29500, 20 },  // 右
    { 0x53F7,  29550, 20 },  // 号
    { 0x53F8,  29600, 20 },  // 司
    { 0x5404,  29650, 20 },  // 各
    { 0x5408,  29700, 20 },  // 合
    { 0x5409,  29750, 20 },  // 吉
    { 0x540C,  29800, 20 },  // 同
    { 0x540D,  29850, 20 },  // 名
    { 0x540E,  29900, 20 },  // 后
    { 0x5411,  29950, 20 },  // 向
    { 0x541B,  30000, 20 },  // 君
    { 0x541F,  30050, 20 },  // 吟
    { 0x542B,  30100, 20 },  // 含
    { 0x5438,  30150, 20 },  // 吸
    { 0x5449,  30200, 20 },  // 呉
    { 0x544A,  30250, 20 },  // 告
    { 0x5473,  30300, 20 },  // 味
    { 0x547C,  30350, 20 },  // 呼
    { 0x54B2,  30400, 20 },  // 咲
    { 0x54BD,  30450, 20 },  // 咽
    { 0x54C0,  30500, 20 },  // 哀
    { 0x54C1,  30550, 20 },  // 品
    { 0x54E1,  30600, 20 },  // 員
    { 0x5504,  30650, 20 },  // 唄
    { 0x5506,  30700, 20 },  // 唆
    { 0x554F,  30750, 20 },  // 問
    { 0x5553,  30800, 20 },  // 啓
    { 0x5589,  30850, 20 },  // 喉
    { 0x559A,  30900, 20 },  // 喚
    { 0x559C,  30950, 20 },  // 喜
    { 0x559D,  31000, 20 },  // 喝
    { 0x55AB,  31050, 20 },  // 喫
    { 0x55B6,  31100, 20 },  // 営
    { 0x55C5,  31150, 20 },  // 嗅
    { 0x55E3,  31200, 20 },  // 嗣
    { 0x5668,  31250, 20 },  // 器
    { 0x5687,  31300, 20 },  // 嚇
    { 0x56DB,  31350, 20 },  // 四
    { 0x56DE,  31400, 20 },  // 回
    { 0x56E0,  31450, 20 },  // 因
    { 0x56F0,  31500, 20 },  // 困
    { 0x56F2,  31550, 20 },  // 囲
    { 0x56FA,  31600, 20 },  // 固
    { 0x56FD,  31650, 20 },  // 国
    { 0x570F,  31700, 20 },  // 圏
    { 0x5712,  31750, 20 },  // 園
    { 0x5727,  31800, 20 },  // 圧
    { 0x5728,  31850, 20 },  // 在
    { 0x5730,  31900, 20 },  // 地
    { 0x5747,  31950, 20 },  // 均
    { 0x5751,  32000, 20 },  // 坑
    { 0x578B,  32050, 20 },  // 型
    { 0x57A3,  32100, 20 },  // 垣
    { 0x57DF,  32150, 20 },  // 域
    { 0x57F7,  32200, 20 },  // 執
    { 0x57FA,  32250, 20 },  // 基
    { 0x57FC,  32300, 20 },  // 埼
    { 0x5805,  32350, 20 },  // 堅
    { 0x582A,  32400, 20 },  // 堪
    { 0x5834,  32450, 20 },  // 場
    { 0x584A,  32500, 20 },  // 塊
    { 0x585E,  32550, 20 },  // 塞
    { 0x5869,  32600, 20 },  // 塩
    { 0x5883,  32650, 20 },  // 境
    { 0x58BE,  32700, 20 },  // 墾
    { 0x58CA,  32750, 20 },  // 壊
    { 0x58EB,  32800, 20 },  // 士
    { 0x58F0,  32850, 20 },  // 声
    { 0x58F1,  32900, 20 },  // 壱
    { 0x5909,  32950, 20 },  // 変
    { 0x590F,  33000, 20 },  // 夏
    { 0x5916,  33050, 20 },  // 外
    { 0x5927,  33100, 20 },  // 大
    { 0x5929,  33150, 20 },  // 天
    { 0x592E,  33200, 20 },  // 央
    { 0x5931,  33250, 20 },  // 失
    { 0x5947,  33300, 20 },  // 奇
    { 0x5951,  33350, 20 },  // 契
    { 0x5965,  33400, 20 },  // 奥
    { 0x5973,  33450, 20 },  // 女
    { 0x597D,  33500, 20 },  // 好
    { 0x59BB,  33550, 20 },  // 妻
    { 0x59C9,  33600, 20 },  // 姉
    { 0x59CB,  33650, 20 },  // 始
    { 0x59D4,  33700, 20 },  // 委
    { 0x59FB,  33750, 20 },  // 姻
    { 0x59FF,  33800, 20 },  // 姿
    { 0x5A01,  33850, 20 },  // 威
    { 0x5A2F,  33900, 20 },  // 娯
    { 0x5A5A,  33950, 20 },  // 婚
    { 0x5A9B,  34000, 20 },  // 媛
    { 0x5AC1,  34050, 20 },  // 嫁
    { 0x5AC9,  34100, 20 },  // 嫉
    { 0x5ACC,  34150, 20 },  // 嫌
    { 0x5B50,  34200, 20 },  // 子
    { 0x5B54,  34250, 20 },  // 孔
    { 0x5B57,  34300, 20 },  // 字
    { 0x5B5D,  34350, 20 },  // 孝
    { 0x5B63,  34400, 20 },  // 季
    { 0x5B64,  34450, 20 },  // 孤
    { 0x5B66,  34500, 20 },  // 学
    { 0x5B87,  34550, 20 },  // 宇
    { 0x5B89,  34600, 20 },  // 安
    { 0x5B8C,  34650, 20 },  // 完
    { 0x5B98,  34700, 20 },  // 官
    { 0x5B9A,  34750, 20 },  // 定
    { 0x5B9B,  34800, 20 },  // 宛
    { 0x5B9C,  34850, 20 },  // 宜
    { 0x5B9F,  34900, 20 },  // 実
    { 0x5BA2,  34950, 20 },  // 客
    { 0x5BA4,  35000, 20 },  // 室
    { 0x5BAE,  35050, 20 },  // 宮
    { 0x5BB0,  35100, 20 },  // 宰
    { 0x5BB3,  35150, 20 },  // 害
    { 0x5BB4,  35200, 20 },  // 宴
    { 0x5BB6,  35250, 20 },  // 家
    { 0x5BC4,  35300, 20 },  // 寄
    { 0x5BD2,  35350, 20 },  // 寒
    { 0x5BDB,  35400, 20 },  // 寛
    { 0x5BDF,  35450, 20 },  // 察
    { 0x5BE1,  35500, 20 },  // 寡
    { 0x5BFA,  35550, 20 },  // 寺
    { 0x5BFE,  35600, 20 },  // 対
    { 0x5C04,  35650, 20 },  // 射
    { 0x5C09,  35700, 20 },  // 尉
    { 0x5C0F,  35750, 20 },  // 小
    { 0x5C11,  35800, 20 },  // 少
    { 0x5C40,  35850, 20 },  // 局
    { 0x5C45,  35900, 20 },  // 居
    { 0x5C48,  35950, 20 },  // 屈
    { 0x5C4B,  36000, 20 },  // 屋
    { 0x5C71,  36050, 20 },  // 山
    { 0x5C90,  36100, 20 },  // 岐
    { 0x5CA1,  36150, 20 },  // 岡
    { 0x5CA9,  36200, 20 },  // 岩
    { 0x5CB3,  36250, 20 },  // 岳
    { 0x5CB8,  36300, 20 },  // 岸
    { 0x5CE1,  36350, 20 },  // 峡
    { 0x5D0E,  36400, 20 },  // 崎
    { 0x5D16,  36450, 20 },  // 崖
    { 0x5D50,  36500, 20 },  // 嵐
    { 0x5DE5,  36550, 20 },  // 工
    { 0x5DE6,  36600, 20 },  // 左
    { 0x5DE7,  36650, 20 },  // 巧
    { 0x5DE8,  36700, 20 },  // 巨
    { 0x5DEE,  36750, 20 },  // 差
    { 0x5DF1,  36800, 20 },  // 己
    { 0x5DFB,  36850, 20 },  // 巻
    { 0x5DFE,  36900, 20 },  // 巾
    { 0x5E02,  36950, 20 },  // 市
    { 0x5E0C,  37000, 20 },  // 希
    { 0x5E2B,  37050, 20 },  // 師
    { 0x5E30,  37100, 20 },  // 帰
    { 0x5E72,  37150, 20 },  // 干
    { 0x5E73,  37200, 20 },  // 平
    { 0x5E74,  37250, 20 },  // 年
    { 0x5E78,  37300, 20 },  // 幸
    { 0x5E79,  37350, 20 },  // 幹
    { 0x5E7B,  37400, 20 },  // 幻
    { 0x5E7E,  37450, 20 },  // 幾
    { 0x5E83,  37500, 20 },  // 広
    { 0x5EA6,  37550, 20 },  // 度
    { 0x5EA7,  37600, 20 },  // 座
    { 0x5EAB,  37650, 20 },  // 庫
    { 0x5EB7,  37700, 20 },  // 康
    { 0x5EF6,  37750, 20 },  // 延
    { 0x5EFA,  37800, 20 },  // 建
    { 0x5F0F,  37850, 20 },  // 式
    { 0x5F13,  37900, 20 },  // 弓
    { 0x5F15,  37950, 20 },  // 引
    { 0x5F26,  38000, 20 },  // 弦
    { 0x5F27,  38050, 20 },  // 弧
    { 0x5F37,  38100, 20 },  // 強
    { 0x5F53,  38150, 20 },  // 当
    { 0x5F59,  38200, 20 },  // 彙
    { 0x5F62,  38250, 20 },  // 形
    { 0x5F69,  38300, 20 },  // 彩
    { 0x5F71,  38350, 20 },  // 影
    { 0x5F80,  38400, 20 },  // 往
    { 0x5F84,  38450, 20 },  // 径
    { 0x5F8C,  38500, 20 },  // 後
    { 0x5FA1,  38550, 20 },  // 御
    { 0x5FC3,  38600, 20 },  // 心
    { 0x5FCC,  38650, 20 },  // 忌
    { 0x5FD7,  38700, 20 },  // 志
    { 0x5FDC,  38750, 20 },  // 応
    { 0x5FEB,  38800, 20 },  // 快
    { 0x601D,  38850, 20 },  // 思
    { 0x6025,  38900, 20 },  // 急
    { 0x6027,  38950, 20 },  // 性
    { 0x6028,  39000, 20 },  // 怨
    { 0x602A,  39050, 20 },  // 怪
    { 0x6050,  39100, 20 },  // 恐
    { 0x6052,  39150, 20 },  // 恒
    { 0x6063,  39200, 20 },  // 恣
    { 0x6068,  39250, 20 },  // 恨
    { 0x6069,  39300, 20 },  // 恩
    { 0x606D,  39350, 20 },  // 恭
    { 0x6075,  39400, 20 },  // 恵
    { 0x6094,  39450, 20 },  // 悔
    { 0x609F,  39500, 20 },  // 悟
    { 0x60A3,  39550, 20 },  // 患
    { 0x60A6,  39600, 20 },  // 悦
    { 0x60AA,  39650, 20 },  // 悪
    { 0x60C5,  39700, 20 },  // 情
    { 0x60E7,  39750, 20 },  // 惧
    { 0x60E8,  39800, 20 },  // 惨
    { 0x610F,  39850, 20 },  // 意
    { 0x611A,  39900, 20 },  // 愚
    { 0x611B,  39950, 20 },  // 愛
    { 0x611F,  40000, 20 },  // 感
    { 0x6148,  40050, 20 },  // 慈
    { 0x614C,  40100, 20 },  // 慌
    { 0x6163,  40150, 20 },  // 慣
    { 0x6168,  40200, 20 },  // 慨
    { 0x6170,  40250, 20 },  // 慰
    { 0x6176,  40300, 20 },  // 慶
    { 0x61A9,  40350, 20 },  // 憩
    { 0x61AC,  40400, 20 },  // 憬
    { 0x61B2,  40450, 20 },  // 憲
    { 0x61B6,  40500, 20 },  // 憶
    { 0x61BE,  40550, 20 },  // 憾
    { 0x61C7,  40600, 20 },  // 懇
    { 0x61D0,  40650, 20 },  // 懐
    { 0x61F8,  40700, 20 },  // 懸
    { 0x6211,  40750, 20 },  // 我
    { 0x6212,  40800, 20 },  // 戒
    { 0x6226,  40850, 20 },  // 戦
    { 0x622F,  40900, 20 },  // 戯
    { 0x6238,  40950, 20 },  // 戸
    { 0x6240,  41000, 20 },  // 所
    { 0x624B,  41050, 20 },  // 手
    { 0x624D,  41100, 20 },  // 才
    { 0x6271,  41150, 20 },  // 扱
    { 0x6280,  41200, 20 },  // 技
    { 0x6297,  41250, 20 },  // 抗
    { 0x62BC,  41300, 20 },  // 押
    { 0x62D0,  41350, 20 },  // 拐
    { 0x62D2,  41400, 20 },  // 拒
    { 0x62D8,  41450, 20 },  // 拘
    { 0x62E0,  41500, 20 },  // 拠
    { 0x62E1,  41550, 20 },  // 拡
    { 0x62EC,  41600, 20 },  // 括
    { 0x62F3,  41650, 20 },  // 拳
    { 0x62F6,  41700, 20 },  // 拶
    { 0x62F7,  41750, 20 },  // 拷
    { 0x6301,  41800, 20 },  // 持
    { 0x6307,  41850, 20 },  // 指
    { 0x6319,  41900, 20 },  // 挙
    { 0x631F,  41950, 20 },  // 挟
    { 0x6328,  42000, 20 },  // 挨
    { 0x632B,  42050, 20 },  // 挫
    { 0x6398,  42100, 20 },  // 掘
    { 0x639B,  42150, 20 },  // 掛
    { 0x63A1,  42200, 20 },  // 採
    { 0x63A7,  42250, 20 },  // 控
    { 0x63B2,  42300, 20 },  // 掲
    { 0x63DB,  42350, 20 },  // 換
    { 0x63E1,  42400, 20 },  // 握
    { 0x63EE,  42450, 20 },  // 揮
    { 0x63F4,  42500, 20 },  // 援
    { 0x643A,  42550, 20 },  // 携
    { 0x643E,  42600, 20 },  // 搾
    { 0x646F,  42650, 20 },  // 摯
    { 0x6483,  42700, 20 },  // 撃
    { 0x64AE,  42750, 20 },  // 撮
    { 0x64E6,  42800, 20 },  // 擦
    { 0x64EC,  42850, 20 },  // 擬
    { 0x652F,  42900, 20 },  // 支
    { 0x6539,  42950, 20 },  // 改
    { 0x653B,  43000, 20 },  // 攻
    { 0x653F,  43050, 20 },  // 政
    { 0x6545,  43100, 20 },  // 故
    { 0x6551,  43150, 20 },  // 救
    { 0x6559,  43200, 20 },  // 教
    { 0x6562,  43250, 20 },  // 敢
    { 0x6563,  43300, 20 },  // 散
    { 0x656C,  43350, 20 },  // 敬
    { 0x6570,  43400, 20 },  // 数
    { 0x6587,  43450, 20 },  // 文
    { 0x658E,  43500, 20 },  // 斎
    { 0x65A4,  43550, 20 },  // 斤
    { 0x65AC,  43600, 20 },  // 斬
    { 0x65B0,  43650, 20 },  // 新
    { 0x65B9,  43700, 20 },  // 方
    { 0x65BD,  43750, 20 },  // 施
    { 0x65D7,  43800, 20 },  // 旗
    { 0x65E2,  43850, 20 },  // 既
    { 0x65E5,  43900, 20 },  // 日
    { 0x65E7,  43950, 20 },  // 旧
    { 0x65E8,  44000, 20 },  // 旨
    { 0x65FA,  44050, 20 },  // 旺
    { 0x6606,  44100, 20 },  // 昆
    { 0x660E,  44150, 20 },  // 明
    { 0x6613,  44200, 20 },  // 易
    { 0x6620,  44250, 20 },  // 映
    { 0x6628,  44300, 20 },  // 昨
    { 0x6642,  44350, 20 },  // 時
    { 0x666F,  44400, 20 },  // 景
    { 0x6681,  44450, 20 },  // 暁
    { 0x6687,  44500, 20 },  // 暇
    { 0x6697,  44550, 20 },  // 暗
    { 0x66AB,  44600, 20 },  // 暫
    { 0x66D6,  44650, 20 },  // 曖
    { 0x66F2,  44700, 20 },  // 曲
    { 0x66F4,  44750, 20 },  // 更
    { 0x66F8,  44800, 20 },  // 書
    { 0x6700,  44850, 20 },  // 最
    { 0x6708,  44900, 20 },  // 月
    { 0x671F,  44950, 20 },  // 期
    { 0x672C,  45000, 20 },  // 本
    { 0x672D,  45050, 20 },  // 札
    { 0x673A,  45100, 20 },  // 机
    { 0x673D,  45150, 20 },  // 朽
    { 0x6750,  45200, 20 },  // 材
    { 0x6765,  45250, 20 },  // 来
    { 0x6771,  45300, 20 },  // 東
    { 0x679C,  45350, 20 },  // 果
    { 0x679D,  45400, 20 },  // 枝
    { 0x67AF,  45450, 20 },  // 枯
    { 0x67B6,  45500, 20 },  // 架
    { 0x67F5,  45550, 20 },  // 柵
    { 0x67FB,  45600, 20 },  // 査
    { 0x67FF,  45650, 20 },  // 柿
    { 0x6804,  45700, 20 },  // 栄
    { 0x6821,  45750, 20 },  // 校
    { 0x682A,  45800, 20 },  // 株
    { 0x6838,  45850, 20 },  // 核
    { 0x6839,  45900, 20 },  // 根
    { 0x683C,  45950, 20 },  // 格
    { 0x683D,  46000, 20 },  // 栽
    { 0x6841,  46050, 20 },  // 桁
    { 0x6848,  46100, 20 },  // 案
    { 0x685C,  46150, 20 },  // 桜
    { 0x685F,  46200, 20 },  // 桟
    { 0x6897,  46250, 20 },  // 梗
    { 0x68B0,  46300, 20 },  // 械
    { 0x68C4,  46350, 20 },  // 棄
    { 0x68CB,  46400, 20 },  // 棋
    { 0x68FA,  46450, 20 },  // 棺
    { 0x6905,  46500, 20 },  // 椅
    { 0x691C,  46550, 20 },  // 検
    { 0x696D,  46600, 20 },  // 業
    { 0x6975,  46650, 20 },  // 極
    { 0x6977,  46700, 20 },  // 楷
    { 0x697D,  46750, 20 },  // 楽
    { 0x6982,  46800, 20 },  // 概
    { 0x69CB,  46850, 20 },  // 構
    { 0x6A29,  46900, 20 },  // 権
    { 0x6A2A,  46950, 20 },  // 横
    { 0x6A4B,  47000, 20 },  // 橋
    { 0x6A5F,  47050, 20 },  // 機
    { 0x6B20,  47100, 20 },  // 欠
    { 0x6B21,  47150, 20 },  // 次
    { 0x6B27,  47200, 20 },  // 欧
    { 0x6B3A,  47250, 20 },  // 欺
    { 0x6B3E,  47300, 20 },  // 款
    { 0x6B4C,  47350, 20 },  // 歌
    { 0x6B53,  47400, 20 },  // 歓
    { 0x6B62,  47450, 20 },  // 止
    { 0x6B63,  47500, 20 },  // 正
    { 0x6B6F,  47550, 20 },  // 歯
    { 0x6B73,  47600, 20 },  // 歳
    { 0x6B7B,  47650, 20 },  // 死
    { 0x6B8B,  47700, 20 },  // 残
    { 0x6BB4,  47750, 20 },  // 殴
    { 0x6BBA,  47800, 20 },  // 殺
    { 0x6BBB,  47850, 20 },  // 殻
    { 0x6BC0,  47900, 20 },  // 毀
    { 0x6C0F,  47950, 20 },  // 氏
    { 0x6C11,  48000, 20 },  // 民
    { 0x6C17,  48050, 20 },  // 気
    { 0x6C38,  48100, 20 },  // 永
    { 0x6C42,  48150, 20 },  // 求
    { 0x6C57,  48200, 20 },  // 汗
    { 0x6C5A,  48250, 20 },  // 汚
    { 0x6C5F,  48300, 20 },  // 江
    { 0x6C7A,  48350, 20 },  // 決
    { 0x6C7D,  48400, 20 },  // 汽
    { 0x6C99,  48450, 20 },  // 沙
    { 0x6CB3,  48500, 20 },  // 河
    { 0x6CBB,  48550, 20 },  // 治
    { 0x6CBF,  48600, 20 },  // 沿
    { 0x6CC1,  48650, 20 },  // 況
    { 0x6CD5,  48700, 20 },  // 法
    { 0x6CE3,  48750, 20 },  // 泣
    { 0x6CF3,  48800, 20 },  // 泳
    { 0x6D2A,  48850, 20 },  // 洪
    { 0x6D3B,  48900, 20 },  // 活
    { 0x6D66,  48950, 20 },  // 浦
    { 0x6D77,  49000, 20 },  // 海
    { 0x6DAF,  49050, 20 },  // 涯
    { 0x6DB2,  49100, 20 },  // 液
    { 0x6DEB,  49150, 20 },  // 淫
    { 0x6DF7,  49200, 20 },  // 混
    { 0x6E07,  49250, 20 },  // 渇
    { 0x6E08,  49300, 20 },  // 済
    { 0x6E13,  49350, 20 },  // 渓
    { 0x6E1B,  49400, 20 },  // 減
    { 0x6E26,  49450, 20 },  // 渦
    { 0x6E29,  49500, 20 },  // 温
    { 0x6E2F,  49550, 20 },  // 港
    { 0x6E56,  49600, 20 },  // 湖
    { 0x6E7F,  49650, 20 },  // 湿
    { 0x6E90,  49700, 20 },  // 源
    { 0x6E9D,  49750, 20 },  // 溝
    { 0x6ECB,  49800, 20 },  // 滋
    { 0x6ED1,  49850, 20 },  // 滑
    { 0x6F01,  49900, 20 },  // 漁
    { 0x6F06,  49950, 20 },  // 漆
    { 0x6F14,  50000, 20 },  // 演
    { 0x6F22,  50050, 20 },  // 漢
    { 0x6F54,  50100, 20 },  // 潔
    { 0x6F5F,  50150, 20 },  // 潟
    { 0x6F70,  50200, 20 },  // 潰
    { 0x6FC0,  50250, 20 },  // 激
    { 0x706B,  50300, 20 },  // 火
    { 0x7070,  50350, 20 },  // 灰
    { 0x707D,  50400, 20 },  // 災
    { 0x708E,  50450, 20 },  // 炎
    { 0x70BA,  50500, 20 },  // 為
    { 0x7159,  50550, 20 },  // 煙
    { 0x718A,  50600, 20 },  // 熊
    { 0x7259,  50650, 20 },  // 牙
    { 0x725B,  50700, 20 },  // 牛
    { 0x7269,  50750, 20 },  // 物
    { 0x72A0,  50800, 20 },  // 犠
    { 0x72AC,  50850, 20 },  // 犬
    { 0x72C2,  50900, 20 },  // 狂
    { 0x72ED,  50950, 20 },  // 狭
    { 0x732E,  51000, 20 },  // 献
    { 0x733F,  51050, 20 },  // 猿
    { 0x7344,  51100, 20 },  // 獄
    { 0x7372,  51150, 20 },  // 獲
    { 0x7384,  51200, 20 },  // 玄
    { 0x7389,  51250, 20 },  // 玉
    { 0x738B,  51300, 20 },  // 王
    { 0x73A9,  51350, 20 },  // 玩
    { 0x73FE,  51400, 20 },  // 現
    { 0x7403,  51450, 20 },  // 球
    { 0x7406,  51500, 20 },  // 理
    { 0x7434,  51550, 20 },  // 琴
    { 0x74B0,  51600, 20 },  // 環
    { 0x74BD,  51650, 20 },  // 璽
    { 0x74E6,  51700, 20 },  // 瓦
    { 0x7518,  51750, 20 },  // 甘
    { 0x751F,  51800, 20 },  // 生
    { 0x7523,  51850, 20 },  // 産
    { 0x7528,  51900, 20 },  // 用
    { 0x7530,  51950, 20 },  // 田
    { 0x7532,  52000, 20 },  // 甲
    { 0x753A,  52050, 20 },  // 町
    { 0x753B,  52100, 20 },  // 画
    { 0x754C,  52150, 20 },  // 界
    { 0x754F,  52200, 20 },  // 畏
    { 0x755D,  52250, 20 },  // 畝
    { 0x7570,  52300, 20 },  // 異
    { 0x757F,  52350, 20 },  // 畿
    { 0x7591,  52400, 20 },  // 疑
    { 0x75AB,  52450, 20 },  // 疫
    { 0x75BE,  52500, 20 },  // 疾
    { 0x75D5,  52550, 20 },  // 痕
    { 0x767A,  52600, 20 },  // 発
    { 0x7684,  52650, 20 },  // 的
    { 0x7686,  52700, 20 },  // 皆
    { 0x7687,  52750, 20 },  // 皇
    { 0x76BF,  52800, 20 },  // 皿
    { 0x76CA,  52850, 20 },  // 益
    { 0x76E3,  52900, 20 },  // 監
    { 0x76EE,  52950, 20 },  // 目
    { 0x76F4,  53000, 20 },  // 直
    { 0x76F8,  53050, 20 },  // 相
    { 0x770B,  53100, 20 },  // 看
    { 0x770C,  53150, 20 },  // 県
    { 0x773C,  53200, 20 },  // 眼
    { 0x77E2,  53250, 20 },  // 矢
    { 0x77EF,  53300, 20 },  // 矯
    { 0x7802,  53350, 20 },  // 砂
    { 0x7814,  53400, 20 },  // 研
    { 0x7815,  53450, 20 },  // 砕
    { 0x786C,  53500, 20 },  // 硬
    { 0x7881,  53550, 20 },  // 碁
    { 0x78BA,  53600, 20 },  // 確
    { 0x78C1,  53650, 20 },  // 磁
    { 0x793A,  53700, 20 },  // 示
    { 0x793E,  53750, 20 },  // 社
    { 0x7948,  53800, 20 },  // 祈
    { 0x7949,  53850, 20 },  // 祉
    { 0x795E,  53900, 20 },  // 神
    { 0x796D,  53950, 20 },  // 祭
    { 0x7981,  54000, 20 },  // 禁
    { 0x798D,  54050, 20 },  // 禍
    { 0x79C1,  54100, 20 },  // 私
    { 0x79D1,  54150, 20 },  // 科
    { 0x79FB,  54200, 20 },  // 移
    { 0x7A3C,  54250, 20 },  // 稼
    { 0x7A3D,  54300, 20 },  // 稽
    { 0x7A3F,  54350, 20 },  // 稿
    { 0x7A40,  54400, 20 },  // 穀
    { 0x7A4F,  54450, 20 },  // 穏
    { 0x7A6B,  54500, 20 },  // 穫
    { 0x7A74,  54550, 20 },  // 穴
    { 0x7A76,  54600, 20 },  // 究
    { 0x7A7A,  54650, 20 },  // 空
    { 0x7A9F,  54700, 20 },  // 窟
    { 0x7AAE,  54750, 20 },  // 窮
    { 0x7ACB,  54800, 20 },  // 立
    { 0x7AF6,  54850, 20 },  // 競
    { 0x7B2C,  54900, 20 },  // 第
    { 0x7B4B,  54950, 20 },  // 筋
    { 0x7B54,  55000, 20 },  // 答
    { 0x7B56,  55050, 20 },  // 策
    { 0x7B87,  55100, 20 },  // 箇
    { 0x7B97,  55150, 20 },  // 算
    { 0x7BA1,  55200, 20 },  // 管
    { 0x7C21,  55250, 20 },  // 簡
    { 0x7CF8,  55300, 20 },  // 糸
    { 0x7CFB,  55350, 20 },  // 系
    { 0x7CFE,  55400, 20 },  // 糾
    { 0x7D00,  55450, 20 },  // 紀
    { 0x7D05,  55500, 20 },  // 紅
    { 0x7D19,  55550, 20 },  // 紙
    { 0x7D1A,  55600, 20 },  // 級
    { 0x7D22,  55650, 20 },  // 索
    { 0x7D2B,  55700, 20 },  // 紫
    { 0x7D30,  55750, 20 },  // 細
    { 0x7D3A,  55800, 20 },  // 紺
    { 0x7D44,  55850, 20 },  // 組
    { 0x7D4C,  55900, 20 },  // 経
    { 0x7D50,  55950, 20 },  // 結
    { 0x7D5E,  56000, 20 },  // 絞
    { 0x7D66,  56050, 20 },  // 給
    { 0x7D75,  56100, 20 },  // 絵
    { 0x7D79,  56150, 20 },  // 絹
    { 0x7D99,  56200, 20 },  // 継
    { 0x7DAD,  56250, 20 },  // 維
    { 0x7DB1,  56300, 20 },  // 綱
    { 0x7DCA,  56350, 20 },  // 緊
    { 0x7DCF,  56400, 20 },  // 総
    { 0x7DE9,  56450, 20 },  // 緩
    { 0x7DEF,  56500, 20 },  // 緯
    { 0x7E01,  56550, 20 },  // 縁
    { 0x7E6D,  56600, 20 },  // 繭
    { 0x7E70,  56650, 20 },  // 繰
    { 0x7F36,  56700, 20 },  // 缶
    { 0x7F6A,  56750, 20 },  // 罪
    { 0x7F8E,  56800, 20 },  // 美
    { 0x7FA4,  56850, 20 },  // 群
    { 0x7FA9,  56900, 20 },  // 義
    { 0x7FBD,  56950, 20 },  // 羽
    { 0x7FC1,  57000, 20 },  // 翁
    { 0x8003,  57050, 20 },  // 考
    { 0x8005,  57100, 20 },  // 者
    { 0x8015,  57150, 20 },  // 耕
    { 0x8033,  57200, 20 },  // 耳
    { 0x809D,  57250, 20 },  // 肝
    { 0x80A1,  57300, 20 },  // 股
    { 0x80A2,  57350, 20 },  // 肢
    { 0x80A9,  57400, 20 },  // 肩
    { 0x80AF,  57450, 20 },  // 肯
    { 0x80B2,  57500, 20 },  // 育
    { 0x80C3,  57550, 20 },  // 胃
    { 0x80F8,  57600, 20 },  // 胸
    { 0x80FD,  57650, 20 },  // 能
    { 0x8102,  57700, 20 },  // 脂
    { 0x8105,  57750, 20 },  // 脅
    { 0x811A,  57800, 20 },  // 脚
    { 0x81C6,  57850, 20 },  // 臆
    { 0x81EA,  57900, 20 },  // 自
    { 0x81F3,  57950, 20 },  // 至
    { 0x81FC,  58000, 20 },  // 臼
    { 0x8208,  58050, 20 },  // 興
    { 0x820E,  58100, 20 },  // 舎
    { 0x822A,  58150, 20 },  // 航
    { 0x8237,  58200, 20 },  // 舷
    { 0x8266,  58250, 20 },  // 艦
    { 0x8276,  58300, 20 },  // 艶
    { 0x828B,  58350, 20 },  // 芋
    { 0x829D,  58400, 20 },  // 芝
    { 0x82B1,  58450, 20 },  // 花
    { 0x82B8,  58500, 20 },  // 芸
    { 0x82BD,  58550, 20 },  // 芽
    { 0x82DB,  58600, 20 },  // 苛
    { 0x82E6,  58650, 20 },  // 苦
    { 0x82F1,  58700, 20 },  // 英
    { 0x830E,  58750, 20 },  // 茎
    { 0x8328,  58800, 20 },  // 茨
    { 0x8352,  58850, 20 },  // 荒
    { 0x8377,  58900, 20 },  // 荷
    { 0x83CA,  58950, 20 },  // 菊
    { 0x83CC,  59000, 20 },  // 菌
    { 0x83D3,  59050, 20 },  // 菓
    { 0x83DC,  59100, 20 },  // 菜
    { 0x83EF,  59150, 20 },  // 華
    { 0x840E,  59200, 20 },  // 萎
    { 0x845B,  59250, 20 },  // 葛
    { 0x84CB,  59300, 20 },  // 蓋
    { 0x85AB,  59350, 20 },  // 薫
    { 0x864E,  59400, 20 },  // 虎
    { 0x8650,  59450, 20 },  // 虐
    { 0x865A,  59500, 20 },  // 虚
    { 0x865E,  59550, 20 },  // 虞
    { 0x868A,  59600, 20 },  // 蚊
    { 0x8695,  59650, 20 },  // 蚕
    { 0x86CD,  59700, 20 },  // 蛍
    { 0x8840,  59750, 20 },  // 血
    { 0x884C,  59800, 20 },  // 行
    { 0x8857,  59850, 20 },  // 街
    { 0x885B,  59900, 20 },  // 衛
    { 0x8861,  59950, 20 },  // 衡
    { 0x8863,  60000, 20 },  // 衣
    { 0x8868,  60050, 20 },  // 表
    { 0x88C1,  60100, 20 },  // 裁
    { 0x8910,  60150, 20 },  // 褐
    { 0x895F,  60200, 20 },  // 襟
    { 0x897F,  60250, 20 },  // 西
    { 0x8981,  60300, 20 },  // 要
    { 0x898B,  60350, 20 },  // 見
    { 0x898F,  60400, 20 },  // 規
    { 0x8996,  60450, 20 },  // 視
    { 0x899A,  60500, 20 },  // 覚
    { 0x89B3,  60550, 20 },  // 観
    { 0x89D2,  60600, 20 },  // 角
    { 0x89E3,  60650, 20 },  // 解
    { 0x8A00,  60700, 20 },  // 言
    { 0x8A08,  60750, 20 },  // 計
    { 0x8A13,  60800, 20 },  // 訓
    { 0x8A18,  60850, 20 },  // 記
    { 0x8A2D,  60900, 20 },  // 設
    { 0x8A31,  60950, 20 },  // 許
    { 0x8A50,  61000, 20 },  // 詐
    { 0x8A5E,  61050, 20 },  // 詞
    { 0x8A60,  61100, 20 },  // 詠
    { 0x8A63,  61150, 20 },  // 詣
    { 0x8A66,  61200, 20 },  // 試
    { 0x8A69,  61250, 20 },  // 詩
    { 0x8A70,  61300, 20 },  // 詰
    { 0x8A71,  61350, 20 },  // 話
    { 0x8A72,  61400, 20 },  // 該
    { 0x8A87,  61450, 20 },  // 誇
    { 0x8A8C,  61500, 20 },  // 誌
    { 0x8A9E,  61550, 20 },  // 語
    { 0x8AA4,  61600, 20 },  // 誤
    { 0x8AB2,  61650, 20 },  // 課
    { 0x8ABF,  61700, 20 },  // 調
    { 0x8AE7,  61750, 20 },  // 諧
    { 0x8AEE,  61800, 20 },  // 諮
    { 0x8B01,  61850, 20 },  // 謁
    { 0x8B19,  61900, 20 },  // 謙
    { 0x8B1B,  61950, 20 },  // 講
    { 0x8B39,  62000, 20 },  // 謹
    { 0x8B58,  62050, 20 },  // 識
    { 0x8B66,  62100, 20 },  // 警
    { 0x8B70,  62150, 20 },  // 議
    { 0x8B77,  62200, 20 },  // 護
    { 0x8C37,  62250, 20 },  // 谷
    { 0x8C6A,  62300, 20 },  // 豪
    { 0x8C9D,  62350, 20 },  // 貝
    { 0x8CA1,  62400, 20 },  // 財
    { 0x8CA2,  62450, 20 },  // 貢
    { 0x8CA8,  62500, 20 },  // 貨
    { 0x8CAB,  62550, 20 },  // 貫
    { 0x8CB4,  62600, 20 },  // 貴
    { 0x8CC0,  62650, 20 },  // 賀
    { 0x8CC7,  62700, 20 },  // 資
    { 0x8CDB,  62750, 20 },  // 賛
    { 0x8CDC,  62800, 20 },  // 賜
    { 0x8CE2,  62850, 20 },  // 賢
    { 0x8CEA,  62900, 20 },  // 質
    { 0x8CFC,  62950, 20 },  // 購
    { 0x8D77,  63000, 20 },  // 起
    { 0x8D8A,  63050, 20 },  // 越
    { 0x8DDD,  63100, 20 },  // 距
    { 0x8EAB,  63150, 20 },  // 身
    { 0x8ECA,  63200, 20 },  // 車
    { 0x8ECC,  63250, 20 },  // 軌
    { 0x8ECD,  63300, 20 },  // 軍
    { 0x8ED2,  63350, 20 },  // 軒
    { 0x8EF8,  63400, 20 },  // 軸
    { 0x8EFD,  63450, 20 },  // 軽
    { 0x8F03,  63500, 20 },  // 較
    { 0x8F09,  63550, 20 },  // 載
    { 0x8F1D,  63600, 20 },  // 輝
    { 0x8F44,  63650, 20 },  // 轄
    { 0x8F9E,  63700, 20 },  // 辞
    { 0x8FBC,  63750, 20 },  // 込
    { 0x8FCE,  63800, 20 },  // 迎
    { 0x8FD1,  63850, 20 },  // 近
    { 0x9006,  63900, 20 },  // 逆
    { 0x901A,  63950, 20 },  // 通
    { 0x9023,  64000, 20 },  // 連
    { 0x9032,  64050, 20 },  // 進
    { 0x9038,  64100, 20 },  // 逸
    { 0x9047,  64150, 20 },  // 遇
    { 0x904B,  64200, 20 },  // 運
    { 0x904E,  64250, 20 },  // 過
    { 0x9053,  64300, 20 },  // 道
    { 0x9055,  64350, 20 },  // 違
    { 0x9060,  64400, 20 },  // 遠
    { 0x9063,  64450, 20 },  // 遣
    { 0x9078,  64500, 20 },  // 選
    { 0x907A,  64550, 20 },  // 遺
    { 0x9084,  64600, 20 },  // 還
    { 0x90CA,  64650, 20 },  // 郊
    { 0x90E1,  64700, 20 },  // 郡
    { 0x90E8,  64750, 20 },  // 部
    { 0x90ED,  64800, 20 },  // 郭
    { 0x90F7,  64850, 20 },  // 郷
    { 0x90FD,  64900, 20 },  // 都
    { 0x9162,  64950, 20 },  // 酢
    { 0x9175,  65000, 20 },  // 酵
    { 0x9177,  65050, 20 },  // 酷
    { 0x9178,  65100, 20 },  // 酸
    { 0x91C7,  65150, 20 },  // 采
    { 0x91CD,  65200, 20 },  // 重
    { 0x91CE,  65250, 20 },  // 野
    { 0x91D1,  65300, 20 },  // 金
    { 0x91DC,  65350, 20 },  // 釜
    { 0x925B,  65400, 20 },  // 鉛
    { 0x9271,  65450, 20 },  // 鉱
    { 0x9280,  65500, 20 },  // 銀
    { 0x92ED,  65550, 20 },  // 鋭
    { 0x92FC,  65600, 20 },  // 鋼
    { 0x9326,  65650, 20 },  // 錦
    { 0x932E,  65700, 20 },  // 錮
    { 0x932F,  65750, 20 },  // 錯
    { 0x9375,  65800, 20 },  // 鍵
    { 0x938C,  65850, 20 },  // 鎌
    { 0x9396,  65900, 20 },  // 鎖
    { 0x93E1,  65950, 20 },  // 鏡
    { 0x9451,  66000, 20 },  // 鑑
    { 0x9577,  66050, 20 },  // 長
    { 0x958B,  66100, 20 },  // 開
    { 0x9591,  66150, 20 },  // 閑
    { 0x9593,  66200, 20 },  // 間
    { 0x95A2,  66250, 20 },  // 関
    { 0x95A3,  66300, 20 },  // 閣
    { 0x95B2,  66350, 20 },  // 閲
    { 0x964D,  66400, 20 },  // 降
    { 0x9650,  66450, 20 },  // 限
    { 0x9662,  66500, 20 },  // 院
    { 0x9665,  66550, 20 },  // 陥
    { 0x9670,  66600, 20 },  // 陰
    { 0x967A,  66650, 20 },  // 険
    { 0x9685,  66700, 20 },  // 隅
    { 0x968E,  66750, 20 },  // 階
    { 0x9694,  66800, 20 },  // 隔
    { 0x9699,  66850, 20 },  // 隙
    { 0x969B,  66900, 20 },  // 際
    { 0x96A0,  66950, 20 },  // 隠
    { 0x96C5,  67000, 20 },  // 雅
    { 0x96C7,  67050, 20 },  // 雇
    { 0x96CC,  67100, 20 },  // 雌
    { 0x96D1,  67150, 20 },  // 雑
    { 0x96E8,  67200, 20 },  // 雨
    { 0x96F2,  67250, 20 },  // 雲
    { 0x96FB,  67300, 20 },  // 電
    { 0x9769,  67350, 20 },  // 革
    { 0x9774,  67400, 20 },  // 靴
    { 0x97D3,  67450, 20 },  // 韓
    { 0x97F3,  67500, 20 },  // 音
    { 0x97FB,  67550, 20 },  // 韻
    { 0x97FF,  67600, 20 },  // 響
    { 0x9803,  67650, 20 },  // 頃
    { 0x9805,  67700, 20 },  // 項
    { 0x9811,  67750, 20 },  // 頑
    { 0x984D,  67800, 20 },  // 額
    { 0x984E,  67850, 20 },  // 顎
    { 0x9854,  67900, 20 },  // 顔
    { 0x9855,  67950, 20 },  // 顕
    { 0x9858,  68000, 20 },  // 願
    { 0x9867,  68050, 20 },  // 顧
    { 0x98E2,  68100, 20 },  // 飢
    { 0x98F2,  68150, 20 },  // 飲
    { 0x98FC,  68200, 20 },  // 飼
    { 0x990C,  68250, 20 },  // 餌
    { 0x9913,  68300, 20 },  // 餓
    { 0x9928,  68350, 20 },  // 館
    { 0x9999,  68400, 20 },  // 香
    { 0x99C5,  68450, 20 },  // 駅
    { 0x99C6,  68500, 20 },  // 駆
    { 0x99D2,  68550, 20 },  // 駒
    { 0x9A0E,  68600, 20 },  // 騎
    { 0x9A13,  68650, 20 },  // 験
    { 0x9A5A,  68700, 20 },  // 驚
    { 0x9AA8,  68750, 20 },  // 骨
    { 0x9AB8,  68800, 20 },  // 骸
    { 0x9AD8,  68850, 20 },  // 高
    { 0x9B31,  68900, 20 },  // 鬱
    { 0x9B3C,  68950, 20 },  // 鬼
    { 0x9B42,  69000, 20 },  // 魂
    { 0x9B5A,  69050, 20 },  // 魚
    { 0x9BE8,  69100, 20 },  // 鯨
    { 0x9D8F,  69150, 20 },  // 鶏
    { 0x9E7F,  69200, 20 },  // 鹿
    { 0x9EC4,  69250, 20 },  // 黄
    { 0x9ED2,  69300, 20 },  // 黒
    { 0x9F13,  69350, 20 },  // 鼓
    { 0xFF00,  69400, 20 },  // ＀
    { 0xFF01,  69450, 20 },  // ！
    { 0xFF02,  69500, 20 },  // ＂
    { 0xFF03,  69550, 20 },  // ＃
    { 0xFF04,  69600, 20 },  // ＄
    { 0xFF05,  69650, 20 },  // ％
    { 0xFF06,  69700, 20 },  // ＆
    { 0xFF07,  69750, 20 },  // ＇
    { 0xFF08,  69800, 20 },  // （
    { 0xFF09,  69850, 20 },  // ）
    { 0xFF0A,  69900, 20 },  // ＊
    { 0xFF0B,  69950, 20 },  // ＋
    { 0xFF0C,  70000, 20 },  // ，
    { 0xFF0D,  70050, 20 },  // －
    { 0xFF0E,  70100, 20 },  // ．
    { 0xFF0F,  70150, 20 },  // ／
    { 0xFF10,  70200, 20 },  // ０
    { 0xFF11,  70250, 20 },  // １
    { 0xFF12,  70300, 20 },  // ２
    { 0xFF13,  70350, 20 },  // ３
    { 0xFF14,  70400, 20 },  // ４
    { 0xFF15,  70450, 20 },  // ５
    { 0xFF16,  70500, 20 },  // ６
    { 0xFF17,  70550, 20 },  // ７
    { 0xFF18,  70600, 20 },  // ８
    { 0xFF19,  70650, 20 },  // ９
    { 0xFF1A,  70700, 20 },  // ：
    { 0xFF1B,  70750, 20 },  // ；
    { 0xFF1C,  70800, 20 },  // ＜
    { 0xFF1D,  70850, 20 },  // ＝
    { 0xFF1E,  70900, 20 },  // ＞
    { 0xFF1F,  70950, 20 },  // ？
    { 0xFF20,  71000, 20 },  // ＠
    { 0xFF21,  71050, 20 },  // Ａ
    { 0xFF22,  71100, 20 },  // Ｂ
    { 0xFF23,  71150, 20 },  // Ｃ
    { 0xFF24,  71200, 20 },  // Ｄ
    { 0xFF25,  71250, 20 },  // Ｅ
    { 0xFF26,  71300, 20 },  // Ｆ
    { 0xFF27,  71350, 20 },  // Ｇ
    { 0xFF28,  71400, 20 },  // Ｈ
    { 0xFF29,  71450, 20 },  // Ｉ
    { 0xFF2A,  71500, 20 },  // Ｊ
    { 0xFF2B,  71550, 20 },  // Ｋ
    { 0xFF2C,  71600, 20 },  // Ｌ
    { 0xFF2D,  71650, 20 },  // Ｍ
    { 0xFF2E,  71700, 20 },  // Ｎ
    { 0xFF2F,  71750, 20 },  // Ｏ
    { 0xFF30,  71800, 20 },  // Ｐ
    { 0xFF31,  71850, 20 },  // Ｑ
    { 0xFF32,  71900, 20 },  // Ｒ
    { 0xFF33,  71950, 20 },  // Ｓ
    { 0xFF34,  72000, 20 },  // Ｔ
    { 0xFF35,  72050, 20 },  // Ｕ
    { 0xFF36,  72100, 20 },  // Ｖ
    { 0xFF37,  72150, 20 },  // Ｗ
    { 0xFF38,  72200, 20 },  // Ｘ
    { 0xFF39,  72250, 20 },  // Ｙ
    { 0xFF3A,  72300, 20 },  // Ｚ
    { 0xFF3B,  72350, 20 },  // ［
    { 0xFF3C,  72400, 20 },  // ＼
    { 0xFF3D,  72450, 20 },  // ］
    { 0xFF3E,  72500, 20 },  // ＾
    { 0xFF3F,  72550, 20 },  // ＿
    { 0xFF40,  72600, 20 },  // ｀
    { 0xFF41,  72650, 20 },  // ａ
    { 0xFF42,  72700, 20 },  // ｂ
    { 0xFF43,  72750, 20 },  // ｃ
    { 0xFF44,  72800, 20 },  // ｄ
    { 0xFF45,  72850, 20 },  // ｅ
    { 0xFF46,  72900, 20 },  // ｆ
    { 0xFF47,  72950, 20 },  // ｇ
    { 0xFF48,  73000, 20 },  // ｈ
    { 0xFF49,  73050, 20 },  // ｉ
    { 0xFF4A,  73100, 20 },  // ｊ
    { 0xFF4B,  73150, 20 },  // ｋ
    { 0xFF4C,  73200, 20 },  // ｌ
    { 0xFF4D,  73250, 20 },  // ｍ
    { 0xFF4E,  73300, 20 },  // ｎ
    { 0xFF4F,  73350, 20 },  // ｏ
    { 0xFF50,  73400, 20 },  // ｐ
    { 0xFF51,  73450, 20 },  // ｑ
    { 0xFF52,  73500, 20 },  // ｒ
    { 0xFF53,  73550, 20 },  // ｓ
    { 0xFF54,  73600, 20 },  // ｔ
    { 0xFF55,  73650, 20 },  // ｕ
    { 0xFF56,  73700, 20 },  // ｖ
    { 0xFF57,  73750, 20 },  // ｗ
    { 0xFF58,  73800, 20 },  // ｘ
    { 0xFF59,  73850, 20 },  // ｙ
    { 0xFF5A,  73900, 20 },  // ｚ
    { 0xFF5B,  73950, 20 },  // ｛
    { 0xFF5C,  74000, 20 },  // ｜
    { 0xFF5D,  74050, 20 },  // ｝
    { 0xFF5E,  74100, 20 },  // ～
    { 0xFF5F,  74150, 20 },  // ｟
    { 0xFF60,  74200, 20 },  // ｠
    { 0xFF61,  74250, 10 },  // ｡
    { 0xFF62,  74300, 10 },  // ｢
    { 0xFF63,  74350, 10 },  // ｣
    { 0xFF64,  74400, 10 },  // ､
    { 0xFF65,  74450, 10 },  // ･
    { 0xFF66,  74500, 10 },  // ｦ
    { 0xFF67,  74550, 10 },  // ｧ
    { 0xFF68,  74600, 10 },  // ｨ
    { 0xFF69,  74650, 10 },  // ｩ
    { 0xFF6A,  74700, 10 },  // ｪ
    { 0xFF6B,  74750, 10 },  // ｫ
    { 0xFF6C,  74800, 10 },  // ｬ
    { 0xFF6D,  74850, 10 },  // ｭ
    { 0xFF6E,  74900, 10 },  // ｮ
    { 0xFF6F,  74950, 10 },  // ｯ
    { 0xFF70,  75000, 10 },  // ｰ
    { 0xFF71,  75050, 10 },  // ｱ
    { 0xFF72,  75100, 10 },  // ｲ
    { 0xFF73,  75150, 10 },  // ｳ
    { 0xFF74,  75200, 10 },  // ｴ
    { 0xFF75,  75250, 10 },  // ｵ
    { 0xFF76,  75300, 10 },  // ｶ
    { 0xFF77,  75350, 10 },  // ｷ
    { 0xFF78,  75400, 10 },  // ｸ
    { 0xFF79,  75450, 10 },  // ｹ
    { 0xFF7A,  75500, 10 },  // ｺ
    { 0xFF7B,  75550, 10 },  // ｻ
    { 0xFF7C,  75600, 10 },  // ｼ
    { 0xFF7D,  75650, 10 },  // ｽ
    { 0xFF7E,  75700, 10 },  // ｾ
    { 0xFF7F,  75750, 10 },  // ｿ
    { 0xFF80,  75800, 10 },  // ﾀ
    { 0xFF81,  75850, 10 },  // ﾁ
    { 0xFF82,  75900, 10 },  // ﾂ
    { 0xFF83,  75950, 10 },  // ﾃ
    { 0xFF84,  76000, 10 },  // ﾄ
    { 0xFF85,  76050, 10 },  // ﾅ
    { 0xFF86,  76100, 10 },  // ﾆ
    { 0xFF87,  76150, 10 },  // ﾇ
    { 0xFF88,  76200, 10 },  // ﾈ
    { 0xFF89,  76250, 10 },  // ﾉ
    { 0xFF8A,  76300, 10 },  // ﾊ
    { 0xFF8B,  76350, 10 },  // ﾋ
    { 0xFF8C,  76400, 10 },  // ﾌ
    { 0xFF8D,  76450, 10 },  // ﾍ
    { 0xFF8E,  76500, 10 },  // ﾎ
    { 0xFF8F,  76550, 10 },  // ﾏ
    { 0xFF90,  76600, 10 },  // ﾐ
    { 0xFF91,  76650, 10 },  // ﾑ
    { 0xFF92,  76700, 10 },  // ﾒ
    { 0xFF93,  76750, 10 },  // ﾓ
    { 0xFF94,  76800, 10 },  // ﾔ
    { 0xFF95,  76850, 10 },  // ﾕ
    { 0xFF96,  76900, 10 },  // ﾖ
    { 0xFF97,  76950, 10 },  // ﾗ
    { 0xFF98,  77000, 10 },  // ﾘ
    { 0xFF99,  77050, 10 },  // ﾙ
    { 0xFF9A,  77100, 10 },  // ﾚ
    { 0xFF9B,  77150, 10 },  // ﾛ
    { 0xFF9C,  77200, 10 },  // ﾜ
    { 0xFF9D,  77250, 10 },  // ﾝ
    { 0xFF9E,  77300, 10 },  // ﾞ
    { 0xFF9F,  77350, 10 },  // ﾟ
    { 0xFFA0,  77400, 20 },  // ﾠ
    { 0xFFA1,  77450, 18 },  // ﾡ
    { 0xFFA2,  77500, 18 },  // ﾢ
    { 0xFFA3,  77550, 18 },  // ﾣ
    { 0xFFA4,  77600, 18 },  // ﾤ
    { 0xFFA5,  77650, 18 },  // ﾥ
    { 0xFFA6,  77700, 18 },  // ﾦ
    { 0xFFA7,  77750, 18 },  // ﾧ
    { 0xFFA8,  77800, 18 },  // ﾨ
    { 0xFFA9,  77850, 18 },  // ﾩ
    { 0xFFAA,  77900, 18 },  // ﾪ
    { 0xFFAB,  77950, 18 },  // ﾫ
    { 0xFFAC,  78000, 18 },  // ﾬ
    { 0xFFAD,  78050, 18 },  // ﾭ
    { 0xFFAE,  78100, 18 },  // ﾮ
    { 0xFFAF,  78150, 18 },  // ﾯ
    { 0xFFB0,  78200, 18 },  // ﾰ
    { 0xFFB1,  78250, 18 },  // ﾱ
    { 0xFFB2,  78300, 18 },  // ﾲ
    { 0xFFB3,  78350, 18 },  // ﾳ
    { 0xFFB4,  78400, 18 },  // ﾴ
    { 0xFFB5,  78450, 18 },  // ﾵ
    { 0xFFB6,  78500, 18 },  // ﾶ
    { 0xFFB7,  78550, 18 },  // ﾷ
    { 0xFFB8,  78600, 18 },  // ﾸ
    { 0xFFB9,  78650, 18 },  // ﾹ
    { 0xFFBA,  78700, 18 },  // ﾺ
    { 0xFFBB,  78750, 18 },  // ﾻ
    { 0xFFBC,  78800, 18 },  // ﾼ
    { 0xFFBD,  78850, 18 },  // ﾽ
    { 0xFFBE,  78900, 18 },  // ﾾ
    { 0xFFBF,  78950, 20 },  // ﾿
    { 0xFFC0,  79000, 20 },  // ￀
    { 0xFFC1,  79050, 20 },  // ￁
    { 0xFFC2,  79100, 18 },  // ￂ
    { 0xFFC3,  79150, 18 },  // ￃ
    { 0xFFC4,  79200, 18 },  // ￄ
    { 0xFFC5,  79250, 18 },  // ￅ
    { 0xFFC6,  79300, 18 },  // ￆ
    { 0xFFC7,  79350, 18 },  // ￇ
    { 0xFFC8,  79400, 20 },  // ￈
    { 0xFFC9,  79450, 20 },  // ￉
    { 0xFFCA,  79500, 18 },  // ￊ
    { 0xFFCB,  79550, 18 },  // ￋ
    { 0xFFCC,  79600, 18 },  // ￌ
    { 0xFFCD,  79650, 18 },  // ￍ
    { 0xFFCE,  79700, 18 },  // ￎ
    { 0xFFCF,  79750, 18 },  // ￏ
    { 0xFFD0,  79800, 20 },  // ￐
    { 0xFFD1,  79850, 20 },  // ￑
    { 0xFFD2,  79900, 18 },  // ￒ
    { 0xFFD3,  79950, 18 },  // ￓ
    { 0xFFD4,  80000, 18 },  // ￔ
    { 0xFFD5,  80050, 18 },  // ￕ
    { 0xFFD6,  80100, 18 },  // ￖ
    { 0xFFD7,  80150, 18 },  // ￗ
    { 0xFFD8,  80200, 20 },  // ￘
    { 0xFFD9,  80250, 20 },  // ￙
    { 0xFFDA,  80300, 18 },  // ￚ
    { 0xFFDB,  80350, 18 },  // ￛ
    { 0xFFDC,  80400, 18 },  // ￜ
    { 0xFFDD,  80450, 20 },  // ￝
    { 0xFFDE,  80500, 20 },  // ￞
    { 0xFFDF,  80550, 20 },  // ￟
    { 0xFFE0,  80600, 20 },  // ￠
    { 0xFFE1,  80650, 20 },  // ￡
    { 0xFFE2,  80700, 20 },  // ￢
    { 0xFFE3,  80750, 20 },  // ￣
    { 0xFFE4,  80800, 20 },  // ￤
    { 0xFFE5,  80850, 20 },  // ￥
    { 0xFFE6,  80900, 20 },  // ￦
    { 0xFFE7,  80950, 20 },  // ￧
    { 0xFFE8,  81000, 10 },  // ￨
    { 0xFFE9,  81050, 10 },  // ￩
    { 0xFFEA,  81100, 10 },  // ￪
    { 0xFFEB,  81150, 10 },  // ￫
    { 0xFFEC,  81200, 10 },  // ￬
    { 0xFFED,  81250, 10 },  // ￭
    { 0xFFEE,  81300, 10 },  // ￮
    { 0xFFEF,  81350, 20 },  // ￯
};

const CJKFont UnifiedFont20px PROGMEM = {
    UnifiedFont20px_Bitmap,
    UnifiedFont20px_Glyphs,
    1628,   // glyphCount
    20,     // width
    20,     // height
    21, // xAdvance
    -20,    // yOffset
};

} // namespace NicheGraphics
